categoria,nombre,precio_oferta,precio_regular,enlace
"Carnes, Aves y Mariscos",Palomilla en Bloque Fresco Empacado 650gr,,530.00 USD (x1),https://www.smrey.com/p/palomilla-bloque-fresco-empacado-650gr-209225000004
"Carnes, Aves y Mariscos",Punta Palomilla Entera Empacada 875gr,,1148.00 USD (x1),https://www.smrey.com/p/punta-palomilla-entera-empacada-875gr-201643000000
"Carnes, Aves y Mariscos",Punta de Palomilla Premium Choice Empacado 1.5k,,2510.00 USD (x1),https://www.smrey.com/p/punta-de-palomilla-premium-choice-empacado-15kg-208641000001
"Carnes, Aves y Mariscos",Punta de Rincón Premium Choice Empacado 1.2kg,,1051.00 USD (x1),https://www.smrey.com/p/punta-de-rincon-premium-choice-empacado-12kg-207691000009
"Carnes, Aves y Mariscos",Carne Molida 5% Premium Choice Empacado 800gr,,767.00 USD (x1),https://www.smrey.com/p/carne-molida-5-premium-choice-empacado-800gr-200245000005
"Carnes, Aves y Mariscos",New York Steak Premium Choice Empacado 675gr,,1016.00 USD (x1),https://www.smrey.com/p/new-york-steak-premium-choice-empacado-675gr-201733000002
"Carnes, Aves y Mariscos",Carne Molida 15% Premium Choice Empacada 750gr,,692.00 USD (x1),https://www.smrey.com/p/carne-molida-15-premium-choice-empacada-750gr-200244000006
"Carnes, Aves y Mariscos",Lomo de Res 1/2 Empacado 1.4kg,,1112.00 USD (x1),https://www.smrey.com/p/lomo-de-res-12-empacado-14kg-200099000008
"Carnes, Aves y Mariscos",Pecho Premium Choice Empacado 625gr,,239.00 USD (x1),https://www.smrey.com/p/pecho-premium-choice-empacado-625gr-200266000008
"Carnes, Aves y Mariscos",Carne Molida de Primera Premium Choice Empacada,,332.00 USD (x1),https://www.smrey.com/p/carne-molida-de-primera-premium-choice-empacada-700gr-200238000005
"Carnes, Aves y Mariscos",Combo Parrillero Premium Choice Premium Und,,1685.00 USD (x1),https://www.smrey.com/p/combo-parrillero-premium-choice-premium-und-208752000006
"Carnes, Aves y Mariscos",Strip Loin Steak Premium Choice Empacado 700gr,,1042.00 USD (x1),https://www.smrey.com/p/strip-loin-steak-premium-choice-empacado-700gr-201735000000
"Carnes, Aves y Mariscos",Pulpa Negra en Cuarto Fresco Empacada 950gr,,807.00 USD (x1),https://www.smrey.com/p/pulpa-negra-cuarto-fresco-empacada-950gr-209218000004
"Carnes, Aves y Mariscos",Rabo de Res Empacado 1.650kg,,870.00 USD (x1),https://www.smrey.com/p/rabo-de-res-empacado-1650kg-200024000004
"Carnes, Aves y Mariscos",Strip Loin para Parrilla Premium Choice Empacad,,3088.00 USD (x1),https://www.smrey.com/p/strip-loin-parrilla-premium-choice-empacado-2075kg-200529000004
"Carnes, Aves y Mariscos",Entraña Interna Certified Angus Beef Empacada 4,,1618.00 USD (x1),https://www.smrey.com/p/entrana-interna-certified-angus-beef-empacada-400gr-209864000007
"Carnes, Aves y Mariscos",New York Strip Certified Angus Beef Empacada 35,,1917.00 USD (x1),https://www.smrey.com/p/new-york-strip-certified-angus-beef-empacada-350gr-202816000001
"Carnes, Aves y Mariscos",Ribeye Certified Angus Beef Empacado 350gr,,2149.00 USD (x1),https://www.smrey.com/p/ribeye-certified-angus-beef-empacado-350gr-202815000002
"Carnes, Aves y Mariscos",Entraña Certified Angus Beef Empacada 400gr,,2729.00 USD (x1),https://www.smrey.com/p/entrana-certified-angus-beef-empacada-400gr-202813000004
"Carnes, Aves y Mariscos",Hamburguesas Certified Angus Beef Dúo Pack Empa,,867.00 USD (x1),https://www.smrey.com/p/hamburguesas-certified-angus-beef-duo-pack-empacadas-425gr-202814000003
"Carnes, Aves y Mariscos",Media Cinta Sin Hueso Empacado 2kg,,1866.00 USD (x1),https://www.smrey.com/p/media-cinta-sin-hueso-empacado-2kg-200119000001
"Carnes, Aves y Mariscos",Ropa Vieja Premium Choice al Granel,,77.00 USD (x1),https://www.smrey.com/p/ropa-vieja-premium-choice-al-granel-208950000006
"Carnes, Aves y Mariscos",Bistec Picado Premium Choice al Granel,,84.00 USD (x1),https://www.smrey.com/p/bistec-picado-premium-choice-al-granel-206401000001
"Carnes, Aves y Mariscos",Guisado de Res Premium Choice al Granel,,88.00 USD (x1),https://www.smrey.com/p/guisado-de-res-premium-choice-al-granel-206411000008
"Carnes, Aves y Mariscos",New York Parrilla Premium Choice al Granel,,516.00 USD (x1),https://www.smrey.com/p/new-york-parrilla-premium-choice-al-granel-206282000008
"Carnes, Aves y Mariscos",Rincón Premium Choice al Granel,,186.00 USD (x1),https://www.smrey.com/p/rincon-premium-choice-al-granel-200526000007
"Carnes, Aves y Mariscos",Pulpa Negra Premium Choice al Granel,,177.00 USD (x1),https://www.smrey.com/p/pulpa-negra-premium-choice-al-granel-200524000009
"Carnes, Aves y Mariscos",Carne para Sopa Premium Choice al Granel,,152.00 USD (x1),https://www.smrey.com/p/carne-sopa-premium-choice-al-granel-206405000007
"Carnes, Aves y Mariscos",Babilla Premium Choice al Granel,,205.00 USD (x1),https://www.smrey.com/p/babilla-premium-choice-al-granel-200152000006
"Carnes, Aves y Mariscos",Costillón Premium Choice al Granel,,251.00 USD (x1),https://www.smrey.com/p/costillon-premium-choice-al-granel-200155000003
"Carnes, Aves y Mariscos",Falda de Res Gruesa Premium Choice al Granel,,68.00 USD (x1),https://www.smrey.com/p/falda-de-res-gruesa-premium-choice-al-granel-206409000003
"Carnes, Aves y Mariscos",Jarrete Premium Choice al Granel,,72.00 USD (x1),https://www.smrey.com/p/jarrete-premium-choice-al-granel-206412000007
"Carnes, Aves y Mariscos",Costilla Especial Premium Choice al Granel,,524.00 USD (x1),https://www.smrey.com/p/costilla-especial-premium-choice-al-granel-206407000005
"Carnes, Aves y Mariscos",Filete de Res Premium Choice al Granel,,2920.00 USD (x1),https://www.smrey.com/p/filete-de-res-premium-choice-al-granel-200160000005
"Carnes, Aves y Mariscos",Lomo Redondo Premium Choice al Granel,,85.00 USD (x1),https://www.smrey.com/p/lomo-redondo-premium-choice-al-granel-200156000002
"Carnes, Aves y Mariscos",Falda de Res Limpia Premium Choice al Granel,,65.00 USD (x1),https://www.smrey.com/p/falda-de-res-limpia-premium-choice-al-granel-206408000004
"Carnes, Aves y Mariscos",Bistec de Pulpa Blanca Premium Choice Empacado,,669.00 USD (x1),https://www.smrey.com/p/bistec-de-pulpa-blanca-premium-choice-empacado-700gr-200341000008
"Carnes, Aves y Mariscos",Bistec de Pulpa Negra Premium Choice Empacado 7,,621.00 USD (x1),https://www.smrey.com/p/bistec-de-pulpa-negra-premium-choice-empacado-700gr-200342000007
"Carnes, Aves y Mariscos",Bistec de Palomilla Premium Choice Empacado 675,,558.00 USD (x1),https://www.smrey.com/p/bistec-de-palomilla-premium-choice-empacado-675gr-200340000009
"Carnes, Aves y Mariscos",Entraña de Res Premium Choice Empacado 650gr,,1381.00 USD (x1),https://www.smrey.com/p/entrana-de-res-premium-choice-empacado-650gr-201730000005
"Carnes, Aves y Mariscos",Bistec de Rincón Premium Choice Empacado 650gr,,605.00 USD (x1),https://www.smrey.com/p/bistec-de-rincon-premium-choice-empacado-650gr-200344000005
"Carnes, Aves y Mariscos",Costilla Especial Premium Choice Empacada 775gr,,477.00 USD (x1),https://www.smrey.com/p/costilla-especial-premium-choice-empacada-775gr-200254000003
"Carnes, Aves y Mariscos",Costillón Premium Choice Empacado 650gr,,652.00 USD (x1),https://www.smrey.com/p/costillon-premium-choice-empacado-650gr-200256000001
"Carnes, Aves y Mariscos",Cowboy de Res Premium Choice Empacado 1.35kg,,1337.00 USD (x1),https://www.smrey.com/p/cowboy-de-res-premium-choice-empacado-135kg-209995000006
"Carnes, Aves y Mariscos",Carne Molida Magra 2% Premium Choice Empacada 8,,854.00 USD (x1),https://www.smrey.com/p/carne-molida-magra-2-premium-choice-empacada-800gr-200118000002
"Carnes, Aves y Mariscos",Bistec de Cinta sin Hueso Premium Choice Empaca,,754.00 USD (x1),https://www.smrey.com/p/bistec-de-cinta-sin-hueso-premium-choice-empacada-800gr-209259000001
"Carnes, Aves y Mariscos",Shoulder sin Hueso Premium Choice Empacada 500g,,445.00 USD (x1),https://www.smrey.com/p/shoulder-sin-hueso-premium-choice-empacada-500gr-209261000006
"Carnes, Aves y Mariscos",Ropa Vieja Premium Choice Empacada 600gr,,462.00 USD (x1),https://www.smrey.com/p/ropa-vieja-premium-choice-empacada-600gr-200145000006
"Carnes, Aves y Mariscos",Asado de Res Premium Choice Empacado 1.45kg,,1595.00 USD (x1),https://www.smrey.com/p/asado-de-res-premium-choice-empacado-145kg-208629000009
"Carnes, Aves y Mariscos",Porter House Premium Choice Empacado 725gr,,759.00 USD (x1),https://www.smrey.com/p/porter-house-premium-choice-empacado-725gr-200951000009
"Carnes, Aves y Mariscos",Fajitas de Res Premium Choice Empacado 750gr,,645.00 USD (x1),https://www.smrey.com/p/fajitas-de-res-premium-choice-empacado-750gr-200124000003
"Carnes, Aves y Mariscos",Tomahawk Premium Choice Empacado 1kg,,880.00 USD (x1),https://www.smrey.com/p/tomahawk-premium-choice-empacado-1kg-200953000007
"Carnes, Aves y Mariscos",Filete Premium Choice Empacado 1.41kg,,3167.00 USD (x1),https://www.smrey.com/p/filete-premium-choice-empacado-141kg-207783000009
"Carnes, Aves y Mariscos",Bistec de Babilla Premium Choice Empacado 725gr,,552.00 USD (x1),https://www.smrey.com/p/bistec-de-babilla-premium-choice-empacado-725gr-200253000004
"Carnes, Aves y Mariscos",Rib Eye Steak Premium Choice Empacado 650gr,,967.00 USD (x1),https://www.smrey.com/p/rib-eye-steak-premium-choice-empacado-650gr-201734000001
"Carnes, Aves y Mariscos",Falda Gruesa Premium Choice Empacada 700gr,,475.00 USD (x1),https://www.smrey.com/p/falda-gruesa-premium-choice-empacada-700gr-200275000006
"Carnes, Aves y Mariscos",Cubos de Filete de Res Premium Choice Empacado,,516.00 USD (x1),https://www.smrey.com/p/cubos-de-filete-de-res-premium-choice-empacado-600gr-203256000002
"Carnes, Aves y Mariscos",Medallones de Filete Premium Choice Empacado 70,,1875.00 USD (x1),https://www.smrey.com/p/medallones-de-filete-premium-choice-empacado-700gr-201732000003
"Carnes, Aves y Mariscos",Bistec de Cinta con Hueso Premium Choice Empaca,,398.00 USD (x1),https://www.smrey.com/p/bistec-de-cinta-con-hueso-premium-choice-empacada-600gr-200347000002
"Carnes, Aves y Mariscos",Carne para Sopa Premium Choice Empacada 550gr,,279.00 USD (x1),https://www.smrey.com/p/carne-sopa-premium-choice-empacada-550gr-200274000007
"Carnes, Aves y Mariscos",Jarrete Especial Premium Choice Empacado 700gr,,506.00 USD (x1),https://www.smrey.com/p/jarrete-especial-premium-choice-empacado-700gr-200261000003
"Carnes, Aves y Mariscos",Lomo Redondo Premium Choice Empacado 600gr,,509.00 USD (x1),https://www.smrey.com/p/lomo-redondo-premium-choice-empacado-600gr-200265000009
"Carnes, Aves y Mariscos",Punta Palomilla Parrilla Premium Choice al Gran,,1898.00 USD (x1),https://www.smrey.com/p/punta-palomilla-parrilla-premium-choice-al-granel-206279000004
"Carnes, Aves y Mariscos",Pulpa Blanca Premium Choice al Granel,,191.00 USD (x1),https://www.smrey.com/p/pulpa-blanca-premium-choice-al-granel-200521000002
"Carnes, Aves y Mariscos",Palomilla Premium Choice al Granel,,186.00 USD (x1),https://www.smrey.com/p/palomilla-premium-choice-al-granel-200520000003
"Carnes, Aves y Mariscos",Carne para Freír Premium Choice Empacada 600gr,,404.00 USD (x1),https://www.smrey.com/p/carne-freir-premium-choice-empacada-600gr-200239000004
"Carnes, Aves y Mariscos",Lomo de Res 1/2 Premium Choice Empacado 1.125kg,,984.00 USD (x1),https://www.smrey.com/p/lomo-de-res-12-premium-choice-empacado-1125kg-208799000007
"Carnes, Aves y Mariscos",Cinta sin Hueso Premium Choice al Granel,,323.00 USD (x1),https://www.smrey.com/p/cinta-sin-hueso-premium-choice-al-granel-200158000000
"Carnes, Aves y Mariscos",Entraña Parrilla Premium Choice al Granel,,837.00 USD (x1),https://www.smrey.com/p/entrana-parrilla-premium-choice-al-granel-206280000000
"Carnes, Aves y Mariscos",T-Bone Premium Choice Empacado 500gr,,491.00 USD (x1),https://www.smrey.com/p/t-bone-premium-choice-empacado-500gr-200952000008
"Carnes, Aves y Mariscos",Asado de Tira Premium Choice Empacado 1.2kg,,976.00 USD (x1),https://www.smrey.com/p/asado-de-tira-premium-choice-empacado-12kg-208772000000
"Carnes, Aves y Mariscos",Entraña Outside Skirt Riquezas Del Campo Empaca,,2405.00 USD (x1),https://www.smrey.com/p/entrana-outside-skirt-riquezas-del-campo-empacado-283gr-726798263013
"Carnes, Aves y Mariscos",Hamburguesa de Carne Certified Angus Beef 8und,,794.00 USD (x1),https://www.smrey.com/p/hamburguesa-de-carne-certified-angus-beef-8und-7452102280010
"Carnes, Aves y Mariscos",Carne Molida Especial 15% al Granel,,90.00 USD (x1),https://www.smrey.com/p/carne-molida-especial-15-al-granel-209022000009
"Carnes, Aves y Mariscos",Carne Molida Especial 5% al Granel,,95.00 USD (x1),https://www.smrey.com/p/carne-molida-especial-5-al-granel-200117000003
"Carnes, Aves y Mariscos",Carne Molida Magra 2% al Granel,,103.00 USD (x1),https://www.smrey.com/p/carne-molida-magra-2-al-granel-204118000000
"Carnes, Aves y Mariscos",Lomo de Res Entero Empacado 2.5kg,,1985.00 USD (x1),https://www.smrey.com/p/lomo-de-res-entero-empacado-25kg-200106000007
"Carnes, Aves y Mariscos",Shoulder 1/2 Empacado 1.1kg,,959.00 USD (x1),https://www.smrey.com/p/shoulder-12-empacado-11kg-201634000002
"Carnes, Aves y Mariscos",Palomilla 1/2 Empacada 3.75kg,,3056.00 USD (x1),https://www.smrey.com/p/palomilla-12-empacada-375kg-200103000000
"Carnes, Aves y Mariscos",Bistec de Cinta con Hueso Premium Choice al Gra,,166.00 USD (x1),https://www.smrey.com/p/bistec-de-cinta-con-hueso-premium-choice-al-granel-200059000000
"Carnes, Aves y Mariscos",Petite Tender Certified Angus Beef Empacado 375,,1320.00 USD (x1),https://www.smrey.com/p/petite-tender-certified-angus-beef-empacado-375gr-200580000005
"Carnes, Aves y Mariscos",Jarrete al Granel,,71.00 USD (x1),https://www.smrey.com/p/jarrete-al-granel-209917000008
"Carnes, Aves y Mariscos",Sopero Empacado 1.4kg,,293.00 USD (x1),https://www.smrey.com/p/sopero-empacado-14kg-208936000006
"Carnes, Aves y Mariscos",Carne Molida de Primera Fresco al Granel,,47.00 USD (x1),https://www.smrey.com/p/carne-molida-de-primera-fresco-al-granel-209021000000
"Carnes, Aves y Mariscos",Sirloin Coulotte Certified Angus Beef Empacado,,1812.00 USD (x1),https://www.smrey.com/p/sirloin-coulotte-certified-angus-beef-empacado-400gr-205921000003
"Carnes, Aves y Mariscos",Plantiramy Planticeria Estilo Pastrami 200gr,,895.00 USD (x1),https://www.smrey.com/p/plantiramy-planticeria-estilo-pastrami-200gr-781584319725
"Carnes, Aves y Mariscos",Plantillopo Planticeria Estilo Pollo 200gr,,699.00 USD (x1),https://www.smrey.com/p/plantillopo-planticeria-estilo-pollo-200gr-781584319756
"Carnes, Aves y Mariscos",Tomahawk Congelada Premium Choice Empacada 850g,,748.00 USD (x1),https://www.smrey.com/p/tomahawk-congelada-premium-choice-empacada-850gr-201589000003
"Carnes, Aves y Mariscos",Porter House Congelada Premium Choice Empacada,,733.00 USD (x1),https://www.smrey.com/p/porter-house-congelada-premium-choice-empacada-700gr-200290000005
"Carnes, Aves y Mariscos",T-Bone Congelada Premium Choice Empacada 450gr,,441.00 USD (x1),https://www.smrey.com/p/t-bone-congelada-premium-choice-empacada-450gr-205104000004
"Carnes, Aves y Mariscos",Pulpa Blanca Premium Choice al Granel,,187.00 USD (x1),https://www.smrey.com/p/pulpa-blanca-premium-choice-al-granel-208693000004
"Carnes, Aves y Mariscos",Palomilla Premium Choice al Granel,,186.00 USD (x1),https://www.smrey.com/p/palomilla-premium-choice-al-granel-208687000003
"Carnes, Aves y Mariscos",Higado Importado Fresco al Granel,,39.00 USD (x1),https://www.smrey.com/p/higado-importado-fresco-al-granel-209017000007
"Carnes, Aves y Mariscos",Brisket Premium Choice Empacado 3.5kg,,79.00 USD (x1),https://www.smrey.com/p/brisket-premium-choice-empacado-35kg-209938000001
"Carnes, Aves y Mariscos",Falda Limpia Fresco Empacado en Bloque 600gr,,303.00 USD (x1),https://www.smrey.com/p/falda-limpia-fresco-empacado-bloque-600gr-208695000002
"Carnes, Aves y Mariscos",Palomilla 1/4 para Asar Empacada 1.85kg,,1508.00 USD (x1),https://www.smrey.com/p/palomilla-14-asar-empacada-185kg-209453000005
"Carnes, Aves y Mariscos",New York para Parrilla Premium Choice Empacado,,3098.00 USD (x1),https://www.smrey.com/p/new-york-parrilla-premium-choice-empacado-21kg-200530000000
"Carnes, Aves y Mariscos",Lengua de Res al Granel,,689.00 USD (x1),https://www.smrey.com/p/lengua-de-res-al-granel-200046000006
"Carnes, Aves y Mariscos",Pulpa Negra en Pieza Fresco Empacada 2kg,,1698.00 USD (x1),https://www.smrey.com/p/pulpa-negra-pieza-fresco-empacada-2kg-209217000005
"Carnes, Aves y Mariscos",Tres Bistec de Res Empacado 350gr,,265.00 USD (x1),https://www.smrey.com/p/tres-bistec-de-res-empacado-350gr-201156000009
"Carnes, Aves y Mariscos",Costilla Especial al Granel,,515.00 USD (x1),https://www.smrey.com/p/costilla-especial-al-granel-209828000005
"Carnes, Aves y Mariscos",Bistec al Minuto Premium Choice Empacado 575gr,,505.00 USD (x1),https://www.smrey.com/p/bistec-al-minuto-premium-choice-empacado-575gr-200273000008
"Carnes, Aves y Mariscos",Higado de Res Premium Choice Empacado 800gr,,360.00 USD (x1),https://www.smrey.com/p/higado-de-res-premium-choice-empacado-800gr-200242000008
"Carnes, Aves y Mariscos",Steak Lomo Redondo Premium Choice Empacado 650g,,566.00 USD (x1),https://www.smrey.com/p/steak-lomo-redondo-premium-choice-empacado-650gr-209263000004
"Carnes, Aves y Mariscos",Falda Limpia Premium Choice Empacada 700gr,,455.00 USD (x1),https://www.smrey.com/p/falda-limpia-premium-choice-empacada-700gr-209260000007
"Carnes, Aves y Mariscos",Costillón Marinado Criollo Premium Choice al Gr,,360.00 USD (x1),https://www.smrey.com/p/costillon-marinado-criollo-premium-choice-al-granel-200043000009
"Carnes, Aves y Mariscos",Mondongo Empacado 600gr,,199.00 USD (x1),https://www.smrey.com/p/mondongo-empacado-600gr-208676000007
"Carnes, Aves y Mariscos",Pecho Empacado 400gr,,144.00 USD (x1),https://www.smrey.com/p/pecho-empacado-400gr-208530000006
"Carnes, Aves y Mariscos",Enrollado de Res Entero Empacado 1.35kg,,1014.00 USD (x1),https://www.smrey.com/p/enrollado-de-res-entero-empacado-135kg-208529000000
"Carnes, Aves y Mariscos",Carne Molida Especial 15% Empacada 625gr,,565.00 USD (x1),https://www.smrey.com/p/carne-molida-especial-15-empacada-625gr-208531000005
"Carnes, Aves y Mariscos",Tapa de Cuadril Cabaña Las Lilas Empacado 1.45k,,5178.00 USD (x1),https://www.smrey.com/p/tapa-de-cuadril-cabana-las-lilas-empacado-145kg-204163000000
"Carnes, Aves y Mariscos",Entraña Cabaña Las Lilas Empacada 1.25kg,,4119.00 USD (x1),https://www.smrey.com/p/entrana-cabana-las-lilas-empacada-125kg-202470000003
"Carnes, Aves y Mariscos",Colita de Cuadril Cabaña Las Lilas Empacado 1.1,,2776.00 USD (x1),https://www.smrey.com/p/colita-de-cuadril-cabana-las-lilas-empacado-11kg-202465000001
"Carnes, Aves y Mariscos",Bistec de Cinta con Hueso al Granel,,163.00 USD (x1),https://www.smrey.com/p/bistec-de-cinta-con-hueso-al-granel-201851000007
"Carnes, Aves y Mariscos",Shoulder al Granel,,156.00 USD (x1),https://www.smrey.com/p/shoulder-al-granel-200020000008
"Carnes, Aves y Mariscos",Hígado de Res al Granel,,39.00 USD (x1),https://www.smrey.com/p/higado-de-res-al-granel-200032000003
"Carnes, Aves y Mariscos",Pulpa Blanca Entera Empacada 500gr,,458.00 USD (x1),https://www.smrey.com/p/pulpa-blanca-entera-empacada-500gr-200140000001
"Carnes, Aves y Mariscos",Filete de Res Entero Empacado 1.75kg,,3145.00 USD (x1),https://www.smrey.com/p/filete-de-res-entero-empacado-175kg-201487000006
"Carnes, Aves y Mariscos",Tira de Asado Certified Angus Beef Empacado 425,,2431.00 USD (x1),https://www.smrey.com/p/tira-de-asado-certified-angus-beef-empacado-425gr-209865000006
"Carnes, Aves y Mariscos",Pulpa Negra 1/2 Empacada 3.5kg,,3031.00 USD (x1),https://www.smrey.com/p/pulpa-negra-12-empacada-35kg-200136000008
"Carnes, Aves y Mariscos",Plantironi Planticeria Estilo Pepperoni 200gr,,895.00 USD (x1),https://www.smrey.com/p/plantironi-planticeria-estilo-pepperoni-200gr-781584319763
"Carnes, Aves y Mariscos",Plantiburger Planticeria Estilo Burger 200gr,,699.00 USD (x1),https://www.smrey.com/p/plantiburger-planticeria-estilo-burger-200gr-788070657910
"Carnes, Aves y Mariscos",Cinta sin Hueso al Granel,,94.00 USD (x1),https://www.smrey.com/p/cinta-sin-hueso-al-granel-200007000007
"Carnes, Aves y Mariscos",Babilla al Granel,,66.00 USD (x1),https://www.smrey.com/p/babilla-al-granel-200003000001
"Carnes, Aves y Mariscos",Pecho al Granel,,35.00 USD (x1),https://www.smrey.com/p/pecho-al-granel-209853000001
"Carnes, Aves y Mariscos",Mondongo al Granel,,93.00 USD (x1),https://www.smrey.com/p/mondongo-al-granel-209851000003
"Carnes, Aves y Mariscos",Carne para Sopa al Granel,,152.00 USD (x1),https://www.smrey.com/p/carne-sopa-al-granel-207712000001
"Carnes, Aves y Mariscos",Ropa Vieja Empacada 450gr,,371.00 USD (x1),https://www.smrey.com/p/ropa-vieja-empacada-450gr-208691000006
"Carnes, Aves y Mariscos",Carne para Freir Empacada 525gr,,365.00 USD (x1),https://www.smrey.com/p/carne-freir-empacada-525gr-208553000007
"Carnes, Aves y Mariscos",Costillas de Res Premium Choice Empacada 1.775k,,1443.00 USD (x1),https://www.smrey.com/p/costillas-de-res-premium-choice-empacada-1775kg-201595000004
"Carnes, Aves y Mariscos",Plantiribz Planticeria Estilo Ribs Und,,895.00 USD (x1),https://www.smrey.com/p/plantiribz-planticeria-estilo-ribs-und-736372153005
"Carnes, Aves y Mariscos",Milanesa de Res Los Años Locos Und,,965.00 USD (x1),https://www.smrey.com/p/milanesa-de-res-los-anos-locos-und-726798332085
"Carnes, Aves y Mariscos",Milanesa de Pollo Los Años Locos Und,,965.00 USD (x1),https://www.smrey.com/p/milanesa-de-pollo-los-anos-locos-und-726798332054
"Carnes, Aves y Mariscos",New York Steak Riquezas Del Campo Empacado 283g,,1795.00 USD (x1),https://www.smrey.com/p/new-york-steak-riquezas-del-campo-empacado-283gr-726798263006
"Carnes, Aves y Mariscos",Caldo y Seco Premium Choice Empacado 500gr,,231.00 USD (x1),https://www.smrey.com/p/caldo-y-seco-premium-choice-empacado-500gr-209594000001
El Corte Ingles,Caldo de Pollo El Corte Inglés 1lt,,240.00 USD (x1),https://www.smrey.com/p/caldo-de-pollo-el-corte-ingles-1lt-8433329139915
El Corte Ingles,Caldo El Corte Inglés 1lt,,240.00 USD (x1),https://www.smrey.com/p/caldo-el-corte-ingles-1lt-8433329139922
El Corte Ingles,Crema de Calabacín El Corte Inglés sin Gluten 4,,475.00 USD (x1),https://www.smrey.com/p/crema-de-calabacin-el-corte-ingles-sin-gluten-485gr-8433329131827
El Corte Ingles,Galletas Dulces El Corte Inglés Surtido 400gr,,1250.00 USD (x1),https://www.smrey.com/p/galletas-dulces-el-corte-ingles-surtido-400gr-8433329129022
El Corte Ingles,Caviar Sucedáneo El Corte Inglés 120gr,,550.00 USD (x1),https://www.smrey.com/p/caviar-sucedaneo-el-corte-ingles-120gr-8433329132596
El Corte Ingles,Helado Tarta de Queso El Corte Inglés con Sirop,,610.00 USD (x1),https://www.smrey.com/p/helado-tarta-de-queso-el-corte-ingles-con-sirope-de-fresa-y-galleta-500ml-8433329131018
El Corte Ingles,Helado de Chocolate con Trozos de Galleta El Co,,610.00 USD (x1),https://www.smrey.com/p/helado-de-chocolate-con-trozos-de-galleta-el-corte-ingles-500ml-8433329139618
El Corte Ingles,Helado de Chocolate Belga con Trozos El Corte I,,610.00 USD (x1),https://www.smrey.com/p/helado-de-chocolate-belga-con-trozos-el-corte-ingles-500ml-8433329130998
El Corte Ingles,Helado de Dulce de Leche El Corte Inglés 500ml,,610.00 USD (x1),https://www.smrey.com/p/helado-de-dulce-de-leche-el-corte-ingles-500ml-8433329131025
El Corte Ingles,Caldo El Corte Inglés 1lt,,240.00 USD (x1),https://www.smrey.com/p/caldo-el-corte-ingles-1lt-8433329139939
El Corte Ingles,Garbanzos en Conserva El Corte Inglés 290gr,,145.00 USD (x1),https://www.smrey.com/p/garbanzos-conserva-el-corte-ingles-290gr-8433329126465
El Corte Ingles,Galletas El Corte Inglés Mezcladas 400gr,,475.00 USD (x1),https://www.smrey.com/p/galletas-el-corte-ingles-mezcladas-400gr-8433329103565
El Corte Ingles,Atún Enlatado El Corte Inglés en Aceite de Oliv,,430.00 USD (x1),https://www.smrey.com/p/atun-enlatado-el-corte-ingles-aceite-de-oliva-3und-8433329070614
El Corte Ingles,Azafrán en Rama El Corte Inglés 1gr,,1035.00 USD (x1),https://www.smrey.com/p/azafran-rama-el-corte-ingles-1gr-8433329069427
El Corte Ingles,Ciruelas Pasas El Corte Inglés con Huesos 350gr,,595.00 USD (x1),https://www.smrey.com/p/ciruelas-pasas-el-corte-ingles-con-huesos-350gr-8433329134613
El Corte Ingles,Cafe Capsula El Corte Ingles Intenso Pack,,650.00 USD (x1),https://www.smrey.com/p/cafe-capsula-el-corte-ingles-intenso-pack-8433329097628
El Corte Ingles,Galletas Saladas El Corte Inglés Mix Bote 350gr,,330.00 USD (x1),https://www.smrey.com/p/galletas-saladas-el-corte-ingles-mix-bote-350gr-8433329128759
El Corte Ingles,Tomillo El Corte Inglés 40gr,,360.00 USD (x1),https://www.smrey.com/p/tomillo-el-corte-ingles-40gr-8433329069526
El Corte Ingles,Galletas Digestivas El Corte Ingles Chocolate c,,270.00 USD (x1),https://www.smrey.com/p/galletas-digestivas-el-corte-ingles-chocolate-con-leche-300gr-8433329147415
El Corte Ingles,Selección de Frutos Secos y Frutas Desecadas El,,555.00 USD (x1),https://www.smrey.com/p/seleccion-de-frutos-secos-y-frutas-desecadas-el-corte-ingles-200gr-8433329082204
El Corte Ingles,Atún Enlatado El Corte Inglés en Aceite 156gr,,395.00 USD (x1),https://www.smrey.com/p/atun-enlatado-el-corte-ingles-aceite-156gr-8433329070676
El Corte Ingles,Cerveza Artesana IPA El Corte Inglés Botella 33,,235.00 USD (x1),https://www.smrey.com/p/cerveza-artesana-ipa-el-corte-ingles-botella-330ml-8433329146128
El Corte Ingles,Vino Tinto El Corte Inglés Toro Crianza 750ml,,900.00 USD (x1),https://www.smrey.com/p/vino-tinto-el-corte-ingles-toro-crianza-750ml-8433329058537
El Corte Ingles,Vino Tinto El Corte Inglés Crianza 750ml,,954.00 USD (x1),https://www.smrey.com/p/vino-tinto-el-corte-ingles-crianza-750ml-8433329095495
El Corte Ingles,Vino Espumoso Rosado Tierra de Oro 750ml,,660.00 USD (x1),https://www.smrey.com/p/vino-espumoso-rosado-tierra-de-oro-750ml-8433329150842
El Corte Ingles,Vino Espumoso Tierra de Oro Brut 750ml,,625.00 USD (x1),https://www.smrey.com/p/vino-espumoso-tierra-de-oro-brut-750ml-8433329150835
El Corte Ingles,Vino Blanco El Corte Inglés Verdejo Frizzante 7,,595.00 USD (x1),https://www.smrey.com/p/vino-blanco-el-corte-ingles-verdejo-frizzante-750ml-8433329078658
El Corte Ingles,Alubias en Conserva El Corte Inglés Blancas 400,,225.00 USD (x1),https://www.smrey.com/p/alubias-conserva-el-corte-ingles-blancas-400gr-8433329126441
El Corte Ingles,Aceite de Oliva El Corte Inglés 5lt,,4995.00 USD (x1),https://www.smrey.com/p/aceite-de-oliva-el-corte-ingles-5lt-8433329065658
El Corte Ingles,Miel de Romero El Corte Inglés 350gr,,695.00 USD (x1),https://www.smrey.com/p/miel-de-romero-el-corte-ingles-350gr-8433329129121
El Corte Ingles,Sirope de Agavr El Corte Inglés 360gr,,475.00 USD (x1),https://www.smrey.com/p/sirope-de-agavr-el-corte-ingles-360gr-8433329080774
El Corte Ingles,Aceitunas Gordal El Corte Inglés Enteras 500gr,,605.00 USD (x1),https://www.smrey.com/p/aceitunas-gordal-el-corte-ingles-enteras-500gr-8433329128087
El Corte Ingles,Aceitunas Manzanilla El Corte Inglés Enteras 50,,475.00 USD (x1),https://www.smrey.com/p/aceitunas-manzanilla-el-corte-ingles-enteras-500gr-8433329128070
El Corte Ingles,Navajas de las Rías Gallegas El Corte Inglés 11,,990.00 USD (x1),https://www.smrey.com/p/navajas-de-las-rias-gallegas-el-corte-ingles-111gr-8433329128698
El Corte Ingles,Sardina con Tomate El Corte Inglés 84gr,,185.00 USD (x1),https://www.smrey.com/p/sardina-con-tomate-el-corte-ingles-84gr-8433329126106
El Corte Ingles,Sardina en Conserva El Corte Inglés en Aceite d,,185.00 USD (x1),https://www.smrey.com/p/sardina-conserva-el-corte-ingles-aceite-de-oliva-120gr-8433329126090
El Corte Ingles,Ventresca en Conserva El Corte Inglés en Aceite,,525.00 USD (x1),https://www.smrey.com/p/ventresca-conserva-el-corte-ingles-aceite-de-oliva-111gr-8433329070683
El Corte Ingles,Premezcla para Crema Catalana El Corte Inglés 1,,185.00 USD (x1),https://www.smrey.com/p/premezcla-crema-catalana-el-corte-ingles-117gr-8433329067546
El Corte Ingles,Natillas Caseras El Corte Inglés 120gr,,200.00 USD (x1),https://www.smrey.com/p/natillas-caseras-el-corte-ingles-120gr-8433329067423
El Corte Ingles,Premezcla para Flan El Corte Inglés Vainilla co,,225.00 USD (x1),https://www.smrey.com/p/premezcla-flan-el-corte-ingles-vainilla-con-caramelo-190gr-8433329067553
El Corte Ingles,Premezcla de Crepas El Corte Inglés Instantaneo,,325.00 USD (x1),https://www.smrey.com/p/premezcla-de-crepas-el-corte-ingles-instantaneo-200gr-8433329067430
El Corte Ingles,Mermelada El Corte Inglés de Frutos Rojos 410gr,,295.00 USD (x1),https://www.smrey.com/p/mermelada-el-corte-ingles-de-frutos-rojos-410gr-8433329129053
El Corte Ingles,Ensalada de Pasta El Corte Inglés con Atún 240g,,305.00 USD (x1),https://www.smrey.com/p/ensalada-de-pasta-el-corte-ingles-con-atun-240gr-8433329068727
El Corte Ingles,Ensaladilla Rusa El Corte Inglés 240gr,,340.00 USD (x1),https://www.smrey.com/p/ensaladilla-rusa-el-corte-ingles-240gr-8433329068710
El Corte Ingles,Pollo El Corte Inglés Empanado 300gr,,335.00 USD (x1),https://www.smrey.com/p/pollo-el-corte-ingles-empanado-300gr-8433329140904
El Corte Ingles,Empanadas Ultracongeladas El Corte Inglés de At,,345.00 USD (x1),https://www.smrey.com/p/empanadas-ultracongeladas-el-corte-ingles-de-atun-400gr-8433329109598
El Corte Ingles,Arroz Tres Delicias Ultracongelado El Corte Ing,,275.00 USD (x1),https://www.smrey.com/p/arroz-tres-delicias-ultracongelado-el-corte-ingles-con-marisco-500gr-8433329097840
El Corte Ingles,Croquetas de Pollo El Corte Inglés 500gr,,350.00 USD (x1),https://www.smrey.com/p/croquetas-de-pollo-el-corte-ingles-500gr-8433329084710
El Corte Ingles,Salchichón Extra El Corte Inglés en Rebanada 15,,460.00 USD (x1),https://www.smrey.com/p/salchichon-extra-el-corte-ingles-rebanada-150gr-8433329130929
El Corte Ingles,Jamón Curado El Corte Inglés Gran Reserva 150gr,,450.00 USD (x1),https://www.smrey.com/p/jamon-curado-el-corte-ingles-gran-reserva-150gr-8433329130905
El Corte Ingles,Chorizo El Corte Inglés Extra Lonchas 150G,,435.00 USD (x1),https://www.smrey.com/p/chorizo-el-corte-ingles-extra-lonchas-150g-8433329130936
El Corte Ingles,Jamón Curado El Corte Inglés Extra Fina 120gr,,410.00 USD (x1),https://www.smrey.com/p/jamon-curado-el-corte-ingles-extra-fina-120gr-8433329130899
El Corte Ingles,Queso de Cabra El Corte Inglés en Rebanada 240g,,760.00 USD (x1),https://www.smrey.com/p/queso-de-cabra-el-corte-ingles-rebanada-240gr-8433329072366
El Corte Ingles,Rosquillas con Harina Integral de Trigo El Cort,,155.00 USD (x1),https://www.smrey.com/p/rosquillas-con-harina-integral-de-trigo-el-corte-ingles-180gr-8433329135986
El Corte Ingles,Cereal de Trigo El Corte Inglés de Espelta Hinc,,320.00 USD (x1),https://www.smrey.com/p/cereal-de-trigo-el-corte-ingles-de-espelta-hinchado-125gr-8433329079600
El Corte Ingles,Muesli con Frutas El Corte Inglés Ecológico 500,,460.00 USD (x1),https://www.smrey.com/p/muesli-con-frutas-el-corte-ingles-ecologico-500gr-8433329079624
El Corte Ingles,Miel de Mil Flores El Corte Inglés 500gr,,745.00 USD (x1),https://www.smrey.com/p/miel-de-mil-flores-el-corte-ingles-500gr-8433329130639
El Corte Ingles,Pollo Tandoori El Corte Inglés con Yuca 250gr,,760.00 USD (x1),https://www.smrey.com/p/pollo-tandoori-el-corte-ingles-con-yuca-250gr-8433329134828
El Corte Ingles,Muslo de Pato El Corte Inglés en Confit en Cons,,2295.00 USD (x1),https://www.smrey.com/p/muslo-de-pato-el-corte-ingles-confit-conserva-lata-450gr-8433329136150
El Corte Ingles,Chocolate Negro El Corte Inglés sin Azúcar sin,,195.00 USD (x1),https://www.smrey.com/p/chocolate-negro-el-corte-ingles-sin-azucar-sin-gluten-125gr-8433329141314
El Corte Ingles,Miel de Eucalipto El Corte Inglés 350gr,,695.00 USD (x1),https://www.smrey.com/p/miel-de-eucalipto-el-corte-ingles-350gr-8433329129114
El Corte Ingles,Arroz El Corte Inglés con Calamares y Ajetes 30,,495.00 USD (x1),https://www.smrey.com/p/arroz-el-corte-ingles-con-calamares-y-ajetes-300gr-8433329092258
El Corte Ingles,Atún Enlatado El Corte Inglés Blanco en Escabec,,260.00 USD (x1),https://www.smrey.com/p/atun-enlatado-el-corte-ingles-blanco-escabeche-73gr-8433329070706
El Corte Ingles,Chipirones Rellenos en Tinta El Corte Inglés 72,,475.00 USD (x1),https://www.smrey.com/p/chipirones-rellenos-tinta-el-corte-ingles-72gr-8433329125987
El Corte Ingles,Filetes de Melva El Corte Inglés en Aceite de O,,399.00 USD (x1),https://www.smrey.com/p/filetes-de-melva-el-corte-ingles-aceite-de-oliva-120gr-8433329045797
El Corte Ingles,Trozos de Potas El Corte Inglés en Tinta 72gr,,295.00 USD (x1),https://www.smrey.com/p/trozos-de-potas-el-corte-ingles-tinta-72gr-8433329090957
El Corte Ingles,Chipirones Rellenos en Aceite de Oliva 34% El C,,475.00 USD (x1),https://www.smrey.com/p/chipirones-rellenos-aceite-de-oliva-34-el-corte-ingles-111gr-8433329125970
El Corte Ingles,Crema de Almendra El Corte Inglés 330gr,,555.00 USD (x1),https://www.smrey.com/p/crema-de-almendra-el-corte-ingles-330gr-8433329080057
El Corte Ingles,Tahín Sésamo Tostado El Corte Inglés Bio sin Gl,,685.00 USD (x1),https://www.smrey.com/p/tahin-sesamo-tostado-el-corte-ingles-bio-sin-gluten-300gr-8433329079945
El Corte Ingles,Páte Vegetal El Corte Inglés de Shiitake 125gr,,340.00 USD (x1),https://www.smrey.com/p/pate-vegetal-el-corte-ingles-de-shiitake-125gr-8433329079914
El Corte Ingles,Crema de Calabaza El Corte Inglés Bio sin Glute,,495.00 USD (x1),https://www.smrey.com/p/crema-de-calabaza-el-corte-ingles-bio-sin-gluten-tarro-485gr-8433329079716
El Corte Ingles,Café Cápsula El Corte Inglés Brasil Pack,,595.00 USD (x1),https://www.smrey.com/p/cafe-capsula-el-corte-ingles-brasil-pack-8433329135108
El Corte Ingles,Café Cápsula El Corte Inglés Colombia Pack,,595.00 USD (x1),https://www.smrey.com/p/cafe-capsula-el-corte-ingles-colombia-pack-8433329135115
El Corte Ingles,Café Cápsula El Corte Inglés Etiopía Pack,,595.00 USD (x1),https://www.smrey.com/p/cafe-capsula-el-corte-ingles-etiopia-pack-8433329135122
El Corte Ingles,Cacao a la Taza en Polvo El Corte Inglés 400gr,,345.00 USD (x1),https://www.smrey.com/p/cacao-a-la-taza-polvo-el-corte-ingles-400gr-8433329120746
El Corte Ingles,Snack Nachos de Maíz El Corte Inglés 200gr,,330.00 USD (x1),https://www.smrey.com/p/snack-nachos-de-maiz-el-corte-ingles-200gr-8433329138871
El Corte Ingles,Garbanzos en Conserva El Corte Inglés 400gr,,195.00 USD (x1),https://www.smrey.com/p/garbanzos-conserva-el-corte-ingles-400gr-8433329126434
El Corte Ingles,Mezcla Semillas de Girasol El Corte Inglés Pela,,515.00 USD (x1),https://www.smrey.com/p/mezcla-semillas-de-girasol-el-corte-ingles-pelados-200gr-8433329083706
El Corte Ingles,Crema de Brócoli El Corte Inglés sin Gluten 485,,475.00 USD (x1),https://www.smrey.com/p/crema-de-brocoli-el-corte-ingles-sin-gluten-485gr-8433329131841
El Corte Ingles,Chocolate Negro El Corte Ingles 72% de Cacao si,,200.00 USD (x1),https://www.smrey.com/p/chocolate-negro-el-corte-ingles-72-de-cacao-sin-gluten-100gr-8433329101332
El Corte Ingles,Snack Patatas Fritas El Corte Inglés Extracruji,,380.00 USD (x1),https://www.smrey.com/p/snack-patatas-fritas-el-corte-ingles-extracrujiente-sin-gluten-180gr-8433329103220
El Corte Ingles,Muesli Crujiente El Corte Inglés con Frutas Roj,,465.00 USD (x1),https://www.smrey.com/p/muesli-crujiente-el-corte-ingles-con-frutas-rojas-500ml-8433329094351
El Corte Ingles,Tomate Entero Pelado El Corte Inglés Calidad Ex,,195.00 USD (x1),https://www.smrey.com/p/tomate-entero-pelado-el-corte-ingles-calidad-extra-lata-400gr-8433329016148
El Corte Ingles,Galletas Rellenas de Crema El Corte Inglés 220g,,185.00 USD (x1),https://www.smrey.com/p/galletas-rellenas-de-crema-el-corte-ingles-220gr-8433329132886
El Corte Ingles,Langostinos Crudos El Corte Inglés Salvajes 800,,2575.00 USD (x1),https://www.smrey.com/p/langostinos-crudos-el-corte-ingles-salvajes-800gr-8433329124935
El Corte Ingles,Langostinos Cocidos El Corte Inglés 800gr,,1575.00 USD (x1),https://www.smrey.com/p/langostinos-cocidos-el-corte-ingles-800gr-8433329073004
El Corte Ingles,Cola de Langostino El Corte Inglés Rebozadas 28,,475.00 USD (x1),https://www.smrey.com/p/cola-de-langostino-el-corte-ingles-rebozadas-280gr-8433329091619
El Corte Ingles,Galletas Surtidas de Navidad El Corte Ingles 70,,895.00 USD (x1),https://www.smrey.com/p/galletas-surtidas-de-navidad-el-corte-ingles-700g-8433329148467
El Corte Ingles,Caja Clásica El Corte Inglés Und,,2490.00 USD (x1),https://www.smrey.com/p/caja-clasica-el-corte-ingles-und-7453009234472
El Corte Ingles,Arroz Tres Delicias El Corte Inglés 500gr,,285.00 USD (x1),https://www.smrey.com/p/arroz-tres-delicias-el-corte-ingles-500gr-8433329097826
Frutas y Verduras,Guineo al Granel,,27.00 USD (x1),https://www.smrey.com/p/guineo-al-granel-204238000003
Frutas y Verduras,Flor de Jamaica Badia 236ml,,599.00 USD (x1),https://www.smrey.com/p/flor-de-jamaica-badia-236ml-33844006440
Frutas y Verduras,Tomate de Árbol Premium Fresh al Granel,,66.00 USD (x1),https://www.smrey.com/p/tomate-de-arbol-premium-fresh-al-granel-204778000006
Frutas y Verduras,Durazno al Granel,,79.00 USD (x1),https://www.smrey.com/p/durazno-al-granel-204403000005
Frutas y Verduras,Zanahoria Agro Magg Empacada 725gr,,232.00 USD (x1),https://www.smrey.com/p/zanahoria-agro-magg-empacada-725gr-209650000006
Frutas y Verduras,Zanahoria Empacada 1.125kg,,219.00 USD (x1),https://www.smrey.com/p/zanahoria-empacada-1125kg-209801000008
Frutas y Verduras,Ñame Diamante al Granel,,185.00 USD (x1),https://www.smrey.com/p/name-diamante-al-granel-204818000003
Frutas y Verduras,Ñame Baboso al Granel,,206.00 USD (x1),https://www.smrey.com/p/name-baboso-al-granel-204825000003
Frutas y Verduras,Ñame Procesado Premium Fresh Empacado 600gr,,354.00 USD (x1),https://www.smrey.com/p/name-procesado-premium-fresh-empacado-600gr-200213000006
Frutas y Verduras,Otoe al Granel,,72.00 USD (x1),https://www.smrey.com/p/otoe-al-granel-204794000004
Frutas y Verduras,Camote al Granel,,185.00 USD (x1),https://www.smrey.com/p/camote-al-granel-201621000008
Frutas y Verduras,Jengibre al Granel,,49.00 USD (x1),https://www.smrey.com/p/jengibre-al-granel-204613000000
Frutas y Verduras,Nectarines al Granel,,45.00 USD (x1),https://www.smrey.com/p/nectarines-al-granel-204036000007
Frutas y Verduras,Pitahaya al Granel,,210.00 USD (x1),https://www.smrey.com/p/pitahaya-al-granel-203319000000
Frutas y Verduras,Ciruela Importada al Granel,,45.00 USD (x1),https://www.smrey.com/p/ciruela-importada-al-granel-204040000000
Frutas y Verduras,Peras Verdes Jumbo al Granel,,45.00 USD (x1),https://www.smrey.com/p/peras-verdes-jumbo-al-granel-204425000007
Frutas y Verduras,Plátano Maduro Fresco al Granel,,35.00 USD (x1),https://www.smrey.com/p/platano-maduro-fresco-al-granel-204829000009
Frutas y Verduras,Limón Persa al Granel,,52.00 USD (x1),https://www.smrey.com/p/limon-persa-al-granel-204306000003
Frutas y Verduras,Manzana Gala al Granel,,44.00 USD (x1),https://www.smrey.com/p/manzana-gala-al-granel-204133000009
Frutas y Verduras,Manzana Fuji al Granel,,78.00 USD (x1),https://www.smrey.com/p/manzana-fuji-al-granel-204129000006
Frutas y Verduras,Manzana Roja Regular al Granel,,27.00 USD (x1),https://www.smrey.com/p/manzana-roja-regular-al-granel-204193000001
Frutas y Verduras,Manzana Roja Grande al Granel,,68.00 USD (x1),https://www.smrey.com/p/manzana-roja-grande-al-granel-204016000003
Frutas y Verduras,Manzana Verde al Granel,,48.00 USD (x1),https://www.smrey.com/p/manzana-verde-al-granel-204139000003
Frutas y Verduras,Uvas Rojas Sin Semillas Empacadas 1.300kg,,844.00 USD (x1),https://www.smrey.com/p/uvas-rojas-sin-semillas-empacadas-1300kg-204023000003
Frutas y Verduras,Uvas Red Globe Empacadas 975gr,,483.00 USD (x1),https://www.smrey.com/p/uvas-red-globe-empacadas-975gr-204636000001
Frutas y Verduras,Uvas Negras sin Semillas Empacada 975gr,,633.00 USD (x1),https://www.smrey.com/p/uvas-negras-sin-semillas-empacada-975gr-204056000001
Frutas y Verduras,Uvas Verdes Sin Semillas Empacadas 875gr,,594.00 USD (x1),https://www.smrey.com/p/uvas-verdes-sin-semillas-empacadas-875gr-204022000004
Frutas y Verduras,Limón Amarillo Importado al Granel,,62.00 USD (x1),https://www.smrey.com/p/limon-amarillo-importado-al-granel-203617000009
Frutas y Verduras,Naranja Fancy al Granel,,74.00 USD (x1),https://www.smrey.com/p/naranja-fancy-al-granel-204012000007
Frutas y Verduras,Mandarina Importada al Granel,,50.00 USD (x1),https://www.smrey.com/p/mandarina-importada-al-granel-203029000000
Frutas y Verduras,Limón Mandarina al Granel,,36.00 USD (x1),https://www.smrey.com/p/limon-mandarina-al-granel-204472000005
Frutas y Verduras,Ñampí al Granel,,286.00 USD (x1),https://www.smrey.com/p/nampi-al-granel-204826000002
Frutas y Verduras,Vegetales para Sopa Criolla Premium Fresh Empac,,181.00 USD (x1),https://www.smrey.com/p/vegetales-sopa-criolla-premium-fresh-empacado-550gr-205881000006
Frutas y Verduras,Pulpa de Maracuya Fresco Empacada 325gr,,159.00 USD (x1),https://www.smrey.com/p/pulpa-de-maracuya-fresco-empacada-325gr-201308000000
Frutas y Verduras,Sandia y Piña Picada Fresco Empacada 375gr,,213.00 USD (x1),https://www.smrey.com/p/sandia-y-pina-picada-fresco-empacada-375gr-201312000003
Frutas y Verduras,Naranja Picada Fresco Empacada 250gr,,180.00 USD (x1),https://www.smrey.com/p/naranja-picada-fresco-empacada-250gr-201315000000
Frutas y Verduras,Uvas Mixtas Fresco Empacadas 350gr,,311.00 USD (x1),https://www.smrey.com/p/uvas-mixtas-fresco-empacadas-350gr-201319000006
Frutas y Verduras,Melón Picado Fresco Empacado 300gr,,180.00 USD (x1),https://www.smrey.com/p/melon-picado-fresco-empacado-300gr-201323000009
Frutas y Verduras,Chile California Badia 85gr,,245.00 USD (x1),https://www.smrey.com/p/chile-california-badia-85gr-33844006426
Frutas y Verduras,Chile Chipotle Badia 85gr,,445.00 USD (x1),https://www.smrey.com/p/chile-chipotle-badia-85gr-33844007034
Frutas y Verduras,Chile Pasilla Badia 85ml,,345.00 USD (x1),https://www.smrey.com/p/chile-pasilla-badia-85ml-33844000660
Frutas y Verduras,Puerro Premium Fresh Empacado 425gr,,213.00 USD (x1),https://www.smrey.com/p/puerro-premium-fresh-empacado-425gr-204629000001
Frutas y Verduras,Ají Dulce Premium Fresh Empacado 225gr,,202.00 USD (x1),https://www.smrey.com/p/aji-dulce-premium-fresh-empacado-225gr-204712000000
Frutas y Verduras,Ají Dulce Trompito Premium Fresh Empacado 325gr,,260.00 USD (x1),https://www.smrey.com/p/aji-dulce-trompito-premium-fresh-empacado-325gr-209618000000
Frutas y Verduras,Lechuga de Mantequilla Premium Fresh al Granel,,105.00 USD (x1),https://www.smrey.com/p/lechuga-de-mantequilla-premium-fresh-al-granel-204632000005
Frutas y Verduras,Lechuga Hidropónica D Altura Roble Verde 250G,,153.00 USD (x1),https://www.smrey.com/p/lechuga-hidroponica-d-altura-roble-verde-250g-2207078001351
Frutas y Verduras,Lechuga Americana Cultivos Selectos Empacada 75,,322.00 USD (x1),https://www.smrey.com/p/lechuga-americana-cultivos-selectos-empacada-750gr-202689000009
Frutas y Verduras,Lechuga Romana Premium Fresh Empacada 250gr,,117.00 USD (x1),https://www.smrey.com/p/lechuga-romana-premium-fresh-empacada-250gr-204640000004
Frutas y Verduras,Repollo Morado Premium Fresh Empacado 1.100kg,,604.00 USD (x1),https://www.smrey.com/p/repollo-morado-premium-fresh-empacado-1100kg-204554000008
Frutas y Verduras,Repollo al Granel,,210.00 USD (x1),https://www.smrey.com/p/repollo-al-granel-204069000005
Frutas y Verduras,Ají Picoloro Premium Fresh Empacado 450gr,,225.00 USD (x1),https://www.smrey.com/p/aji-picoloro-premium-fresh-empacado-450gr-200167000008
Frutas y Verduras,Ají Picoloro al Granel,,43.00 USD (x1),https://www.smrey.com/p/aji-picoloro-al-granel-204710000002
Frutas y Verduras,Apio Cerro Punta Empacado 375gr,,187.00 USD (x1),https://www.smrey.com/p/apio-cerro-punta-empacado-375gr-209601000000
Frutas y Verduras,Ajo Pelado Premium Fresh Empacado 325gr,,182.00 USD (x1),https://www.smrey.com/p/ajo-pelado-premium-fresh-empacado-325gr-209903000005
Frutas y Verduras,Cebollina Premium Fresh Empacada 375gr,,120.00 USD (x1),https://www.smrey.com/p/cebollina-premium-fresh-empacada-375gr-204068000006
Frutas y Verduras,Plátano Verde al Granel,,37.00 USD (x1),https://www.smrey.com/p/platano-verde-al-granel-204828000000
Frutas y Verduras,Maracuyás al Granel,,79.00 USD (x1),https://www.smrey.com/p/maracuyas-al-granel-204398000004
Frutas y Verduras,Coco al Granel,,150.00 USD (x1),https://www.smrey.com/p/coco-al-granel-204262000000
Frutas y Verduras,Sandia Mini Lee al Granel,,515.00 USD (x1),https://www.smrey.com/p/sandia-mini-lee-al-granel-204475000002
Frutas y Verduras,Pimentón Verde Premium Fresh Empacado 700gr,,349.00 USD (x1),https://www.smrey.com/p/pimenton-verde-premium-fresh-empacado-700gr-200159000009
Frutas y Verduras,Pimentón Verde al Granel,,82.00 USD (x1),https://www.smrey.com/p/pimenton-verde-al-granel-204686000006
Frutas y Verduras,Pimentón de Colores Premium Fresh Empacado 650g,,389.00 USD (x1),https://www.smrey.com/p/pimenton-de-colores-premium-fresh-empacado-650gr-200277000004
Frutas y Verduras,Pepino al Granel,,58.00 USD (x1),https://www.smrey.com/p/pepino-al-granel-204597000003
Frutas y Verduras,Mazorca Maíz Nuevo Premium Fresh Empacado Und,,119.00 USD (x1),https://www.smrey.com/p/mazorca-maiz-nuevo-premium-fresh-empacado-und-204821000007
Frutas y Verduras,Maiz Dulce Premium Fresh Empacado 725gr,,330.00 USD (x1),https://www.smrey.com/p/maiz-dulce-premium-fresh-empacado-725gr-204078000003
Frutas y Verduras,Zapallo en Trozo Premium Fresh Empacado 550gr,,77.00 USD (x1),https://www.smrey.com/p/zapallo-trozo-premium-fresh-empacado-550gr-200184000005
Frutas y Verduras,Zapallo al Granel,,218.00 USD (x1),https://www.smrey.com/p/zapallo-al-granel-204785000006
Frutas y Verduras,Berenjena al Granel,,50.00 USD (x1),https://www.smrey.com/p/berenjena-al-granel-204081000007
Frutas y Verduras,Habichuelas Premium Fresh Empacada 325gr,,91.00 USD (x1),https://www.smrey.com/p/habichuelas-premium-fresh-empacada-325gr-204066000008
Frutas y Verduras,Esparragos Fresco 250gr,,395.00 USD (x1),https://www.smrey.com/p/esparragos-fresco-250gr-3233734172812
Frutas y Verduras,Calabaza Butternut al Granel,,380.00 USD (x1),https://www.smrey.com/p/calabaza-butternut-al-granel-204737000009
Frutas y Verduras,Mango al Granel,,152.00 USD (x1),https://www.smrey.com/p/mango-al-granel-204313000003
Frutas y Verduras,Papaya al Granel,,202.00 USD (x1),https://www.smrey.com/p/papaya-al-granel-204396000006
Frutas y Verduras,Yuca Parafinada al Granel,,257.00 USD (x1),https://www.smrey.com/p/yuca-parafinada-al-granel-205297000003
Frutas y Verduras,Limón Mesino Premium Fresh Empacado Und,,170.00 USD (x1),https://www.smrey.com/p/limon-mesino-premium-fresh-empacado-und-209972000005
Frutas y Verduras,Curcuma Nacional al Granel,,36.00 USD (x1),https://www.smrey.com/p/curcuma-nacional-al-granel-205281000002
Frutas y Verduras,Cebollina Premium Fresh Empacada 250gr,,209.00 USD (x1),https://www.smrey.com/p/cebollina-premium-fresh-empacada-250gr-204914000006
Frutas y Verduras,Cúrcuma Cerro Punta Empacada 350gr,,208.00 USD (x1),https://www.smrey.com/p/curcuma-cerro-punta-empacada-350gr-204271000008
Frutas y Verduras,Jengibre Cerro Punta Empacado 425gr,,202.00 USD (x1),https://www.smrey.com/p/jengibre-cerro-punta-empacado-425gr-201099000005
Frutas y Verduras,Otoe Procesado Premium Fresh Empacado 550gr,,294.00 USD (x1),https://www.smrey.com/p/otoe-procesado-premium-fresh-empacado-550gr-200214000005
Frutas y Verduras,Kiwi al Granel,,78.00 USD (x1),https://www.smrey.com/p/kiwi-al-granel-204030000003
Frutas y Verduras,Toronja Ruby Red al Granel,,196.00 USD (x1),https://www.smrey.com/p/toronja-ruby-red-al-granel-204282000004
Frutas y Verduras,Cebolla Morada al Granel,,113.00 USD (x1),https://www.smrey.com/p/cebolla-morada-al-granel-204082000006
Frutas y Verduras,Chile Guajillo Badia 85.05gr,,299.00 USD (x1),https://www.smrey.com/p/chile-guajillo-badia-8505gr-33844006433
Frutas y Verduras,Chile New Mexicano Badia 85gr,,285.00 USD (x1),https://www.smrey.com/p/chile-new-mexicano-badia-85gr-33844006402
Frutas y Verduras,Yuca en Trozo Procesada Premium Fresh Empacada,,185.00 USD (x1),https://www.smrey.com/p/yuca-trozo-procesada-premium-fresh-empacada-675gr-200370000000
Frutas y Verduras,Chile Piquín Badia 142gr,,240.00 USD (x1),https://www.smrey.com/p/chile-piquin-badia-142gr-33844006549
Frutas y Verduras,Chile Árbol Badia 85.05gr,,235.00 USD (x1),https://www.smrey.com/p/chile-arbol-badia-8505gr-33844006419
Frutas y Verduras,Nueces de Pino Badia 28gr,,220.00 USD (x1),https://www.smrey.com/p/nueces-de-pino-badia-28gr-33844000684
Frutas y Verduras,Acelga Premium Fresh Empacada 325gr,,73.00 USD (x1),https://www.smrey.com/p/acelga-premium-fresh-empacada-325gr-204746000007
Frutas y Verduras,Lechuga Crespa Roja Ead Hidropónica Und,,195.00 USD (x1),https://www.smrey.com/p/lechuga-crespa-roja-ead-hidroponica-und-2368005748555
Frutas y Verduras,Papaya Hawaiiana al Granel,,95.00 USD (x1),https://www.smrey.com/p/papaya-hawaiiana-al-granel-204473000004
Frutas y Verduras,Papin Fresco Empacada 2lb,,155.00 USD (x1),https://www.smrey.com/p/papin-fresco-empacada-2lb-420000014102
Frutas y Verduras,Papa Nacional Fresco Empacada 3lb,,265.00 USD (x1),https://www.smrey.com/p/papa-nacional-fresco-empacada-3lb-420000014089
Frutas y Verduras,Papa Nacional Fresco Empacada 5lb,,450.00 USD (x1),https://www.smrey.com/p/papa-nacional-fresco-empacada-5lb-420000012689
Frutas y Verduras,Perejil Cerro Punta Und,,69.00 USD (x1),https://www.smrey.com/p/perejil-cerro-punta-und-717205000000
Frutas y Verduras,Lechuga Romana Hidropónica Healthy Growers Und,,315.00 USD (x1),https://www.smrey.com/p/lechuga-romana-hidroponica-healthy-growers-und-420000052944
Frutas y Verduras,Espinaca Cerro Punta en Mazo Und,,125.00 USD (x1),https://www.smrey.com/p/espinaca-cerro-punta-mazo-und-717144000000
Frutas y Verduras,Cilantro Premium Fresh Und,,120.00 USD (x1),https://www.smrey.com/p/cilantro-premium-fresh-und-7453009202037
Frutas y Verduras,Cilantro Premium Fresh en Mazo Empacado 200gr,,210.00 USD (x1),https://www.smrey.com/p/cilantro-premium-fresh-mazo-empacado-200gr-204889000001
Frutas y Verduras,Cebolla Amarilla Fresco Empacada 3lb,,399.00 USD (x1),https://www.smrey.com/p/cebolla-amarilla-fresco-empacada-3lb-420000014096
Frutas y Verduras,Maíz Cerro Punta Und,,159.00 USD (x1),https://www.smrey.com/p/maiz-cerro-punta-und-717175000000
Frutas y Verduras,Cebollina Cerro Punta 55gr,,109.00 USD (x1),https://www.smrey.com/p/cebollina-cerro-punta-55gr-717113000000
Frutas y Verduras,Fresas Cerro Punta Chicas Und,,450.00 USD (x1),https://www.smrey.com/p/fresas-cerro-punta-chicas-und-7451007171775
Frutas y Verduras,Albahaca Genovesa De Lino 30gr,,200.00 USD (x1),https://www.smrey.com/p/albahaca-genovesa-de-lino-30gr-7451110560138
Frutas y Verduras,Garlic Cream Tía Nany 454ml,,309.00 USD (x1),https://www.smrey.com/p/garlic-cream-tia-nany-454ml-7451108200022
Frutas y Verduras,Hongos Blancos La Lomita Rebanados 227gr,,316.00 USD (x1),https://www.smrey.com/p/hongos-blancos-la-lomita-rebanados-227gr-7451107230129
Frutas y Verduras,Tomate Redondo J Farms Empacado 740gr,,275.00 USD (x1),https://www.smrey.com/p/tomate-redondo-j-farms-empacado-740gr-7451110240153
Frutas y Verduras,Pepinos Mini Dulces sin Semillas Premium Fresh,,199.00 USD (x1),https://www.smrey.com/p/pepinos-mini-dulces-sin-semillas-premium-fresh-200gr-7451101000117
Frutas y Verduras,Pepino sin Semilla Cerro Punta Und,,219.00 USD (x1),https://www.smrey.com/p/pepino-sin-semilla-cerro-punta-und-7451007171720
Frutas y Verduras,Mini Pepino sin Semilla J Farms Und,,178.00 USD (x1),https://www.smrey.com/p/mini-pepino-sin-semilla-j-farms-und-7451110240092
Frutas y Verduras,Insecticida Agrícola Batavia OD J Farms 1lt,,175.00 USD (x1),https://www.smrey.com/p/insecticida-agricola-batavia-od-j-farms-1lt-7451110240078
Frutas y Verduras,Raspadura Orgánica El Canero en Polvo 400gr,,325.00 USD (x1),https://www.smrey.com/p/raspadura-organica-el-canero-polvo-400gr-7441017910150
Frutas y Verduras,Raspadura en Polvo El Canero 450gr,,250.00 USD (x1),https://www.smrey.com/p/raspadura-polvo-el-canero-450gr-7441017910051
Frutas y Verduras,Recao Verde Tía Nany 227ml,,169.00 USD (x1),https://www.smrey.com/p/recao-verde-tia-nany-227ml-7451108200077
Frutas y Verduras,Garlic Cream Tía Nany 227ml,,180.00 USD (x1),https://www.smrey.com/p/garlic-cream-tia-nany-227ml-7451108200053
Frutas y Verduras,Tomate Perita J Farms Campari Premium Und,,240.00 USD (x1),https://www.smrey.com/p/tomate-perita-j-farms-campari-premium-und-7451110240139
Frutas y Verduras,Mezcla de Ensalada American La Lomita 250G,,304.00 USD (x1),https://www.smrey.com/p/mezcla-de-ensalada-american-la-lomita-250g-7451107230334
Frutas y Verduras,Recao Rojo Tía Nany 454ml,,305.00 USD (x1),https://www.smrey.com/p/recao-rojo-tia-nany-454ml-7451108200046
Frutas y Verduras,Mezcla de Ensalada La Lomita 350G,,304.00 USD (x1),https://www.smrey.com/p/mezcla-de-ensalada-la-lomita-350g-7451107230341
Frutas y Verduras,Pimientos Inbosa Tricolores Und,,300.00 USD (x1),https://www.smrey.com/p/pimientos-inbosa-tricolores-und-7451110560077
Frutas y Verduras,Recao Verde Tía Nany 454ml,,305.00 USD (x1),https://www.smrey.com/p/recao-verde-tia-nany-454ml-7451108200039
Frutas y Verduras,Arúgula La Lomita 80G,,296.00 USD (x1),https://www.smrey.com/p/arugula-la-lomita-80g-7451107230471
Frutas y Verduras,Perejil Italiano J Farms 150gr,,240.00 USD (x1),https://www.smrey.com/p/perejil-italiano-j-farms-150gr-7451110240436
Frutas y Verduras,Cilantro J Farms 150gr,,240.00 USD (x1),https://www.smrey.com/p/cilantro-j-farms-150gr-7451110240245
Frutas y Verduras,Ensalada Criolla La Fresquita en Bolsa 200gr,,165.00 USD (x1),https://www.smrey.com/p/ensalada-criolla-la-fresquita-bolsa-200gr-7441040601568
Frutas y Verduras,Recao Rojo Tía Nany 227ml,,169.00 USD (x1),https://www.smrey.com/p/recao-rojo-tia-nany-227ml-7451108200060
Frutas y Verduras,Romero Fresco La Lomita Und,,155.00 USD (x1),https://www.smrey.com/p/romero-fresco-la-lomita-und-7451107230402
Frutas y Verduras,Cilantro La Lomita Und,,155.00 USD (x1),https://www.smrey.com/p/cilantro-la-lomita-und-7451107230280
Frutas y Verduras,Raspadura Panela de Oro Fresco 368gr,,150.00 USD (x1),https://www.smrey.com/p/raspadura-panela-de-oro-fresco-368gr-7451102700030
Frutas y Verduras,Raspadura Panela de Oro El Canero 200gr,,80.00 USD (x1),https://www.smrey.com/p/raspadura-panela-de-oro-el-canero-200gr-7451102700016
Frutas y Verduras,Culantro Premium Fresh Und,,65.00 USD (x1),https://www.smrey.com/p/culantro-premium-fresh-und-7453009249780
Frutas y Verduras,Papa Lavada al Granel,,66.00 USD (x1),https://www.smrey.com/p/papa-lavada-al-granel-204315000001
Frutas y Verduras,Mini Peras Fruta Internacional Zip Lock Und,,589.00 USD (x1),https://www.smrey.com/p/mini-peras-fruta-internacional-zip-lock-und-7452103150435
Frutas y Verduras,Peras Verdes Fruta Internacional en Bolsa 12und,,590.00 USD (x1),https://www.smrey.com/p/peras-verdes-fruta-internacional-bolsa-12und-7452501151607
Frutas y Verduras,Peras Verdes Fruta Internacional en Bolsa 6und,,295.00 USD (x1),https://www.smrey.com/p/peras-verdes-fruta-internacional-bolsa-6und-7452501151508
Frutas y Verduras,Peras Verdes Value 507 Chicas 6und,,280.00 USD (x1),https://www.smrey.com/p/peras-verdes-value-507-chicas-6und-7453009242811
Frutas y Verduras,Fresas Driscolls 250gr,,690.00 USD (x1),https://www.smrey.com/p/fresas-driscolls-250gr-715756200092
Frutas y Verduras,Fresas Driscolls Importadas 454gr,,1185.00 USD (x1),https://www.smrey.com/p/fresas-driscolls-importadas-454gr-715756200023
Frutas y Verduras,Manzana Verde Fruta Internacional Mediana 5und,,395.00 USD (x1),https://www.smrey.com/p/manzana-verde-fruta-internacional-mediana-5und-7453009242897
Frutas y Verduras,Manzana Gala Fruta Internacional Mediana 5und,,395.00 USD (x1),https://www.smrey.com/p/manzana-gala-fruta-internacional-mediana-5und-7453009242880
Frutas y Verduras,Manzana Mixta Fruta Internacional Chica 5und,,195.00 USD (x1),https://www.smrey.com/p/manzana-mixta-fruta-internacional-chica-5und-7453009242866
Frutas y Verduras,Manzana Gala Fruta Internacional Chica 5und,,195.00 USD (x1),https://www.smrey.com/p/manzana-gala-fruta-internacional-chica-5und-7453009242842
Frutas y Verduras,Manzana Gala Value 507 Chica 6und,,280.00 USD (x1),https://www.smrey.com/p/manzana-gala-value-507-chica-6und-7453009245935
Frutas y Verduras,Manzana Mixta Value 507 Chica 6und,,280.00 USD (x1),https://www.smrey.com/p/manzana-mixta-value-507-chica-6und-7453009245928
Frutas y Verduras,Manzana Verde Value 507 Chica 6und,,228.00 USD (x1),https://www.smrey.com/p/manzana-verde-value-507-chica-6und-7453009245911
Frutas y Verduras,Manzana Roja Value 507 Chica 6und,,280.00 USD (x1),https://www.smrey.com/p/manzana-roja-value-507-chica-6und-7453009242804
Frutas y Verduras,Manzana Mixta Fruta Internacional Chica en Bols,,295.00 USD (x1),https://www.smrey.com/p/manzana-mixta-fruta-internacional-chica-bolsa-und-7452501151003
Frutas y Verduras,Manzana Verde Fruta Internacional Chica en Bols,,295.00 USD (x1),https://www.smrey.com/p/manzana-verde-fruta-internacional-chica-bolsa-und-7452501150907
Frutas y Verduras,Manzana Roja Fruta Internacional Chica en Bolsa,,295.00 USD (x1),https://www.smrey.com/p/manzana-roja-fruta-internacional-chica-bolsa-und-7452501150761
Frutas y Verduras,Manzana Gala Fruta Internacional Chica en Bolsa,,295.00 USD (x1),https://www.smrey.com/p/manzana-gala-fruta-internacional-chica-bolsa-und-7452501150808
Frutas y Verduras,Manzana Verde Fruta Internacional Mediana 10und,,640.00 USD (x1),https://www.smrey.com/p/manzana-verde-fruta-internacional-mediana-10und-7452501151300
Frutas y Verduras,Manzana Gala Fruta Internacional Mediana 12und,,450.00 USD (x1),https://www.smrey.com/p/manzana-gala-fruta-internacional-mediana-12und-7453009242927
Frutas y Verduras,Manzana Verde Fruta Internacional Mediana 12und,,499.00 USD (x1),https://www.smrey.com/p/manzana-verde-fruta-internacional-mediana-12und-7453009242934
Frutas y Verduras,Manzana Gala Fruta Internacional Mediana 10und,,640.00 USD (x1),https://www.smrey.com/p/manzana-gala-fruta-internacional-mediana-10und-7452501151102
Frutas y Verduras,Manzana Mixta Fruta Internacional Mediana 10und,,640.00 USD (x1),https://www.smrey.com/p/manzana-mixta-fruta-internacional-mediana-10und-7452501151201
Frutas y Verduras,Naranja al Granel,,35.00 USD (x1),https://www.smrey.com/p/naranja-al-granel-204389000006
Frutas y Verduras,Naranja Fruta Internacional 5und,,450.00 USD (x1),https://www.smrey.com/p/naranja-fruta-internacional-5und-7453009236605
Frutas y Verduras,Mandarina Fruta Internacional Zip Lock 1KG,,395.00 USD (x1),https://www.smrey.com/p/mandarina-fruta-internacional-zip-lock-1kg-7453009236599
Frutas y Verduras,Limón Criollo al Granel,,30.00 USD (x1),https://www.smrey.com/p/limon-criollo-al-granel-204304000005
Frutas y Verduras,Limón Persa Ead 8und,,285.00 USD (x1),https://www.smrey.com/p/limon-persa-ead-8und-7453009246680
Frutas y Verduras,Jugo de Naranja Premium Fresh Recién Exprimido,,109.00 USD (x1),https://www.smrey.com/p/jugo-de-naranja-premium-fresh-recien-exprimido-236ml-7453009227498
Frutas y Verduras,Jugo de Naranja Premium Fresh Recién Exprimido,,689.00 USD (x1),https://www.smrey.com/p/jugo-de-naranja-premium-fresh-recien-exprimido-198lt-7453009219738
Frutas y Verduras,Jugo de Naranja Premium Fresh Recién Exprimido,,365.00 USD (x1),https://www.smrey.com/p/jugo-de-naranja-premium-fresh-recien-exprimido-1lt-7453009219721
Frutas y Verduras,Jugo de Naranja Premium Fresh Recién Exprimido,,220.00 USD (x1),https://www.smrey.com/p/jugo-de-naranja-premium-fresh-recien-exprimido-500ml-7453009219714
Frutas y Verduras,Jugo de Naranja Premium Fresh 500ml,,220.00 USD (x1),https://www.smrey.com/p/jugo-de-naranja-premium-fresh-500ml-7453009234281
Frutas y Verduras,Jugo de Naranja Premium Fresh 1000ml,,365.00 USD (x1),https://www.smrey.com/p/jugo-de-naranja-premium-fresh-1000ml-7453009234298
Frutas y Verduras,Jugo de Naranja Premium Fresh 1890ml,,689.00 USD (x1),https://www.smrey.com/p/jugo-de-naranja-premium-fresh-1890ml-7453009234304
Frutas y Verduras,Coliflor Panamá Agro Magg Empacado 475gr,,387.00 USD (x1),https://www.smrey.com/p/coliflor-panama-agro-magg-empacado-475gr-209869000002
Frutas y Verduras,Albahaca Genovesa J Farms Empacado 20gr,,199.00 USD (x1),https://www.smrey.com/p/albahaca-genovesa-j-farms-empacado-20gr-7451110240351
Frutas y Verduras,Recao Verde Fresco Und,,89.00 USD (x1),https://www.smrey.com/p/recao-verde-fresco-und-7453009218106
Frutas y Verduras,Lechuga Hidropónica Cerro Punta Mantequilla Und,,250.00 USD (x1),https://www.smrey.com/p/lechuga-hidroponica-cerro-punta-mantequilla-und-7451007171874
Frutas y Verduras,Lechuga Healthy Growers Und,,345.00 USD (x1),https://www.smrey.com/p/lechuga-healthy-growers-und-7453009227405
Frutas y Verduras,Lechuga Nacional Agro Magg Empacada 325gr,,169.00 USD (x1),https://www.smrey.com/p/lechuga-nacional-agro-magg-empacada-325gr-209870000008
Frutas y Verduras,Lechuga Hidropónica D Altura Mantequilla 250G,,195.00 USD (x1),https://www.smrey.com/p/lechuga-hidroponica-d-altura-mantequilla-250g-7452103300410
Frutas y Verduras,Lechuga Hidropónica D Altura Crespa Verde 250G,,153.00 USD (x1),https://www.smrey.com/p/lechuga-hidroponica-d-altura-crespa-verde-250g-7452103300397
Frutas y Verduras,Lechuga Green Oak Healthy Growers Hidropónica U,,345.00 USD (x1),https://www.smrey.com/p/lechuga-green-oak-healthy-growers-hidroponica-und-420000033066
Frutas y Verduras,Lechuga Romana D Altura 250gr,,195.00 USD (x1),https://www.smrey.com/p/lechuga-romana-d-altura-250gr-7452103300526
Frutas y Verduras,Lechuga Greenleaf Cultivos Selectos Empacada 50,,250.00 USD (x1),https://www.smrey.com/p/lechuga-greenleaf-cultivos-selectos-empacada-500gr-202690000005
Frutas y Verduras,Lechuga Boston Hidropónica Healthy Growers Und,,345.00 USD (x1),https://www.smrey.com/p/lechuga-boston-hidroponica-healthy-growers-und-420000052968
Frutas y Verduras,Espinaca Baby Hortifresco 150G,,412.00 USD (x1),https://www.smrey.com/p/espinaca-baby-hortifresco-150g-7700934003094
Frutas y Verduras,Espinaca Hidropónica Fresco 226gr,,200.00 USD (x1),https://www.smrey.com/p/espinaca-hidroponica-fresco-226gr-7453009222905
Frutas y Verduras,Hierba Buena P Fresh 50gr,,160.00 USD (x1),https://www.smrey.com/p/hierba-buena-p-fresh-50gr-7453009237787
Frutas y Verduras,Kale La Granjerita,,240.00 USD (x1),https://www.smrey.com/p/kale-la-granjerita-7452103630036
Frutas y Verduras,Kale Baby Hortifresco 150gr,,412.00 USD (x1),https://www.smrey.com/p/kale-baby-hortifresco-150gr-7700934003100
Frutas y Verduras,Ají Picoloro Maagfresh Empacado 375gr,,204.00 USD (x1),https://www.smrey.com/p/aji-picoloro-maagfresh-empacado-375gr-201152000003
Frutas y Verduras,Apio Bastón D Altura 300gr,,120.00 USD (x1),https://www.smrey.com/p/apio-baston-d-altura-300gr-7452103300274
Frutas y Verduras,Cebolla Importada al Granel,,86.00 USD (x1),https://www.smrey.com/p/cebolla-importada-al-granel-203630000000
Frutas y Verduras,Aguacate Hass Importado al Granel,,107.00 USD (x1),https://www.smrey.com/p/aguacate-hass-importado-al-granel-204046000004
Frutas y Verduras,Hongos Portobello Enteros Rey 300gr,,630.00 USD (x1),https://www.smrey.com/p/hongos-portobello-enteros-rey-300gr-7453009247670
Frutas y Verduras,Hongos Blancos Enteros Rey 300gr,,584.00 USD (x1),https://www.smrey.com/p/hongos-blancos-enteros-rey-300gr-7453009247656
Frutas y Verduras,Hongos Cremini Rebanados Rey 225gr,,330.00 USD (x1),https://www.smrey.com/p/hongos-cremini-rebanados-rey-225gr-7453009247694
Frutas y Verduras,Hongos Cremini Enteros Rey 225gr,,330.00 USD (x1),https://www.smrey.com/p/hongos-cremini-enteros-rey-225gr-7453009247687
Frutas y Verduras,Baby Zucchini Healthy Growers Hidropónica Und,,345.00 USD (x1),https://www.smrey.com/p/baby-zucchini-healthy-growers-hidroponica-und-7451101000094
Frutas y Verduras,Tomate Redondo D Altura 450gr,,290.00 USD (x1),https://www.smrey.com/p/tomate-redondo-d-altura-450gr-7452103300304
Frutas y Verduras,Tomates Peritas Maagfresh Empacados 650gr,,270.00 USD (x1),https://www.smrey.com/p/tomates-peritas-maagfresh-empacados-650gr-201171000008
Frutas y Verduras,Tomate Redondo Red Cruz Empacado Und,,300.00 USD (x1),https://www.smrey.com/p/tomate-redondo-red-cruz-empacado-und-7453009232515
Frutas y Verduras,Tomate Perita Red Cruz Empacado Und,,245.00 USD (x1),https://www.smrey.com/p/tomate-perita-red-cruz-empacado-und-7453009232508
Frutas y Verduras,Tomate de Colores Premium Fresh Und,,350.00 USD (x1),https://www.smrey.com/p/tomate-de-colores-premium-fresh-und-7452103630159
Frutas y Verduras,Tomate Cerro Punta Sweet Cherry 675gr,,479.00 USD (x1),https://www.smrey.com/p/tomate-cerro-punta-sweet-cherry-675gr-7451007172055
Frutas y Verduras,Pepino sin Semilla D Altura Hidropónico 300gr,,160.00 USD (x1),https://www.smrey.com/p/pepino-sin-semilla-d-altura-hidroponico-300gr-7452103300045
Frutas y Verduras,Habichuelas Cerro Punta Empacada 450gr,,169.00 USD (x1),https://www.smrey.com/p/habichuelas-cerro-punta-empacada-450gr-202417000004
Frutas y Verduras,Raspadura Ovalada La Abundancia 225gr,,225.00 USD (x1),https://www.smrey.com/p/raspadura-ovalada-la-abundancia-225gr-7453059947834
Frutas y Verduras,Panela Pulverizada Karey 454G,,215.00 USD (x1),https://www.smrey.com/p/panela-pulverizada-karey-454g-7452102650073
Frutas y Verduras,Raspadura Panela Coquito 908gr,,370.00 USD (x1),https://www.smrey.com/p/raspadura-panela-coquito-908gr-7452112060794
Frutas y Verduras,Rábano Premium Fresh Und,,160.00 USD (x1),https://www.smrey.com/p/rabano-premium-fresh-und-7453009200507
Frutas y Verduras,Cilantro Hortifresco Und,,244.00 USD (x1),https://www.smrey.com/p/cilantro-hortifresco-und-19161008190
Frutas y Verduras,Albahaca Hortifresco Und,,244.00 USD (x1),https://www.smrey.com/p/albahaca-hortifresco-und-19161008046
Frutas y Verduras,Hongos Blancos La Lomita Rebanados 400G,,535.00 USD (x1),https://www.smrey.com/p/hongos-blancos-la-lomita-rebanados-400g-7451107230150
Frutas y Verduras,Granadilla al Granel,,149.00 USD (x1),https://www.smrey.com/p/granadilla-al-granel-203312000007
Frutas y Verduras,Moras Driscolls Importadas 170gr,,695.00 USD (x1),https://www.smrey.com/p/moras-driscolls-importadas-170gr-715756100200
Frutas y Verduras,Tomates Mixtos Maagfresh Empacados 650gr,,367.00 USD (x1),https://www.smrey.com/p/tomates-mixtos-maagfresh-empacados-650gr-201169000003
Frutas y Verduras,Manzanas Mixtas Fruta Internacional Mediana 5un,,320.00 USD (x1),https://www.smrey.com/p/manzanas-mixtas-fruta-internacional-mediana-5und-7453009242903
Frutas y Verduras,Rugula Baby Hortifresco 150gr,,412.00 USD (x1),https://www.smrey.com/p/rugula-baby-hortifresco-150gr-7700934003087
Frutas y Verduras,Rabanitos Premium J Farms 250gr,,325.00 USD (x1),https://www.smrey.com/p/rabanitos-premium-j-farms-250gr-7451110240443
Frutas y Verduras,Lechuga Hoja Roble Hidropónica Verdes Co Und,,299.00 USD (x1),https://www.smrey.com/p/lechuga-hoja-roble-hidroponica-verdes-co-und-7452103110118
Frutas y Verduras,Limón Persa Maagfresh en Malla 5und,,265.00 USD (x1),https://www.smrey.com/p/limon-persa-maagfresh-malla-5und-7453009241760
Frutas y Verduras,Lechuga Mantequilla Verde Eden 150gr,,259.00 USD (x1),https://www.smrey.com/p/lechuga-mantequilla-verde-eden-150gr-731171001069
Frutas y Verduras,Miel de Caña El Gran Gusto 350ml,,245.00 USD (x1),https://www.smrey.com/p/miel-de-cana-el-gran-gusto-350ml-7452112060718
Frutas y Verduras,Germinado de Alfalfa La Lomita 100G,,223.00 USD (x1),https://www.smrey.com/p/germinado-de-alfalfa-la-lomita-100g-7451107230211
Frutas y Verduras,Hierba Buena Hortifresco Und,,244.00 USD (x1),https://www.smrey.com/p/hierba-buena-hortifresco-und-19161008015
Frutas y Verduras,Hierba Buena De Lino 25G,,198.00 USD (x1),https://www.smrey.com/p/hierba-buena-de-lino-25g-7451110560121
Frutas y Verduras,Lechuga Hidropónica D Altura Roble Roja 250G,,153.00 USD (x1),https://www.smrey.com/p/lechuga-hidroponica-d-altura-roble-roja-250g-2207077001352
Frutas y Verduras,Lechuga Roja Sl Und,,160.00 USD (x1),https://www.smrey.com/p/lechuga-roja-sl-und-7453009201689
Frutas y Verduras,Lechuga Green Leaf 150gr,,160.00 USD (x1),https://www.smrey.com/p/lechuga-green-leaf-150gr-7453009232348
Frutas y Verduras,Lechuga Romana Fresco Und,,160.00 USD (x1),https://www.smrey.com/p/lechuga-romana-fresco-und-7453009201146
Frutas y Verduras,Jugo de Naranja Fresco Und,,109.00 USD (x1),https://www.smrey.com/p/jugo-de-naranja-fresco-und-7453009234311
Frutas y Verduras,Fresa Cultivos Selectos Comercial 250gr,,344.00 USD (x1),https://www.smrey.com/p/fresa-cultivos-selectos-comercial-250gr-7451064900349
Frutas y Verduras,Nectarines Fruta Internacional en Bolsa 1kg,,729.00 USD (x1),https://www.smrey.com/p/nectarines-fruta-internacional-bolsa-1kg-7453009236575
Frutas y Verduras,Fresas Cultivos Selectos Comercial 450gr,,618.00 USD (x1),https://www.smrey.com/p/fresas-cultivos-selectos-comercial-450gr-7451064900325
Frutas y Verduras,Fresas Frescas Alto Cultivo 300gr,,599.00 USD (x1),https://www.smrey.com/p/fresas-frescas-alto-cultivo-300gr-798190053912
Frutas y Verduras,Fresas Fresco 400G,,799.00 USD (x1),https://www.smrey.com/p/fresas-fresco-400g-798190053943
Frutas y Verduras,Manzana Amarilla al Granel,,66.00 USD (x1),https://www.smrey.com/p/manzana-amarilla-al-granel-204021000005
Frutas y Verduras,Limón Amarillo Fruta Internacional Zip Lock 1KG,,550.00 USD (x1),https://www.smrey.com/p/limon-amarillo-fruta-internacional-zip-lock-1kg-7453009236582
Frutas y Verduras,Verduras en Bandeja Enguell Und,,220.00 USD (x1),https://www.smrey.com/p/verduras-bandeja-enguell-und-1176637289640
Frutas y Verduras,Jugo de Maracuya Wapin 1000ml,,1121.00 USD (x1),https://www.smrey.com/p/jugo-de-maracuya-wapin-1000ml-764451705166
Frutas y Verduras,Perejil Campo Alto 60gr,,90.00 USD (x1),https://www.smrey.com/p/perejil-campo-alto-60gr-92328000053
Frutas y Verduras,Hongos Crimini Gran País 225G,,314.00 USD (x1),https://www.smrey.com/p/hongos-crimini-gran-pais-225g-7593785000097
Frutas y Verduras,Hongo Blanco Setas De Cuiva Entero 400gr,,540.00 USD (x1),https://www.smrey.com/p/hongo-blanco-setas-de-cuiva-entero-400gr-7707110168905
Frutas y Verduras,Hongos Gran País Rebanados 400G,,584.00 USD (x1),https://www.smrey.com/p/hongos-gran-pais-rebanados-400g-7593785000042
Frutas y Verduras,Hongo Portobelo Setas De Cuiva Entero 300gr,,605.00 USD (x1),https://www.smrey.com/p/hongo-portobelo-setas-de-cuiva-entero-300gr-7707110164846
Frutas y Verduras,Hongos Crimini Setas de Cuiva Enteros 227gr,,340.00 USD (x1),https://www.smrey.com/p/hongos-crimini-setas-de-cuiva-enteros-227gr-7707110179734
Frutas y Verduras,Pulpa de Tamarindo El Gran Gusto Congelada 200g,,149.00 USD (x1),https://www.smrey.com/p/pulpa-de-tamarindo-el-gran-gusto-congelada-200gr-7709531698757
Frutas y Verduras,Tomate Premium Fresh Empacado 925gr,,251.00 USD (x1),https://www.smrey.com/p/tomate-premium-fresh-empacado-925gr-200351000005
Frutas y Verduras,Raspadura El Gran Gusto Und,,195.00 USD (x1),https://www.smrey.com/p/raspadura-el-gran-gusto-und-8436043060091
Frutas y Verduras,Raspadura Tejitos El Gran Gusto 454gr,,210.00 USD (x1),https://www.smrey.com/p/raspadura-tejitos-el-gran-gusto-454gr-7709990216257
Frutas y Verduras,Raspadura Encanto Solo 454gr,,185.00 USD (x1),https://www.smrey.com/p/raspadura-encanto-solo-454gr-7707210635239
Frutas y Verduras,Melon Cantalupe al Granel,,473.00 USD (x1),https://www.smrey.com/p/melon-cantalupe-al-granel-204342000005
Frutas y Verduras,Culantro Campo Alto 50gr,,57.00 USD (x1),https://www.smrey.com/p/culantro-campo-alto-50gr-92328000022
Frutas y Verduras,Bebida de Tropical Boom Wapin 355ml,,237.00 USD (x1),https://www.smrey.com/p/bebida-de-tropical-boom-wapin-355ml-764451705180
Frutas y Verduras,Jugo de Piña Maracuya Wapin 355ml,,284.00 USD (x1),https://www.smrey.com/p/jugo-de-pina-maracuya-wapin-355ml-764451705159
Frutas y Verduras,Jugo de Naranja Piña Wapin 355ml,,284.00 USD (x1),https://www.smrey.com/p/jugo-de-naranja-pina-wapin-355ml-764451705135
Frutas y Verduras,Aguacate Hass J Farms Und,,314.00 USD (x1),https://www.smrey.com/p/aguacate-hass-j-farms-und-7451110240238
Frutas y Verduras,Durazno Fruta Internacional 1KG,,729.00 USD (x1),https://www.smrey.com/p/durazno-fruta-internacional-1kg-7453009236568
Frutas y Verduras,Ciruela Negra Fruta Internacional 1kg,,740.00 USD (x1),https://www.smrey.com/p/ciruela-negra-fruta-internacional-1kg-7453009236551
Frutas y Verduras,Hongo Blanco Setas De Cuiva Tajado 227gr,,340.00 USD (x1),https://www.smrey.com/p/hongo-blanco-setas-de-cuiva-tajado-227gr-7707110198551
Frutas y Verduras,Hongo Blanco Setas De Cuiva Entero 227gr,,340.00 USD (x1),https://www.smrey.com/p/hongo-blanco-setas-de-cuiva-entero-227gr-7707110150344
Frutas y Verduras,Tomate de Árbol Cerro Punta 1.36KG,,295.00 USD (x1),https://www.smrey.com/p/tomate-de-arbol-cerro-punta-136kg-7453009233734
Frutas y Verduras,Jugo de Piña Wapin 355ml,,284.00 USD (x1),https://www.smrey.com/p/jugo-de-pina-wapin-355ml-764451705142
Frutas y Verduras,Recao para Barbacoa Recao Bbq 368gr,,279.00 USD (x1),https://www.smrey.com/p/recao-barbacoa-recao-bbq-368gr-769503249261
Frutas y Verduras,Lechuga Roble Verde Eden 200gr,,259.00 USD (x1),https://www.smrey.com/p/lechuga-roble-verde-eden-200gr-731171001076
Frutas y Verduras,Lechuga Hidropónica Cerro Punta Crespita Roja U,,250.00 USD (x1),https://www.smrey.com/p/lechuga-hidroponica-cerro-punta-crespita-roja-und-7451007171850
Frutas y Verduras,Cebollina La Granjerita 200gr,,195.00 USD (x1),https://www.smrey.com/p/cebollina-la-granjerita-200gr-7452103630197
Frutas y Verduras,Panela Cuadrada Dulce Cana 454gr,,180.00 USD (x1),https://www.smrey.com/p/panela-cuadrada-dulce-cana-454gr-769503296807
Frutas y Verduras,Culantro Campo Alto 200gr,,169.00 USD (x1),https://www.smrey.com/p/culantro-campo-alto-200gr-92328000015
Frutas y Verduras,Cilantro Campo Alto 25gr,,146.00 USD (x1),https://www.smrey.com/p/cilantro-campo-alto-25gr-92328000046
Frutas y Verduras,Albahaca Campo Alto 25gr,,146.00 USD (x1),https://www.smrey.com/p/albahaca-campo-alto-25gr-92328000039
Frutas y Verduras,Manzana Roja Fruta Internacional Mediana 5und,,320.00 USD (x1),https://www.smrey.com/p/manzana-roja-fruta-internacional-mediana-5und-7453009242873
Frutas y Verduras,Cebolla Amarilla Fresco Empacada 5lb,,599.00 USD (x1),https://www.smrey.com/p/cebolla-amarilla-fresco-empacada-5lb-420000012733
Frutas y Verduras,Arandanos Prize Gold 125gr,,280.00 USD (x1),https://www.smrey.com/p/arandanos-prize-gold-125gr-7750431390104
Frutas y Verduras,Manzana Roja Fruta Internacional Mediana 12und,,470.00 USD (x1),https://www.smrey.com/p/manzana-roja-fruta-internacional-mediana-12und-7453009242910
Frutas y Verduras,Manzana Roja Fruta Internacional Mediana 10und,,675.00 USD (x1),https://www.smrey.com/p/manzana-roja-fruta-internacional-mediana-10und-7452501151409
Frutas y Verduras,Peregil Maag Fresh Und,,90.00 USD (x1),https://www.smrey.com/p/peregil-maag-fresh-und-7453009233314
Frutas y Verduras,Pulpa de Tamarindo La Hojita 200gr,,110.00 USD (x1),https://www.smrey.com/p/pulpa-de-tamarindo-la-hojita-200gr-7452026707600
Frutas y Verduras,Pimientos Dulces Healthy Growers sin Semilla 15,,340.00 USD (x1),https://www.smrey.com/p/pimientos-dulces-healthy-growers-sin-semilla-150g-7451101000124
Frutas y Verduras,Lechuga Mantequilla Hidropónica Verdes Co Roja,,299.00 USD (x1),https://www.smrey.com/p/lechuga-mantequilla-hidroponica-verdes-co-roja-und-7452103110132
Frutas y Verduras,Lechuga Romana Edén 150gr,,259.00 USD (x1),https://www.smrey.com/p/lechuga-romana-eden-150gr-731171001021
Frutas y Verduras,Hierba Buena Verdes Co Und,,195.00 USD (x1),https://www.smrey.com/p/hierba-buena-verdes-co-und-7452103110064
Frutas y Verduras,Cebollina Hortifresco 50gr,,240.00 USD (x1),https://www.smrey.com/p/cebollina-hortifresco-50gr-19161008176
Frutas y Verduras,Chile Japones Badia 85gr,,270.00 USD (x1),https://www.smrey.com/p/chile-japones-badia-85gr-33844000677
Frutas y Verduras,Kiwi Sungold Fresco Und,,675.00 USD (x1),https://www.smrey.com/p/kiwi-sungold-fresco-und-7452101370576
Frutas y Verduras,Kiwi Verde Chumis Empacado 227gr,,499.00 USD (x1),https://www.smrey.com/p/kiwi-verde-chumis-empacado-227gr-7452101370620
Frutas y Verduras,Fresas Frescas Alto Cultivo 160gr,,319.00 USD (x1),https://www.smrey.com/p/fresas-frescas-alto-cultivo-160gr-798190053929
Frutas y Verduras,Manzana Granny Chumis Empacada 552gr,,260.00 USD (x1),https://www.smrey.com/p/manzana-granny-chumis-empacada-552gr-7452101370637
Frutas y Verduras,Uvas Negras Chumis Empacada 0.5kg,,460.00 USD (x1),https://www.smrey.com/p/uvas-negras-chumis-empacada-05kg-7452101370668
Frutas y Verduras,Mandarinas Chumis Empacadas 0.5kg,,480.00 USD (x1),https://www.smrey.com/p/mandarinas-chumis-empacadas-05kg-7452101370644
Frutas y Verduras,Manzana Gala Chumis Empacada 613gr,,245.00 USD (x1),https://www.smrey.com/p/manzana-gala-chumis-empacada-613gr-7452101370583
Frutas y Verduras,Frambuesas Driscolls Importadas 170gr,,745.00 USD (x1),https://www.smrey.com/p/frambuesas-driscolls-importadas-170gr-715756100040
Frutas y Verduras,Hongos Blancos Enteros Setas Prepack 400gr,,540.00 USD (x1),https://www.smrey.com/p/hongos-blancos-enteros-setas-prepack-400gr-7707110101919
Frutas y Verduras,Hongos Portobello Enteros Setas Prepack 300gr,,605.00 USD (x1),https://www.smrey.com/p/hongos-portobello-enteros-setas-prepack-300gr-7707110101070
Frutas y Verduras,Hongos Crimini Enteros Setas Prepack 227gr,,340.00 USD (x1),https://www.smrey.com/p/hongos-crimini-enteros-setas-prepack-227gr-7707110101292
Frutas y Verduras,Hongos Blancos Rebanados Setas Prepack 227gr,,340.00 USD (x1),https://www.smrey.com/p/hongos-blancos-rebanados-setas-prepack-227gr-7707110100905
Frutas y Verduras,Peras Rojas al Granel,,56.00 USD (x1),https://www.smrey.com/p/peras-rojas-al-granel-204415000000
Frutas y Verduras,EAD MANDARINA EN MALLA 6 UND,,340.00 USD (x1),https://www.smrey.com/p/ead-mandarina-en-malla-6-und-2218025252788
Frutas y Verduras,Lechuga Americana Cerro Punta Empacada 450gr,,270.00 USD (x1),https://www.smrey.com/p/lechuga-americana-cerro-punta-empacada-450gr-200512000004
Frutas y Verduras,Lechuga Mesclum Verdes Co Hidropónica Und,,299.00 USD (x1),https://www.smrey.com/p/lechuga-mesclum-verdes-co-hidroponica-und-7452103110163
Frutas y Verduras,Lechuga Coral Verde Hidropónica Verdes Co Und,,299.00 USD (x1),https://www.smrey.com/p/lechuga-coral-verde-hidroponica-verdes-co-und-7452103110149
Frutas y Verduras,Mostaza Premium Fresh Empacada 600gr,,437.00 USD (x1),https://www.smrey.com/p/mostaza-premium-fresh-empacada-600gr-204823000005
Frutas y Verduras,Jugo de Naranja Wapin 355ml,,284.00 USD (x1),https://www.smrey.com/p/jugo-de-naranja-wapin-355ml-764451705173
Frutas y Verduras,Papas Nacional La Altiva Empacada 3lb,,280.00 USD (x1),https://www.smrey.com/p/papas-nacional-la-altiva-empacada-3lb-7453009205793
Frutas y Verduras,Lechuga Romana La Huerta 170G,,329.00 USD (x1),https://www.smrey.com/p/lechuga-romana-la-huerta-170g-7861000178730
Frutas y Verduras,Fresas Manolo Jumbo 600G,,850.00 USD (x1),https://www.smrey.com/p/fresas-manolo-jumbo-600g-7452101250014
Frutas y Verduras,Ciruela Roja Fruta Internacional en Bolsa 1kg,,740.00 USD (x1),https://www.smrey.com/p/ciruela-roja-fruta-internacional-bolsa-1kg-7453009236544
Frutas y Verduras,Uva Nacional Fresco Und,,290.00 USD (x1),https://www.smrey.com/p/uva-nacional-fresco-und-7453009248363
Frutas y Verduras,Lechuga Green Leaf Ead Hidropónica Und,,245.00 USD (x1),https://www.smrey.com/p/lechuga-green-leaf-ead-hidroponica-und-2369005849563
Frutas y Verduras,Lechuga Iceberg La Huerta 350G,,349.00 USD (x1),https://www.smrey.com/p/lechuga-iceberg-la-huerta-350g-7861000140737
Frutas y Verduras,Albahaca Genovesa Verdes Co Und,,195.00 USD (x1),https://www.smrey.com/p/albahaca-genovesa-verdes-co-und-7452103110040
Frutas y Verduras,Perejil Italiano La Lomita 50G,,155.00 USD (x1),https://www.smrey.com/p/perejil-italiano-la-lomita-50g-7451107230419
Frutas y Verduras,Romero Maagfresh Und,,130.00 USD (x1),https://www.smrey.com/p/romero-maagfresh-und-7453009223544
Frutas y Verduras,Papas Nacional La Altiva Empacada 2lb,,155.00 USD (x1),https://www.smrey.com/p/papas-nacional-la-altiva-empacada-2lb-7453009205649
Frutas y Verduras,Papas Nacional La Altiva Und,,465.00 USD (x1),https://www.smrey.com/p/papas-nacional-la-altiva-und-7453009205731
Frutas y Verduras,Chile New Mexicano Badia 85gr,,285.00 USD (x1),https://www.smrey.com/p/chile-new-mexicano-badia-85gr-033844006402
Frutas y Verduras,Limon Persa Fruta Internacional en Malla 1kg,,365.00 USD (x1),https://www.smrey.com/p/limon-persa-fruta-internacional-malla-1kg-7456617878335
Frutas y Verduras,Arándanos Fresh Garden 125gr,,285.00 USD (x1),https://www.smrey.com/p/arandanos-fresh-garden-125gr-7758452000323
Frutas y Verduras,Fresas Manolo Regular 300G,,450.00 USD (x1),https://www.smrey.com/p/fresas-manolo-regular-300g-7452101250021
Frutas y Verduras,Ají Chombo Campo Alto 70gr,,185.00 USD (x1),https://www.smrey.com/p/aji-chombo-campo-alto-70gr-92328000060
Frutas y Verduras,Flores Comestibles Dioselina 40G,,595.00 USD (x1),https://www.smrey.com/p/flores-comestibles-dioselina-40g-7453009246703
Frutas y Verduras,Lechuga Roja Cultivos Selectos Empacada 300gr,,150.00 USD (x1),https://www.smrey.com/p/lechuga-roja-cultivos-selectos-empacada-300gr-204639000008
Frutas y Verduras,Cilantro Hidropónico Pilones De Boquete 25gr,,270.00 USD (x1),https://www.smrey.com/p/cilantro-hidroponico-pilones-de-boquete-25gr-2000059150532
Frutas y Verduras,Cebolla Amarilla Maagfresh Empacada 1.36kg,,445.00 USD (x1),https://www.smrey.com/p/cebolla-amarilla-maagfresh-empacada-136kg-7453009224886
Frutas y Verduras,Piña Nacional Panabrix al Granel,,190.00 USD (x1),https://www.smrey.com/p/pina-nacional-panabrix-al-granel-209384000006
Frutas y Verduras,Lechuga Rúgula Fruvertropik Und,,335.00 USD (x1),https://www.smrey.com/p/lechuga-rugula-fruvertropik-und-7700934001076
Frutas y Verduras,Frambuesa Driscolls 170gr,,745.00 USD (x1),https://www.smrey.com/p/frambuesa-driscolls-170gr-715756100019
Frutas y Verduras,Brócoli Vermontina 650gr,,349.00 USD (x1),https://www.smrey.com/p/brocoli-vermontina-650gr-7868000384192
Frutas y Verduras,Tomate Manzanita Premium Fresh 200gr,,160.00 USD (x1),https://www.smrey.com/p/tomate-manzanita-premium-fresh-200gr-7453009211275
Frutas y Verduras,Panela Karey 8und,,355.00 USD (x1),https://www.smrey.com/p/panela-karey-8und-7452102650011
Frutas y Verduras,Fresas San Valentín Fresas 300G,,599.00 USD (x1),https://www.smrey.com/p/fresas-san-valentin-fresas-300g-7453009232461
Frutas y Verduras,Kale Hidropónico Verdes Co Und,,555.00 USD (x1),https://www.smrey.com/p/kale-hidroponico-verdes-co-und-7452103110088
Frutas y Verduras,Ensalada de Mango Verde Fresco Empacado 250gr,,100.00 USD (x1),https://www.smrey.com/p/ensalada-de-mango-verde-fresco-empacado-250gr-201311000004
Frutas y Verduras,Platano Fresco Empacado Und,,99.00 USD (x1),https://www.smrey.com/p/platano-fresco-empacado-und-7453009225562
Frutas y Verduras,Fresas Cultivos Selectos Grandes 450gr,,705.00 USD (x1),https://www.smrey.com/p/fresas-cultivos-selectos-grandes-450gr-7451064900332
Frutas y Verduras,Moras Manolo 300gr,,450.00 USD (x1),https://www.smrey.com/p/moras-manolo-300gr-7452101250038
Frutas y Verduras,Rabano Fresco Und,,160.00 USD (x1),https://www.smrey.com/p/rabano-fresco-und-204744000009
Frutas y Verduras,Pimentones Mix Finca Paraiso 970gr,,520.00 USD (x1),https://www.smrey.com/p/pimentones-mix-finca-paraiso-970gr-7452106630040
Frutas y Verduras,Papa Lavada Tierras Altas 1.82kg,,485.00 USD (x1),https://www.smrey.com/p/papa-lavada-tierras-altas-182kg-7453009209760
Frutas y Verduras,Zanahoria Tierras Altas 1.5lt,,190.00 USD (x1),https://www.smrey.com/p/zanahoria-tierras-altas-15lt-7453009209845
Frutas y Verduras,Zanahoria H Esquivel 2lt,,235.00 USD (x1),https://www.smrey.com/p/zanahoria-h-esquivel-2lt-7453009201511
Frutas y Verduras,Cebolla Tierras Altas 4lt,,490.00 USD (x1),https://www.smrey.com/p/cebolla-tierras-altas-4lt-7453009209821
Frutas y Verduras,Naranjas Mafaldas A en Malla Und,,464.00 USD (x1),https://www.smrey.com/p/naranjas-mafaldas-a-malla-und-7452101370170
Frutas y Verduras,Menta Hidroponicos De Boquete Hidropónica 25gr,,199.00 USD (x1),https://www.smrey.com/p/menta-hidroponicos-de-boquete-hidroponica-25gr-2000059150525
Frutas y Verduras,Puerro Tierras Altas 500gr,,190.00 USD (x1),https://www.smrey.com/p/puerro-tierras-altas-500gr-7453009209807
Frutas y Verduras,Romero Pilones De Boquete Hidropónico Und,,199.00 USD (x1),https://www.smrey.com/p/romero-pilones-de-boquete-hidroponico-und-7453009222745
Frutas y Verduras,Orégano Hidroponicos De Boquete Hidropónico 25,,199.00 USD (x1),https://www.smrey.com/p/oregano-hidroponicos-de-boquete-hidroponico-25gr-2000059150556
Frutas y Verduras,Perejil Italiano Hidroponicos De Boquete 25gr,,199.00 USD (x1),https://www.smrey.com/p/perejil-italiano-hidroponicos-de-boquete-25gr-2000059150587
Frutas y Verduras,Repollo Morado Tierras Altas 600gr,,235.00 USD (x1),https://www.smrey.com/p/repollo-morado-tierras-altas-600gr-7453009209500
Frutas y Verduras,Repollo Tierras Altas 600gr,,155.00 USD (x1),https://www.smrey.com/p/repollo-tierras-altas-600gr-7453009233857
Frutas y Verduras,Arúgula Hidroponicos De Boquete Hidropónica 25,,270.00 USD (x1),https://www.smrey.com/p/arugula-hidroponicos-de-boquete-hidroponica-25gr-2000059150570
Frutas y Verduras,Hierbabuena Hidroponicos De Boquete 25gr,,180.00 USD (x1),https://www.smrey.com/p/hierbabuena-hidroponicos-de-boquete-25gr-2000059150594
Frutas y Verduras,Kale Agro Flores 200gr,,375.00 USD (x1),https://www.smrey.com/p/kale-agro-flores-200gr-7452103300489
Frutas y Verduras,Mostaza Fresco Und,,495.00 USD (x1),https://www.smrey.com/p/mostaza-fresco-und-7451109420108
Frutas y Verduras,Apio Tierras Altas 900gr,,100.00 USD (x1),https://www.smrey.com/p/apio-tierras-altas-900gr-7453009209791
Frutas y Verduras,Ajo Premium Fresh Und,,105.00 USD (x1),https://www.smrey.com/p/ajo-premium-fresh-und-7453009215273
Frutas y Verduras,Aguacate Importado Fresco al Granel,,188.00 USD (x1),https://www.smrey.com/p/aguacate-importado-fresco-al-granel-200257000000
Frutas y Verduras,Aguacate Hass Fresco Importado al Granel,,77.00 USD (x1),https://www.smrey.com/p/aguacate-hass-fresco-importado-al-granel-203080000001
Frutas y Verduras,Guacamole Fresquita 455gr,,550.00 USD (x1),https://www.smrey.com/p/guacamole-fresquita-455gr-7441040608086
Frutas y Verduras,Pulpa de Tamarindo El Gran Gusto 400gr,,295.00 USD (x1),https://www.smrey.com/p/pulpa-de-tamarindo-el-gran-gusto-400gr-7709531698740
Frutas y Verduras,Tomate Perita Tierras Altas 1.5lt,,280.00 USD (x1),https://www.smrey.com/p/tomate-perita-tierras-altas-15lt-7453009209838
Frutas y Verduras,Tomate Perita H Esquivel 2lt,,399.00 USD (x1),https://www.smrey.com/p/tomate-perita-h-esquivel-2lt-7453009201443
Frutas y Verduras,Pimentón Rojo Premium Fresh al Granel,,119.00 USD (x1),https://www.smrey.com/p/pimenton-rojo-premium-fresh-al-granel-208707000006
Frutas y Verduras,Pepino H Esquivel 2lt,,125.00 USD (x1),https://www.smrey.com/p/pepino-h-esquivel-2lt-7453009201450
Frutas y Verduras,Pepino Tierras Altas 454gr,,45.00 USD (x1),https://www.smrey.com/p/pepino-tierras-altas-454gr-7453009234717
Frutas y Verduras,Lechuga Crespa Verde Premium Fresh Premium 150,,250.00 USD (x1),https://www.smrey.com/p/lechuga-crespa-verde-premium-fresh-premium-150gr-7453009211435
Frutas y Verduras,Lechuga Duo Premium Fresh Premium 150gr,,250.00 USD (x1),https://www.smrey.com/p/lechuga-duo-premium-fresh-premium-150gr-7453009211480
Frutas y Verduras,Lechuga Mantequilla Capuchón Premium Fresh Pre,,185.00 USD (x1),https://www.smrey.com/p/lechuga-mantequilla-capuchon-premium-fresh-premium-150gr-7453009211503
Frutas y Verduras,Lechuga Crespa Capuchón Premium Fresh Premium,,185.00 USD (x1),https://www.smrey.com/p/lechuga-crespa-capuchon-premium-fresh-premium-150gr-7453009211510
Frutas y Verduras,Miel de Caña El Canero Integral 575ml,,470.00 USD (x1),https://www.smrey.com/p/miel-de-cana-el-canero-integral-575ml-7441017920067
Frutas y Verduras,Rábano Fresco 14gr,,495.00 USD (x1),https://www.smrey.com/p/rabano-fresco-14gr-7451109420085
Frutas y Verduras,Albahaca Hidroponicos De Boquete Hidropónica 2,,270.00 USD (x1),https://www.smrey.com/p/albahaca-hidroponicos-de-boquete-hidroponica-25gr-2000059150518
Frutas y Verduras,Lechuga Romana Capuchón Premium Fresh Premium,,185.00 USD (x1),https://www.smrey.com/p/lechuga-romana-capuchon-premium-fresh-premium-150gr-7453009211497
Frutas y Verduras,Guayaba Fresco al Granel,,95.00 USD (x1),https://www.smrey.com/p/guayaba-fresco-al-granel-204471000006
Frutas y Verduras,Apio La Huerta 700gr,,425.00 USD (x1),https://www.smrey.com/p/apio-la-huerta-700gr-7868000659115
Frutas y Verduras,Panela Dulce Cana Redonda 225gr,,99.00 USD (x1),https://www.smrey.com/p/panela-dulce-cana-redonda-225gr-735745149539
Frutas y Verduras,Berro Premium Fresh Hidropónico 150gr,,375.00 USD (x1),https://www.smrey.com/p/berro-premium-fresh-hidroponico-150gr-7451110560176
Frutas y Verduras,Mix para Guisar Tierras Altas Und,,199.00 USD (x1),https://www.smrey.com/p/mix-guisar-tierras-altas-und-7453009210841
Frutas y Verduras,Bebida Natural Wapin Boom 1000ml,,425.00 USD (x1),https://www.smrey.com/p/bebida-natural-wapin-boom-1000ml-764451705258
Frutas y Verduras,Arúgula Good And Green Und,,550.00 USD (x1),https://www.smrey.com/p/arugula-good-and-green-und-7453009216294
Frutas y Verduras,Ají de Colores Fruta Internacional 700gr,,350.00 USD (x1),https://www.smrey.com/p/aji-de-colores-fruta-internacional-700gr-7453007546546
Frutas y Verduras,Manzanas Mafaldas A Surtidas Und,,275.00 USD (x1),https://www.smrey.com/p/manzanas-mafaldas-a-surtidas-und-7452101370750
Frutas y Verduras,Lechuga Romana Fresco Und,,160.00 USD (x1),https://www.smrey.com/p/lechuga-romana-fresco-und-7452103630180
Frutas y Verduras,Zanahoria Fruta Internacional 700gr,,215.00 USD (x1),https://www.smrey.com/p/zanahoria-fruta-internacional-700gr-7453007546126
Frutas y Verduras,Cebollín Hidroponicos De Boquete 25gr,,199.00 USD (x1),https://www.smrey.com/p/cebollin-hidroponicos-de-boquete-25gr-2000059150549
Frutas y Verduras,Berro Hidroponicos De Boquete Hidropónico 40gr,,270.00 USD (x1),https://www.smrey.com/p/berro-hidroponicos-de-boquete-hidroponico-40gr-2000059150136
Frutas y Verduras,Kale Baby The Green Batch Und,,280.00 USD (x1),https://www.smrey.com/p/kale-baby-the-green-batch-und-7451109420238
Frutas y Verduras,Manzanas Amarillas Mafaldas A Und,,275.00 USD (x1),https://www.smrey.com/p/manzanas-amarillas-mafaldas-a-und-7452101370736
Frutas y Verduras,Espinaca Green Batch Und,,450.00 USD (x1),https://www.smrey.com/p/espinaca-green-batch-und-7451109420122
Frutas y Verduras,Uchuva Fresco 300gr,,442.00 USD (x1),https://www.smrey.com/p/uchuva-fresco-300gr-7453009216164
Frutas y Verduras,Aguacate Papelillo Fresco 500gr,,550.00 USD (x1),https://www.smrey.com/p/aguacate-papelillo-fresco-500gr-7453009216171
Frutas y Verduras,Kale Fresco Und,,495.00 USD (x1),https://www.smrey.com/p/kale-fresco-und-7451109420092
Frutas y Verduras,Zanahoria Cerro Punta Empacada 750gr,,296.00 USD (x1),https://www.smrey.com/p/zanahoria-cerro-punta-empacada-750gr-202732000000
Frutas y Verduras,Remolacha al Granel,,58.00 USD (x1),https://www.smrey.com/p/remolacha-al-granel-204542000003
Frutas y Verduras,Papaya y Piña Picada Fresco Empacada 400gr,,184.00 USD (x1),https://www.smrey.com/p/papaya-y-pina-picada-fresco-empacada-400gr-201314000001
Frutas y Verduras,Mango Picado Fresco Empacado 225gr,,122.00 USD (x1),https://www.smrey.com/p/mango-picado-fresco-empacado-225gr-201327000005
Frutas y Verduras,Papaya Picada Fresco Grande Empacada 550gr,,377.00 USD (x1),https://www.smrey.com/p/papaya-picada-fresco-grande-empacada-550gr-201302000006
Frutas y Verduras,Perejil Premium Fresh Empacado 200gr,,90.00 USD (x1),https://www.smrey.com/p/perejil-premium-fresh-empacado-200gr-204902000001
Frutas y Verduras,Lechuga al Granel,,267.00 USD (x1),https://www.smrey.com/p/lechuga-al-granel-204061000003
Frutas y Verduras,Repollo Verde Panamá Maagfresh Empacado 600gr,,228.00 USD (x1),https://www.smrey.com/p/repollo-verde-panama-maagfresh-empacado-600gr-209649000000
Frutas y Verduras,Brocoli Premium Fresh Empacado 300gr,,203.00 USD (x1),https://www.smrey.com/p/brocoli-premium-fresh-empacado-300gr-204549000006
Frutas y Verduras,Mezcla de Verduras Maagfresh Empacada 650gr,,325.00 USD (x1),https://www.smrey.com/p/mezcla-de-verduras-maagfresh-empacada-650gr-204231000000
Frutas y Verduras,Tomate Cherry Premium Fresh Empacado 575gr,,275.00 USD (x1),https://www.smrey.com/p/tomate-cherry-premium-fresh-empacado-575gr-203146000006
Frutas y Verduras,Tomate Perita Nacional al Granel,,47.00 USD (x1),https://www.smrey.com/p/tomate-perita-nacional-al-granel-204806000008
Frutas y Verduras,Mini Pimentón Premium Fresh Empacado 375gr,,225.00 USD (x1),https://www.smrey.com/p/mini-pimenton-premium-fresh-empacado-375gr-204822000006
Frutas y Verduras,Pepino Sin Semilla Premium Fresh Empacado 525gr,,178.00 USD (x1),https://www.smrey.com/p/pepino-sin-semilla-premium-fresh-empacado-525gr-200232000001
Frutas y Verduras,Chayote al Granel,,59.00 USD (x1),https://www.smrey.com/p/chayote-al-granel-204871000002
Frutas y Verduras,Zanahoria al Granel,,35.00 USD (x1),https://www.smrey.com/p/zanahoria-al-granel-204564000005
Frutas y Verduras,Piña Picada Fresco Chica Empacada 350gr,,154.00 USD (x1),https://www.smrey.com/p/pina-picada-fresco-chica-empacada-350gr-201305000003
Frutas y Verduras,Hoja de Espinaca Premium Fresh Empacada 225gr,,157.00 USD (x1),https://www.smrey.com/p/hoja-de-espinaca-premium-fresh-empacada-225gr-204749000004
Frutas y Verduras,Tomate 3X3 al Granel,,75.00 USD (x1),https://www.smrey.com/p/tomate-3x3-al-granel-204664000004
Frutas y Verduras,Kiwi Picado Fresco Empacado 175gr,,175.00 USD (x1),https://www.smrey.com/p/kiwi-picado-fresco-empacado-175gr-201320000002
Frutas y Verduras,Piña Picada Fresco Grande Empacada 575gr,,388.00 USD (x1),https://www.smrey.com/p/pina-picada-fresco-grande-empacada-575gr-201304000004
Frutas y Verduras,Brócoli Agro Magg al Granel,,159.00 USD (x1),https://www.smrey.com/p/brocoli-agro-magg-al-granel-201316000009
Frutas y Verduras,Aguacate Papelillo al Granel,,328.00 USD (x1),https://www.smrey.com/p/aguacate-papelillo-al-granel-203354000003
Frutas y Verduras,Repollo Morado Agro Magg Empacado 875gr,,459.00 USD (x1),https://www.smrey.com/p/repollo-morado-agro-magg-empacado-875gr-209874000004
Frutas y Verduras,Tomate Tipo Cocktail Premium Fresh Empacado 450,,225.00 USD (x1),https://www.smrey.com/p/tomate-tipo-cocktail-premium-fresh-empacado-450gr-205220000001
Frutas y Verduras,Papaya y Kiwi Picado Fresco Empacado 400gr,,196.00 USD (x1),https://www.smrey.com/p/papaya-y-kiwi-picado-fresco-empacado-400gr-201301000007
Frutas y Verduras,Frutas Mixtas Fresco Empacada 400gr,,200.00 USD (x1),https://www.smrey.com/p/frutas-mixtas-fresco-empacada-400gr-201306000002
Frutas y Verduras,Sopera Premium Fresh Empacada 550gr,,272.00 USD (x1),https://www.smrey.com/p/sopera-premium-fresh-empacada-550gr-200212000007
Frutas y Verduras,Piña y Kiwi Picado Fresco Empacado 400gr,,194.00 USD (x1),https://www.smrey.com/p/pina-y-kiwi-picado-fresco-empacado-400gr-201307000001
Frutas y Verduras,Tomate Sabrá Cerro Punta Empacado 1.25kg,,556.00 USD (x1),https://www.smrey.com/p/tomate-sabra-cerro-punta-empacado-125kg-217229000005
Frutas y Verduras,Lechuga Romana Cultivos Selectos Empacada 525gr,,262.00 USD (x1),https://www.smrey.com/p/lechuga-romana-cultivos-selectos-empacada-525gr-204633000004
Frutas y Verduras,Sandia Picada Fresco Empacada 350gr,,142.00 USD (x1),https://www.smrey.com/p/sandia-picada-fresco-empacada-350gr-201313000002
Frutas y Verduras,Apio Agro Magg Empacado 1.15kg,,466.00 USD (x1),https://www.smrey.com/p/apio-agro-magg-empacado-115kg-209868000003
Frutas y Verduras,Zuquinni Premium Fresh Empacado 500gr,,213.00 USD (x1),https://www.smrey.com/p/zuquinni-premium-fresh-empacado-500gr-204067000007
Frutas y Verduras,Repollo Cerro Punta Empacado 800gr,,279.00 USD (x1),https://www.smrey.com/p/repollo-cerro-punta-empacado-800gr-215245000009
Frutas y Verduras,Maiz Dulce Agro Magg Empacado 550gr,,168.00 USD (x1),https://www.smrey.com/p/maiz-dulce-agro-magg-empacado-550gr-201317000008
Frutas y Verduras,Papas de Asar Importadas al Granel,,42.00 USD (x1),https://www.smrey.com/p/papas-de-asar-importadas-al-granel-204072000009
Frutas y Verduras,Limón Persa al Granel,,30.00 USD (x1),https://www.smrey.com/p/limon-persa-al-granel-204048000002
Frutas y Verduras,Remolacha Cerro Punta Empacada 1.1kg,,325.00 USD (x1),https://www.smrey.com/p/remolacha-cerro-punta-empacada-11kg-204273000006
Frutas y Verduras,Peras Verdes al Granel,,46.00 USD (x1),https://www.smrey.com/p/peras-verdes-al-granel-204025000001
Frutas y Verduras,Cebolla Amarilla al Granel,,59.00 USD (x1),https://www.smrey.com/p/cebolla-amarilla-al-granel-204666000002
Frutas y Verduras,Lechuga Romana Ead Hidropónica Und,,245.00 USD (x1),https://www.smrey.com/p/lechuga-romana-ead-hidroponica-und-2371006051586
Frutas y Verduras,Manzana Roja Chica al Granel,,34.00 USD (x1),https://www.smrey.com/p/manzana-roja-chica-al-granel-204015000004
Frutas y Verduras,Zapallo Procesado Premium Fresh Empacado 500gr,,100.00 USD (x1),https://www.smrey.com/p/zapallo-procesado-premium-fresh-empacado-500gr-200220000006
Frutas y Verduras,Zanahoria Cello Fresco Und,,199.00 USD (x1),https://www.smrey.com/p/zanahoria-cello-fresco-und-203371000000
Frutas y Verduras,Lechuga de Mantequilla Ead Hidropónica Und,,195.00 USD (x1),https://www.smrey.com/p/lechuga-de-mantequilla-ead-hidroponica-und-2370005950579
Frutas y Verduras,Plátano Verde Cerro Punta Empacado 1.5kg,,263.00 USD (x1),https://www.smrey.com/p/platano-verde-cerro-punta-empacado-15kg-204272000007
Frutas y Verduras,Papa Nacional al Granel,,59.00 USD (x1),https://www.smrey.com/p/papa-nacional-al-granel-204728000001
Frutas y Verduras,Ají Chombo Premium Fresh Empacado Und,,165.00 USD (x1),https://www.smrey.com/p/aji-chombo-premium-fresh-empacado-und-204711000001
Frutas y Verduras,Toronja al Granel,,42.00 USD (x1),https://www.smrey.com/p/toronja-al-granel-204296000007
Frutas y Verduras,Cilantro Fresco Und,,99.00 USD (x1),https://www.smrey.com/p/cilantro-fresco-und-204912000008
Frutas y Verduras,Culantro Cerro Punta Und,,85.00 USD (x1),https://www.smrey.com/p/culantro-cerro-punta-und-717120000000
Frutas y Verduras,Tomate Nacional Perita Premium Fresh Empacado 7,,282.00 USD (x1),https://www.smrey.com/p/tomate-nacional-perita-premium-fresh-empacado-775gr-204807000007
Frutas y Verduras,Recao Verde Premium Fresh Empacado 150gr,,120.00 USD (x1),https://www.smrey.com/p/recao-verde-premium-fresh-empacado-150gr-204875000008
Frutas y Verduras,Arándanos Driscolls Importado 170gr,,695.00 USD (x1),https://www.smrey.com/p/arandanos-driscolls-importado-170gr-715756300099
Frutas y Verduras,Apio Picado Premium Fresh Empacado 375gr,,186.00 USD (x1),https://www.smrey.com/p/apio-picado-premium-fresh-empacado-375gr-205063000008
Frutas y Verduras,Menta Hidropónica Premium Fresh Und,,250.00 USD (x1),https://www.smrey.com/p/menta-hidroponica-premium-fresh-und-7453009222769
Frutas y Verduras,Albahaca Italiana Hidropónica Premium Fresh Pac,,175.00 USD (x1),https://www.smrey.com/p/albahaca-italiana-hidroponica-premium-fresh-pack-7453009222899
Frutas y Verduras,Arugula Hidropónica Premium Fresh Und,,175.00 USD (x1),https://www.smrey.com/p/arugula-hidroponica-premium-fresh-und-7453009222806
Frutas y Verduras,Hierba Buena Hidropónica Premium Fresh Und,,190.00 USD (x1),https://www.smrey.com/p/hierba-buena-hidroponica-premium-fresh-und-7453009222875
Frutas y Verduras,Perejil Premium Fresh Und,,160.00 USD (x1),https://www.smrey.com/p/perejil-premium-fresh-und-7453009222738
Frutas y Verduras,Cebollinos Hidropónicos Premium Fresh Pack,,175.00 USD (x1),https://www.smrey.com/p/cebollinos-hidroponicos-premium-fresh-pack-7453009222837
Frutas y Verduras,Romero Premium Fresh 50gr,,160.00 USD (x1),https://www.smrey.com/p/romero-premium-fresh-50gr-7453009237770
Frutas y Verduras,Recao Verde Premium Fresh Und,,130.00 USD (x1),https://www.smrey.com/p/recao-verde-premium-fresh-und-7453009248127
Frutas y Verduras,Hongos Blancos Rebanados Rey 225gr,,344.00 USD (x1),https://www.smrey.com/p/hongos-blancos-rebanados-rey-225gr-7453009247625
Frutas y Verduras,Hongos Blancos Rebanados Rey 400gr,,584.00 USD (x1),https://www.smrey.com/p/hongos-blancos-rebanados-rey-400gr-7453009247649
Frutas y Verduras,Berro Hidropónico Premium Fresh Und,,175.00 USD (x1),https://www.smrey.com/p/berro-hidroponico-premium-fresh-und-7453009222813
Frutas y Verduras,Lechuga Mesclum Premium Fresh Hidropónica Und,,314.00 USD (x1),https://www.smrey.com/p/lechuga-mesclum-premium-fresh-hidroponica-und-7453009222790
Frutas y Verduras,Tomate Grape J Farms Und,,240.00 USD (x1),https://www.smrey.com/p/tomate-grape-j-farms-und-7451110240504
Frutas y Verduras,Tomate Grape Hidropónico Cerro Punta 450G,,329.00 USD (x1),https://www.smrey.com/p/tomate-grape-hidroponico-cerro-punta-450g-7451007171737
Frutas y Verduras,Pico de Gallo La Fresquita en Bolsa 350gr,,270.00 USD (x1),https://www.smrey.com/p/pico-de-gallo-la-fresquita-bolsa-350gr-7441040601490
Frutas y Verduras,Vegetales en Tripack Tia Naty 8gr,,495.00 USD (x1),https://www.smrey.com/p/vegetales-tripack-tia-naty-8gr-7451108200084
Frutas y Verduras,Frijoles Franceses Fresco Ead 226gr,,465.00 USD (x1),https://www.smrey.com/p/frijoles-franceses-fresco-ead-226gr-7401117500057
Frutas y Verduras,Zucchini Green Ead 226gr,,465.00 USD (x1),https://www.smrey.com/p/zucchini-green-ead-226gr-7401117500132
Frutas y Verduras,Guisantes Dulces Ead 226gr,,375.00 USD (x1),https://www.smrey.com/p/guisantes-dulces-ead-226gr-7401117500026
Frutas y Verduras,Guisantes Ingleses Frescos Ead 226gr,,375.00 USD (x1),https://www.smrey.com/p/guisantes-ingleses-frescos-ead-226gr-7401117500033
Frutas y Verduras,Zanahoria Mini Fresco 227ml,,375.00 USD (x1),https://www.smrey.com/p/zanahoria-mini-fresco-227ml-7401117500224
Frutas y Verduras,Maíz Baby Fresco 226gr,,375.00 USD (x1),https://www.smrey.com/p/maiz-baby-fresco-226gr-7401117500170
Frutas y Verduras,Hongos Crimini La Lomita 225G,,320.00 USD (x1),https://www.smrey.com/p/hongos-crimini-la-lomita-225g-7451107230051
Frutas y Verduras,Champiñones Blancos La Lomita 225G,,311.00 USD (x1),https://www.smrey.com/p/champinones-blancos-la-lomita-225g-7451107230037
Frutas y Verduras,Cilantro Happy Farming 80gr,,250.00 USD (x1),https://www.smrey.com/p/cilantro-happy-farming-80gr-7451111440040
Frutas y Verduras,Panela de Oro El Canero 500ml,,200.00 USD (x1),https://www.smrey.com/p/panela-de-oro-el-canero-500ml-7451102700023
Frutas y Verduras,Tomillo Hortifresco Und,,244.00 USD (x1),https://www.smrey.com/p/tomillo-hortifresco-und-19161008091
Frutas y Verduras,Apio Fresco Und,,119.00 USD (x1),https://www.smrey.com/p/apio-fresco-und-7453009217345
Frutas y Verduras,Brócoli Cerro Punta Empacado 625gr,,343.00 USD (x1),https://www.smrey.com/p/brocoli-cerro-punta-empacado-625gr-205581000009
Frutas y Verduras,Hongos Blancos Enteros Rey 225gr,,330.00 USD (x1),https://www.smrey.com/p/hongos-blancos-enteros-rey-225gr-7453009247632
Frutas y Verduras,Hongos Portobello Rebanados Rey 300gr,,630.00 USD (x1),https://www.smrey.com/p/hongos-portobello-rebanados-rey-300gr-7453009247663
Frutas y Verduras,Frijol Nacido Jaime Loo Und,,260.00 USD (x1),https://www.smrey.com/p/frijol-nacido-jaime-loo-und-7451026000018
Frutas y Verduras,Fresas Cerro Punta Jumbo Und,,1109.00 USD (x1),https://www.smrey.com/p/fresas-cerro-punta-jumbo-und-7451007171768
Frutas y Verduras,Mixto de Carozos Fruta Internacional 1kg,,729.00 USD (x1),https://www.smrey.com/p/mixto-de-carozos-fruta-internacional-1kg-7452502170836
Frutas y Verduras,Repollo Verde Eden Microgreens 453gr,,730.00 USD (x1),https://www.smrey.com/p/repollo-verde-eden-microgreens-453gr-731171001250
Frutas y Verduras,Uvas Verde Fruta Internacional sin Semilla Und,,910.00 USD (x1),https://www.smrey.com/p/uvas-verde-fruta-internacional-sin-semilla-und-7453009223353
Frutas y Verduras,Kiwi Fruta Internacional en Zip Lock 1KG,,729.00 USD (x1),https://www.smrey.com/p/kiwi-fruta-internacional-zip-lock-1kg-7452501152000
Frutas y Verduras,Hongos Portobello La Lomita 300G,,578.00 USD (x1),https://www.smrey.com/p/hongos-portobello-la-lomita-300g-7451107230136
Frutas y Verduras,Arándanos Fresco Importados 454gr,,650.00 USD (x1),https://www.smrey.com/p/arandanos-fresco-importados-454gr-7453009200491
Frutas y Verduras,Lechuga Romana Cerro Punta Empacada 425gr,,251.00 USD (x1),https://www.smrey.com/p/lechuga-romana-cerro-punta-empacada-425gr-202989000006
Frutas y Verduras,Champiñones Blancos La Lomita 400G,,526.00 USD (x1),https://www.smrey.com/p/champinones-blancos-la-lomita-400g-7451107230099
Frutas y Verduras,Guisantes de Tierra Fresco Ead 226gr,,465.00 USD (x1),https://www.smrey.com/p/guisantes-de-tierra-fresco-ead-226gr-7401117500019
Frutas y Verduras,Brócoli Cultivos Selectos Empacado 550gr,,318.00 USD (x1),https://www.smrey.com/p/brocoli-cultivos-selectos-empacado-550gr-202688000000
Frutas y Verduras,Pimentón de Colores al Granel,,84.00 USD (x1),https://www.smrey.com/p/pimenton-de-colores-al-granel-204827000001
Frutas y Verduras,Arándanos Fruvertropik 125G,,375.00 USD (x1),https://www.smrey.com/p/arandanos-fruvertropik-125g-7709029709163
Frutas y Verduras,Miel de Caña El Gran Gusto 600ml,,390.00 USD (x1),https://www.smrey.com/p/miel-de-cana-el-gran-gusto-600ml-7452112060725
Frutas y Verduras,Cebolla Morada Fresco Importada al Granel,,88.00 USD (x1),https://www.smrey.com/p/cebolla-morada-fresco-importada-al-granel-203001000004
Frutas y Verduras,Albahaca Verde Edén 100gr,,335.00 USD (x1),https://www.smrey.com/p/albahaca-verde-eden-100gr-731171001212
Frutas y Verduras,Arándanos Fresco Importados 283gr,,343.00 USD (x1),https://www.smrey.com/p/arandanos-fresco-importados-283gr-7453009200453
Frutas y Verduras,Arándanos Fresco Importados 227gr,,300.00 USD (x1),https://www.smrey.com/p/arandanos-fresco-importados-227gr-7453009237862
Frutas y Verduras,Ajo Importado al Granel,,28.00 USD (x1),https://www.smrey.com/p/ajo-importado-al-granel-203399000006
Frutas y Verduras,Mostaza Happyfarming 270gr,,250.00 USD (x1),https://www.smrey.com/p/mostaza-happyfarming-270gr-7453009232522
Frutas y Verduras,Recao Verde Maagfresh Und,,235.00 USD (x1),https://www.smrey.com/p/recao-verde-maagfresh-und-7453009224909
Frutas y Verduras,Cilantro Maagfresh Empacado Und,,215.00 USD (x1),https://www.smrey.com/p/cilantro-maagfresh-empacado-und-7453009224916
Frutas y Verduras,Romero Hortifresco Und,,244.00 USD (x1),https://www.smrey.com/p/romero-hortifresco-und-19161008114
Frutas y Verduras,Raspadura Redonda La Abundancia 454gr,,250.00 USD (x1),https://www.smrey.com/p/raspadura-redonda-la-abundancia-454gr-7452098800018
Frutas y Verduras,Uva Fruta Internacional 354ml,,195.00 USD (x1),https://www.smrey.com/p/uva-fruta-internacional-354ml-7453009242972
Frutas y Verduras,Piña de Exportación Premium Augro Fresh Und,,189.00 USD (x1),https://www.smrey.com/p/pina-de-exportacion-premium-augro-fresh-und-7453009217888
Frutas y Verduras,Manzana Verde Fruta Internacional Chica 5und,,195.00 USD (x1),https://www.smrey.com/p/manzana-verde-fruta-internacional-chica-5und-7453009242859
Frutas y Verduras,Albahaca Maagfresh Und,,155.00 USD (x1),https://www.smrey.com/p/albahaca-maagfresh-und-7453009223377
Frutas y Verduras,Cebollina Maagfresh Pack,,130.00 USD (x1),https://www.smrey.com/p/cebollina-maagfresh-pack-7453009217352
Frutas y Verduras,Yuca al Granel,,131.00 USD (x1),https://www.smrey.com/p/yuca-al-granel-204830000005
Frutas y Verduras,Tomate Ensalada Maagfresh Empacado 500gr,,200.00 USD (x1),https://www.smrey.com/p/tomate-ensalada-maagfresh-empacado-500gr-201170000009
Frutas y Verduras,Tomate Heirloom Cerro Punta Empacado 1.1kg,,655.00 USD (x1),https://www.smrey.com/p/tomate-heirloom-cerro-punta-empacado-11kg-204601000005
Frutas y Verduras,Pimentón de Colores Maagfresh Empacado 550gr,,506.00 USD (x1),https://www.smrey.com/p/pimenton-de-colores-maagfresh-empacado-550gr-203065000002
Frutas y Verduras,Aguacate Fresco al Granel,,94.00 USD (x1),https://www.smrey.com/p/aguacate-fresco-al-granel-204870000003
Frutas y Verduras,Hongos Gran País 400gr,,584.00 USD (x1),https://www.smrey.com/p/hongos-gran-pais-400gr-7593785000127
Frutas y Verduras,Hongos Portobello Gran País Empacados 300G,,637.00 USD (x1),https://www.smrey.com/p/hongos-portobello-gran-pais-empacados-300g-7593785000028
Frutas y Verduras,Cerezas Clamshell Fruta Internacional 250gr,,390.00 USD (x1),https://www.smrey.com/p/cerezas-clamshell-fruta-internacional-250gr-7453009236537
Frutas y Verduras,Arándanos Bleuets Fresh 125gr,,220.00 USD (x1),https://www.smrey.com/p/arandanos-bleuets-fresh-125gr-7808755600680
Frutas y Verduras,Lechuga Boston Hidropónica Verdes Co Mantequill,,299.00 USD (x1),https://www.smrey.com/p/lechuga-boston-hidroponica-verdes-co-mantequilla-125gr-7452103110125
Frutas y Verduras,Hongos Gran País Rebanados 225gr,,344.00 USD (x1),https://www.smrey.com/p/hongos-gran-pais-rebanados-225gr-7593785000080
Frutas y Verduras,Lulo Naranja Disfrutar al Granel,,107.00 USD (x1),https://www.smrey.com/p/lulo-naranja-disfrutar-al-granel-204476000001
Frutas y Verduras,Zuchini Verde Cerro Punta Empacado 650gr,,387.00 USD (x1),https://www.smrey.com/p/zuchini-verde-cerro-punta-empacado-650gr-202856000009
Frutas y Verduras,Hongo Blanco Setas De Cuiva en Rebanadas 400gr,,540.00 USD (x1),https://www.smrey.com/p/hongo-blanco-setas-de-cuiva-rebanadas-400gr-7707110122921
Frutas y Verduras,Sandia Terra Picada 1474gr,,399.00 USD (x1),https://www.smrey.com/p/sandia-terra-picada-1474gr-2207000503250
Frutas y Verduras,Papa Nacional Cerro Punta Empacada 1.4kg,,525.00 USD (x1),https://www.smrey.com/p/papa-nacional-cerro-punta-empacada-14kg-206840000006
Frutas y Verduras,Piña Fresco Grande Und,,345.00 USD (x1),https://www.smrey.com/p/pina-fresco-grande-und-7453009229973
Frutas y Verduras,Papaya Fresco Grande Und,,295.00 USD (x1),https://www.smrey.com/p/papaya-fresco-grande-und-7453009229959
Frutas y Verduras,Acelga Baby La Granjerita Multicolor 226gr,,290.00 USD (x1),https://www.smrey.com/p/acelga-baby-la-granjerita-multicolor-226gr-7452103630067
Frutas y Verduras,Recao para Pescado Recao Pal Pescao 368gr,,279.00 USD (x1),https://www.smrey.com/p/recao-pescado-recao-pal-pescao-368gr-769503249278
Frutas y Verduras,Kale La Granjerita 227G,,281.00 USD (x1),https://www.smrey.com/p/kale-la-granjerita-227g-7453009249735
Frutas y Verduras,Kiwi Pelado Fresco Picado Und,,275.00 USD (x1),https://www.smrey.com/p/kiwi-pelado-fresco-picado-und-7453009229942
Frutas y Verduras,Lechuga Roble Verde Cerro Punta Hidropónica Und,,250.00 USD (x1),https://www.smrey.com/p/lechuga-roble-verde-cerro-punta-hidroponica-und-7451007171836
Frutas y Verduras,Lechuga Hidropónica Cerro Punta Romana Und,,250.00 USD (x1),https://www.smrey.com/p/lechuga-hidroponica-cerro-punta-romana-und-7451007171829
Frutas y Verduras,Lechuga Batavia Eden 150gr,,259.00 USD (x1),https://www.smrey.com/p/lechuga-batavia-eden-150gr-731171001045
Frutas y Verduras,Melón Fresco Picado Und,,250.00 USD (x1),https://www.smrey.com/p/melon-fresco-picado-und-7453009224022
Frutas y Verduras,Raspadura El Gran Gusto en Cuadritos 454gr,,210.00 USD (x1),https://www.smrey.com/p/raspadura-el-gran-gusto-cuadritos-454gr-7709990216264
Frutas y Verduras,Ensalada Jardinera La Fresquita Und,,199.00 USD (x1),https://www.smrey.com/p/ensalada-jardinera-la-fresquita-und-7441040604859
Frutas y Verduras,Pepino sin Semilla Cerro Punta Empacado 1.36kg,,199.00 USD (x1),https://www.smrey.com/p/pepino-sin-semilla-cerro-punta-empacado-136kg-7451007172185
Frutas y Verduras,Orégano Hidropónico Fresco Und,,175.00 USD (x1),https://www.smrey.com/p/oregano-hidroponico-fresco-und-7453009222868
Frutas y Verduras,Papaya Fresco Picada Und,,175.00 USD (x1),https://www.smrey.com/p/papaya-fresco-picada-und-7453009220697
Frutas y Verduras,Sandía Fresco Und,,175.00 USD (x1),https://www.smrey.com/p/sandia-fresco-und-7453009231273
Frutas y Verduras,Ensalada Campestre La Fresquita 510gr,,190.00 USD (x1),https://www.smrey.com/p/ensalada-campestre-la-fresquita-510gr-7441040604866
Frutas y Verduras,Perejil Alical 70gr,,160.00 USD (x1),https://www.smrey.com/p/perejil-alical-70gr-7453009217871
Frutas y Verduras,Zanahoria en Palitos Fresquita 200gr,,150.00 USD (x1),https://www.smrey.com/p/zanahoria-palitos-fresquita-200gr-7453009249766
Frutas y Verduras,Espinaca Alical 100G,,110.00 USD (x1),https://www.smrey.com/p/espinaca-alical-100g-7453009249421
Frutas y Verduras,Culantro Fresco 1kg,,105.00 USD (x1),https://www.smrey.com/p/culantro-fresco-1kg-7453009248110
Frutas y Verduras,Cebollina Alical 80G,,80.00 USD (x1),https://www.smrey.com/p/cebollina-alical-80g-7453009249407
Frutas y Verduras,Manzana Roja Fruta Internacional Chica 5und,,195.00 USD (x1),https://www.smrey.com/p/manzana-roja-fruta-internacional-chica-5und-7453009242835
Frutas y Verduras,Tomate San Marzano Cerro Punta Empacado 1.36kg,,295.00 USD (x1),https://www.smrey.com/p/tomate-san-marzano-cerro-punta-empacado-136kg-7451007172192
Frutas y Verduras,Dragón Fruits Fresco al Granel,,315.00 USD (x1),https://www.smrey.com/p/dragon-fruits-fresco-al-granel-203040000003
Frutas y Verduras,Alcachofas al Granel,,405.00 USD (x1),https://www.smrey.com/p/alcachofas-al-granel-204516000008
Frutas y Verduras,Berenjena Cerro Punta Empacada 575gr,,216.00 USD (x1),https://www.smrey.com/p/berenjena-cerro-punta-empacada-575gr-209586000002
Frutas y Verduras,Piña Terra Picada 1474gr,,369.00 USD (x1),https://www.smrey.com/p/pina-terra-picada-1474gr-2206997103092
Frutas y Verduras,Papaya Terra Picada 1474gr,,325.00 USD (x1),https://www.smrey.com/p/papaya-terra-picada-1474gr-2207002902693
Frutas y Verduras,Uchuva Nacional Fresco Und,,215.00 USD (x1),https://www.smrey.com/p/uchuva-nacional-fresco-und-7453009219745
Frutas y Verduras,Piña Terra Picada 340gr,,210.00 USD (x1),https://www.smrey.com/p/pina-terra-picada-340gr-2206996801753
Frutas y Verduras,Papaya Terra Picada 340gr,,189.00 USD (x1),https://www.smrey.com/p/papaya-terra-picada-340gr-2207001301695
Frutas y Verduras,Espinaca Maagfresh Und,,80.00 USD (x1),https://www.smrey.com/p/espinaca-maagfresh-und-7453009224954
Frutas y Verduras,Pepino Nacional Maagfresh Empacado 740gr,,170.00 USD (x1),https://www.smrey.com/p/pepino-nacional-maagfresh-empacado-740gr-201172000007
Frutas y Verduras,Chayote Maagfresh Empacado 675gr,,159.00 USD (x1),https://www.smrey.com/p/chayote-maagfresh-empacado-675gr-201325000007
Frutas y Verduras,Chile Ancho Badia 85gr,,350.00 USD (x1),https://www.smrey.com/p/chile-ancho-badia-85gr-33844007164
Frutas y Verduras,Tomate Manzanita La Granjerita Und,,255.00 USD (x1),https://www.smrey.com/p/tomate-manzanita-la-granjerita-und-7452103630227
Frutas y Verduras,Lechuga Coral Roja Hidropónica Verdes Co Und,,299.00 USD (x1),https://www.smrey.com/p/lechuga-coral-roja-hidroponica-verdes-co-und-7452103110156
Frutas y Verduras,Eneldo Dill Verdes Co Und,,195.00 USD (x1),https://www.smrey.com/p/eneldo-dill-verdes-co-und-7452103110057
Frutas y Verduras,Romero Cerro Punta Und,,175.00 USD (x1),https://www.smrey.com/p/romero-cerro-punta-und-7451007170495
Frutas y Verduras,Orégano Hortifresco Und,,244.00 USD (x1),https://www.smrey.com/p/oregano-hortifresco-und-19161008107
Frutas y Verduras,Apio al Granel,,103.00 USD (x1),https://www.smrey.com/p/apio-al-granel-204577000009
Frutas y Verduras,Hongos Gran País 225gr,,337.00 USD (x1),https://www.smrey.com/p/hongos-gran-pais-225gr-7593785000011
Frutas y Verduras,Lechuga Romana Agro Magg Empacada 425gr,,257.00 USD (x1),https://www.smrey.com/p/lechuga-romana-agro-magg-empacada-425gr-209872000006
Frutas y Verduras,Fresas C Punta Empacadas 175gr,,249.00 USD (x1),https://www.smrey.com/p/fresas-c-punta-empacadas-175gr-7451007171942
Frutas y Verduras,Tomate Grape Cerro Punta Snack 225gr,,159.00 USD (x1),https://www.smrey.com/p/tomate-grape-cerro-punta-snack-225gr-7451007171751
Frutas y Verduras,Uvas Rojas Fruta Internacional sin Semilla 1kg,,845.00 USD (x1),https://www.smrey.com/p/uvas-rojas-fruta-internacional-sin-semilla-1kg-7452501158019
Frutas y Verduras,Ciruela Amarilla al Granel,,56.00 USD (x1),https://www.smrey.com/p/ciruela-amarilla-al-granel-203116000005
Frutas y Verduras,Uvas Red Globe Fruta Internacional Clamshell 1k,,530.00 USD (x1),https://www.smrey.com/p/uvas-red-globe-fruta-internacional-clamshell-1kg-7452501158002
Frutas y Verduras,Toronja Fruta Internacional en Malla 5und,,495.00 USD (x1),https://www.smrey.com/p/toronja-fruta-internacional-malla-5und-7453009236612
Frutas y Verduras,Espinaca en Hojas Fresquita 1kg,,410.00 USD (x1),https://www.smrey.com/p/espinaca-hojas-fresquita-1kg-7441040602558
Frutas y Verduras,Cebolla Morada Panama Sliced Picada 300gr,,389.00 USD (x1),https://www.smrey.com/p/cebolla-morada-panama-sliced-picada-300gr-710535416152
Frutas y Verduras,Brotes de Brócoli Hortifresco 30gr,,335.00 USD (x1),https://www.smrey.com/p/brotes-de-brocoli-hortifresco-30gr-7700934003001
Frutas y Verduras,Hinojo J Farms 400gr,,315.00 USD (x1),https://www.smrey.com/p/hinojo-j-farms-400gr-7451110240542
Frutas y Verduras,Piña Agromalex en Trocitos Und,,269.00 USD (x1),https://www.smrey.com/p/pina-agromalex-trocitos-und-729208137904
Frutas y Verduras,Uvas Mixtas Fresco Und,,275.00 USD (x1),https://www.smrey.com/p/uvas-mixtas-fresco-und-7453009229911
Frutas y Verduras,Mango Fresco Picado Und,,275.00 USD (x1),https://www.smrey.com/p/mango-fresco-picado-und-7453009231266
Frutas y Verduras,Naranja Fresco Pelada Und,,275.00 USD (x1),https://www.smrey.com/p/naranja-fresco-pelada-und-7453009231945
Frutas y Verduras,Cebolla Blanca Panama Slices Picada 300gr,,250.00 USD (x1),https://www.smrey.com/p/cebolla-blanca-panama-slices-picada-300gr-710535416176
Frutas y Verduras,Cebolla Blanca Panama Slices Juliana 300gr,,250.00 USD (x1),https://www.smrey.com/p/cebolla-blanca-panama-slices-juliana-300gr-710535416169
Frutas y Verduras,Ensalada de Fruta Chica Fresco Picada Und,,239.00 USD (x1),https://www.smrey.com/p/ensalada-de-fruta-chica-fresco-picada-und-7453009207834
Frutas y Verduras,Manzana Roja Chumis Empacadas 0.5kg,,245.00 USD (x1),https://www.smrey.com/p/manzana-roja-chumis-empacadas-05kg-7452101370590
Frutas y Verduras,Cilantro Verdes & Co Und,,195.00 USD (x1),https://www.smrey.com/p/cilantro-verdes-co-und-7452103110101
Frutas y Verduras,Piña Fresco Picada Und,,175.00 USD (x1),https://www.smrey.com/p/pina-fresco-picada-und-7453009220703
Frutas y Verduras,Cebolla Amarilla al Granel,,68.00 USD (x1),https://www.smrey.com/p/cebolla-amarilla-al-granel-204093000002
Frutas y Verduras,Pulpa de Tamarindo La Hojita 397gr,,160.00 USD (x1),https://www.smrey.com/p/pulpa-de-tamarindo-la-hojita-397gr-7452026707501
Frutas y Verduras,Lechuga en Tiras Fresquita 350gr,,150.00 USD (x1),https://www.smrey.com/p/lechuga-tiras-fresquita-350gr-7441040600387
Frutas y Verduras,Zanahoria en Espaguetti Fresquita 300gr,,150.00 USD (x1),https://www.smrey.com/p/zanahoria-espaguetti-fresquita-300gr-7441040605412
Frutas y Verduras,Tomate San Marzano Cerro Punta Empacado 700gr,,347.00 USD (x1),https://www.smrey.com/p/tomate-san-marzano-cerro-punta-empacado-700gr-209589000009
Frutas y Verduras,Guineo Verde Fresco al Granel,,14.00 USD (x1),https://www.smrey.com/p/guineo-verde-fresco-al-granel-204582000001
Frutas y Verduras,Hongos Baby Bella Gran País 225G,,367.00 USD (x1),https://www.smrey.com/p/hongos-baby-bella-gran-pais-225g-8105260300678
Frutas y Verduras,Peras Chinas Fresco al Granel,,103.00 USD (x1),https://www.smrey.com/p/peras-chinas-fresco-al-granel-204408000000
Frutas y Verduras,Arándanos Disfrutar Und,,1819.00 USD (x1),https://www.smrey.com/p/arandanos-disfrutar-und-7453009240022
Frutas y Verduras,Fresas Cultivos Selectos Grandes 250gr,,393.00 USD (x1),https://www.smrey.com/p/fresas-cultivos-selectos-grandes-250gr-7451064900318
Frutas y Verduras,Manzana Verde Panama Sliced Picada 280gr,,425.00 USD (x1),https://www.smrey.com/p/manzana-verde-panama-sliced-picada-280gr-710535416114
Frutas y Verduras,Manzana Roja Panama Sliced Picada 280gr,,425.00 USD (x1),https://www.smrey.com/p/manzana-roja-panama-sliced-picada-280gr-710535416107
Frutas y Verduras,Manzana Mixta Fruta Internacional Mediana 12und,,499.00 USD (x1),https://www.smrey.com/p/manzana-mixta-fruta-internacional-mediana-12und-7453009242941
Frutas y Verduras,Mix Manzanas y Peras Fruta Internacional 8und,,450.00 USD (x1),https://www.smrey.com/p/mix-manzanas-y-peras-fruta-internacional-8und-7452501352172
Frutas y Verduras,Manzana Roja Fruta Internacional Escolar Bolsa,,270.00 USD (x1),https://www.smrey.com/p/manzana-roja-fruta-internacional-escolar-bolsa-250gr-7452501161002
Frutas y Verduras,Uvas Negras con Semilla Fruta Internacional 1kg,,799.00 USD (x1),https://www.smrey.com/p/uvas-negras-con-semilla-fruta-internacional-1kg-7452537887556
Frutas y Verduras,Tomate Berry La Granjerita Und,,385.00 USD (x1),https://www.smrey.com/p/tomate-berry-la-granjerita-und-7452103630210
Frutas y Verduras,Lechuga Hoja de Roble Roja J Farms 150gr,,175.00 USD (x1),https://www.smrey.com/p/lechuga-hoja-de-roble-roja-j-farms-150gr-7451110240016
Frutas y Verduras,Lechuga Salanova Verde Hoja de Roble J Farms 15,,175.00 USD (x1),https://www.smrey.com/p/lechuga-salanova-verde-hoja-de-roble-j-farms-150gr-7451110240054
Frutas y Verduras,Lechuga Batavia Roja J Farms 150gr,,175.00 USD (x1),https://www.smrey.com/p/lechuga-batavia-roja-j-farms-150gr-7451110240030
Frutas y Verduras,Ensalada Mixta La Fresquita en Bolsa 200gr,,199.00 USD (x1),https://www.smrey.com/p/ensalada-mixta-la-fresquita-bolsa-200gr-7441040601551
Frutas y Verduras,Kit de Guacamole Aguacate 24 Und,,499.00 USD (x1),https://www.smrey.com/p/kit-de-guacamole-aguacate-24-und-736372790545
Frutas y Verduras,Ensalada Europea La Fresquita en Bolsa 250gr,,267.00 USD (x1),https://www.smrey.com/p/ensalada-europea-la-fresquita-bolsa-250gr-7441040600899
Frutas y Verduras,Ajo Pelado Tía Nany en Bandeja 170gr,,180.00 USD (x1),https://www.smrey.com/p/ajo-pelado-tia-nany-bandeja-170gr-7451108200015
Frutas y Verduras,Ají J Farms Sweet Palermo Und,,440.00 USD (x1),https://www.smrey.com/p/aji-j-farms-sweet-palermo-und-7451110240405
Frutas y Verduras,Tomate Perita J Farms Campari Petit Und,,178.00 USD (x1),https://www.smrey.com/p/tomate-perita-j-farms-campari-petit-und-7451110240146
Frutas y Verduras,Tomate J Farms 4X4 Und,,302.00 USD (x1),https://www.smrey.com/p/tomate-j-farms-4x4-und-7451110240177
Frutas y Verduras,Tomate Rugantino J Farms Premium Und,,337.00 USD (x1),https://www.smrey.com/p/tomate-rugantino-j-farms-premium-und-7451110240191
Frutas y Verduras,Aguacate Hass Empacado 3und,,375.00 USD (x1),https://www.smrey.com/p/aguacate-hass-empacado-3und-736372790552
Frutas y Verduras,Aguacate Mantequilla Empacado 2und,,425.00 USD (x1),https://www.smrey.com/p/aguacate-mantequilla-empacado-2und-736372790569
Frutas y Verduras,Pimentón Especial Cerro Punta Empacado 625gr,,274.00 USD (x1),https://www.smrey.com/p/pimenton-especial-cerro-punta-empacado-625gr-202422000006
Frutas y Verduras,Hierba Buena Cerro Punta Empacada Und,,150.00 USD (x1),https://www.smrey.com/p/hierba-buena-cerro-punta-empacada-und-7451007170525
Frutas y Verduras,Albahaca Cerro Punta Und,,155.00 USD (x1),https://www.smrey.com/p/albahaca-cerro-punta-und-7451007170570
Frutas y Verduras,Albahaca Genovesa J Farms 150gr,,230.00 USD (x1),https://www.smrey.com/p/albahaca-genovesa-j-farms-150gr-7451110240122
Frutas y Verduras,Repollo Morado Cerro Punta Empacado 925gr,,458.00 USD (x1),https://www.smrey.com/p/repollo-morado-cerro-punta-empacado-925gr-202763000000
Frutas y Verduras,Hongos Blancos Rebanados Setas Prepack 400gr,,540.00 USD (x1),https://www.smrey.com/p/hongos-blancos-rebanados-setas-prepack-400gr-7707110102237
Frutas y Verduras,Coliflor Amarillo Fresco Und,,799.00 USD (x1),https://www.smrey.com/p/coliflor-amarillo-fresco-und-201950000007
Frutas y Verduras,Coliflor Morado Fresco Und,,799.00 USD (x1),https://www.smrey.com/p/coliflor-morado-fresco-und-201951000006
Frutas y Verduras,Frambuesas Importadas Fresco 170G,,699.00 USD (x1),https://www.smrey.com/p/frambuesas-importadas-fresco-170g-7503015780057
Frutas y Verduras,Coliflor Premium Fresh Empacado 350gr,,184.00 USD (x1),https://www.smrey.com/p/coliflor-premium-fresh-empacado-350gr-204569000000
Frutas y Verduras,Papa Rosada Fresco Nacional Empacada 3lb,,460.00 USD (x1),https://www.smrey.com/p/papa-rosada-fresco-nacional-empacada-3lb-420000012740
Frutas y Verduras,Uvas Negras con Semilla Fruta Internacional 454,,420.00 USD (x1),https://www.smrey.com/p/uvas-negras-con-semilla-fruta-internacional-454gr-7452537887235
Frutas y Verduras,Pera Bosc al Granel,,61.00 USD (x1),https://www.smrey.com/p/pera-bosc-al-granel-204026000000
Frutas y Verduras,Lechuga Iceberg Hortifresh 400G,,299.00 USD (x1),https://www.smrey.com/p/lechuga-iceberg-hortifresh-400g-7862115860046
Frutas y Verduras,Papaya Y Kiwi Fresco Picada Und,,275.00 USD (x1),https://www.smrey.com/p/papaya-y-kiwi-fresco-picada-und-7453009229966
Frutas y Verduras,Ensalada de Mango Fresco Und,,275.00 USD (x1),https://www.smrey.com/p/ensalada-de-mango-fresco-und-7453009236131
Frutas y Verduras,Zanahoria Mini Fresco 1lb,,267.00 USD (x1),https://www.smrey.com/p/zanahoria-mini-fresco-1lb-204560000009
Frutas y Verduras,Piña y Kiwi Fresco Picada Und,,245.00 USD (x1),https://www.smrey.com/p/pina-y-kiwi-fresco-picada-und-7453009229980
Frutas y Verduras,Mostaza Alical 200G,,150.00 USD (x1),https://www.smrey.com/p/mostaza-alical-200g-7453009249445
Frutas y Verduras,Espinaca Importada Fresco Empacada Und,,150.00 USD (x1),https://www.smrey.com/p/espinaca-importada-fresco-empacada-und-203332000001
Frutas y Verduras,Ensalada de Repollo Tricolor Fresco Und,,150.00 USD (x1),https://www.smrey.com/p/ensalada-de-repollo-tricolor-fresco-und-605806122231
Frutas y Verduras,Peregil Importado Fresco Und,,150.00 USD (x1),https://www.smrey.com/p/peregil-importado-fresco-und-202335000001
Frutas y Verduras,Pimientos Mini Fresco Dulces 453gr,,99.00 USD (x1),https://www.smrey.com/p/pimientos-mini-fresco-dulces-453gr-207282000005
Frutas y Verduras,Kale Fresco Importado Und,,99.00 USD (x1),https://www.smrey.com/p/kale-fresco-importado-und-204627000003
Frutas y Verduras,Espinacas Baby Fresco 6und,,99.00 USD (x1),https://www.smrey.com/p/espinacas-baby-fresco-6und-209525000001
Frutas y Verduras,Moras Alto Cultivo 170G,,520.00 USD (x1),https://www.smrey.com/p/moras-alto-cultivo-170g-798190053936
Frutas y Verduras,Fresas Driscolls 250gr,,598.00 USD (x1),https://www.smrey.com/p/fresas-driscolls-250gr-715756200443
Frutas y Verduras,Fresas Boquetenas Fresas Boquetenas 226gr,,455.00 USD (x1),https://www.smrey.com/p/fresas-boquetenas-fresas-boquetenas-226gr-7452103630029
Frutas y Verduras,Uvas Verdes Chumis Empacadas 0.5kg,,460.00 USD (x1),https://www.smrey.com/p/uvas-verdes-chumis-empacadas-05kg-7452101370675
Frutas y Verduras,Lechuga Hidropónica D Altura Crespa Roja 250G,,153.00 USD (x1),https://www.smrey.com/p/lechuga-hidroponica-d-altura-crespa-roja-250g-7452103300403
Frutas y Verduras,Vegetales Puerquita Mixta Premium Fresh 4kg,,499.00 USD (x1),https://www.smrey.com/p/vegetales-puerquita-mixta-premium-fresh-4kg-7453009239453
Frutas y Verduras,Lechuga Mix Eden 250gr,,395.00 USD (x1),https://www.smrey.com/p/lechuga-mix-eden-250gr-7453014720496
Frutas y Verduras,Arándanos Fresco Importados 482gr,,975.00 USD (x1),https://www.smrey.com/p/arandanos-fresco-importados-482gr-7453009240015
Frutas y Verduras,Fresas Oh My Empacadas 454gr,,899.00 USD (x1),https://www.smrey.com/p/fresas-oh-my-empacadas-454gr-7451111030029
Frutas y Verduras,Fresón Rey 454G,,950.00 USD (x1),https://www.smrey.com/p/freson-rey-454g-7453009237855
Frutas y Verduras,Fresas Rey 454G,,895.00 USD (x1),https://www.smrey.com/p/fresas-rey-454g-7453009239989
Frutas y Verduras,Uvas Mixtas Fruta Internacional Clamshell Und,,760.00 USD (x1),https://www.smrey.com/p/uvas-mixtas-fruta-internacional-clamshell-und-7452501158026
Frutas y Verduras,Pumpkin Silhouette Fresco Und,,695.00 USD (x1),https://www.smrey.com/p/pumpkin-silhouette-fresco-und-200819000004
Frutas y Verduras,Pumpkin Fresco Mediana Und,,699.00 USD (x1),https://www.smrey.com/p/pumpkin-fresco-mediana-und-205174000003
Frutas y Verduras,Rábano Fresco 14G,,495.00 USD (x1),https://www.smrey.com/p/rabano-fresco-14g-7453009230863
Frutas y Verduras,Cilantro Fresco Und,,495.00 USD (x1),https://www.smrey.com/p/cilantro-fresco-und-7453009230832
Frutas y Verduras,Albahaca Fresco Und,,495.00 USD (x1),https://www.smrey.com/p/albahaca-fresco-und-7453009230801
Frutas y Verduras,Microgreens Mixtos Fresco 25gr,,495.00 USD (x1),https://www.smrey.com/p/microgreens-mixtos-fresco-25gr-7453009249438
Frutas y Verduras,Uvas Rojas Chumis Empacadas 0.5kg,,460.00 USD (x1),https://www.smrey.com/p/uvas-rojas-chumis-empacadas-05kg-7452101370651
Frutas y Verduras,Ají Dulce Premium Fresh Italiano Empacado 150gr,,70.00 USD (x1),https://www.smrey.com/p/aji-dulce-premium-fresh-italiano-empacado-150gr-204713000009
Frutas y Verduras,Chop Suey Mix de Vegetales Fresquita 300gr,,390.00 USD (x1),https://www.smrey.com/p/chop-suey-mix-de-vegetales-fresquita-300gr-7441040605436
Frutas y Verduras,Radicchio Premium Fresh Empacado 325gr,,127.00 USD (x1),https://www.smrey.com/p/radicchio-premium-fresh-empacado-325gr-200697000004
Frutas y Verduras,Arúgula Baby Eden 100gr,,359.00 USD (x1),https://www.smrey.com/p/arugula-baby-eden-100gr-731171001106
Frutas y Verduras,Arándanos Fresco Importados 113.4gr,,339.00 USD (x1),https://www.smrey.com/p/arandanos-fresco-importados-1134gr-7453009200484
Frutas y Verduras,Lechuga Hoja de Roble Oh My Und,,324.00 USD (x1),https://www.smrey.com/p/lechuga-hoja-de-roble-oh-my-und-7451111030050
Frutas y Verduras,Lechuga Batavia Oh My Und,,324.00 USD (x1),https://www.smrey.com/p/lechuga-batavia-oh-my-und-7451111030012
Frutas y Verduras,Lechuga Mantequilla Oh My Und,,324.00 USD (x1),https://www.smrey.com/p/lechuga-mantequilla-oh-my-und-7451111030067
Frutas y Verduras,Lechuga Romana Oh My 140gr,,299.00 USD (x1),https://www.smrey.com/p/lechuga-romana-oh-my-140gr-7451111030074
Frutas y Verduras,Melón Picado Terra 340gr,,295.00 USD (x1),https://www.smrey.com/p/melon-picado-terra-340gr-2206998602556
Frutas y Verduras,Pulpa de Maracuya Premium Fresh Und,,275.00 USD (x1),https://www.smrey.com/p/pulpa-de-maracuya-premium-fresh-und-7453009233741
Frutas y Verduras,Papaya Y Piña Fresco Picada Und,,275.00 USD (x1),https://www.smrey.com/p/papaya-y-pina-fresco-picada-und-7453009229928
Frutas y Verduras,Mango Picado Terra 227gr,,260.00 USD (x1),https://www.smrey.com/p/mango-picado-terra-227gr-2207003202952
Frutas y Verduras,Peras Chumis Empacadas 227gr,,399.00 USD (x1),https://www.smrey.com/p/peras-chumis-empacadas-227gr-7452101370606
Frutas y Verduras,Frutas Mixtas Terra Picada 340gr,,240.00 USD (x1),https://www.smrey.com/p/frutas-mixtas-terra-picada-340gr-2207005701903
Frutas y Verduras,Sandia Terra Picada 340gr,,240.00 USD (x1),https://www.smrey.com/p/sandia-terra-picada-340gr-2206999801750
Frutas y Verduras,Cilantro Fresco Hidropónico Und,,175.00 USD (x1),https://www.smrey.com/p/cilantro-fresco-hidroponico-und-7452103300458
Frutas y Verduras,Tomillo La Lomita 15G,,155.00 USD (x1),https://www.smrey.com/p/tomillo-la-lomita-15g-7451107230488
Frutas y Verduras,Mix de Repollo Fresquita 200gr,,150.00 USD (x1),https://www.smrey.com/p/mix-de-repollo-fresquita-200gr-7441040605344
Frutas y Verduras,Maíz Bicolor Taylor Farms Und,,49.00 USD (x1),https://www.smrey.com/p/maiz-bicolor-taylor-farms-und-824862008147
Frutas y Verduras,Radicchio Importado Fresco Und,,99.00 USD (x1),https://www.smrey.com/p/radicchio-importado-fresco-und-201101000009
Frutas y Verduras,Culantro Maagfresh Pack,,75.00 USD (x1),https://www.smrey.com/p/culantro-maagfresh-pack-7453009219752
Frutas y Verduras,Cilantro Fresco Importado Und,,99.00 USD (x1),https://www.smrey.com/p/cilantro-fresco-importado-und-202336000000
Frutas y Verduras,Tomate San Marzano J Farms Und,,165.00 USD (x1),https://www.smrey.com/p/tomate-san-marzano-j-farms-und-7451110240221
Frutas y Verduras,Raspadura Premium Fresh Und,,155.00 USD (x1),https://www.smrey.com/p/raspadura-premium-fresh-und-204474000003
Frutas y Verduras,Guasca Hortifresco Und,,244.00 USD (x1),https://www.smrey.com/p/guasca-hortifresco-und-19161008060
Frutas y Verduras,Arándanos Fresco Importados 113gr,,250.00 USD (x1),https://www.smrey.com/p/arandanos-fresco-importados-113gr-7453009239996
Frutas y Verduras,Fresones Cultivos Selectos 550G,,860.00 USD (x1),https://www.smrey.com/p/fresones-cultivos-selectos-550g-7451064900356
Frutas y Verduras,Fresas Jumbo Cerro Punta 600gr,,979.00 USD (x1),https://www.smrey.com/p/fresas-jumbo-cerro-punta-600gr-7451007171911
Frutas y Verduras,Manzana Rockit Plastic Tube Und,,545.00 USD (x1),https://www.smrey.com/p/manzana-rockit-plastic-tube-und-9421903788009
Frutas y Verduras,Melón Rockit 3pack,,395.00 USD (x1),https://www.smrey.com/p/melon-rockit-3pack-9421903788023
Frutas y Verduras,Melón Rockit 2pack,,325.00 USD (x1),https://www.smrey.com/p/melon-rockit-2pack-8436001821023
Frutas y Verduras,Manzana Rockit Family Pack 800gr,,795.00 USD (x1),https://www.smrey.com/p/manzana-rockit-family-pack-800gr-8436001820385
Frutas y Verduras,Manzanas Mixtas Fruta Internacional Medianas 5,,380.00 USD (x1),https://www.smrey.com/p/manzanas-mixtas-fruta-internacional-medianas-500lt-7453007574587
Frutas y Verduras,Manzanas Roja Fruta Internacional Medianas 500,,380.00 USD (x1),https://www.smrey.com/p/manzanas-roja-fruta-internacional-medianas-500lt-7453007574556
Frutas y Verduras,Manzanas Gala Fruta Internacional Medianas 500,,380.00 USD (x1),https://www.smrey.com/p/manzanas-gala-fruta-internacional-medianas-500lt-7453007574563
Frutas y Verduras,Uchuva Disfrutar 250G,,295.00 USD (x1),https://www.smrey.com/p/uchuva-disfrutar-250g-7452104860012
Frutas y Verduras,Peras Fruta Internacional Medianas 500lt,,380.00 USD (x1),https://www.smrey.com/p/peras-fruta-internacional-medianas-500lt-7453007574549
Frutas y Verduras,Manzanas Verde Fruta Internacional Medianas 50,,380.00 USD (x1),https://www.smrey.com/p/manzanas-verde-fruta-internacional-medianas-500lt-7453007574570
Frutas y Verduras,Arándanos Athos Jumbo 125gr,,285.00 USD (x1),https://www.smrey.com/p/arandanos-athos-jumbo-125gr-5012345678900
Frutas y Verduras,Naranja Fresco Und,,140.00 USD (x1),https://www.smrey.com/p/naranja-fresco-und-209808000001
Frutas y Verduras,Mini Pimentón Maag Fresh Empacado 400gr,,254.00 USD (x1),https://www.smrey.com/p/mini-pimenton-maag-fresh-empacado-400gr-204481000003
Frutas y Verduras,Pulpa de Maracuya Freshkita 450ml,,355.00 USD (x1),https://www.smrey.com/p/pulpa-de-maracuya-freshkita-450ml-7862104260246
Frutas y Verduras,Uvas Verde Fruta Internacional sin Semilla Und,,490.00 USD (x1),https://www.smrey.com/p/uvas-verde-fruta-internacional-sin-semilla-und-7452501160005
Frutas y Verduras,Rábano Baby Agroponics Und,,200.00 USD (x1),https://www.smrey.com/p/rabano-baby-agroponics-und-7453009232539
Frutas y Verduras,Esparragos Fresco 250G,,395.00 USD (x1),https://www.smrey.com/p/esparragos-fresco-250g-7868000837810
Frutas y Verduras,Rabano La Granjerita 227gr,,375.00 USD (x1),https://www.smrey.com/p/rabano-la-granjerita-227gr-7452103630043
Frutas y Verduras,Tomate Perita D Altura 450gr,,290.00 USD (x1),https://www.smrey.com/p/tomate-perita-d-altura-450gr-7452103300335
Frutas y Verduras,Remolacha en Espaguetti Fresquita 200gr,,239.00 USD (x1),https://www.smrey.com/p/remolacha-espaguetti-fresquita-200gr-7441040605405
Frutas y Verduras,Uchuva Nacional DHC 380G,,300.00 USD (x1),https://www.smrey.com/p/uchuva-nacional-dhc-380g-7452105700010
Frutas y Verduras,Tomate Mezzani J Farms 3X3 Premium Und,,408.00 USD (x1),https://www.smrey.com/p/tomate-mezzani-j-farms-3x3-premium-und-7451110240160
Frutas y Verduras,Tomate Rugantino Petit J Farms Und,,190.00 USD (x1),https://www.smrey.com/p/tomate-rugantino-petit-j-farms-und-7451110240207
Frutas y Verduras,Granadilla D Altura Empacada 4und,,265.00 USD (x1),https://www.smrey.com/p/granadilla-d-altura-empacada-4und-4521033001483
Frutas y Verduras,Ají Corno di Toro Cerro Punta Empacado 500gr,,270.00 USD (x1),https://www.smrey.com/p/aji-corno-di-toro-cerro-punta-empacado-500gr-202957000007
Frutas y Verduras,Albahaca Alical 100gr,,170.00 USD (x1),https://www.smrey.com/p/albahaca-alical-100gr-7453009249391
Frutas y Verduras,Hierba Buena Alical 70G,,180.00 USD (x1),https://www.smrey.com/p/hierba-buena-alical-70g-7453009249476
Frutas y Verduras,Romero Agroponics 50gr,,180.00 USD (x1),https://www.smrey.com/p/romero-agroponics-50gr-7453009237794
Frutas y Verduras,Tomillo Hidropónico Verdes Co Und,,195.00 USD (x1),https://www.smrey.com/p/tomillo-hidroponico-verdes-co-und-7452103110071
Frutas y Verduras,Berro Hidropónico Postblue 30gr,,190.00 USD (x1),https://www.smrey.com/p/berro-hidroponico-postblue-30gr-7451111170046
Frutas y Verduras,Albahaca Hidropónica Posblue 10gr,,190.00 USD (x1),https://www.smrey.com/p/albahaca-hidroponica-posblue-10gr-7451111170015
Frutas y Verduras,Arúgula Hidropónica Posblue 30G,,190.00 USD (x1),https://www.smrey.com/p/arugula-hidroponica-posblue-30g-7451111170022
Frutas y Verduras,Rugula J Farms 150gr,,315.00 USD (x1),https://www.smrey.com/p/rugula-j-farms-150gr-7451110240283
Frutas y Verduras,Ensalada Baby Mix Hortifresco 150G,,335.00 USD (x1),https://www.smrey.com/p/ensalada-baby-mix-hortifresco-150g-7700934001007
Frutas y Verduras,Lechuga Europea Hortifresco 200G,,365.00 USD (x1),https://www.smrey.com/p/lechuga-europea-hortifresco-200g-7700934000390
Frutas y Verduras,Lechuga Crespa Fruvertropik 250G,,199.00 USD (x1),https://www.smrey.com/p/lechuga-crespa-fruvertropik-250g-7700934000017
Frutas y Verduras,Lechuga Romana Fruvertropik 300G,,199.00 USD (x1),https://www.smrey.com/p/lechuga-romana-fruvertropik-300g-7700934000048
Frutas y Verduras,Lechuga Mesclum Fresco Hidropónica Und,,340.00 USD (x1),https://www.smrey.com/p/lechuga-mesclum-fresco-hidroponica-und-7452103300441
Frutas y Verduras,Lechuga Hidropónica Cerro Punta Crespita Verde,,250.00 USD (x1),https://www.smrey.com/p/lechuga-hidroponica-cerro-punta-crespita-verde-und-7451007171867
Frutas y Verduras,Coliflor de Colores al Granel,,136.00 USD (x1),https://www.smrey.com/p/coliflor-de-colores-al-granel-204571000005
Frutas y Verduras,Hongos Blancos Enteros Setas Prepack 227gr,,340.00 USD (x1),https://www.smrey.com/p/hongos-blancos-enteros-setas-prepack-227gr-7707110100868
Frutas y Verduras,Hongos Shiitake La Lomita 125gr,,350.00 USD (x1),https://www.smrey.com/p/hongos-shiitake-la-lomita-125gr-7451107230440
Frutas y Verduras,Cebolla Alical Empacada 4lt,,570.00 USD (x1),https://www.smrey.com/p/cebolla-alical-empacada-4lt-200601000007
Frutas y Verduras,Cebolla Alical Empacada 4lt,,395.00 USD (x1),https://www.smrey.com/p/cebolla-alical-empacada-4lt-200600000008
Frutas y Verduras,Pimentón Amarillo Premium Fresh al Granel,,119.00 USD (x1),https://www.smrey.com/p/pimenton-amarillo-premium-fresh-al-granel-208703000000
Frutas y Verduras,Lechuga Mantequilla Premiun 150gr,,250.00 USD (x1),https://www.smrey.com/p/lechuga-mantequilla-premiun-150gr-7453009211428
Frutas y Verduras,Kale Eden 250gr,,359.00 USD (x1),https://www.smrey.com/p/kale-eden-250gr-731171001229
Frutas y Verduras,Pimentones Happy Farming Mix 500gr,,355.00 USD (x1),https://www.smrey.com/p/pimentones-happy-farming-mix-500gr-7451111440019
Frutas y Verduras,Habaneros Happyfarming Mix 150gr,,250.00 USD (x1),https://www.smrey.com/p/habaneros-happyfarming-mix-150gr-200726000005
Frutas y Verduras,Lechuga Crespita The Green Batch Und,,189.00 USD (x1),https://www.smrey.com/p/lechuga-crespita-the-green-batch-und-7451109420047
Frutas y Verduras,Chayote Tierras Altas 550gr,,70.00 USD (x1),https://www.smrey.com/p/chayote-tierras-altas-550gr-7453009200620
Frutas y Verduras,Uvas Mafaldas A Mixtas Und,,475.00 USD (x1),https://www.smrey.com/p/uvas-mafaldas-a-mixtas-und-7452101370682
Frutas y Verduras,Espinaca Green Batch 80gr,,220.00 USD (x1),https://www.smrey.com/p/espinaca-green-batch-80gr-7451109420061
Frutas y Verduras,Baby Arúgula Green Batch Und,,360.00 USD (x1),https://www.smrey.com/p/baby-arugula-green-batch-und-7451109420023
Frutas y Verduras,Brocoli Fresco Und,,495.00 USD (x1),https://www.smrey.com/p/brocoli-fresco-und-7451109420078
Frutas y Verduras,Brocoli Good And Green Und,,550.00 USD (x1),https://www.smrey.com/p/brocoli-good-and-green-und-7453009216287
Frutas y Verduras,Brocoli Fresco 300gr,,208.00 USD (x1),https://www.smrey.com/p/brocoli-fresco-300gr-7453009216140
Frutas y Verduras,Pimentón de Colores Fruta Internacional 700gr,,375.00 USD (x1),https://www.smrey.com/p/pimenton-de-colores-fruta-internacional-700gr-7453007546584
Frutas y Verduras,Pepino Fruta Internacional 1kg,,210.00 USD (x1),https://www.smrey.com/p/pepino-fruta-internacional-1kg-7453007546577
Frutas y Verduras,Berenjena Tierras Altas 900gr,,105.00 USD (x1),https://www.smrey.com/p/berenjena-tierras-altas-900gr-7453009209784
Frutas y Verduras,Aguacate Hass Fresco en Malla Und,,475.00 USD (x1),https://www.smrey.com/p/aguacate-hass-fresco-malla-und-7453009216133
Frutas y Verduras,Ciruela Roja Fresco Al Granel,,45.00 USD (x1),https://www.smrey.com/p/ciruela-roja-fresco-al-granel-204042000008
Frutas y Verduras,Ciruela Roja Fresco Al Granel,,4851.00 USD (x1),https://www.smrey.com/p/ciruela-roja-fresco-al-granel-7453009205250
Frutas y Verduras,Ajo Importado Freso al Granel,,27.00 USD (x1),https://www.smrey.com/p/ajo-importado-freso-al-granel-208802000000
Frutas y Verduras,Coliflor Fresco 350gr,,183.00 USD (x1),https://www.smrey.com/p/coliflor-fresco-350gr-7453009216157
Frutas y Verduras,Hierbabuena Campo Alto 50gr,,115.00 USD (x1),https://www.smrey.com/p/hierbabuena-campo-alto-50gr-9328000077
Frutas y Verduras,Mini Pimentón Tierras Altas 220gr,,170.00 USD (x1),https://www.smrey.com/p/mini-pimenton-tierras-altas-220gr-7453009215112
Frutas y Verduras,Ají de Colores Healty Growers 700gr,,280.00 USD (x1),https://www.smrey.com/p/aji-de-colores-healty-growers-700gr-7452102480205
Frutas y Verduras,Fresón Freson 500gr,,1150.00 USD (x1),https://www.smrey.com/p/freson-freson-500gr-798190053950
Frutas y Verduras,Tomate Grape Cerro Punta 1kg,,430.00 USD (x1),https://www.smrey.com/p/tomate-grape-cerro-punta-1kg-7451007172291
Frutas y Verduras,Aguacates Ead en Mallas 1.5kg,,355.00 USD (x1),https://www.smrey.com/p/aguacates-ead-mallas-15kg-3800003568548
Frutas y Verduras,Orégano Cerro Punta Und,,185.00 USD (x1),https://www.smrey.com/p/oregano-cerro-punta-und-7451007170556
Hogar y Limpieza - Flores,Flor Pompom Cerro Punta Importado Und,,549.00 USD (x1),https://www.smrey.com/p/flor-pompom-cerro-punta-importado-und-7451007171034
Hogar y Limpieza - Flores,Flor Cremón Cerro Punta Importado Und,,500.00 USD (x1),https://www.smrey.com/p/flor-cremon-cerro-punta-importado-und-7451007170877
Hogar y Limpieza - Flores,Flor Bouquets Cerro Punta Und,,795.00 USD (x1),https://www.smrey.com/p/flor-bouquets-cerro-punta-und-7451007170938
Hogar y Limpieza - Flores,Ruscus Cerro Punta Importado Und,,500.00 USD (x1),https://www.smrey.com/p/ruscus-cerro-punta-importado-und-7451007170662
Hogar y Limpieza - Flores,Flor Bouquets Cerro Punta N°4 Und,,760.00 USD (x1),https://www.smrey.com/p/flor-bouquets-cerro-punta-n°4-und-7451007170693
Hogar y Limpieza - Flores,Flor Clavel Cerro Punta Und,,599.00 USD (x1),https://www.smrey.com/p/flor-clavel-cerro-punta-und-7451007170334
Hogar y Limpieza - Flores,Flor Single Rose EQR Und,,95.00 USD (x1),https://www.smrey.com/p/flor-single-rose-eqr-und-7453009245539
Hogar y Limpieza - Flores,Flor Azulejo Bouquet EQR Und,,925.00 USD (x1),https://www.smrey.com/p/flor-azulejo-bouquet-eqr-und-7453009234410
Hogar y Limpieza - Flores,Flor Magical Bouquet EQR Und,,270.00 USD (x1),https://www.smrey.com/p/flor-magical-bouquet-eqr-und-7453009248035
Hogar y Limpieza - Flores,Flor Guayacan Bouquet EQR Und,,925.00 USD (x1),https://www.smrey.com/p/flor-guayacan-bouquet-eqr-und-7453009234434
Hogar y Limpieza - Flores,Flor Quetzal Bouquet EQR Und,,925.00 USD (x1),https://www.smrey.com/p/flor-quetzal-bouquet-eqr-und-7453009234427
Hogar y Limpieza - Flores,Flor Sangre de Toro Bouquet EQR Und,,925.00 USD (x1),https://www.smrey.com/p/flor-sangre-de-toro-bouquet-eqr-und-7453009234403
Hogar y Limpieza - Flores,Flor Cuipo Bouquet EQR Und,,1285.00 USD (x1),https://www.smrey.com/p/flor-cuipo-bouquet-eqr-und-7453009234397
Hogar y Limpieza - Flores,Flor Pompom Cerro Punta Tinturado Und,,600.00 USD (x1),https://www.smrey.com/p/flor-pompom-cerro-punta-tinturado-und-7451007170891
Hogar y Limpieza - Flores,Flor Bouquets Cerro Punta Und,,1090.00 USD (x1),https://www.smrey.com/p/flor-bouquets-cerro-punta-und-7451007170860
Hogar y Limpieza - Flores,Flor Bouquets Cerro Punta Mini Clavel Und,,560.00 USD (x1),https://www.smrey.com/p/flor-bouquets-cerro-punta-mini-clavel-und-7451007170907
Hogar y Limpieza - Flores,Flor Sangre de Toro Bouquet EQR Und,,925.00 USD (x1),https://www.smrey.com/p/flor-sangre-de-toro-bouquet-eqr-und-7453009245607
Hogar y Limpieza - Flores,Flor Maricris Bouquet EQR Und,,595.00 USD (x1),https://www.smrey.com/p/flor-maricris-bouquet-eqr-und-7453009245560
Hogar y Limpieza - Flores,Flor Guayacan Bouquet EQR Und,,925.00 USD (x1),https://www.smrey.com/p/flor-guayacan-bouquet-eqr-und-7453009245621
Hogar y Limpieza - Flores,Flor Quetzal Bouquet EQR Und,,925.00 USD (x1),https://www.smrey.com/p/flor-quetzal-bouquet-eqr-und-7453009245591
Hogar y Limpieza - Flores,Flor Azulejo Bouquet EQR Und,,925.00 USD (x1),https://www.smrey.com/p/flor-azulejo-bouquet-eqr-und-7453009245614
Hogar y Limpieza - Flores,Flor Cuipo Bouquet EQR Und,,1285.00 USD (x1),https://www.smrey.com/p/flor-cuipo-bouquet-eqr-und-7453009245638
Hogar y Limpieza - Flores,Flor Sweet Bouquet EQR Und,,475.00 USD (x1),https://www.smrey.com/p/flor-sweet-bouquet-eqr-und-7453009245577
Hogar y Limpieza - Flores,Flor Princess Bouquet EQR Und,,475.00 USD (x1),https://www.smrey.com/p/flor-princess-bouquet-eqr-und-7453009245584
Hogar y Limpieza - Flores,Flor Mini Bouquet Buena Vista Flower Und,,350.00 USD (x1),https://www.smrey.com/p/flor-mini-bouquet-buena-vista-flower-und-734191307371
Hogar y Limpieza - Flores,Flor Bouquet Primaveral Buena Vista Flower Und,,800.00 USD (x1),https://www.smrey.com/p/flor-bouquet-primaveral-buena-vista-flower-und-734191307449
Hogar y Limpieza - Flores,Plantas T Gardens Variadas 5und,,1979.00 USD (x1),https://www.smrey.com/p/plantas-t-gardens-variadas-5und-420000110460
Hogar y Limpieza - Flores,Flores Eqr 2 Fillers Gypso Und,,430.00 USD (x1),https://www.smrey.com/p/flores-eqr-2-fillers-gypso-und-7453009225029
Hogar y Limpieza - Flores,Rosa Plus Eqr Und,,910.00 USD (x1),https://www.smrey.com/p/rosa-plus-eqr-und-7453009224985
Hogar y Limpieza - Flores,Flores Eqr Blooming Rose Und,,910.00 USD (x1),https://www.smrey.com/p/flores-eqr-blooming-rose-und-7453009225005
Hogar y Limpieza - Flores,Ramo Girasoles 3und Buena Vista Flower Und,,500.00 USD (x1),https://www.smrey.com/p/ramo-girasoles-3und-buena-vista-flower-und-734191307364
Hogar y Limpieza - Flores,Flor Bouquet Fresco Reina Und,,1200.00 USD (x1),https://www.smrey.com/p/flor-bouquet-fresco-reina-und-7451107190065
Hogar y Limpieza - Flores,Flor Bouquets Cerro Punta N°6 Und,,250.00 USD (x1),https://www.smrey.com/p/flor-bouquets-cerro-punta-n°6-und-7451007171379
Hogar y Limpieza - Flores,Flor Girasol Cerro Punta Nacional Und,,660.00 USD (x1),https://www.smrey.com/p/flor-girasol-cerro-punta-nacional-und-7451007170815
Hogar y Limpieza - Flores,Flor Gypsofilia Cerro Punta Importado Und,,375.00 USD (x1),https://www.smrey.com/p/flor-gypsofilia-cerro-punta-importado-und-7451007170778
Hogar y Limpieza - Flores,Flor Alstomelia Cerro Punta Importado Und,,649.00 USD (x1),https://www.smrey.com/p/flor-alstomelia-cerro-punta-importado-und-7451007170990
Hogar y Limpieza - Flores,EQR WHITE YELLOW ROSE CU,,359.00 USD (x1),https://www.smrey.com/p/eqr-white-yellow-rose-cu-7453009205076
Hogar y Limpieza - Flores,Flor Follajes Cerro Punta Natural Und,,479.00 USD (x1),https://www.smrey.com/p/flor-follajes-cerro-punta-natural-und-7451007171300
Hogar y Limpieza - Flores,Flor Bouquets Surtidas Centroamericana N°5 Und,,529.00 USD (x1),https://www.smrey.com/p/flor-bouquets-surtidas-centroamericana-n°5-und-7451102740173
Hogar y Limpieza - Flores,Rosa para Mamá EQR Und,,170.00 USD (x1),https://www.smrey.com/p/rosa-mama-eqr-und-7453009249872
Hogar y Limpieza - Flores,Flor Unica Bouquet EQR Und,,510.00 USD (x1),https://www.smrey.com/p/flor-unica-bouquet-eqr-und-7453009249889
Hogar y Limpieza - Flores,Flor Callas Bouquet EQR Und,,495.00 USD (x1),https://www.smrey.com/p/flor-callas-bouquet-eqr-und-7453009248059
Hogar y Limpieza - Flores,Flor Eucalipto Bay Cerro Punta Importado Und,,500.00 USD (x1),https://www.smrey.com/p/flor-eucalipto-bay-cerro-punta-importado-und-7451007171089
Hogar y Limpieza - Flores,BOUQUET AMARILLO,,525.00 USD (x1),https://www.smrey.com/p/bouquet-amarillo-7453009205083
Hogar y Limpieza - Flores,Espuma Floral La Marqueta Und,,99.00 USD (x1),https://www.smrey.com/p/espuma-floral-la-marqueta-und-7453009220369
Hogar y Limpieza - Flores,Rosa Cariño EQR Und,,185.00 USD (x1),https://www.smrey.com/p/rosa-carino-eqr-und-7861125615646
Hogar y Limpieza - Flores,Rosas La Marqueta Und,,1139.00 USD (x1),https://www.smrey.com/p/rosas-la-marqueta-und-7453009223292
Hogar y Limpieza - Flores,Flor Eqr Año Nuevo Und,,199.00 USD (x1),https://www.smrey.com/p/flor-eqr-ano-nuevo-und-7453009243153
Hogar y Limpieza - Flores,Rosa Amor y Amistad EQR Und,,185.00 USD (x1),https://www.smrey.com/p/rosa-amor-y-amistad-eqr-und-7861125615639
Hogar y Limpieza - Flores,Flor Bouquets Económico Fresco 0,,599.00 USD (x1),https://www.smrey.com/p/flor-bouquets-economico-fresco-0-7453009223285
Hogar y Limpieza - Flores,Planta Ruscus La Marqueta Und,,570.00 USD (x1),https://www.smrey.com/p/planta-ruscus-la-marqueta-und-7453009224992
Hogar y Limpieza - Flores,Flores Crisantemos La Marqueta Und,,599.00 USD (x1),https://www.smrey.com/p/flores-crisantemos-la-marqueta-und-7453009220376
Hogar y Limpieza - Flores,Flor Bouquets Fresco Importado Und,,1075.00 USD (x1),https://www.smrey.com/p/flor-bouquets-fresco-importado-und-7453009220345
Hogar y Limpieza - Flores,Flor Astromelias Fresco 0,,599.00 USD (x1),https://www.smrey.com/p/flor-astromelias-fresco-0-7453009220420
Hogar y Limpieza - Flores,Flor Gipsofilia Fresco Und,,535.00 USD (x1),https://www.smrey.com/p/flor-gipsofilia-fresco-und-7453009220383
Hogar y Limpieza - Flores,Flor Amor Eterno Bouquet EQR Und,,575.00 USD (x1),https://www.smrey.com/p/flor-amor-eterno-bouquet-eqr-und-7861125615585
Hogar y Limpieza - Flores,Flor Canciones Fresco 0,,399.00 USD (x1),https://www.smrey.com/p/flor-canciones-fresco-0-7453009220352
Hogar y Limpieza - Flores,Flor Wonderful Love Bouquet EQR Und,,1225.00 USD (x1),https://www.smrey.com/p/flor-wonderful-love-bouquet-eqr-und-7861125615578
Hogar y Limpieza - Flores,Flor Bouquets Nacional Fresco 0,,869.00 USD (x1),https://www.smrey.com/p/flor-bouquets-nacional-fresco-0-7453009220437
Hogar y Limpieza - Flores,Flor Eucalipto Fresco Und,,599.00 USD (x1),https://www.smrey.com/p/flor-eucalipto-fresco-und-7453009220413
Hogar y Limpieza - Flores,Flor Mini Clavel Fresco 0,,599.00 USD (x1),https://www.smrey.com/p/flor-mini-clavel-fresco-0-7451107190157
Hogar y Limpieza - Flores,Flor Amor y Alegria Bouquet EQR Und,,595.00 USD (x1),https://www.smrey.com/p/flor-amor-y-alegria-bouquet-eqr-und-7453009249902
Hogar y Limpieza - Flores,Flor Amore Mio Bouquet EQR Und,,995.00 USD (x1),https://www.smrey.com/p/flor-amore-mio-bouquet-eqr-und-7861125615653
Hogar y Limpieza - Flores,Flor Eqr Shiny Bouquet Und,,450.00 USD (x1),https://www.smrey.com/p/flor-eqr-shiny-bouquet-und-7453009243146
Hogar y Limpieza - Flores,Flor Recuerdos Bouquet EQR Und,,500.00 USD (x1),https://www.smrey.com/p/flor-recuerdos-bouquet-eqr-und-7453009249858
Hogar y Limpieza - Flores,Flor La Mejor Bouquet EQR Und,,1225.00 USD (x1),https://www.smrey.com/p/flor-la-mejor-bouquet-eqr-und-7453009249988
Hogar y Limpieza - Flores,Flor Super Woman Bouquet EQR Und,,1450.00 USD (x1),https://www.smrey.com/p/flor-super-woman-bouquet-eqr-und-7453009249810
Hogar y Limpieza - Flores,Flor Jardín de Mamá EQR Und,,1085.00 USD (x1),https://www.smrey.com/p/flor-jardin-de-mama-eqr-und-7453009249957
Hogar y Limpieza - Flores,Flor Madre Linda Bouquet EQR Und,,895.00 USD (x1),https://www.smrey.com/p/flor-madre-linda-bouquet-eqr-und-7453009249940
Hogar y Limpieza - Flores,Flor Ensueño Floral Bouquet EQR Und,,895.00 USD (x1),https://www.smrey.com/p/flor-ensueno-floral-bouquet-eqr-und-7453009249933
Hogar y Limpieza - Flores,Flor Sunrise Bouquet EQR Und,,810.00 USD (x1),https://www.smrey.com/p/flor-sunrise-bouquet-eqr-und-7453009243177
Hogar y Limpieza - Flores,Rosa Individual Halloween EQR Und,,479.00 USD (x1),https://www.smrey.com/p/rosa-individual-halloween-eqr-und-7453009249827
Hogar y Limpieza - Flores,Flor Reina de mi Corazón Bouquet EQR Und,,1325.00 USD (x1),https://www.smrey.com/p/flor-reina-de-mi-corazon-bouquet-eqr-und-7453009249797
Hogar y Limpieza - Flores,Flor Bouquets Surtidas Centroamericana N°9 Und,,887.00 USD (x1),https://www.smrey.com/p/flor-bouquets-surtidas-centroamericana-n°9-und-7453009228457
Hogar y Limpieza - Flores,Flor Feliz Día Mamá Bouquet EQR Und,,750.00 USD (x1),https://www.smrey.com/p/flor-feliz-dia-mama-bouquet-eqr-und-7453009249926
Hogar y Limpieza - Flores,Flor Snowman Bouquet EQR Und,,669.00 USD (x1),https://www.smrey.com/p/flor-snowman-bouquet-eqr-und-7453009243115
Hogar y Limpieza - Flores,Flor Bouquets Surtidas Centroamericana N°3 Und,,399.00 USD (x1),https://www.smrey.com/p/flor-bouquets-surtidas-centroamericana-n°3-und-7451102740197
Hogar y Limpieza - Flores,Flor Magical Love EQR Und,,650.00 USD (x1),https://www.smrey.com/p/flor-magical-love-eqr-und-7861125615660
Hogar y Limpieza - Flores,Flor Inolvidable Bouquet EQR Und,,350.00 USD (x1),https://www.smrey.com/p/flor-inolvidable-bouquet-eqr-und-7453009249841
Hogar y Limpieza - Flores,Flor Santa Claus Bouquet EQR Und,,675.00 USD (x1),https://www.smrey.com/p/flor-santa-claus-bouquet-eqr-und-7453009243108
Hogar y Limpieza - Flores,Flor Eqr Alegria Bouquet Und,,760.00 USD (x1),https://www.smrey.com/p/flor-eqr-alegria-bouquet-und-7453009243160
Hogar y Limpieza - Flores,Flor Christmas Bouquet EQR Und,,589.00 USD (x1),https://www.smrey.com/p/flor-christmas-bouquet-eqr-und-7453009243092
Hogar y Limpieza - Flores,Flor Te Amo Bouquet EQR Und,,1375.00 USD (x1),https://www.smrey.com/p/flor-te-amo-bouquet-eqr-und-7453009249803
Hogar y Limpieza - Flores,Flor Bouquet Centroamericana Surtida 1PAK,,779.00 USD (x1),https://www.smrey.com/p/flor-bouquet-centroamericana-surtida-1pak-7451102740258
Hogar y Limpieza - Flores,Arreglos con Plantas T Gardens Und,,1859.00 USD (x1),https://www.smrey.com/p/arreglos-con-plantas-t-gardens-und-7451106520269
Hogar y Limpieza - Flores,Flor Orquideas Variadas T Gardens Und,,2399.00 USD (x1),https://www.smrey.com/p/flor-orquideas-variadas-t-gardens-und-7451106520221
Hogar y Limpieza - Flores,Plantas Variadas T Gardens Naturales 12und,,3999.00 USD (x1),https://www.smrey.com/p/plantas-variadas-t-gardens-naturales-12und-420000110477
Lacteos y Huevos - Quesos,Queso Blanco Paisa al Granel,,173.00 USD (x1),https://www.smrey.com/p/queso-blanco-paisa-al-granel-202719000009
Lacteos y Huevos - Quesos,Queso Blanco Chiricano Superior Bajo en Sal al,,128.00 USD (x1),https://www.smrey.com/p/queso-blanco-chiricano-superior-bajo-sal-al-granel-206147000006
Lacteos y Huevos - Quesos,Queso Blanco Value 507 Prensado al Granel,,125.00 USD (x1),https://www.smrey.com/p/queso-blanco-value-507-prensado-al-granel-208758000000
Lacteos y Huevos - Quesos,Queso Blanco Value 507 Prensado Bajo en Sal al,,133.00 USD (x1),https://www.smrey.com/p/queso-blanco-value-507-prensado-bajo-sal-al-granel-208759000009
Lacteos y Huevos - Quesos,Queso Mozzarella Hill Valley al Granel,,155.00 USD (x1),https://www.smrey.com/p/queso-mozzarella-hill-valley-al-granel-205692000004
Lacteos y Huevos - Quesos,Queso Mozzarella Superior al Granel,,140.00 USD (x1),https://www.smrey.com/p/queso-mozzarella-superior-al-granel-207789000003
Lacteos y Huevos - Quesos,Queso Provolone Hill Valley al Granel,,157.00 USD (x1),https://www.smrey.com/p/queso-provolone-hill-valley-al-granel-205694000002
Lacteos y Huevos - Quesos,Queso Mozzarella Viejo Cantaro al Granel,,153.00 USD (x1),https://www.smrey.com/p/queso-mozzarella-viejo-cantaro-al-granel-209059000003
Lacteos y Huevos - Quesos,Queso Mozzarella Paisa al Granel,,170.00 USD (x1),https://www.smrey.com/p/queso-mozzarella-paisa-al-granel-202721000004
Lacteos y Huevos - Quesos,Queso Mozzarella Chela al Granel,,162.00 USD (x1),https://www.smrey.com/p/queso-mozzarella-chela-al-granel-207892000006
Lacteos y Huevos - Quesos,Queso Mozzarella Ligero Procesado Superior al G,,150.00 USD (x1),https://www.smrey.com/p/queso-mozzarella-ligero-procesado-superior-al-granel-209575000006
Lacteos y Huevos - Quesos,Queso Mozzarella Sorrento al Granel,,164.00 USD (x1),https://www.smrey.com/p/queso-mozzarella-sorrento-al-granel-206556000000
Lacteos y Huevos - Quesos,Queso Mozzarella Borden al Granel,,163.00 USD (x1),https://www.smrey.com/p/queso-mozzarella-borden-al-granel-202524000003
Lacteos y Huevos - Quesos,Queso Mozzarella Arla al Granel,,187.00 USD (x1),https://www.smrey.com/p/queso-mozzarella-arla-al-granel-207954000005
Lacteos y Huevos - Quesos,Queso Mozarella Value 507 Fresco al Granel,,135.00 USD (x1),https://www.smrey.com/p/queso-mozarella-value-507-fresco-al-granel-208757000001
Lacteos y Huevos - Quesos,Queso Americano con Pimientos Superior al Grane,,150.00 USD (x1),https://www.smrey.com/p/queso-americano-con-pimientos-superior-al-granel-206145000008
Lacteos y Huevos - Quesos,Queso Amarillo con Pimiento Cremoso al Granel,,160.00 USD (x1),https://www.smrey.com/p/queso-amarillo-con-pimiento-cremoso-al-granel-207846000007
Lacteos y Huevos - Quesos,Queso Amarillo Value 507 Americano al Granel,,133.00 USD (x1),https://www.smrey.com/p/queso-amarillo-value-507-americano-al-granel-209517000002
Lacteos y Huevos - Quesos,Queso Americano Nestlé al Granel,,164.00 USD (x1),https://www.smrey.com/p/queso-americano-nestle-al-granel-207807000008
Lacteos y Huevos - Quesos,Queso Americano Dinner Bell al Granel,,145.00 USD (x1),https://www.smrey.com/p/queso-americano-dinner-bell-al-granel-209236000000
Lacteos y Huevos - Quesos,Queso Cremoso Amarillo al Granel,,148.00 USD (x1),https://www.smrey.com/p/queso-cremoso-amarillo-al-granel-207845000008
Lacteos y Huevos - Quesos,Queso Americano Regular Superior al Granel,,157.00 USD (x1),https://www.smrey.com/p/queso-americano-regular-superior-al-granel-207733000004
Lacteos y Huevos - Quesos,Queso Amarillo Americano Paisa al Granel,,147.00 USD (x1),https://www.smrey.com/p/queso-amarillo-americano-paisa-al-granel-202725000000
Lacteos y Huevos - Quesos,Queso Americano Cremoso En Rebanadas al Granel,,147.00 USD (x1),https://www.smrey.com/p/queso-americano-cremoso-en-rebanadas-al-granel-204975000007
Lacteos y Huevos - Quesos,Queso con Jalapeños Cremoso al Granel,,157.00 USD (x1),https://www.smrey.com/p/queso-con-jalapenos-cremoso-al-granel-207238000004
Lacteos y Huevos - Quesos,Queso Sucrem Análogo Sucedáneo Borden al Granel,,101.00 USD (x1),https://www.smrey.com/p/queso-sucrem-analogo-sucedaneo-borden-al-granel-202461000005
Lacteos y Huevos - Quesos,Queso Muenster Borden al Granel,,163.00 USD (x1),https://www.smrey.com/p/queso-muenster-borden-al-granel-202525000002
Lacteos y Huevos - Quesos,Queso Pepper Jack Hill Valley al Granel,,175.00 USD (x1),https://www.smrey.com/p/queso-pepper-jack-hill-valley-al-granel-205693000003
Lacteos y Huevos - Quesos,Queso Muenster Hill Valley al Granel,,155.00 USD (x1),https://www.smrey.com/p/queso-muenster-hill-valley-al-granel-209440000001
Lacteos y Huevos - Quesos,Queso Muenster Superior al Granel,,149.00 USD (x1),https://www.smrey.com/p/queso-muenster-superior-al-granel-207878000006
Lacteos y Huevos - Quesos,Queso Belgioioso Mozzarella en Rebanadas 226gr,,565.00 USD (x1),https://www.smrey.com/p/queso-belgioioso-mozzarella-rebanadas-226gr-31142005257
Lacteos y Huevos - Quesos,Queso Mozzarella A Heritage Chunck 226gr,,414.00 USD (x1),https://www.smrey.com/p/queso-mozzarella-a-heritage-chunck-226gr-30900911724
Lacteos y Huevos - Quesos,Queso President Mozzarella en Rebanadas 200gr,,403.00 USD (x1),https://www.smrey.com/p/queso-president-mozzarella-rebanadas-200gr-3228022060162
Lacteos y Huevos - Quesos,Queso Mozzarella Superior Ligero Rebanado Und,,21.00 USD (x1),https://www.smrey.com/p/queso-mozzarella-superior-ligero-rebanado-und-209674000006
Lacteos y Huevos - Quesos,Queso Mozzarella Belgioioso Pundrls 113gr,,350.00 USD (x1),https://www.smrey.com/p/queso-mozzarella-belgioioso-pundrls-113gr-31142004854
Lacteos y Huevos - Quesos,Queso Belgioioso Mascarpone 236ml,,575.00 USD (x1),https://www.smrey.com/p/queso-belgioioso-mascarpone-236ml-31142000115
Lacteos y Huevos - Quesos,Queso Sandwich President Cheddar 200gr,,403.00 USD (x1),https://www.smrey.com/p/queso-sandwich-president-cheddar-200gr-3228020490336
Lacteos y Huevos - Quesos,Queso President Tostadas con Emmental 200gr,,403.00 USD (x1),https://www.smrey.com/p/queso-president-tostadas-con-emmental-200gr-3228020490343
Lacteos y Huevos - Quesos,Queso Crema Bonlac 480gr,,601.00 USD (x1),https://www.smrey.com/p/queso-crema-bonlac-480gr-12157601054
Lacteos y Huevos - Quesos,Queso Crema Philadelphia Original 226gr,,735.00 USD (x1),https://www.smrey.com/p/queso-crema-philadelphia-original-226gr-21000612239
Lacteos y Huevos - Quesos,Queso Crema Philadelphia Batido Und,,685.00 USD (x1),https://www.smrey.com/p/queso-crema-philadelphia-batido-und-21000619849
Lacteos y Huevos - Quesos,Queso Crema Philadelphia con Fresa Und,,675.00 USD (x1),https://www.smrey.com/p/queso-crema-philadelphia-con-fresa-und-21000007271
Lacteos y Huevos - Quesos,Queso Crema Kraft Original Und,,416.00 USD (x1),https://www.smrey.com/p/queso-crema-kraft-original-und-21000061778
Lacteos y Huevos - Quesos,Queso Crema Philadelphia Und,,675.00 USD (x1),https://www.smrey.com/p/queso-crema-philadelphia-und-21000000142
Lacteos y Huevos - Quesos,Queso Crema Philadelphia de Cebollino y Cebolla,,675.00 USD (x1),https://www.smrey.com/p/queso-crema-philadelphia-de-cebollino-y-cebolla-212gr-21000007288
Lacteos y Huevos - Quesos,Queso Crema Philadelphia Salmón Ahumado 212gr,,675.00 USD (x1),https://www.smrey.com/p/queso-crema-philadelphia-salmon-ahumado-212gr-21000007318
Lacteos y Huevos - Quesos,Queso Crema Bonlac 200gr,,307.00 USD (x1),https://www.smrey.com/p/queso-crema-bonlac-200gr-12157901055
Lacteos y Huevos - Quesos,Queso Crema Bonlac Cultivada 200gr,,234.00 USD (x1),https://www.smrey.com/p/queso-crema-bonlac-cultivada-200gr-12157901062
Lacteos y Huevos - Quesos,Crema Cultivada Bonlac 907gr,,750.00 USD (x1),https://www.smrey.com/p/crema-cultivada-bonlac-907gr-12157301060
Lacteos y Huevos - Quesos,Queso Crema Bonlac 907gr,,945.00 USD (x1),https://www.smrey.com/p/queso-crema-bonlac-907gr-12157301053
Lacteos y Huevos - Quesos,Queso Crema Philadelphia Original 340gr,,1025.00 USD (x1),https://www.smrey.com/p/queso-crema-philadelphia-original-340gr-21000616886
Lacteos y Huevos - Quesos,Queso Mozzarella Belgioioso en Rebanada 453gr,,1065.00 USD (x1),https://www.smrey.com/p/queso-mozzarella-belgioioso-rebanada-453gr-31142000696
Lacteos y Huevos - Quesos,Queso Mini Ricotta Belgioioso 141gr,,240.00 USD (x1),https://www.smrey.com/p/queso-mini-ricotta-belgioioso-141gr-31142001655
Lacteos y Huevos - Quesos,Queso Edam Vonk al Granel,,169.00 USD (x1),https://www.smrey.com/p/queso-edam-vonk-al-granel-209273000001
Lacteos y Huevos - Quesos,Queso Gouda Vonk al Granel,,169.00 USD (x1),https://www.smrey.com/p/queso-gouda-vonk-al-granel-209272000002
Lacteos y Huevos - Quesos,Queso Cabra Vonk al Granel,,265.00 USD (x1),https://www.smrey.com/p/queso-cabra-vonk-al-granel-207732000005
Lacteos y Huevos - Quesos,Queso Crema Philadelphia Ligera 226gr,,675.00 USD (x1),https://www.smrey.com/p/queso-crema-philadelphia-ligera-226gr-21000000289
Lacteos y Huevos - Quesos,Queso Cheddar Maduro Superior al Granel,,165.00 USD (x1),https://www.smrey.com/p/queso-cheddar-maduro-superior-al-granel-207792000007
Lacteos y Huevos - Quesos,Queso Gouda Value 507 al Granel,,133.00 USD (x1),https://www.smrey.com/p/queso-gouda-value-507-al-granel-201509000007
Lacteos y Huevos - Quesos,Queso Cheddar Hill Valley al Granel,,167.00 USD (x1),https://www.smrey.com/p/queso-cheddar-hill-valley-al-granel-205688000001
Lacteos y Huevos - Quesos,Queso Suizo Hill Valley al Granel,,194.00 USD (x1),https://www.smrey.com/p/queso-suizo-hill-valley-al-granel-205695000001
Lacteos y Huevos - Quesos,Queso Edam Value 507 al Granel,,133.00 USD (x1),https://www.smrey.com/p/queso-edam-value-507-al-granel-201647000006
Lacteos y Huevos - Quesos,Queso Parmesano Belgioioso 147gr,,495.00 USD (x1),https://www.smrey.com/p/queso-parmesano-belgioioso-147gr-31142523744
Lacteos y Huevos - Quesos,Queso Parmesano Rallado A Heritage 85gr,,289.00 USD (x1),https://www.smrey.com/p/queso-parmesano-rallado-a-heritage-85gr-30900005454
Lacteos y Huevos - Quesos,Queso Americano Nestlé en Rebanadas 8und,,213.00 USD (x1),https://www.smrey.com/p/queso-americano-nestle-rebanadas-8und-209829000004
Lacteos y Huevos - Quesos,Queso Americano Nestlé en Rebanadas Und,,22.00 USD (x1),https://www.smrey.com/p/queso-americano-nestle-rebanadas-und-209762000000
Lacteos y Huevos - Quesos,Queso en Rebanadas Velveeta 340gr,,442.00 USD (x1),https://www.smrey.com/p/queso-rebanadas-velveeta-340gr-21000611447
Lacteos y Huevos - Quesos,Queso Tipo Americano Kraft Singles en Rebanadas,,383.00 USD (x1),https://www.smrey.com/p/queso-tipo-americano-kraft-singles-rebanadas-340gr-21000604739
Lacteos y Huevos - Quesos,Queso Americano Kraft 340gr,,471.00 USD (x1),https://www.smrey.com/p/queso-americano-kraft-340gr-21000604647
Lacteos y Huevos - Quesos,Queso Procesado President Und,,321.00 USD (x1),https://www.smrey.com/p/queso-procesado-president-und-3228023980186
Lacteos y Huevos - Quesos,Queso Parmesano Belgioioso Extra Añejo 226gr,,785.00 USD (x1),https://www.smrey.com/p/queso-parmesano-belgioioso-extra-anejo-226gr-31142379259
Lacteos y Huevos - Quesos,Queso Velveeta Original en Rebanada 453gr,,576.00 USD (x1),https://www.smrey.com/p/queso-velveeta-original-rebanada-453gr-21000611461
Lacteos y Huevos - Quesos,Queso Cheddar A Heritage Suave en Bloque 227ml,,457.00 USD (x1),https://www.smrey.com/p/queso-cheddar-a-heritage-suave-bloque-227ml-30900911618
Lacteos y Huevos - Quesos,Queso Romano Belgioioso 142gr,,475.00 USD (x1),https://www.smrey.com/p/queso-romano-belgioioso-142gr-31142526752
Lacteos y Huevos - Quesos,Queso Cheddar A Heritage Rallado 226gr,,429.00 USD (x1),https://www.smrey.com/p/queso-cheddar-a-heritage-rallado-226gr-30900204307
Lacteos y Huevos - Quesos,Queso Provolone Galbani al Granel,,180.00 USD (x1),https://www.smrey.com/p/queso-provolone-galbani-al-granel-209407000006
Lacteos y Huevos - Quesos,Queso Mozzarella Nestlé al Granel,,173.00 USD (x1),https://www.smrey.com/p/queso-mozzarella-nestle-al-granel-209947000009
Lacteos y Huevos - Quesos,Queso Amarillo Cheezpa Superior al Granel,,150.00 USD (x1),https://www.smrey.com/p/queso-amarillo-cheezpa-superior-al-granel-209790000003
Lacteos y Huevos - Quesos,Queso Sucedáneo Torito al Granel,,66.00 USD (x1),https://www.smrey.com/p/queso-sucedaneo-torito-al-granel-202491000006
Lacteos y Huevos - Quesos,Queso Muenster Paisa al Granel,,157.00 USD (x1),https://www.smrey.com/p/queso-muenster-paisa-al-granel-202720000005
Lacteos y Huevos - Quesos,Queso Monterrey Jack Superior al Granel,,167.00 USD (x1),https://www.smrey.com/p/queso-monterrey-jack-superior-al-granel-201195000008
Lacteos y Huevos - Quesos,Queso Muenster Don Pedro al Granel,,167.00 USD (x1),https://www.smrey.com/p/queso-muenster-don-pedro-al-granel-209256000004
Lacteos y Huevos - Quesos,Queso Mozzarella Nestlé Individual,,27.00 USD (x1),https://www.smrey.com/p/queso-mozzarella-nestle-individual-200346000003
Lacteos y Huevos - Quesos,Queso Cheddar Kraft Deluxe Und,,502.00 USD (x1),https://www.smrey.com/p/queso-cheddar-kraft-deluxe-und-21000602568
Lacteos y Huevos - Quesos,Queso Parmesano Rallado Belgioioso 141gr,,495.00 USD (x1),https://www.smrey.com/p/queso-parmesano-rallado-belgioioso-141gr-31142359022
Lacteos y Huevos - Quesos,Queso Rebanado President Ligero 200gr,,429.00 USD (x1),https://www.smrey.com/p/queso-rebanado-president-ligero-200gr-3228022960066
Lacteos y Huevos - Quesos,Queso Parmesano Belgioioso Recién Rallado 141gr,,495.00 USD (x1),https://www.smrey.com/p/queso-parmesano-belgioioso-recien-rallado-141gr-31142359008
Lacteos y Huevos - Quesos,Queso Blanco Prensado con Sal Superior al Grane,,135.00 USD (x1),https://www.smrey.com/p/queso-blanco-prensado-con-sal-superior-al-granel-207788000004
Lacteos y Huevos - Quesos,Queso Cremoso Ligero al Granel,,158.00 USD (x1),https://www.smrey.com/p/queso-cremoso-ligero-al-granel-206316000004
Lacteos y Huevos - Quesos,Queso Americano Borden al Granel,,163.00 USD (x1),https://www.smrey.com/p/queso-americano-borden-al-granel-202716000002
Lacteos y Huevos - Quesos,Queso Ahumado Natural Grand Or al Granel,,172.00 USD (x1),https://www.smrey.com/p/queso-ahumado-natural-grand-or-al-granel-202557000001
Lacteos y Huevos - Quesos,Queso Prensado con Sal Don Pedro al Granel,,130.00 USD (x1),https://www.smrey.com/p/queso-prensado-con-sal-don-pedro-al-granel-202038000001
Lacteos y Huevos - Quesos,Queso Pepper Jack al Granel,,172.00 USD (x1),https://www.smrey.com/p/queso-pepper-jack-al-granel-202048000008
Lacteos y Huevos - Quesos,Queso Sucrem And Mozzarella Sucedáneo Borden al,,102.00 USD (x1),https://www.smrey.com/p/queso-sucrem-and-mozzarella-sucedaneo-borden-al-granel-203510000007
Lacteos y Huevos - Quesos,Queso Provolone Don Pedro al Granel,,172.00 USD (x1),https://www.smrey.com/p/queso-provolone-don-pedro-al-granel-209252000008
Lacteos y Huevos - Quesos,Queso Americano Ligero Superior al Granel,,150.00 USD (x1),https://www.smrey.com/p/queso-americano-ligero-superior-al-granel-206146000007
Lacteos y Huevos - Quesos,Queso Muenster al Granel,,226.00 USD (x1),https://www.smrey.com/p/queso-muenster-al-granel-207801000004
Lacteos y Huevos - Quesos,Queso Americano Superior Procesado Und,,20.00 USD (x1),https://www.smrey.com/p/queso-americano-superior-procesado-und-202493000004
Lacteos y Huevos - Quesos,Queso Blanco Prensado Don Pedro al Granel,,123.00 USD (x1),https://www.smrey.com/p/queso-blanco-prensado-don-pedro-al-granel-207862000005
Lacteos y Huevos - Quesos,Queso Blanco Hill Valley Importado al Granel,,161.00 USD (x1),https://www.smrey.com/p/queso-blanco-hill-valley-importado-al-granel-202281000001
Lacteos y Huevos - Quesos,Queso Blanco Don Pedro Bajo en Sal al Granel,,174.00 USD (x1),https://www.smrey.com/p/queso-blanco-don-pedro-bajo-sal-al-granel-207082000007
Lacteos y Huevos - Quesos,Queso Blanco Importado Don Pedro al Granel,,174.00 USD (x1),https://www.smrey.com/p/queso-blanco-importado-don-pedro-al-granel-209093000007
Lacteos y Huevos - Quesos,Queso Blanco Cremoso Extra-Calcio al Granel,,158.00 USD (x1),https://www.smrey.com/p/queso-blanco-cremoso-extra-calcio-al-granel-202845000003
Lacteos y Huevos - Quesos,Queso Gouda Natural Borden en Rebanadas 170gr,,380.00 USD (x1),https://www.smrey.com/p/queso-gouda-natural-borden-rebanadas-170gr-53000067283
Lacteos y Huevos - Quesos,Queso Azul en Trozo Castello 100gr,,449.00 USD (x1),https://www.smrey.com/p/queso-azul-trozo-castello-100gr-5760466819602
Lacteos y Huevos - Quesos,Queso Cheddar Natural Borden Suave en Rebanadas,,380.00 USD (x1),https://www.smrey.com/p/queso-cheddar-natural-borden-suave-rebanadas-170gr-53000052364
Lacteos y Huevos - Quesos,Queso Feta Apetina 200gr,,475.00 USD (x1),https://www.smrey.com/p/queso-feta-apetina-200gr-5760466912556
Lacteos y Huevos - Quesos,Queso Apetina en Aceite con Finas Hierbas 80gr,,367.00 USD (x1),https://www.smrey.com/p/queso-apetina-aceite-con-finas-hierbas-80gr-5760466761697
Lacteos y Huevos - Quesos,Queso Feta Kalamata Apetina Und,,387.00 USD (x1),https://www.smrey.com/p/queso-feta-kalamata-apetina-und-5760466761710
Lacteos y Huevos - Quesos,Queso Feta Salmuera Apetina 200gr,,555.00 USD (x1),https://www.smrey.com/p/queso-feta-salmuera-apetina-200gr-5760466630016
Lacteos y Huevos - Quesos,Queso Apetina en Aceite 150gr,,650.00 USD (x1),https://www.smrey.com/p/queso-apetina-aceite-150gr-5711953014208
Lacteos y Huevos - Quesos,Queso Gouda Ahumado Castello Rueda 170gr,,680.00 USD (x1),https://www.smrey.com/p/queso-gouda-ahumado-castello-rueda-170gr-654858704551
Lacteos y Huevos - Quesos,Cuñas de Queso de Cabra El Corte Inglés 250gr,,830.00 USD (x1),https://www.smrey.com/p/cunas-de-queso-de-cabra-el-corte-ingles-250gr-8433329127240
Lacteos y Huevos - Quesos,Queso Crema Arla Cebollina 200gr,,380.00 USD (x1),https://www.smrey.com/p/queso-crema-arla-cebollina-200gr-5711953158520
Lacteos y Huevos - Quesos,Queso Americano Borden sin Lactosa 216gr,,380.00 USD (x1),https://www.smrey.com/p/queso-americano-borden-sin-lactosa-216gr-53000009023
Lacteos y Huevos - Quesos,Queso Borden Mate Mozzarella 207ml,,151.00 USD (x1),https://www.smrey.com/p/queso-borden-mate-mozzarella-207ml-7103026288001
Lacteos y Huevos - Quesos,Queso Americano Borden Regular en Rebanada 198g,,342.00 USD (x1),https://www.smrey.com/p/queso-americano-borden-regular-rebanada-198gr-53000003502
Lacteos y Huevos - Quesos,Queso Value 507 Procesado Americano 384gr,,555.00 USD (x1),https://www.smrey.com/p/queso-value-507-procesado-americano-384gr-7453009227474
Lacteos y Huevos - Quesos,Queso Value 507 Procesado Americano 192gr,,285.00 USD (x1),https://www.smrey.com/p/queso-value-507-procesado-americano-192gr-7453009227221
Lacteos y Huevos - Quesos,Queso Value 507 Procesado Americano 128gr,,191.00 USD (x1),https://www.smrey.com/p/queso-value-507-procesado-americano-128gr-7453009227214
Lacteos y Huevos - Quesos,Queso Americano Borden Amarillo Sandwich Mate 2,,175.00 USD (x1),https://www.smrey.com/p/queso-americano-borden-amarillo-sandwich-mate-207ml-7103025288002
Lacteos y Huevos - Quesos,Queso Havarti Rebanado Arla 150gr,,509.00 USD (x1),https://www.smrey.com/p/queso-havarti-rebanado-arla-150gr-5711953013102
Lacteos y Huevos - Quesos,Cuatro Quesos Estilo Mexicano Borden Rallado 22,,565.00 USD (x1),https://www.smrey.com/p/cuatro-quesos-estilo-mexicano-borden-rallado-226gr-53000068860
Lacteos y Huevos - Quesos,Queso Mozzarella A Heritage Rallado 226gr,,393.00 USD (x1),https://www.smrey.com/p/queso-mozzarella-a-heritage-rallado-226gr-71505018821
Lacteos y Huevos - Quesos,Queso Rallado para Tacos Borden 226gr,,566.00 USD (x1),https://www.smrey.com/p/queso-rallado-tacos-borden-226gr-53000068280
Lacteos y Huevos - Quesos,Queso Sargento Rallado para Nachos y Tacos 226g,,674.00 USD (x1),https://www.smrey.com/p/queso-sargento-rallado-nachos-y-tacos-226gr-46100400418
Lacteos y Huevos - Quesos,Queso Mozzarella Sargento en Rebanada 226gr,,736.00 USD (x1),https://www.smrey.com/p/queso-mozzarella-sargento-rebanada-226gr-46100001257
Lacteos y Huevos - Quesos,Queso Gouda Arla Rebanado 150gr,,509.00 USD (x1),https://www.smrey.com/p/queso-gouda-arla-rebanado-150gr-5711953013089
Lacteos y Huevos - Quesos,Queso Crema Arla Natural 200gr,,340.00 USD (x1),https://www.smrey.com/p/queso-crema-arla-natural-200gr-5711953158421
Lacteos y Huevos - Quesos,Queso Crema Arla Hierbas y Ajo sin Lactosa 200g,,353.00 USD (x1),https://www.smrey.com/p/queso-crema-arla-hierbas-y-ajo-sin-lactosa-200gr-5711953158483
Lacteos y Huevos - Quesos,Seis Quesos Estilo Italiano Borden Rallado 226g,,566.00 USD (x1),https://www.smrey.com/p/seis-quesos-estilo-italiano-borden-rallado-226gr-53000068426
Lacteos y Huevos - Quesos,Queso Borden Mozzarella Rallado 226gr,,524.00 USD (x1),https://www.smrey.com/p/queso-borden-mozzarella-rallado-226gr-53000071709
Lacteos y Huevos - Quesos,Queso String Shreiber 283gr,,667.00 USD (x1),https://www.smrey.com/p/queso-string-shreiber-283gr-71505020480
Lacteos y Huevos - Quesos,Queso Americano Borden Regular en Rebanada 368g,,666.00 USD (x1),https://www.smrey.com/p/queso-americano-borden-regular-rebanada-368gr-53000003700
Lacteos y Huevos - Quesos,Queso Triple Cheddar Borden Rallado 226gr,,550.00 USD (x1),https://www.smrey.com/p/queso-triple-cheddar-borden-rallado-226gr-53000053491
Lacteos y Huevos - Quesos,Queso Mozzarella Borden Ligero 198gr,,359.00 USD (x1),https://www.smrey.com/p/queso-mozzarella-borden-ligero-198gr-53000016052
Lacteos y Huevos - Quesos,Queso Mozzarella y Provolone Borden 236ml,,543.00 USD (x1),https://www.smrey.com/p/queso-mozzarella-y-provolone-borden-236ml-53000071730
Lacteos y Huevos - Quesos,Queso Parmesano Rallado y Romano Sargento 226gr,,695.00 USD (x1),https://www.smrey.com/p/queso-parmesano-rallado-y-romano-sargento-226gr-46100005200
Lacteos y Huevos - Quesos,Queso Mozzarella Borden Natural Und,,380.00 USD (x1),https://www.smrey.com/p/queso-mozzarella-borden-natural-und-53000071402
Lacteos y Huevos - Quesos,Queso Arla Mozzarella Rallado 200gr,,552.00 USD (x1),https://www.smrey.com/p/queso-arla-mozzarella-rallado-200gr-5711953091940
Lacteos y Huevos - Quesos,Queso Dodoni Saganaki 100G,,903.00 USD (x1),https://www.smrey.com/p/queso-dodoni-saganaki-100g-5201168615159
Lacteos y Huevos - Quesos,LUNCHITAS MONTERREY JACK 8 OZ,,315.00 USD (x1),https://www.smrey.com/p/lunchitas-monterrey-jack-8-oz-55517008025
Lacteos y Huevos - Quesos,Queso Mozzarella Superior Ligero 180gr,,306.00 USD (x1),https://www.smrey.com/p/queso-mozzarella-superior-ligero-180gr-7451010672009
Lacteos y Huevos - Quesos,Queso Parmesano Superior Molido 45gr,,113.00 USD (x1),https://www.smrey.com/p/queso-parmesano-superior-molido-45gr-7451010600712
Lacteos y Huevos - Quesos,Queso Feta Cremoso al Vacío 150gr,,369.00 USD (x1),https://www.smrey.com/p/queso-feta-cremoso-al-vacio-150gr-7451015608133
Lacteos y Huevos - Quesos,Queso Feta Cremoso en Pote 2000gr,,529.00 USD (x1),https://www.smrey.com/p/queso-feta-cremoso-pote-2000gr-7451015608140
Lacteos y Huevos - Quesos,Queso Mozzarella Derilacpa 250gr,,396.00 USD (x1),https://www.smrey.com/p/queso-mozzarella-derilacpa-250gr-7451106760207
Lacteos y Huevos - Quesos,Queso Fresco Molido Deslactosado Superior 1.28g,,190.00 USD (x1),https://www.smrey.com/p/queso-fresco-molido-deslactosado-superior-128gr-7451010673464
Lacteos y Huevos - Quesos,Queso Estilo Doble Crema Superior Cremoso Und,,426.00 USD (x1),https://www.smrey.com/p/queso-estilo-doble-crema-superior-cremoso-und-7451010672900
Lacteos y Huevos - Quesos,Queso Mozzarella Fresco Superior 156gr,,265.00 USD (x1),https://www.smrey.com/p/queso-mozzarella-fresco-superior-156gr-7451010673457
Lacteos y Huevos - Quesos,Queso Fresco Prensado Superior 128gr,,169.00 USD (x1),https://www.smrey.com/p/queso-fresco-prensado-superior-128gr-7451010673440
Lacteos y Huevos - Quesos,Queso Molido Antaura 227gr,,245.00 USD (x1),https://www.smrey.com/p/queso-molido-antaura-227gr-7451109000089
Lacteos y Huevos - Quesos,Queso Blanco Superior Molido 128gr,,140.00 USD (x1),https://www.smrey.com/p/queso-blanco-superior-molido-128gr-7451010673112
Lacteos y Huevos - Quesos,Queso Blanco Derilacpa Prensado 200gr,,239.00 USD (x1),https://www.smrey.com/p/queso-blanco-derilacpa-prensado-200gr-7451106760047
Lacteos y Huevos - Quesos,Queso Molido con Probióticos Superior 255gr,,343.00 USD (x1),https://www.smrey.com/p/queso-molido-con-probioticos-superior-255gr-7451010606660
Lacteos y Huevos - Quesos,Queso Blanco La Condesa con Grasa Vegetal 128G,,129.00 USD (x1),https://www.smrey.com/p/queso-blanco-la-condesa-con-grasa-vegetal-128g-7451010673068
Lacteos y Huevos - Quesos,Queso Blanco Superior Prensado 737gr,,374.00 USD (x1),https://www.smrey.com/p/queso-blanco-superior-prensado-737gr-7451010606622
Lacteos y Huevos - Quesos,Queso Blanco Bajo en Sal Superior Prensado 50%,,419.00 USD (x1),https://www.smrey.com/p/queso-blanco-bajo-sal-superior-prensado-50-menos-grasa-311gr-7451010600460
Lacteos y Huevos - Quesos,Queso Blanco Chiricano Superior 255gr,,410.00 USD (x1),https://www.smrey.com/p/queso-blanco-chiricano-superior-255gr-7451010600422
Lacteos y Huevos - Quesos,Queso Blanco Quiny Molido 250gr,,281.00 USD (x1),https://www.smrey.com/p/queso-blanco-quiny-molido-250gr-7451082610015
Lacteos y Huevos - Quesos,Queso Prensado Quiny 250gr,,300.00 USD (x1),https://www.smrey.com/p/queso-prensado-quiny-250gr-7451082610053
Lacteos y Huevos - Quesos,Queso Crema Superior 500gr,,545.00 USD (x1),https://www.smrey.com/p/queso-crema-superior-500gr-7451010673136
Lacteos y Huevos - Quesos,Queso Crema Superior 3.78lt,,300.00 USD (x1),https://www.smrey.com/p/queso-crema-superior-378lt-7451010672757
Lacteos y Huevos - Quesos,Queso Crema Superior Cultivada Agria 226gr,,226.00 USD (x1),https://www.smrey.com/p/queso-crema-superior-cultivada-agria-226gr-7451010672887
Lacteos y Huevos - Quesos,Natilla Superior 220gr,,292.00 USD (x1),https://www.smrey.com/p/natilla-superior-220gr-7451010672795
Lacteos y Huevos - Quesos,Queso Crema Cremoso Ajo y Finas Hierbas 200gr,,472.00 USD (x1),https://www.smrey.com/p/queso-crema-cremoso-ajo-y-finas-hierbas-200gr-7451015608515
Lacteos y Huevos - Quesos,Queso Parmesano Don Don Rallado 45gr,,157.00 USD (x1),https://www.smrey.com/p/queso-parmesano-don-don-rallado-45gr-7451008521975
Lacteos y Huevos - Quesos,Queso Prensado Chela con Sal 227gr,,395.00 USD (x1),https://www.smrey.com/p/queso-prensado-chela-con-sal-227gr-7451010461191
Lacteos y Huevos - Quesos,Queso Parmesano Rallado Parmigiana 226gr,,745.00 USD (x1),https://www.smrey.com/p/queso-parmesano-rallado-parmigiana-226gr-7451022509003
Lacteos y Huevos - Quesos,Queso Parmesano Parmigiana 85gr,,415.00 USD (x1),https://www.smrey.com/p/queso-parmesano-parmigiana-85gr-7451022509010
Lacteos y Huevos - Quesos,Queso Cremoso Ligero en Rebanada 213gr,,284.00 USD (x1),https://www.smrey.com/p/queso-cremoso-ligero-rebanada-213gr-7451017800078
Lacteos y Huevos - Quesos,Queso con Pimiento Cremoso en Rebanada 213gr,,349.00 USD (x1),https://www.smrey.com/p/queso-con-pimiento-cremoso-rebanada-213gr-7451017800030
Lacteos y Huevos - Quesos,Queso Americano Superior Regular 360gr,,598.00 USD (x1),https://www.smrey.com/p/queso-americano-superior-regular-360gr-7451010665551
Lacteos y Huevos - Quesos,Queso con Pimiento Cremoso en Rebanada 142gr,,223.00 USD (x1),https://www.smrey.com/p/queso-con-pimiento-cremoso-rebanada-142gr-7451017807879
Lacteos y Huevos - Quesos,Queso Cremoso en Rebanada Und,,216.00 USD (x1),https://www.smrey.com/p/queso-cremoso-rebanada-und-7451017807848
Lacteos y Huevos - Quesos,Queso Cremoso en Rebanada Und,,318.00 USD (x1),https://www.smrey.com/p/queso-cremoso-rebanada-und-7451017800023
Lacteos y Huevos - Quesos,Queso Cremoso en Rebanada Und,,641.00 USD (x1),https://www.smrey.com/p/queso-cremoso-rebanada-und-7451017807862
Lacteos y Huevos - Quesos,Queso Superior Mozzarella en Rebanadas Und,,485.00 USD (x1),https://www.smrey.com/p/queso-superior-mozzarella-rebanadas-und-7451010606592
Lacteos y Huevos - Quesos,Queso Prensado Antaura 227gr,,290.00 USD (x1),https://www.smrey.com/p/queso-prensado-antaura-227gr-7451109000140
Lacteos y Huevos - Quesos,Queso Suizo Superior 180gr,,326.00 USD (x1),https://www.smrey.com/p/queso-suizo-superior-180gr-7451010606608
Lacteos y Huevos - Quesos,Queso Americano Superior Original 180gr,,306.00 USD (x1),https://www.smrey.com/p/queso-americano-superior-original-180gr-7451010671873
Lacteos y Huevos - Quesos,Queso Americano Superior Ligero 360gr,,609.00 USD (x1),https://www.smrey.com/p/queso-americano-superior-ligero-360gr-7451010600729
Lacteos y Huevos - Quesos,Queso Cremoso Ligero en Rebanada 426gr,,609.00 USD (x1),https://www.smrey.com/p/queso-cremoso-ligero-rebanada-426gr-7451017800085
Lacteos y Huevos - Quesos,Queso Superior Mozzarella en Rebanadas Ligero 3,,603.00 USD (x1),https://www.smrey.com/p/queso-superior-mozzarella-rebanadas-ligero-360gr-7451010660051
Lacteos y Huevos - Quesos,Queso Cheddar Superior Amarillo Und,,448.00 USD (x1),https://www.smrey.com/p/queso-cheddar-superior-amarillo-und-7451010606707
Lacteos y Huevos - Quesos,Queso Cheddar Superior Ahumado Und,,448.00 USD (x1),https://www.smrey.com/p/queso-cheddar-superior-ahumado-und-7451010606745
Lacteos y Huevos - Quesos,Queso Monterrey Jack Superior Und,,448.00 USD (x1),https://www.smrey.com/p/queso-monterrey-jack-superior-und-7451010606783
Lacteos y Huevos - Quesos,Queso Tipo Americano Superior Ligero 180gr,,336.00 USD (x1),https://www.smrey.com/p/queso-tipo-americano-superior-ligero-180gr-7451010671941
Lacteos y Huevos - Quesos,Queso Analogo Procesado El Torito Blanco 12und,,171.00 USD (x1),https://www.smrey.com/p/queso-analogo-procesado-el-torito-blanco-12und-7451010606950
Lacteos y Huevos - Quesos,Queso Crema Superior 907gr,,905.00 USD (x1),https://www.smrey.com/p/queso-crema-superior-907gr-7451010673570
Lacteos y Huevos - Quesos,Queso Analogo Procesado El Torito Amarillo 12un,,171.00 USD (x1),https://www.smrey.com/p/queso-analogo-procesado-el-torito-amarillo-12und-7451010600293
Lacteos y Huevos - Quesos,Queso Muenster Superior 12und,,326.00 USD (x1),https://www.smrey.com/p/queso-muenster-superior-12und-7451010672801
Lacteos y Huevos - Quesos,Queso Americano Superior Cheezpa 180gr,,326.00 USD (x1),https://www.smrey.com/p/queso-americano-superior-cheezpa-180gr-7451010673105
Lacteos y Huevos - Quesos,Natilla Superior 500gr,,591.00 USD (x1),https://www.smrey.com/p/natilla-superior-500gr-7451010673013
Lacteos y Huevos - Quesos,Queso Superior Fresco Deslactosado 240gr,,374.00 USD (x1),https://www.smrey.com/p/queso-superior-fresco-deslactosado-240gr-7451010672931
Lacteos y Huevos - Quesos,Queso Cheddar Superior Blanco Und,,448.00 USD (x1),https://www.smrey.com/p/queso-cheddar-superior-blanco-und-7451010607285
Lacteos y Huevos - Quesos,Queso Prensado Derilacpa en Barra al Granel,,113.00 USD (x1),https://www.smrey.com/p/queso-prensado-derilacpa-barra-al-granel-209573000008
Lacteos y Huevos - Quesos,Queso Mozzarella Derilacpa en Barra al Granel,,141.00 USD (x1),https://www.smrey.com/p/queso-mozzarella-derilacpa-barra-al-granel-209574000007
Lacteos y Huevos - Quesos,Queso Gouda Castello 198gr,,680.00 USD (x1),https://www.smrey.com/p/queso-gouda-castello-198gr-654858704490
Lacteos y Huevos - Quesos,Queso Provolone Paisa al Granel,,169.00 USD (x1),https://www.smrey.com/p/queso-provolone-paisa-al-granel-202723000002
Lacteos y Huevos - Quesos,Queso Mozzarella El Che al Granel,,113.00 USD (x1),https://www.smrey.com/p/queso-mozzarella-el-che-al-granel-202462000004
Lacteos y Huevos - Quesos,Queso Mozzarella Belgioioso Snack 170gr,,585.00 USD (x1),https://www.smrey.com/p/queso-mozzarella-belgioioso-snack-170gr-31142004724
Lacteos y Huevos - Quesos,Queso Belgioioso Mozzarella Fresco Perla 226gr,,565.00 USD (x1),https://www.smrey.com/p/queso-belgioioso-mozzarella-fresco-perla-226gr-31142004809
Lacteos y Huevos - Quesos,Queso Mozzarella El Che 340gr,,456.00 USD (x1),https://www.smrey.com/p/queso-mozzarella-el-che-340gr-7451109070013
Lacteos y Huevos - Quesos,Queso Dutch Farms Mozzarella en Trozo 227gr,,451.00 USD (x1),https://www.smrey.com/p/queso-dutch-farms-mozzarella-trozo-227gr-91945980809
Lacteos y Huevos - Quesos,Queso Camembert President 125gr,,515.00 USD (x1),https://www.smrey.com/p/queso-camembert-president-125gr-3228020481846
Lacteos y Huevos - Quesos,Queso Blanco La Cholita Prensado 200gr,,260.00 USD (x1),https://www.smrey.com/p/queso-blanco-la-cholita-prensado-200gr-7452102190012
Lacteos y Huevos - Quesos,Queso Mozzarella Chela 227gr,,460.00 USD (x1),https://www.smrey.com/p/queso-mozzarella-chela-227gr-7451010461221
Lacteos y Huevos - Quesos,Queso Prensado Amma 220gr,,250.00 USD (x1),https://www.smrey.com/p/queso-prensado-amma-220gr-7452102280737
Lacteos y Huevos - Quesos,Queso Burrata Belgioioso 226gr,,845.00 USD (x1),https://www.smrey.com/p/queso-burrata-belgioioso-226gr-31142001143
Lacteos y Huevos - Quesos,Queso Ricotta Galbani de Leche Entera 425gr,,699.00 USD (x1),https://www.smrey.com/p/queso-ricotta-galbani-de-leche-entera-425gr-74030103000
Lacteos y Huevos - Quesos,Queso Blanco Value 507 Prensado 200gr,,235.00 USD (x1),https://www.smrey.com/p/queso-blanco-value-507-prensado-200gr-7453009219165
Lacteos y Huevos - Quesos,Queso Feta Simple Desmenuzado President 170gr,,508.00 USD (x1),https://www.smrey.com/p/queso-feta-simple-desmenuzado-president-170gr-77901007810
Lacteos y Huevos - Quesos,Queso Blanco Value 507 Bajo en Sal 200gr,,300.00 USD (x1),https://www.smrey.com/p/queso-blanco-value-507-bajo-sal-200gr-7453009221694
Lacteos y Huevos - Quesos,Queso Mozzarela Value 507 200gr,,370.00 USD (x1),https://www.smrey.com/p/queso-mozzarela-value-507-200gr-7453009220833
Lacteos y Huevos - Quesos,Queso Blanco Quesos Artesanales Duro 454gr,,699.00 USD (x1),https://www.smrey.com/p/queso-blanco-quesos-artesanales-duro-454gr-7451106760023
Lacteos y Huevos - Quesos,Queso Blanco Amma Molido 202gr,,250.00 USD (x1),https://www.smrey.com/p/queso-blanco-amma-molido-202gr-7452102280768
Lacteos y Huevos - Quesos,Queso Guayanes Quesos Artesanales Und,,705.00 USD (x1),https://www.smrey.com/p/queso-guayanes-quesos-artesanales-und-7451106760016
Lacteos y Huevos - Quesos,Queso Telita Quesos Artesanales Und,,705.00 USD (x1),https://www.smrey.com/p/queso-telita-quesos-artesanales-und-7451106760030
Lacteos y Huevos - Quesos,Queso El Recreo de Finca 300gr,,400.00 USD (x1),https://www.smrey.com/p/queso-el-recreo-de-finca-300gr-7451109070297
Lacteos y Huevos - Quesos,Queso Holandes Vonk Gouda 250gr,,691.00 USD (x1),https://www.smrey.com/p/queso-holandes-vonk-gouda-250gr-8710866059556
Lacteos y Huevos - Quesos,Queso de Cabra Vonk 400gr,,1612.00 USD (x1),https://www.smrey.com/p/queso-de-cabra-vonk-400gr-8716605000285
Lacteos y Huevos - Quesos,Queso Gouda Grand Or en Porción 25gr,,428.00 USD (x1),https://www.smrey.com/p/queso-gouda-grand-or-porcion-25gr-8716605001152
Lacteos y Huevos - Quesos,Queso Colby Dutch Farms 227gr,,444.00 USD (x1),https://www.smrey.com/p/queso-colby-dutch-farms-227gr-91945680808
Lacteos y Huevos - Quesos,Queso Provolone Hill Valley en Rebanada 170gr,,501.00 USD (x1),https://www.smrey.com/p/queso-provolone-hill-valley-rebanada-170gr-7452102280058
Lacteos y Huevos - Quesos,Rulo de Queso de Cabra El Pastor 110gr,,472.00 USD (x1),https://www.smrey.com/p/rulo-de-queso-de-cabra-el-pastor-110gr-8413376022965
Lacteos y Huevos - Quesos,Queso Rulo de Cabra El Pastor con Piña 110gr,,472.00 USD (x1),https://www.smrey.com/p/queso-rulo-de-cabra-el-pastor-con-pina-110gr-8413376023245
Lacteos y Huevos - Quesos,Queso Crema Arla sin Lactosa 200gr,,380.00 USD (x1),https://www.smrey.com/p/queso-crema-arla-sin-lactosa-200gr-5711953158476
Lacteos y Huevos - Quesos,Queso Crema Arla Natural 12gr,,480.00 USD (x1),https://www.smrey.com/p/queso-crema-arla-natural-12gr-5711953158407
Lacteos y Huevos - Quesos,Queso Crema Orgánico Arla 150gr,,285.00 USD (x1),https://www.smrey.com/p/queso-crema-organico-arla-150gr-5711953113338
Lacteos y Huevos - Quesos,Queso Ricotta Derilacpa 500gr,,465.00 USD (x1),https://www.smrey.com/p/queso-ricotta-derilacpa-500gr-7451106760436
Lacteos y Huevos - Quesos,Rulo de Cabra El Pastor con Papaya 110G,,440.00 USD (x1),https://www.smrey.com/p/rulo-de-cabra-el-pastor-con-papaya-110g-8413376024877
Lacteos y Huevos - Quesos,Queso Parmesano Belgioioso Snack 147gr,,590.00 USD (x1),https://www.smrey.com/p/queso-parmesano-belgioioso-snack-147gr-31142399301
Lacteos y Huevos - Quesos,Queso Provolone Natural Zanetti Rebanado 120gr,,358.00 USD (x1),https://www.smrey.com/p/queso-provolone-natural-zanetti-rebanado-120gr-7452102280393
Lacteos y Huevos - Quesos,Queso Cabra Tierno El Pastor al Granel,,356.00 USD (x1),https://www.smrey.com/p/queso-cabra-tierno-el-pastor-al-granel-207753000008
Lacteos y Huevos - Quesos,Queso Crema 100% Vegano Violife 200gr,,551.00 USD (x1),https://www.smrey.com/p/queso-crema-100-vegano-violife-200gr-5202390013836
Lacteos y Huevos - Quesos,Queso Feta Kolios sin Lactosa Bloque 150gr,,467.00 USD (x1),https://www.smrey.com/p/queso-feta-kolios-sin-lactosa-bloque-150gr-5201704054763
Lacteos y Huevos - Quesos,Queso Feta Kolios Bajo en Sal Bloque 150gr,,460.00 USD (x1),https://www.smrey.com/p/queso-feta-kolios-bajo-sal-bloque-150gr-5201704054725
Lacteos y Huevos - Quesos,Queso Colby Jack Hill Valey al Granel,,179.00 USD (x1),https://www.smrey.com/p/queso-colby-jack-hill-valey-al-granel-205690000006
Lacteos y Huevos - Quesos,Queso Mezcla Añejo El Pastor sin Lactosa Cuña 2,,696.00 USD (x1),https://www.smrey.com/p/queso-mezcla-anejo-el-pastor-sin-lactosa-cuna-200gr-8413376028356
Lacteos y Huevos - Quesos,Queso Mozzarella Nestlé en Rebanadas 52und,,1359.00 USD (x1),https://www.smrey.com/p/queso-mozzarella-nestle-rebanadas-52und-7613035041523
Lacteos y Huevos - Quesos,Queso Marble Jack Dutch Farms 227gr,,444.00 USD (x1),https://www.smrey.com/p/queso-marble-jack-dutch-farms-227gr-91945880802
Lacteos y Huevos - Quesos,Queso Muenster en Trozo Dutch Farms Und,,451.00 USD (x1),https://www.smrey.com/p/queso-muenster-trozo-dutch-farms-und-91945380104
Lacteos y Huevos - Quesos,Queso Havarti Castello con Jalapeño 227gr,,559.00 USD (x1),https://www.smrey.com/p/queso-havarti-castello-con-jalapeno-227gr-93936680033
Lacteos y Huevos - Quesos,Queso Gouda Rebanado Grand Or 160gr,,407.00 USD (x1),https://www.smrey.com/p/queso-gouda-rebanado-grand-or-160gr-8716605002081
Lacteos y Huevos - Quesos,Queso Edam Rebanado Grand Or 160gr,,407.00 USD (x1),https://www.smrey.com/p/queso-edam-rebanado-grand-or-160gr-8716605002098
Lacteos y Huevos - Quesos,Queso Muenster Rebanado Hill Valley 170gr,,501.00 USD (x1),https://www.smrey.com/p/queso-muenster-rebanado-hill-valley-170gr-7452102280041
Lacteos y Huevos - Quesos,Queso Blanco Grand Or Redecilla 100gr,,425.00 USD (x1),https://www.smrey.com/p/queso-blanco-grand-or-redecilla-100gr-8716605001169
Lacteos y Huevos - Quesos,Queso Mozzarella Importado Hill Valley Rebanado,,538.00 USD (x1),https://www.smrey.com/p/queso-mozzarella-importado-hill-valley-rebanado-170gr-7452102280096
Lacteos y Huevos - Quesos,Queso Mozzarella Dutch Farms Rallado 227gr,,453.00 USD (x1),https://www.smrey.com/p/queso-mozzarella-dutch-farms-rallado-227gr-91945908889
Lacteos y Huevos - Quesos,Queso Parmesano Dutch Farms Rallado 170gr,,455.00 USD (x1),https://www.smrey.com/p/queso-parmesano-dutch-farms-rallado-170gr-91945108890
Lacteos y Huevos - Quesos,Queso Quesadilla Dutch Farms Rallado 170gr,,455.00 USD (x1),https://www.smrey.com/p/queso-quesadilla-dutch-farms-rallado-170gr-91945199997
Lacteos y Huevos - Quesos,Queso Mozzarella Paisa Rallado 2lb,,1560.00 USD (x1),https://www.smrey.com/p/queso-mozzarella-paisa-rallado-2lb-838795000963
Lacteos y Huevos - Quesos,Queso Italiano Dutch Farms 226gr,,479.00 USD (x1),https://www.smrey.com/p/queso-italiano-dutch-farms-226gr-91945408884
Lacteos y Huevos - Quesos,Queso Mozzarella Borden Rallado 226gr,,550.00 USD (x1),https://www.smrey.com/p/queso-mozzarella-borden-rallado-226gr-53000071624
Lacteos y Huevos - Quesos,Queso Parmesano Rueda Zanetti al Granel,,220.00 USD (x1),https://www.smrey.com/p/queso-parmesano-rueda-zanetti-al-granel-207951000008
Lacteos y Huevos - Quesos,Queso Azul Castellano al Granel,,257.00 USD (x1),https://www.smrey.com/p/queso-azul-castellano-al-granel-207955000004
Lacteos y Huevos - Quesos,Queso Havarti Castello al Granel,,167.00 USD (x1),https://www.smrey.com/p/queso-havarti-castello-al-granel-207952000007
Lacteos y Huevos - Quesos,Queso Mozzarella Chela Fior Di Latte 350gr,,800.00 USD (x1),https://www.smrey.com/p/queso-mozzarella-chela-fior-di-latte-350gr-7451010461238
Lacteos y Huevos - Quesos,Queso Burrata Belgioioso con Trufa Negra 113gr,,885.00 USD (x1),https://www.smrey.com/p/queso-burrata-belgioioso-con-trufa-negra-113gr-31142001037
Lacteos y Huevos - Quesos,Queso Blanco Don Pedro Prensado con Sal Und,,440.00 USD (x1),https://www.smrey.com/p/queso-blanco-don-pedro-prensado-con-sal-und-7452103090243
Lacteos y Huevos - Quesos,Queso Baby Gouda Paisa 198ml,,590.00 USD (x1),https://www.smrey.com/p/queso-baby-gouda-paisa-198ml-838795001892
Lacteos y Huevos - Quesos,Queso Edam Castello Rueda 198gr,,680.00 USD (x1),https://www.smrey.com/p/queso-edam-castello-rueda-198gr-654858704544
Lacteos y Huevos - Quesos,Queso Holandes Edam Vonk 250gr,,612.00 USD (x1),https://www.smrey.com/p/queso-holandes-edam-vonk-250gr-8716605000278
Lacteos y Huevos - Quesos,Queso Gouda en Trozo Grand Or 142ml,,616.00 USD (x1),https://www.smrey.com/p/queso-gouda-trozo-grand-or-142ml-8716605002258
Lacteos y Huevos - Quesos,Queso Crema Paisa de Leche 226gr,,656.00 USD (x1),https://www.smrey.com/p/queso-crema-paisa-de-leche-226gr-838795000093
Lacteos y Huevos - Quesos,Queso 100% Vegano Violife Sabor Ahumado en Reba,,550.00 USD (x1),https://www.smrey.com/p/queso-100-vegano-violife-sabor-ahumado-rebanada-200gr-5202390016325
Lacteos y Huevos - Quesos,Queso Cheddar Paisa al Granel,,163.00 USD (x1),https://www.smrey.com/p/queso-cheddar-paisa-al-granel-202726000009
Lacteos y Huevos - Quesos,Queso Provolone Dutch Farms en Rebanada 170gr,,497.00 USD (x1),https://www.smrey.com/p/queso-provolone-dutch-farms-rebanada-170gr-91945301123
Lacteos y Huevos - Quesos,Queso Pepper Jack Hill Valley en Rebanada 170gr,,538.00 USD (x1),https://www.smrey.com/p/queso-pepper-jack-hill-valley-rebanada-170gr-7452102280034
Lacteos y Huevos - Quesos,Queso Provolone Dolce Simonini al Granel,,262.00 USD (x1),https://www.smrey.com/p/queso-provolone-dolce-simonini-al-granel-200172000000
Lacteos y Huevos - Quesos,Queso Kolios Halloumaki 227G,,565.00 USD (x1),https://www.smrey.com/p/queso-kolios-halloumaki-227g-5201704018048
Lacteos y Huevos - Quesos,Queso Blanco para Freír Paisa Und,,837.00 USD (x1),https://www.smrey.com/p/queso-blanco-freir-paisa-und-838795001311
Lacteos y Huevos - Quesos,Queso Gouda Grand Or Cheddar Blanco 180gr,,491.00 USD (x1),https://www.smrey.com/p/queso-gouda-grand-or-cheddar-blanco-180gr-8716605002111
Lacteos y Huevos - Quesos,Queso Mild Hill Valley Cheddar Rebanado 170gr,,538.00 USD (x1),https://www.smrey.com/p/queso-mild-hill-valley-cheddar-rebanado-170gr-7452102280072
Lacteos y Huevos - Quesos,Queso Suizo Hill Valley en Rebanada 170gr,,558.00 USD (x1),https://www.smrey.com/p/queso-suizo-hill-valley-rebanada-170gr-7452102280065
Lacteos y Huevos - Quesos,Queso Simonini Gorgonzola Dop 250G,,567.00 USD (x1),https://www.smrey.com/p/queso-simonini-gorgonzola-dop-250g-8001637404812
Lacteos y Huevos - Quesos,Tofu Morinaga Extra Firme 348gr,,350.00 USD (x1),https://www.smrey.com/p/tofu-morinaga-extra-firme-348gr-85696608051
Lacteos y Huevos - Quesos,Queso Clásico Vegano Kolios en Rebanada 140gr,,280.00 USD (x1),https://www.smrey.com/p/queso-clasico-vegano-kolios-rebanada-140gr-5201704002702
Lacteos y Huevos - Quesos,Queso Gouda Vonk al Granel,,202.00 USD (x1),https://www.smrey.com/p/queso-gouda-vonk-al-granel-209270000004
Lacteos y Huevos - Quesos,Queso Suizo Paisa al Granel,,206.00 USD (x1),https://www.smrey.com/p/queso-suizo-paisa-al-granel-202722000003
Lacteos y Huevos - Quesos,Queso Gouda Paisa al Granel,,156.00 USD (x1),https://www.smrey.com/p/queso-gouda-paisa-al-granel-200187000002
Lacteos y Huevos - Quesos,Queso Apetina con Tomates Secos 100gr,,350.00 USD (x1),https://www.smrey.com/p/queso-apetina-con-tomates-secos-100gr-5760466912198
Lacteos y Huevos - Quesos,Queso Madurado Rebanado Arla 150gr,,523.00 USD (x1),https://www.smrey.com/p/queso-madurado-rebanado-arla-150gr-5711953027277
Lacteos y Huevos - Quesos,Queso Mexicano Dutch Farms 226gr,,479.00 USD (x1),https://www.smrey.com/p/queso-mexicano-dutch-farms-226gr-91945808882
Lacteos y Huevos - Quesos,Queso Fondue Emmi Und,,1074.00 USD (x1),https://www.smrey.com/p/queso-fondue-emmi-und-7610900064045
Lacteos y Huevos - Quesos,Queso de Cabra El Pastor con Finas Hierbas Rulo,,440.00 USD (x1),https://www.smrey.com/p/queso-de-cabra-el-pastor-con-finas-hierbas-rulo-110gr-8413376024839
Lacteos y Huevos - Quesos,Queso Monterrey Jack Hill Valley al Granel,,177.00 USD (x1),https://www.smrey.com/p/queso-monterrey-jack-hill-valley-al-granel-205691000005
Lacteos y Huevos - Quesos,Queso Azul Castello Extra Cremoso 100gr,,473.00 USD (x1),https://www.smrey.com/p/queso-azul-castello-extra-cremoso-100gr-5760466736107
Lacteos y Huevos - Quesos,Queso Parmesano Rallado Value 507 226gr,,495.00 USD (x1),https://www.smrey.com/p/queso-parmesano-rallado-value-507-226gr-7453009246178
Lacteos y Huevos - Quesos,Queso Parmesano Bistro 360 453gr,,950.00 USD (x1),https://www.smrey.com/p/queso-parmesano-bistro-360-453gr-856849003104
Lacteos y Huevos - Quesos,Queso Emmental President al Granel,,236.00 USD (x1),https://www.smrey.com/p/queso-emmental-president-al-granel-207220000005
Lacteos y Huevos - Quesos,Queso Munchee Borden al Granel,,163.00 USD (x1),https://www.smrey.com/p/queso-munchee-borden-al-granel-202706000005
Lacteos y Huevos - Quesos,Queso Emmenthal Emmi en Barra 10und,,699.00 USD (x1),https://www.smrey.com/p/queso-emmenthal-emmi-barra-10und-7610900063031
Lacteos y Huevos - Quesos,Queso Gardeli de Trufa Grand Or 200gr,,994.00 USD (x1),https://www.smrey.com/p/queso-gardeli-de-trufa-grand-or-200gr-8716605004351
Lacteos y Huevos - Quesos,Queso Cottage Westby Bajo en Grasa 453gr,,575.00 USD (x1),https://www.smrey.com/p/queso-cottage-westby-bajo-grasa-453gr-750388002157
Lacteos y Huevos - Quesos,Queso Andino Don Joaquin 300G,,330.00 USD (x1),https://www.smrey.com/p/queso-andino-don-joaquin-300g-7451103020212
Lacteos y Huevos - Quesos,Tabla de Quesos y Jamón Serrano Garcia Baquero,,790.00 USD (x1),https://www.smrey.com/p/tabla-de-quesos-y-jamon-serrano-garcia-baquero-150gr-8412289006314
Lacteos y Huevos - Quesos,Queso Emmental Arla Rebanado 150gr,,509.00 USD (x1),https://www.smrey.com/p/queso-emmental-arla-rebanado-150gr-5711953013065
Lacteos y Huevos - Quesos,Queso de Oveja El Pastor con Trufas Cuña 150gr,,754.00 USD (x1),https://www.smrey.com/p/queso-de-oveja-el-pastor-con-trufas-cuna-150gr-8413376032728
Lacteos y Huevos - Quesos,Queso Mozzarella Kraft en Rebanada 198gr,,589.00 USD (x1),https://www.smrey.com/p/queso-mozzarella-kraft-rebanada-198gr-21000049080
Lacteos y Huevos - Quesos,Tapas de Quesos Party Españoles Garcia Baquero,,1620.00 USD (x1),https://www.smrey.com/p/tapas-de-quesos-party-espanoles-garcia-baquero-400gr-8412289004136
Lacteos y Huevos - Quesos,Queso Gouda Borden al Granel,,163.00 USD (x1),https://www.smrey.com/p/queso-gouda-borden-al-granel-202705000006
Lacteos y Huevos - Quesos,Tofu Orgánico House Foods Extra Firme 283gr,,460.00 USD (x1),https://www.smrey.com/p/tofu-organico-house-foods-extra-firme-283gr-76371012423
Lacteos y Huevos - Quesos,Queso Mozzarella Nestlé en Rebanadas 12und,,370.00 USD (x1),https://www.smrey.com/p/queso-mozzarella-nestle-rebanadas-12und-7613032739607
Lacteos y Huevos - Quesos,Queso Crystal Farms Mozzarella en Trozo 226gr,,565.00 USD (x1),https://www.smrey.com/p/queso-crystal-farms-mozzarella-trozo-226gr-75925300191
Lacteos y Huevos - Quesos,Queso Ibérico Gran Cardenal Curado 150gr,,400.00 USD (x1),https://www.smrey.com/p/queso-iberico-gran-cardenal-curado-150gr-8420891115317
Lacteos y Huevos - Quesos,Queso Brie Castello 125gr,,510.00 USD (x1),https://www.smrey.com/p/queso-brie-castello-125gr-93936730011
Lacteos y Huevos - Quesos,Queso Castello Camembert 125gr,,510.00 USD (x1),https://www.smrey.com/p/queso-castello-camembert-125gr-93936700007
Lacteos y Huevos - Quesos,Queso Feta Tradicional Odyssey con Trozos en Sa,,750.00 USD (x1),https://www.smrey.com/p/queso-feta-tradicional-odyssey-con-trozos-salmuera-170gr-84587009526
Lacteos y Huevos - Quesos,Queso Mascarpone Italiano Zanetti 250gr,,449.00 USD (x1),https://www.smrey.com/p/queso-mascarpone-italiano-zanetti-250gr-8002710332992
Lacteos y Huevos - Quesos,Queso de Cabra Montchevre con Arándanos y Vaini,,545.00 USD (x1),https://www.smrey.com/p/queso-de-cabra-montchevre-con-arandanos-y-vainilla-113gr-761657904126
Lacteos y Huevos - Quesos,Queso Blanco Paisa Und,,802.00 USD (x1),https://www.smrey.com/p/queso-blanco-paisa-und-838795000024
Lacteos y Huevos - Quesos,Queso de Mano Paisa 340gr,,1176.00 USD (x1),https://www.smrey.com/p/queso-de-mano-paisa-340gr-838795000710
Lacteos y Huevos - Quesos,Queso Feta Desmenuzado Odyssey Tradicional 170g,,565.00 USD (x1),https://www.smrey.com/p/queso-feta-desmenuzado-odyssey-tradicional-170gr-84587009038
Lacteos y Huevos - Quesos,Queso Feta Desmenuzado Odyssey con Tomate y Alb,,565.00 USD (x1),https://www.smrey.com/p/queso-feta-desmenuzado-odyssey-con-tomate-y-albahaca-170gr-84587009045
Lacteos y Huevos - Quesos,Queso Feta Desmenuzado Odyssey con Grano de Pim,,565.00 USD (x1),https://www.smrey.com/p/queso-feta-desmenuzado-odyssey-con-grano-de-pimienta-170gr-84587009090
Lacteos y Huevos - Quesos,Queso de Cabra Montchevre Mini Rollo Ajo y Hier,,545.00 USD (x1),https://www.smrey.com/p/queso-de-cabra-montchevre-mini-rollo-ajo-y-hierbas-118ml-761657904164
Lacteos y Huevos - Quesos,Queso Gouda Rebanado Vonk 160gr,,438.00 USD (x1),https://www.smrey.com/p/queso-gouda-rebanado-vonk-160gr-8716605001107
Lacteos y Huevos - Quesos,Queso President Emmental 220gr,,595.00 USD (x1),https://www.smrey.com/p/queso-president-emmental-220gr-3228022930205
Lacteos y Huevos - Quesos,Cuñas de Queso Curado El Corte Inglés 250gr,,650.00 USD (x1),https://www.smrey.com/p/cunas-de-queso-curado-el-corte-ingles-250gr-8433329127219
Lacteos y Huevos - Quesos,Queso Manchego Semicurado El Duque de la Polvor,,726.00 USD (x1),https://www.smrey.com/p/queso-manchego-semicurado-el-duque-de-la-polvorosa-150gr-8413376028196
Lacteos y Huevos - Quesos,Queso Semicurado El Corte Inglés 250gr,,720.00 USD (x1),https://www.smrey.com/p/queso-semicurado-el-corte-ingles-250gr-8433329127202
Lacteos y Huevos - Quesos,Queso Brie President Und,,443.00 USD (x1),https://www.smrey.com/p/queso-brie-president-und-77901006202
Lacteos y Huevos - Quesos,Queso Crema Crystal Farms Original 236ml,,460.00 USD (x1),https://www.smrey.com/p/queso-crema-crystal-farms-original-236ml-75925301181
Lacteos y Huevos - Quesos,Queso Crema Arla con Piña 200G,,350.00 USD (x1),https://www.smrey.com/p/queso-crema-arla-con-pina-200g-5711953158513
Lacteos y Huevos - Quesos,Queso Crema Cremoso 200gr,,327.00 USD (x1),https://www.smrey.com/p/queso-crema-cremoso-200gr-8420640605854
Lacteos y Huevos - Quesos,Queso Crema Bel Suizo 170gr,,460.00 USD (x1),https://www.smrey.com/p/queso-crema-bel-suizo-170gr-41757025410
Lacteos y Huevos - Quesos,Queso Crema Arla con Hierbas y Especies 200G,,350.00 USD (x1),https://www.smrey.com/p/queso-crema-arla-con-hierbas-y-especies-200g-5711953158506
Lacteos y Huevos - Quesos,Queso Crystal Farms en Corte Pack Variado 510gr,,1305.00 USD (x1),https://www.smrey.com/p/queso-crystal-farms-corte-pack-variado-510gr-75925304168
Lacteos y Huevos - Quesos,Queso Gruyere Emmi 100G,,567.00 USD (x1),https://www.smrey.com/p/queso-gruyere-emmi-100g-7610900256792
Lacteos y Huevos - Quesos,Queso Sharp Crystal Farms en Trozo 226gr,,450.00 USD (x1),https://www.smrey.com/p/queso-sharp-crystal-farms-trozo-226gr-75925301051
Lacteos y Huevos - Quesos,Queso Muenster Crystal Farms en Trozo 207ml,,450.00 USD (x1),https://www.smrey.com/p/queso-muenster-crystal-farms-trozo-207ml-75925307718
Lacteos y Huevos - Quesos,Tofu Firme Morinaga 348gr,,350.00 USD (x1),https://www.smrey.com/p/tofu-firme-morinaga-348gr-85696608044
Lacteos y Huevos - Quesos,Queso Cheddar Vegano Kolios 140gr,,280.00 USD (x1),https://www.smrey.com/p/queso-cheddar-vegano-kolios-140gr-5201704002764
Lacteos y Huevos - Quesos,Queso Mozzarella Rallado Kraft 226gr,,554.00 USD (x1),https://www.smrey.com/p/queso-mozzarella-rallado-kraft-226gr-840370901312
Lacteos y Huevos - Quesos,Queso Mozzarella Crystal Farms Bajo en Grasa Ra,,625.00 USD (x1),https://www.smrey.com/p/queso-mozzarella-crystal-farms-bajo-grasa-rallado-198gr-75925307442
Lacteos y Huevos - Quesos,Queso Ahumado Rebanado Grand Or 160gr,,447.00 USD (x1),https://www.smrey.com/p/queso-ahumado-rebanado-grand-or-160gr-8716605002104
Lacteos y Huevos - Quesos,Queso para Pasta Zanetti 50gr,,176.00 USD (x1),https://www.smrey.com/p/queso-pasta-zanetti-50gr-8002710100072
Lacteos y Huevos - Quesos,Queso para Pasta Zanetti 80gr,,294.00 USD (x1),https://www.smrey.com/p/queso-pasta-zanetti-80gr-8002710100805
Lacteos y Huevos - Quesos,Queso Zanetti Gorgonzala Ballarini 100gr,,244.00 USD (x1),https://www.smrey.com/p/queso-zanetti-gorgonzala-ballarini-100gr-8011940100011
Lacteos y Huevos - Quesos,Queso Parmesano Zanetti Gran Spicco 200gr,,540.00 USD (x1),https://www.smrey.com/p/queso-parmesano-zanetti-gran-spicco-200gr-8002710440062
Lacteos y Huevos - Quesos,Queso Pecorino Romano Zanetti Und,,839.00 USD (x1),https://www.smrey.com/p/queso-pecorino-romano-zanetti-und-8002710712008
Lacteos y Huevos - Quesos,Queso Grana Padano Zanetti Und,,752.00 USD (x1),https://www.smrey.com/p/queso-grana-padano-zanetti-und-8002710412007
Lacteos y Huevos - Quesos,Queso Parmesano en Trozo Zanetti 200gr,,934.00 USD (x1),https://www.smrey.com/p/queso-parmesano-trozo-zanetti-200gr-8002710402008
Lacteos y Huevos - Quesos,Queso Parmesano Zanetti Rallado 40gr,,141.00 USD (x1),https://www.smrey.com/p/queso-parmesano-zanetti-rallado-40gr-8002710100010
Lacteos y Huevos - Quesos,Queso Americano Nestlé Lite en Rebanadas 24und,,674.00 USD (x1),https://www.smrey.com/p/queso-americano-nestle-lite-rebanadas-24und-8445290675156
Lacteos y Huevos - Quesos,Queso Americano Nestlé en Rebanadas 24und,,674.00 USD (x1),https://www.smrey.com/p/queso-americano-nestle-rebanadas-24und-8445290669803
Lacteos y Huevos - Quesos,Queso Mozzarella Nestlé en Rebanadas 24und,,674.00 USD (x1),https://www.smrey.com/p/queso-mozzarella-nestle-rebanadas-24und-8445290672926
Lacteos y Huevos - Quesos,Queso Americano Nestlé en Rebanadas 12und,,370.00 USD (x1),https://www.smrey.com/p/queso-americano-nestle-rebanadas-12und-7613039184721
Lacteos y Huevos - Quesos,Queso Americano Nestlé en Rebanadas 52und,,1257.00 USD (x1),https://www.smrey.com/p/queso-americano-nestle-rebanadas-52und-7613039158456
Lacteos y Huevos - Quesos,Queso Americano Lunchitas Rebanado 283ml,,270.00 USD (x1),https://www.smrey.com/p/queso-americano-lunchitas-rebanado-283ml-855517006072
Lacteos y Huevos - Quesos,Queso Americano Lunchitas en Rebanada 269gr,,195.00 USD (x1),https://www.smrey.com/p/queso-americano-lunchitas-rebanada-269gr-855517006010
Lacteos y Huevos - Quesos,Queso Americano Nestlé Lite en Rebanadas 12und,,362.00 USD (x1),https://www.smrey.com/p/queso-americano-nestle-lite-rebanadas-12und-88169029704
Lacteos y Huevos - Quesos,Queso Havarti Castello Cremoso 227gr,,570.00 USD (x1),https://www.smrey.com/p/queso-havarti-castello-cremoso-227gr-93936680019
Lacteos y Huevos - Quesos,Queso Monterrey Jack Dutch Farms 227gr,,444.00 USD (x1),https://www.smrey.com/p/queso-monterrey-jack-dutch-farms-227gr-91945780805
Lacteos y Huevos - Quesos,Queso de Pimiento Jalapeño Dutch Farms 227gr,,451.00 USD (x1),https://www.smrey.com/p/queso-de-pimiento-jalapeno-dutch-farms-227gr-91945180803
Lacteos y Huevos - Quesos,Queso en Perlas El Pastor Rellenas de Frambuesa,,465.00 USD (x1),https://www.smrey.com/p/queso-perlas-el-pastor-rellenas-de-frambuesa-125gr-8413376034012
Lacteos y Huevos - Quesos,Queso Parmesano Rallado Crystal Farms 155.92gr,,405.00 USD (x1),https://www.smrey.com/p/queso-parmesano-rallado-crystal-farms-15592gr-75925307510
Lacteos y Huevos - Quesos,Queso Rallado Crystal Farms Pizza 198gr,,400.00 USD (x1),https://www.smrey.com/p/queso-rallado-crystal-farms-pizza-198gr-75925307435
Lacteos y Huevos - Quesos,Queso Seis Tipos Mexicano Crystal Farms 198gr,,540.00 USD (x1),https://www.smrey.com/p/queso-seis-tipos-mexicano-crystal-farms-198gr-75925307411
Lacteos y Huevos - Quesos,Queso Crystal Farms Mozzarella Ligero en Palito,,750.00 USD (x1),https://www.smrey.com/p/queso-crystal-farms-mozzarella-ligero-palito-283gr-75925301709
Lacteos y Huevos - Quesos,Queso Crystal Farms Mozzarella en Palito 283gr,,875.00 USD (x1),https://www.smrey.com/p/queso-crystal-farms-mozzarella-palito-283gr-75925300672
Lacteos y Huevos - Quesos,Queso Provolone Crystal Farms en Rebanada 284ml,,595.00 USD (x1),https://www.smrey.com/p/queso-provolone-crystal-farms-rebanada-284ml-75925307923
Lacteos y Huevos - Quesos,Queso Parmesano Y Romano Crystal Farms Rallado,,625.00 USD (x1),https://www.smrey.com/p/queso-parmesano-y-romano-crystal-farms-rallado-226gr-75925304540
Lacteos y Huevos - Quesos,Queso Cheddar Crystal Farms en Rebanada 198ml,,595.00 USD (x1),https://www.smrey.com/p/queso-cheddar-crystal-farms-rebanada-198ml-75925307886
Lacteos y Huevos - Quesos,Queso Parmesano Crystal Farms Rallado 226gr,,625.00 USD (x1),https://www.smrey.com/p/queso-parmesano-crystal-farms-rallado-226gr-75925301204
Lacteos y Huevos - Quesos,Queso Cheddar Crystal Farms Fuerte 226gr,,595.00 USD (x1),https://www.smrey.com/p/queso-cheddar-crystal-farms-fuerte-226gr-75925306230
Lacteos y Huevos - Quesos,Queso Muenster Crystal Farms en Rebanada 198ml,,575.00 USD (x1),https://www.smrey.com/p/queso-muenster-crystal-farms-rebanada-198ml-75925307930
Lacteos y Huevos - Quesos,Queso Kids Sticks Arla 108gr,,382.00 USD (x1),https://www.smrey.com/p/queso-kids-sticks-arla-108gr-88008226
Lacteos y Huevos - Quesos,Queso Mozzarella Crystal Farms Rallado 226gr,,550.00 USD (x1),https://www.smrey.com/p/queso-mozzarella-crystal-farms-rallado-226gr-75925306315
Lacteos y Huevos - Quesos,Queso Italiano Lunchitas Rallado 425gr,,285.00 USD (x1),https://www.smrey.com/p/queso-italiano-lunchitas-rallado-425gr-855517006119
Lacteos y Huevos - Quesos,Queso Lunchitas Mexicano Desmenuzado 236ml,,285.00 USD (x1),https://www.smrey.com/p/queso-lunchitas-mexicano-desmenuzado-236ml-855517006102
Lacteos y Huevos - Quesos,Queso Mozzarella y Parmesano Kraft para Pizza 2,,554.00 USD (x1),https://www.smrey.com/p/queso-mozzarella-y-parmesano-kraft-pizza-226gr-840370901800
Lacteos y Huevos - Quesos,Queso de Mano Paisa 680gr,,1963.00 USD (x1),https://www.smrey.com/p/queso-de-mano-paisa-680gr-838795000338
Lacteos y Huevos - Quesos,Queso de Oveja Curado El Pastor 150gr,,650.00 USD (x1),https://www.smrey.com/p/queso-de-oveja-curado-el-pastor-150gr-8413376037303
Lacteos y Huevos - Quesos,Queso Crema Cremoso 200gr,,327.00 USD (x1),https://www.smrey.com/p/queso-crema-cremoso-200gr-8420640605823
Lacteos y Huevos - Quesos,Queso Fontina Belgioioso para Bocadillos 177ml,,485.00 USD (x1),https://www.smrey.com/p/queso-fontina-belgioioso-bocadillos-177ml-31142534887
Lacteos y Huevos - Quesos,Queso Cabra El Pastor sin Lactosa 140gr,,500.00 USD (x1),https://www.smrey.com/p/queso-cabra-el-pastor-sin-lactosa-140gr-7452102280577
Lacteos y Huevos - Quesos,Queso Scarmoza Affumicata Simonini 250gr,,860.00 USD (x1),https://www.smrey.com/p/queso-scarmoza-affumicata-simonini-250gr-8001637025512
Lacteos y Huevos - Quesos,Queso Mozzarella Violife 200gr,,553.00 USD (x1),https://www.smrey.com/p/queso-mozzarella-violife-200gr-5202390016011
Lacteos y Huevos - Quesos,Queso Griego Blanco Kolios en Porción 200gr,,373.00 USD (x1),https://www.smrey.com/p/queso-griego-blanco-kolios-porcion-200gr-5201704002818
Lacteos y Huevos - Quesos,Queso Parmesano Kraft Rallado 85gr,,350.00 USD (x1),https://www.smrey.com/p/queso-parmesano-kraft-rallado-85gr-840370900636
Lacteos y Huevos - Quesos,Queso para Pasta Zanetti 250gr,,678.00 USD (x1),https://www.smrey.com/p/queso-pasta-zanetti-250gr-8002710100065
Lacteos y Huevos - Quesos,Queso Lunchitas Americano Blanco 280ml,,195.00 USD (x1),https://www.smrey.com/p/queso-lunchitas-americano-blanco-280ml-855517006027
Lacteos y Huevos - Quesos,Queso Havarti Castello con Eneldo 227gr,,600.00 USD (x1),https://www.smrey.com/p/queso-havarti-castello-con-eneldo-227gr-93936680026
Lacteos y Huevos - Quesos,Queso Americano Lunchitas Shreds 340G,,285.00 USD (x1),https://www.smrey.com/p/queso-americano-lunchitas-shreds-340g-855517006096
Lacteos y Huevos - Quesos,Queso Cheddar Suave Kraft Rallado 226gr,,554.00 USD (x1),https://www.smrey.com/p/queso-cheddar-suave-kraft-rallado-226gr-840370901381
Lacteos y Huevos - Quesos,Cinco Quesos Estilo Italiano Kraft 226gr,,554.00 USD (x1),https://www.smrey.com/p/cinco-quesos-estilo-italiano-kraft-226gr-840370901299
Lacteos y Huevos - Quesos,Queso Muenster Dutch Farms en Rebanada 170gr,,497.00 USD (x1),https://www.smrey.com/p/queso-muenster-dutch-farms-rebanada-170gr-91945301147
Lacteos y Huevos - Quesos,Queso Mozzarella Dutch Farms en Rebanada 170gr,,503.00 USD (x1),https://www.smrey.com/p/queso-mozzarella-dutch-farms-rebanada-170gr-91945301154
Lacteos y Huevos - Quesos,Queso Crystal Farms en Rebanada Pack Variado 17,,533.00 USD (x1),https://www.smrey.com/p/queso-crystal-farms-rebanada-pack-variado-170gr-75925303963
Lacteos y Huevos - Quesos,Queso Grand Or Oredam en Redecilla 20G,,428.00 USD (x1),https://www.smrey.com/p/queso-grand-or-oredam-redecilla-20g-8716605001145
Lacteos y Huevos - Quesos,Queso Edam Rebanado Vonk 160gr,,438.00 USD (x1),https://www.smrey.com/p/queso-edam-rebanado-vonk-160gr-8716605001114
Lacteos y Huevos - Quesos,Cuñas de Queso de Oveja El Corte Inglés 250gr,,855.00 USD (x1),https://www.smrey.com/p/cunas-de-queso-de-oveja-el-corte-ingles-250gr-8433329127233
Lacteos y Huevos - Quesos,Queso Gouda Crystal Farms Chunk 198ml,,515.00 USD (x1),https://www.smrey.com/p/queso-gouda-crystal-farms-chunk-198ml-75925301105
Lacteos y Huevos - Quesos,Queso Crema Crystal Farms Original 226gr,,449.00 USD (x1),https://www.smrey.com/p/queso-crema-crystal-farms-original-226gr-75925301167
Lacteos y Huevos - Quesos,Queso Artigiano Belgioioso Clásico Cuña 147ml,,499.00 USD (x1),https://www.smrey.com/p/queso-artigiano-belgioioso-clasico-cuna-147ml-31142601152
Lacteos y Huevos - Quesos,Queso Gouda Grand Or Añejo 200gr,,585.00 USD (x1),https://www.smrey.com/p/queso-gouda-grand-or-anejo-200gr-8716605004290
Lacteos y Huevos - Quesos,Queso Pepper Jack Crystal Farms en Cubos Snack,,450.00 USD (x1),https://www.smrey.com/p/queso-pepper-jack-crystal-farms-cubos-snack-170gr-75925303925
Lacteos y Huevos - Quesos,Queso Amma Prensado 2kg,,2676.00 USD (x1),https://www.smrey.com/p/queso-amma-prensado-2kg-209831000009
Lacteos y Huevos - Quesos,Queso Provolone Ahumado Zanetti Rebanado 120gr,,358.00 USD (x1),https://www.smrey.com/p/queso-provolone-ahumado-zanetti-rebanado-120gr-7452102280454
Lacteos y Huevos - Quesos,Queso Artigiano Belgioioso Vino Rosso Cuña 1478,,535.00 USD (x1),https://www.smrey.com/p/queso-artigiano-belgioioso-vino-rosso-cuna-1478ml-31142601251
Lacteos y Huevos - Quesos,Queso Iberico Mezcla Semicurado El Pastor 150gr,,508.00 USD (x1),https://www.smrey.com/p/queso-iberico-mezcla-semicurado-el-pastor-150gr-8413376029568
Lacteos y Huevos - Quesos,Queso Lechevre Grand Or de Cabra con Miel 200gr,,885.00 USD (x1),https://www.smrey.com/p/queso-lechevre-grand-or-de-cabra-con-miel-200gr-8716605004320
Lacteos y Huevos - Quesos,Queso Gouda Crystal Farms en Cubos Snack 170gr,,450.00 USD (x1),https://www.smrey.com/p/queso-gouda-crystal-farms-cubos-snack-170gr-75925303895
Lacteos y Huevos - Quesos,Queso Gran Moravia 200gr,,517.00 USD (x1),https://www.smrey.com/p/queso-gran-moravia-200gr-8032618612827
Lacteos y Huevos - Quesos,Queso Nestlé Lite 52und,,1359.00 USD (x1),https://www.smrey.com/p/queso-nestle-lite-52und-88169029643
Lacteos y Huevos - Quesos,Queso Mozzarella Crystal Farms en Rebanada 198m,,585.00 USD (x1),https://www.smrey.com/p/queso-mozzarella-crystal-farms-rebanada-198ml-75925307916
Lacteos y Huevos - Quesos,Queso Crema Cremoso 200gr,,363.00 USD (x1),https://www.smrey.com/p/queso-crema-cremoso-200gr-8420640605847
Lacteos y Huevos - Quesos,Queso con Miel El Pastor en Perlas 125G,,465.00 USD (x1),https://www.smrey.com/p/queso-con-miel-el-pastor-perlas-125g-8413376034029
Lacteos y Huevos - Quesos,Queso Rallado Borden Monterrey Jack 226.8gr,,550.00 USD (x1),https://www.smrey.com/p/queso-rallado-borden-monterrey-jack-2268gr-53000069843
Lacteos y Huevos - Quesos,Queso Mozzarella Rallado sin Grasa Kraft 226gr,,554.00 USD (x1),https://www.smrey.com/p/queso-mozzarella-rallado-sin-grasa-kraft-226gr-840370901268
Lacteos y Huevos - Quesos,Queso Parmesano Kraft Rallado 226gr,,750.00 USD (x1),https://www.smrey.com/p/queso-parmesano-kraft-rallado-226gr-840370900674
Lacteos y Huevos - Quesos,Queso Americano + Mozzarella Nestle Und,,719.00 USD (x1),https://www.smrey.com/p/queso-americano-mozzarella-nestle-und-8445291722576
Lacteos y Huevos - Quesos,Queso Manchego Semicurado El Pastor al Granel,,478.00 USD (x1),https://www.smrey.com/p/queso-manchego-semicurado-el-pastor-al-granel-205454000006
Lacteos y Huevos - Quesos,Queso Mozzarella y Cheddar Kraft Rallado 226gr,,554.00 USD (x1),https://www.smrey.com/p/queso-mozzarella-y-cheddar-kraft-rallado-226gr-840370901442
Lacteos y Huevos - Quesos,Queso Ricotta Crystal Farms Semidescremado 425g,,585.00 USD (x1),https://www.smrey.com/p/queso-ricotta-crystal-farms-semidescremado-425gr-75925301259
Lacteos y Huevos - Quesos,Queso Manchego Garcia Baquero 150gr,,715.00 USD (x1),https://www.smrey.com/p/queso-manchego-garcia-baquero-150gr-8412289005591
Lacteos y Huevos - Quesos,Queso Merlot Bellavitano Sartori 156ml,,599.00 USD (x1),https://www.smrey.com/p/queso-merlot-bellavitano-sartori-156ml-11863118764
Lacteos y Huevos - Quesos,Queso Vegano Kolios Aromatic Chilli 140gr,,280.00 USD (x1),https://www.smrey.com/p/queso-vegano-kolios-aromatic-chilli-140gr-5201704002757
Lacteos y Huevos - Quesos,Queso con Trufa y Miel Garcia Baquero 200gr,,785.00 USD (x1),https://www.smrey.com/p/queso-con-trufa-y-miel-garcia-baquero-200gr-8412289006185
Lacteos y Huevos - Quesos,Queso Clásico Vegano Kolios en Porción 200gr,,373.00 USD (x1),https://www.smrey.com/p/queso-clasico-vegano-kolios-porcion-200gr-5201704002696
Lacteos y Huevos - Quesos,Queso Tapas Garcia Baquero Premium 300gr,,1250.00 USD (x1),https://www.smrey.com/p/queso-tapas-garcia-baquero-premium-300gr-8412289005737
Lacteos y Huevos - Quesos,Tapas de Quesos Españoles Garcia Baquero 150gr,,605.00 USD (x1),https://www.smrey.com/p/tapas-de-quesos-espanoles-garcia-baquero-150gr-8412289003740
Lacteos y Huevos - Quesos,Queso Gouda Paisa al Granel,,202.00 USD (x1),https://www.smrey.com/p/queso-gouda-paisa-al-granel-207869000008
Lacteos y Huevos - Quesos,Queso Bellavitano Sartori con Ajo y Hierbas 156,,599.00 USD (x1),https://www.smrey.com/p/queso-bellavitano-sartori-con-ajo-y-hierbas-156ml-11863124550
Lacteos y Huevos - Quesos,Queso Mozzarella Amma Bloque al Granel,,137.00 USD (x1),https://www.smrey.com/p/queso-mozzarella-amma-bloque-al-granel-202282000000
Lacteos y Huevos - Quesos,Queso Madurado President Suave 125gr,,515.00 USD (x1),https://www.smrey.com/p/queso-madurado-president-suave-125gr-3228020191349
Lacteos y Huevos - Quesos,Queso Crema Bel Ligero 170gr,,436.00 USD (x1),https://www.smrey.com/p/queso-crema-bel-ligero-170gr-41757025397
Lacteos y Huevos - Quesos,Queso Suizo Emmi 100G,,454.00 USD (x1),https://www.smrey.com/p/queso-suizo-emmi-100g-7610900257386
Lacteos y Huevos - Quesos,Aperitivos de Queso Old Amsterdam 90G,,450.00 USD (x1),https://www.smrey.com/p/aperitivos-de-queso-old-amsterdam-90g-8710243961533
Lacteos y Huevos - Quesos,Queso Tipo Americano Kraft en Rebanadas 543G,,670.00 USD (x1),https://www.smrey.com/p/queso-tipo-americano-kraft-rebanadas-543g-21000615261
Lacteos y Huevos - Quesos,Queso Crema Old Amsterdam 125gr,,495.00 USD (x1),https://www.smrey.com/p/queso-crema-old-amsterdam-125gr-8710243962400
Lacteos y Huevos - Quesos,Queso Suizo Kraft Extra Fino Und,,589.00 USD (x1),https://www.smrey.com/p/queso-suizo-kraft-extra-fino-und-21000018574
Lacteos y Huevos - Quesos,Queso Muenster Kraft en Rebanada 198gr,,589.00 USD (x1),https://www.smrey.com/p/queso-muenster-kraft-rebanada-198gr-21000059249
Lacteos y Huevos - Quesos,Queso Reserva Garcia Baquero 200gr,,695.00 USD (x1),https://www.smrey.com/p/queso-reserva-garcia-baquero-200gr-8412289005201
Lacteos y Huevos - Quesos,Queso Curado Cuña Garcia Baquero 150gr,,449.00 USD (x1),https://www.smrey.com/p/queso-curado-cuna-garcia-baquero-150gr-8412289003917
Lacteos y Huevos - Quesos,Queso de Cabra Cuña Garcia Baquero 150gr,,510.00 USD (x1),https://www.smrey.com/p/queso-de-cabra-cuna-garcia-baquero-150gr-8412289003887
Lacteos y Huevos - Quesos,Queso Crema Manchego Garcia Baquero 125gr,,295.00 USD (x1),https://www.smrey.com/p/queso-crema-manchego-garcia-baquero-125gr-8412289006086
Lacteos y Huevos - Quesos,Queso Suizo Borden para Derretir 354ml,,480.00 USD (x1),https://www.smrey.com/p/queso-suizo-borden-derretir-354ml-53000004387
Lacteos y Huevos - Quesos,Queso Viofile Cheddar Maduro en Rebanadas 200gr,,553.00 USD (x1),https://www.smrey.com/p/queso-viofile-cheddar-maduro-rebanadas-200gr-5202390017964
Lacteos y Huevos - Quesos,Queso Muenster Sargento en Rebanada 226gr,,724.00 USD (x1),https://www.smrey.com/p/queso-muenster-sargento-rebanada-226gr-46100001073
Lacteos y Huevos - Quesos,Queso Sargento Mozzarella Leche Entera Rallado,,674.00 USD (x1),https://www.smrey.com/p/queso-sargento-mozzarella-leche-entera-rallado-226gr-46100400104
Lacteos y Huevos - Quesos,Queso Crema The Laughing Cow Bel Pepper Jack Pi,,439.00 USD (x1),https://www.smrey.com/p/queso-crema-the-laughing-cow-bel-pepper-jack-picante-170gr-41757025335
Lacteos y Huevos - Quesos,Queso Provolone Sargento en Rebanada 226gr,,674.00 USD (x1),https://www.smrey.com/p/queso-provolone-sargento-rebanada-226gr-46100001233
Lacteos y Huevos - Quesos,Queso Scarmoza Bianca Simonini 250gr,,860.00 USD (x1),https://www.smrey.com/p/queso-scarmoza-bianca-simonini-250gr-8001637002551
Lacteos y Huevos - Quesos,Queso Cheddar Ecolove Rebanado 150gr,,355.00 USD (x1),https://www.smrey.com/p/queso-cheddar-ecolove-rebanado-150gr-7862113115377
Lacteos y Huevos - Quesos,Queso Crema de Coco Ecolove 250gr,,495.00 USD (x1),https://www.smrey.com/p/queso-crema-de-coco-ecolove-250gr-7862113115445
Lacteos y Huevos - Quesos,Queso Cuña Garcia Baquero Viva España 150gr,,425.00 USD (x1),https://www.smrey.com/p/queso-cuna-garcia-baquero-viva-espana-150gr-8412289005171
Lacteos y Huevos - Quesos,Queso Provolone Kraft Ahumado 227gr,,589.00 USD (x1),https://www.smrey.com/p/queso-provolone-kraft-ahumado-227gr-21000018659
Lacteos y Huevos - Quesos,Queso al Romero Garcia Baquero Reserva 12 200gr,,745.00 USD (x1),https://www.smrey.com/p/queso-al-romero-garcia-baquero-reserva-12-200gr-8412289006833
Lacteos y Huevos - Quesos,Queso Amarillo Cremi 265gr,,323.00 USD (x1),https://www.smrey.com/p/queso-amarillo-cremi-265gr-7451017800221
Lacteos y Huevos - Quesos,Queso Americano Borden Melts 354ml,,470.00 USD (x1),https://www.smrey.com/p/queso-americano-borden-melts-354ml-53000004363
Lacteos y Huevos - Quesos,Queso Pepper Jack Borden para Derretir 354ml,,490.00 USD (x1),https://www.smrey.com/p/queso-pepper-jack-borden-derretir-354ml-53000004356
Lacteos y Huevos - Quesos,Queso Amarillo Cremi Empacado 10Und,,100.00 USD (x1),https://www.smrey.com/p/queso-amarillo-cremi-empacado-10und-207847000006
Lacteos y Huevos - Quesos,Queso Edam President Rebanado 150gr,,465.00 USD (x1),https://www.smrey.com/p/queso-edam-president-rebanado-150gr-8718444725206
Lacteos y Huevos - Quesos,Queso de Cabra President 150gr,,466.00 USD (x1),https://www.smrey.com/p/queso-de-cabra-president-150gr-8713734018747
Lacteos y Huevos - Quesos,Queso Granarolo Grana Padano 200G,,535.00 USD (x1),https://www.smrey.com/p/queso-granarolo-grana-padano-200g-8002670058505
Lacteos y Huevos - Quesos,Queso Estilo Griego Violife en Bloque 100% Vega,,623.00 USD (x1),https://www.smrey.com/p/queso-estilo-griego-violife-bloque-100-vegano-200gr-5202390020407
Lacteos y Huevos - Quesos,Queso Gouda President Rebanado 150gr,,466.00 USD (x1),https://www.smrey.com/p/queso-gouda-president-rebanado-150gr-8718444725220
Lacteos y Huevos - Quesos,Queso Mozzarella Violife Rallado 200gr,,663.00 USD (x1),https://www.smrey.com/p/queso-mozzarella-violife-rallado-200gr-5202390019319
Lacteos y Huevos - Quesos,Queso Granarolo Parmigiano Reggiano 200G,,795.00 USD (x1),https://www.smrey.com/p/queso-granarolo-parmigiano-reggiano-200g-8002670050202
Lacteos y Huevos - Quesos,Queso Cheddar President Rebanado 150gr,,465.00 USD (x1),https://www.smrey.com/p/queso-cheddar-president-rebanado-150gr-8713734046504
Lacteos y Huevos - Quesos,Queso con Vino Predo Ximenez Garcia Baquero Res,,745.00 USD (x1),https://www.smrey.com/p/queso-con-vino-predo-ximenez-garcia-baquero-reserva-12-200gr-8412289006840
Lacteos y Huevos - Quesos,Queso Crema Arándanos Dutch Farms 227gr,,560.00 USD (x1),https://www.smrey.com/p/queso-crema-arandanos-dutch-farms-227gr-91945696205
Lacteos y Huevos - Quesos,Queso Parmesano Rallado Kraft 85gr,,350.00 USD (x1),https://www.smrey.com/p/queso-parmesano-rallado-kraft-85gr-21000615421
Lacteos y Huevos - Quesos,Queso Cheddar para Tacos Kraft Rallado 226gr,,535.00 USD (x1),https://www.smrey.com/p/queso-cheddar-tacos-kraft-rallado-226gr-21000055364
Lacteos y Huevos - Quesos,Queso Parmesano Rallado Kraft 226gr,,750.00 USD (x1),https://www.smrey.com/p/queso-parmesano-rallado-kraft-226gr-21000615315
Lacteos y Huevos - Quesos,Cinco Quesos Estilo Italiano Kraft 226gr,,554.00 USD (x1),https://www.smrey.com/p/cinco-quesos-estilo-italiano-kraft-226gr-21000054947
Lacteos y Huevos - Quesos,Queso Cheddar Suave Kraft Rallado 226gr,,554.00 USD (x1),https://www.smrey.com/p/queso-cheddar-suave-kraft-rallado-226gr-21000055098
Lacteos y Huevos - Quesos,Queso Mozzarella y Parmesano Kraft para Pizza 2,,554.00 USD (x1),https://www.smrey.com/p/queso-mozzarella-y-parmesano-kraft-pizza-226gr-21000068500
Lacteos y Huevos - Quesos,Cuatro Quesos Estilo Mexicano Kraft Rallado 198,,554.00 USD (x1),https://www.smrey.com/p/cuatro-quesos-estilo-mexicano-kraft-rallado-198gr-21000054411
Lacteos y Huevos - Quesos,Queso Mozzarella Rallado Sargento Reducida en G,,674.00 USD (x1),https://www.smrey.com/p/queso-mozzarella-rallado-sargento-reducida-grasa-226gr-46100800829
Lacteos y Huevos - Quesos,Queso Mozzarella Rallado sin Grasa Kraft 226gr,,554.00 USD (x1),https://www.smrey.com/p/queso-mozzarella-rallado-sin-grasa-kraft-226gr-21000054473
Lacteos y Huevos - Quesos,Queso Gouda Ahumado Castello Rueda 170gr,,680.00 USD (x1),https://www.smrey.com/p/queso-gouda-ahumado-castello-rueda-170gr-654858704537
Lacteos y Huevos - Quesos,Queso Gouda Castello en Rueda 170gr,,680.00 USD (x1),https://www.smrey.com/p/queso-gouda-castello-rueda-170gr-654858704513
Lacteos y Huevos - Quesos,Queso Sharp Cheddar Kraft 226gr,,728.00 USD (x1),https://www.smrey.com/p/queso-sharp-cheddar-kraft-226gr-21000002016
Lacteos y Huevos - Quesos,Queso Cheedar Kraft Suave en Trozo 226gr,,706.00 USD (x1),https://www.smrey.com/p/queso-cheedar-kraft-suave-trozo-226gr-21000001941
Lacteos y Huevos - Quesos,Queso Medium Cheddar Kraft 226gr,,728.00 USD (x1),https://www.smrey.com/p/queso-medium-cheddar-kraft-226gr-21000001927
Lacteos y Huevos - Quesos,Queso Prensado Antaura 227gr,,290.00 USD (x1),https://www.smrey.com/p/queso-prensado-antaura-227gr-7451109000010
Lacteos y Huevos - Quesos,Queso Canasta Chela al Granel,,137.00 USD (x1),https://www.smrey.com/p/queso-canasta-chela-al-granel-209402000001
Lacteos y Huevos - Quesos,Queso Duro Derilacpa en Barra al Granel,,113.00 USD (x1),https://www.smrey.com/p/queso-duro-derilacpa-barra-al-granel-209576000005
Lacteos y Huevos - Quesos,Queso Gouda President al Granel,,167.00 USD (x1),https://www.smrey.com/p/queso-gouda-president-al-granel-209442000009
Lacteos y Huevos - Quesos,Queso Edam President al Granel,,167.00 USD (x1),https://www.smrey.com/p/queso-edam-president-al-granel-209439000005
Lacteos y Huevos - Quesos,Queso de Oveja Gran Cardenal con Romero 150gr,,475.00 USD (x1),https://www.smrey.com/p/queso-de-oveja-gran-cardenal-con-romero-150gr-8420891115225
Lacteos y Huevos - Quesos,Queso Cottage Westby Small Curd 453gr,,486.00 USD (x1),https://www.smrey.com/p/queso-cottage-westby-small-curd-453gr-750388004151
Lacteos y Huevos - Quesos,Queso Superior Tipo Quesillo 312gr,,446.00 USD (x1),https://www.smrey.com/p/queso-superior-tipo-quesillo-312gr-7451010673624
Lacteos y Huevos - Quesos,Queso Americano Pre Rebanado Superior al Granel,,129.00 USD (x1),https://www.smrey.com/p/queso-americano-pre-rebanado-superior-al-granel-202684000004
Lacteos y Huevos - Quesos,Queso Ibérico Gran Cardenal Semi Curado 150gr,,375.00 USD (x1),https://www.smrey.com/p/queso-iberico-gran-cardenal-semi-curado-150gr-8420891115300
Lacteos y Huevos - Quesos,Queso Amapola Tipo Americano 168gr,,166.00 USD (x1),https://www.smrey.com/p/queso-amapola-tipo-americano-168gr-7451015608676
Lacteos y Huevos - Quesos,Queso Amapola Tipo Americano 112gr,,109.00 USD (x1),https://www.smrey.com/p/queso-amapola-tipo-americano-112gr-7451015608669
Lacteos y Huevos - Quesos,Queso Frances Le Brie al Granel,,293.00 USD (x1),https://www.smrey.com/p/queso-frances-le-brie-al-granel-209990000001
Lacteos y Huevos - Quesos,Queso de Oveja Gran Cardenal Curado 150gr,,415.00 USD (x1),https://www.smrey.com/p/queso-de-oveja-gran-cardenal-curado-150gr-8420891115294
Lacteos y Huevos - Quesos,Queso de Oveja Gran Cardenal a la Trufa Negra 1,,590.00 USD (x1),https://www.smrey.com/p/queso-de-oveja-gran-cardenal-a-la-trufa-negra-150gr-8420891115201
Lacteos y Huevos - Quesos,Queso de Oveja Gran Cardenal con Aceite de Oliv,,475.00 USD (x1),https://www.smrey.com/p/queso-de-oveja-gran-cardenal-con-aceite-de-oliva-extra-150gr-8420891115218
Lacteos y Huevos - Quesos,Queso Gran Cardenal Mezcla al Ajo Negro 150gr,,545.00 USD (x1),https://www.smrey.com/p/queso-gran-cardenal-mezcla-al-ajo-negro-150gr-8420891115232
Lacteos y Huevos - Quesos,Queso Amapola Tipo Americano 336gr,,313.00 USD (x1),https://www.smrey.com/p/queso-amapola-tipo-americano-336gr-7451015608683
Lacteos y Huevos - Quesos,Queso Crema Cremoso 200gr,,472.00 USD (x1),https://www.smrey.com/p/queso-crema-cremoso-200gr-8420640605830
Lacteos y Huevos - Quesos,Queso Mozzarella Paisa Rallado 2lb,,1560.00 USD (x1),https://www.smrey.com/p/queso-mozzarella-paisa-rallado-2lb-838795001830
Lacteos y Huevos - Quesos,Quesos Cuñas Garcia Vaquero con Vela 200gr,,1750.00 USD (x1),https://www.smrey.com/p/quesos-cunas-garcia-vaquero-con-vela-200gr-8412289007915
Lacteos y Huevos - Quesos,Queso Provolone Kraft Slices 12und,,589.00 USD (x1),https://www.smrey.com/p/queso-provolone-kraft-slices-12und-840370902715
Lacteos y Huevos - Quesos,Queso Feta Presidente Plain Fat Free 170gr,,505.00 USD (x1),https://www.smrey.com/p/queso-feta-presidente-plain-fat-free-170gr-77901007889
Lacteos y Huevos - Quesos,Queso Feta Presidente Tomate Albahaca 170gr,,505.00 USD (x1),https://www.smrey.com/p/queso-feta-presidente-tomate-albahaca-170gr-77901007896
Lacteos y Huevos - Quesos,Queso de Oveja Vega Sotuelamos Ajo Negro 200gr,,889.00 USD (x1),https://www.smrey.com/p/queso-de-oveja-vega-sotuelamos-ajo-negro-200gr-8437001391240
Lacteos y Huevos - Quesos,Queso de Oveja Vega Sotuelamos con Trufa 200gr,,787.00 USD (x1),https://www.smrey.com/p/queso-de-oveja-vega-sotuelamos-con-trufa-200gr-8437013158459
Lacteos y Huevos - Quesos,Queso de Oveja Vega Sotuelamos Diablo 200gr,,844.00 USD (x1),https://www.smrey.com/p/queso-de-oveja-vega-sotuelamos-diablo-200gr-8437018116065
Lacteos y Huevos - Quesos,Queso Ricotta Belgioioso con Latte 907gr,,450.00 USD (x1),https://www.smrey.com/p/queso-ricotta-belgioioso-con-latte-907gr-31142001839
Lacteos y Huevos - Quesos,Queso Cottage Breakstone 680gr,,590.00 USD (x1),https://www.smrey.com/p/queso-cottage-breakstone-680gr-21000300471
Lacteos y Huevos - Quesos,Crema Agria Breakstone 340gr,,520.00 USD (x1),https://www.smrey.com/p/crema-agria-breakstone-340gr-21000301652
Lacteos y Huevos - Quesos,Queso Ricotta Breakstone 425gr,,640.00 USD (x1),https://www.smrey.com/p/queso-ricotta-breakstone-425gr-21000300884
Lacteos y Huevos - Quesos,Queso Cheddar Kraft Sharp Chunk 226.8gr,,690.00 USD (x1),https://www.smrey.com/p/queso-cheddar-kraft-sharp-chunk-2268gr-840370902395
Lacteos y Huevos - Quesos,Crema Agria Daisy Original 453.59gr,,459.00 USD (x1),https://www.smrey.com/p/crema-agria-daisy-original-45359gr-73420000110
Lacteos y Huevos - Quesos,Queso Cottage Daisy 680gr,,756.00 USD (x1),https://www.smrey.com/p/queso-cottage-daisy-680gr-73420524203
Lacteos y Huevos - Quesos,Queso Untable Alouette Parmesano y Albahaca 18,,1032.00 USD (x1),https://www.smrey.com/p/queso-untable-alouette-parmesano-y-albahaca-184gr-71448218067
Lacteos y Huevos - Quesos,Queso Crema Bonlac Light 200gr,,335.00 USD (x1),https://www.smrey.com/p/queso-crema-bonlac-light-200gr-12157904056
Lacteos y Huevos - Quesos,Queso Crema Crystal Farms Light 226.8gr,,417.00 USD (x1),https://www.smrey.com/p/queso-crema-crystal-farms-light-2268gr-75925301174
Lacteos y Huevos - Quesos,Queso Rallado Crystal Farms Triple Cheddar 198,,452.00 USD (x1),https://www.smrey.com/p/queso-rallado-crystal-farms-triple-cheddar-198gr-75925303932
Lacteos y Huevos - Quesos,Queso Rallado Crystal Farms Perfect Grilled 19,,452.00 USD (x1),https://www.smrey.com/p/queso-rallado-crystal-farms-perfect-grilled-198gr-75925303949
Lacteos y Huevos - Quesos,Queso Parmesano Belgioioso Vegetariano Cup 141,,430.00 USD (x1),https://www.smrey.com/p/queso-parmesano-belgioioso-vegetariano-cup-141gr-31142359503
Lacteos y Huevos - Quesos,Queso Pimentón Nestle 12und,,411.00 USD (x1),https://www.smrey.com/p/queso-pimenton-nestle-12und-7613035942226
Lacteos y Huevos - Quesos,Queso Gouda Presidente Lonchas 200gr,,415.00 USD (x1),https://www.smrey.com/p/queso-gouda-presidente-lonchas-200gr-3228023160076
Lacteos y Huevos - Quesos,Queso Mozzarella Lunchitas String 170gr,,330.00 USD (x1),https://www.smrey.com/p/queso-mozzarella-lunchitas-string-170gr-855517009004
Lacteos y Huevos - Quesos,Queso Cheddar Crystal Farms Sharp Und,,499.00 USD (x1),https://www.smrey.com/p/queso-cheddar-crystal-farms-sharp-und-75925303697
Lacteos y Huevos - Quesos,Queso Mozzarella Sargento String 340gr,,995.00 USD (x1),https://www.smrey.com/p/queso-mozzarella-sargento-string-340gr-46100007150
Lacteos y Huevos - Quesos,Queso Americano Nestle Lite Line al Granel,,170.00 USD (x1),https://www.smrey.com/p/queso-americano-nestle-lite-line-al-granel-209123000007
Lacteos y Huevos - Quesos,Queso Americano Nestle Jalapeño al Granel,,170.00 USD (x1),https://www.smrey.com/p/queso-americano-nestle-jalapeno-al-granel-209125000005
Lacteos y Huevos - Quesos,Queso Mozzarella Belgioioso 227gr,,577.00 USD (x1),https://www.smrey.com/p/queso-mozzarella-belgioioso-227gr-31142000887
Lacteos y Huevos - Quesos,Queso Muenster Delicatezza Chunk 226.8gr,,623.00 USD (x1),https://www.smrey.com/p/queso-muenster-delicatezza-chunk-2268gr-856849004026
Lacteos y Huevos - Quesos,Queso Pepper Jack Delicatezza Chunk 226.8gr,,623.00 USD (x1),https://www.smrey.com/p/queso-pepper-jack-delicatezza-chunk-2268gr-856849004002
Lacteos y Huevos - Quesos,Queso Rallado Kraft Tacos 226.8gr,,554.00 USD (x1),https://www.smrey.com/p/queso-rallado-kraft-tacos-2268gr-840370901596
Lacteos y Huevos - Quesos,Queso Azul Belgioioso Desmenuzado 141gr,,430.00 USD (x1),https://www.smrey.com/p/queso-azul-belgioioso-desmenuzado-141gr-31142864687
Lacteos y Huevos - Quesos,Queso Artigiano Crystal Farms Naranja 198gr,,515.00 USD (x1),https://www.smrey.com/p/queso-artigiano-crystal-farms-naranja-198gr-31142601855
Lacteos y Huevos - Quesos,Queso Artigiano Belgioioso Arándanos 141gr,,515.00 USD (x1),https://www.smrey.com/p/queso-artigiano-belgioioso-arandanos-141gr-31142601558
Lacteos y Huevos - Quesos,Queso Mozzarella Cremoso al Granel,,160.00 USD (x1),https://www.smrey.com/p/queso-mozzarella-cremoso-al-granel-209535000008
Lacteos y Huevos - Quesos,Queso Cheddar Crystal Farms Finely Shreoded 22,,613.00 USD (x1),https://www.smrey.com/p/queso-cheddar-crystal-farms-finely-shreoded-226gr-75925306292
Lacteos y Huevos - Quesos,Queso Parmesano Kraft Rallado 226.8gr,,555.00 USD (x1),https://www.smrey.com/p/queso-parmesano-kraft-rallado-2268gr-840370901282
Lacteos y Huevos - Quesos,Queso Cottage Breakstone Fresa 133gr,,270.00 USD (x1),https://www.smrey.com/p/queso-cottage-breakstone-fresa-133gr-21000008612
Lacteos y Huevos - Quesos,Queso Mascarpone Belgioioso Espresso 226gr,,545.00 USD (x1),https://www.smrey.com/p/queso-mascarpone-belgioioso-espresso-226gr-31142000108
Lacteos y Huevos - Quesos,Queso de Oveja Vega Sotuelamos Curado con Orég,,864.00 USD (x1),https://www.smrey.com/p/queso-de-oveja-vega-sotuelamos-curado-con-oregano-y-miel-200gr-8437013158756
Lacteos y Huevos - Quesos,Queso Jalapeño Nestle 12und,,411.00 USD (x1),https://www.smrey.com/p/queso-jalapeno-nestle-12und-7613035936058
Lacteos y Huevos - Quesos,Queso Americano Nestle Pimento al Granel,,170.00 USD (x1),https://www.smrey.com/p/queso-americano-nestle-pimento-al-granel-209124000006
Lacteos y Huevos - Quesos,Queso Carolina Reaper Crystal Farms Lonchas 19,,642.00 USD (x1),https://www.smrey.com/p/queso-carolina-reaper-crystal-farms-lonchas-198gr-75925305318
Lacteos y Huevos - Quesos,Queso Presidente Le Terroir 125gr,,535.00 USD (x1),https://www.smrey.com/p/queso-presidente-le-terroir-125gr-3228021090177
Lacteos y Huevos - Quesos,Queso Molido Delis Bajo en Sal 340gr,,396.00 USD (x1),https://www.smrey.com/p/queso-molido-delis-bajo-sal-340gr-7451080910032
Lacteos y Huevos - Quesos,Queso Cheddar Crystal Farms Finely Rallado 226,,430.00 USD (x1),https://www.smrey.com/p/queso-cheddar-crystal-farms-finely-rallado-2268gr-75925306889
Lacteos y Huevos - Quesos,Queso Mozzarella Artesanal Don Pedro al Granel,,137.00 USD (x1),https://www.smrey.com/p/queso-mozzarella-artesanal-don-pedro-al-granel-207865000002
Lacteos y Huevos - Quesos,Queso Prensado con Sal Chela al Granel,,141.00 USD (x1),https://www.smrey.com/p/queso-prensado-con-sal-chela-al-granel-202569000006
Lacteos y Huevos - Quesos,Queso Mozzarella Don Pedro al Granel,,166.00 USD (x1),https://www.smrey.com/p/queso-mozzarella-don-pedro-al-granel-209253000007
Lacteos y Huevos - Quesos,Queso Crema Philadelphia 33% Menos de Grasa 340,,1025.00 USD (x1),https://www.smrey.com/p/queso-crema-philadelphia-33-menos-de-grasa-340gr-21000612185
Lacteos y Huevos - Quesos,Queso Mozzarella Value 507 al Granel,,135.00 USD (x1),https://www.smrey.com/p/queso-mozzarella-value-507-al-granel-209516000003
Lacteos y Huevos - Quesos,Queso Mild Gouda Loaf Veldhuyzen al Granel,,140.00 USD (x1),https://www.smrey.com/p/queso-mild-gouda-loaf-veldhuyzen-al-granel-200502000007
Lacteos y Huevos - Quesos,Queso Americano Blanco Paisa al Granel,,147.00 USD (x1),https://www.smrey.com/p/queso-americano-blanco-paisa-al-granel-202724000001
Lacteos y Huevos - Quesos,Queso Rallado Borden 2% Milk Four Cheese 226.8g,,550.00 USD (x1),https://www.smrey.com/p/queso-rallado-borden-2-milk-four-cheese-2268gr-53000068952
Lacteos y Huevos - Quesos,Queso Rallado Borden Mozzarella Whole Milk 226,,550.00 USD (x1),https://www.smrey.com/p/queso-rallado-borden-mozzarella-whole-milk-2268gr-53000071952
Lacteos y Huevos - Quesos,Queso de Cabra El Corte Inglés en Rebanada 240g,,760.00 USD (x1),https://www.smrey.com/p/queso-de-cabra-el-corte-ingles-rebanada-240gr-8433329072366
Lacteos y Huevos - Quesos,Queso Molido Dalis 125gr,,171.00 USD (x1),https://www.smrey.com/p/queso-molido-dalis-125gr-7451010510028
Lacteos y Huevos - Quesos,Queso Blanco Molido Quesos Lucho 200gr,,261.00 USD (x1),https://www.smrey.com/p/queso-blanco-molido-quesos-lucho-200gr-736372090638
Lacteos y Huevos - Quesos,Queso Blanco Prensado Quesos Lucho 200gr,,265.00 USD (x1),https://www.smrey.com/p/queso-blanco-prensado-quesos-lucho-200gr-724373648118
Lacteos y Huevos - Quesos,Queso Muenster Viejo Cantaro al Granel,,155.00 USD (x1),https://www.smrey.com/p/queso-muenster-viejo-cantaro-al-granel-201678000006
Lacteos y Huevos - Quesos,Queso Muenster Loaf Ellsworth al Granel,,160.00 USD (x1),https://www.smrey.com/p/queso-muenster-loaf-ellsworth-al-granel-206748000009
Lacteos y Huevos - Quesos,Queso Parmesano Rallado Value 507 85gr,,260.00 USD (x1),https://www.smrey.com/p/queso-parmesano-rallado-value-507-85gr-7453009246185
Lacteos y Huevos - Quesos,Queso Pepper Jack Loaf Ellsworth al Granel,,175.00 USD (x1),https://www.smrey.com/p/queso-pepper-jack-loaf-ellsworth-al-granel-206749000008
Lacteos y Huevos - Quesos,Queso de Cabra Montchevre con Ajo y Hierbas 118,,899.00 USD (x1),https://www.smrey.com/p/queso-de-cabra-montchevre-con-ajo-y-hierbas-118ml-761657901064
Lacteos y Huevos - Quesos,Queso Feta Cremoso en Pote 400gr,,1039.00 USD (x1),https://www.smrey.com/p/queso-feta-cremoso-pote-400gr-7451015608157
Lacteos y Huevos - Quesos,Queso Doble Crema Chela 250gr,,385.00 USD (x1),https://www.smrey.com/p/queso-doble-crema-chela-250gr-7451010461214
Lacteos y Huevos - Quesos,Queso Ile De France Mini Brie 125G,,615.00 USD (x1),https://www.smrey.com/p/queso-ile-de-france-mini-brie-125g-3161712002113
Lacteos y Huevos - Quesos,Queso Feta Dodoni Crumbled 147ml,,519.00 USD (x1),https://www.smrey.com/p/queso-feta-dodoni-crumbled-147ml-5201168815313
Lacteos y Huevos - Quesos,Queso Feta Dodoni Envase al Vacío 150G,,479.00 USD (x1),https://www.smrey.com/p/queso-feta-dodoni-envase-al-vacio-150g-5201168815207
Lacteos y Huevos - Quesos,Queso Feta Dodoni en Contenedor Plastico 400G,,1027.00 USD (x1),https://www.smrey.com/p/queso-feta-dodoni-contenedor-plastico-400g-5201168215649
Lacteos y Huevos - Quesos,Queso Dodoni en Envase 400G,,1023.00 USD (x1),https://www.smrey.com/p/queso-dodoni-envase-400g-5201168815023
Lacteos y Huevos - Quesos,Queso El Pastor Rellenas de Mango en Perlas 125,,465.00 USD (x1),https://www.smrey.com/p/queso-el-pastor-rellenas-de-mango-perlas-125g-8413376034043
Lacteos y Huevos - Quesos,Queso Monterey Jack Crystal Farms en Trozo 207m,,399.00 USD (x1),https://www.smrey.com/p/queso-monterey-jack-crystal-farms-trozo-207ml-75925307596
Lacteos y Huevos - Quesos,Queso Rallado Crystal Farms Gouda 170gr,,425.00 USD (x1),https://www.smrey.com/p/queso-rallado-crystal-farms-gouda-170gr-75925307497
Lacteos y Huevos - Quesos,Queso El Pastor Rellenas de Higo en Perlas 125G,,465.00 USD (x1),https://www.smrey.com/p/queso-el-pastor-rellenas-de-higo-perlas-125g-8413376034227
Lacteos y Huevos - Quesos,Queso Cuatro Tipos Mexicano Crystal Farms 198gr,,525.00 USD (x1),https://www.smrey.com/p/queso-cuatro-tipos-mexicano-crystal-farms-198gr-75925307374
Lacteos y Huevos - Quesos,Queso Vegano Ahumado Kolios 140gr,,280.00 USD (x1),https://www.smrey.com/p/queso-vegano-ahumado-kolios-140gr-5201704002733
Lacteos y Huevos - Quesos,Cuatro Quesos Estilo Mexicano Kraft Rallado 198,,554.00 USD (x1),https://www.smrey.com/p/cuatro-quesos-estilo-mexicano-kraft-rallado-198gr-840370901220
Lacteos y Huevos - Quesos,Queso Feta Crystal Farms 113gr,,395.00 USD (x1),https://www.smrey.com/p/queso-feta-crystal-farms-113gr-75925303369
Lacteos y Huevos - Quesos,Queso de Cabra Montchevre Mini Rollo Natural 11,,499.00 USD (x1),https://www.smrey.com/p/queso-de-cabra-montchevre-mini-rollo-natural-118ml-761657904119
Lacteos y Huevos - Quesos,Queso Mozzarella Chela Fior di Latte al Granel,,212.00 USD (x1),https://www.smrey.com/p/queso-mozzarella-chela-fior-di-latte-al-granel-202566000009
Lacteos y Huevos - Quesos,Queso Mozzarella Cremoso al Granel,,142.00 USD (x1),https://www.smrey.com/p/queso-mozzarella-cremoso-al-granel-201845000006
Lacteos y Huevos - Quesos,Queso Fermentado Casa Planta Ahumado 183G,,1267.00 USD (x1),https://www.smrey.com/p/queso-fermentado-casa-planta-ahumado-183g-7451110330090
Lacteos y Huevos - Quesos,Queso Fermentado Casa Planta Ajo Confitado 183G,,1267.00 USD (x1),https://www.smrey.com/p/queso-fermentado-casa-planta-ajo-confitado-183g-7451110330083
Lacteos y Huevos - Quesos,Queso Fermentado Casa Planta Extra Trufa 183G,,1300.00 USD (x1),https://www.smrey.com/p/queso-fermentado-casa-planta-extra-trufa-183g-7451110330052
Lacteos y Huevos - Quesos,Queso Fermentado Casa Planta Datiles 183gr,,1267.00 USD (x1),https://www.smrey.com/p/queso-fermentado-casa-planta-datiles-183gr-7451110330076
Lacteos y Huevos - Quesos,Queso Clásico Casa Planta 183G,,1267.00 USD (x1),https://www.smrey.com/p/queso-clasico-casa-planta-183g-7451110330106
Lacteos y Huevos - Quesos,Queso Crema Arla Natural 600gr,,905.00 USD (x1),https://www.smrey.com/p/queso-crema-arla-natural-600gr-7452102280683
Lacteos y Huevos - Quesos,Queso Grana Padano Virgilio 200gr,,641.00 USD (x1),https://www.smrey.com/p/queso-grana-padano-virgilio-200gr-8006663006672
Lacteos y Huevos - Quesos,Queso Parmesano Virgilio Reggiano 200gr,,771.00 USD (x1),https://www.smrey.com/p/queso-parmesano-virgilio-reggiano-200gr-8006663003237
Lacteos y Huevos - Quesos,Queso Tipo Duro Chela 227gr,,440.00 USD (x1),https://www.smrey.com/p/queso-tipo-duro-chela-227gr-7451010461276
Lacteos y Huevos - Quesos,Queso Pepper Jack Lunchitas Natural 236ml,,247.00 USD (x1),https://www.smrey.com/p/queso-pepper-jack-lunchitas-natural-236ml-55517008018
Lacteos y Huevos - Quesos,Queso Mild Cheddar Lunchitas Natural 236ml,,247.00 USD (x1),https://www.smrey.com/p/queso-mild-cheddar-lunchitas-natural-236ml-55517008001
Lacteos y Huevos - Quesos,Queso de Cabra Gran Cardenal con Pimenton 150gr,,475.00 USD (x1),https://www.smrey.com/p/queso-de-cabra-gran-cardenal-con-pimenton-150gr-8420891115249
Lacteos y Huevos - Quesos,Queso Camembert Emborg de Moho Blanco Blando 12,,485.00 USD (x1),https://www.smrey.com/p/queso-camembert-emborg-de-moho-blanco-blando-125g-5701215042391
Lacteos y Huevos - Quesos,Queso Brie Emborg de Moho Blanco 125G,,485.00 USD (x1),https://www.smrey.com/p/queso-brie-emborg-de-moho-blanco-125g-5701215042407
Lacteos y Huevos - Quesos,Queso Estrella Azul en Rebanadas 213gr,,362.00 USD (x1),https://www.smrey.com/p/queso-estrella-azul-rebanadas-213gr-88209711156
Lacteos y Huevos - Quesos,Queso Americano Nestlé 30und,,636.00 USD (x1),https://www.smrey.com/p/queso-americano-nestle-30und-8445291555761
Lacteos y Huevos - Quesos,Queso Tillamook Colby Jack 236ml,,777.00 USD (x1),https://www.smrey.com/p/queso-tillamook-colby-jack-236ml-72830030335
Lacteos y Huevos - Quesos,Queso Cheddar Blanco Tillamook en Rebanada 198m,,807.00 USD (x1),https://www.smrey.com/p/queso-cheddar-blanco-tillamook-rebanada-198ml-72830030038
Lacteos y Huevos - Quesos,Queso Mezcla El Pastor Ibérico 1KG,,2364.00 USD (x1),https://www.smrey.com/p/queso-mezcla-el-pastor-iberico-1kg-8413376010672
Lacteos y Huevos - Quesos,Queso Gouda Superior Und,,448.00 USD (x1),https://www.smrey.com/p/queso-gouda-superior-und-7451010607308
Lacteos y Huevos - Quesos,Queso Mild Edam Loaf Veldhuyzen al Granel,,140.00 USD (x1),https://www.smrey.com/p/queso-mild-edam-loaf-veldhuyzen-al-granel-200503000006
Lacteos y Huevos - Quesos,Queso Madurado Belprado Cuña 185gr,,784.00 USD (x1),https://www.smrey.com/p/queso-madurado-belprado-cuna-185gr-8716605001206
Lacteos y Huevos - Quesos,Queso Halloumi Dodoni 225G,,449.00 USD (x1),https://www.smrey.com/p/queso-halloumi-dodoni-225g-5201168915013
Lacteos y Huevos - Quesos,Queso Feta Dodoni en Cubos con Aceite y Orégano,,760.00 USD (x1),https://www.smrey.com/p/queso-feta-dodoni-cubos-con-aceite-y-oregano-150g-5201168215458
Lacteos y Huevos - Quesos,Queso Blanco La Candelaria Costeño al Granel,,92.00 USD (x1),https://www.smrey.com/p/queso-blanco-la-candelaria-costeno-al-granel-204347000000
Lacteos y Huevos - Quesos,Queso Blanco Semi Suave Paisa Bajo en Sal al Gr,,173.00 USD (x1),https://www.smrey.com/p/queso-blanco-semi-suave-paisa-bajo-sal-al-granel-203868000001
Lacteos y Huevos - Quesos,Queso Crema Bel con Ajo Suizo 8G,,439.00 USD (x1),https://www.smrey.com/p/queso-crema-bel-con-ajo-suizo-8g-41757025359
Lacteos y Huevos - Quesos,Queso Raclete Emmi 100G,,381.00 USD (x1),https://www.smrey.com/p/queso-raclete-emmi-100g-7610900256570
Lacteos y Huevos - Quesos,Queso Crema Green Valley Creamery sin Lactosa 2,,550.00 USD (x1),https://www.smrey.com/p/queso-crema-green-valley-creamery-sin-lactosa-2268gr-81312701106
Lacteos y Huevos - Quesos,Queso Mezcla Semicurado El Pastor con Romero 55,,1591.00 USD (x1),https://www.smrey.com/p/queso-mezcla-semicurado-el-pastor-con-romero-550gr-8413376017428
Lacteos y Huevos - Quesos,Queso en Cuña Basiron con Jalapeño 200gr,,595.00 USD (x1),https://www.smrey.com/p/queso-cuna-basiron-con-jalapeno-200gr-8718053512433
Lacteos y Huevos - Quesos,Queso Suizo Natural Borden en Rebanadas 141gr,,420.00 USD (x1),https://www.smrey.com/p/queso-suizo-natural-borden-rebanadas-141gr-53000084372
Lacteos y Huevos - Quesos,Queso Danablu Emborg en Porción 100G,,415.00 USD (x1),https://www.smrey.com/p/queso-danablu-emborg-porcion-100g-5701215942486
Lacteos y Huevos - Quesos,Queso Blanco Americano Borden Singles 354ml,,460.00 USD (x1),https://www.smrey.com/p/queso-blanco-americano-borden-singles-354ml-53000016366
Lacteos y Huevos - Quesos,Queso Provolone Tillamook Ahumado 207ml,,777.00 USD (x1),https://www.smrey.com/p/queso-provolone-tillamook-ahumado-207ml-72830033169
Lacteos y Huevos - Quesos,Queso Cheddar Amarillo Tillamook Mediano en Reb,,797.00 USD (x1),https://www.smrey.com/p/queso-cheddar-amarillo-tillamook-mediano-rebanada-227ml-72830031110
Lacteos y Huevos - Quesos,Queso Sharp Tillamook Rebanado 236ml,,803.00 USD (x1),https://www.smrey.com/p/queso-sharp-tillamook-rebanado-236ml-72830030021
Lacteos y Huevos - Quesos,Queso Pepperjack Tillamook en Rebanada 227ml,,785.00 USD (x1),https://www.smrey.com/p/queso-pepperjack-tillamook-rebanada-227ml-72830030137
Lacteos y Huevos - Quesos,Queso Mozzarella Tillamook Rallado 227ml,,797.00 USD (x1),https://www.smrey.com/p/queso-mozzarella-tillamook-rallado-227ml-72830011211
Lacteos y Huevos - Quesos,Queso Ovea El Pastor Curado 1KG,,2904.00 USD (x1),https://www.smrey.com/p/queso-ovea-el-pastor-curado-1kg-8413376010658
Lacteos y Huevos - Quesos,Queso Gouda Emborg en Rebanada 150gr,,475.00 USD (x1),https://www.smrey.com/p/queso-gouda-emborg-rebanada-150gr-5701215035249
Lacteos y Huevos - Quesos,Queso Gouda Superior al Granel,,163.00 USD (x1),https://www.smrey.com/p/queso-gouda-superior-al-granel-207791000008
Lacteos y Huevos - Quesos,Queso Gruyere Emmi al Granel,,414.00 USD (x1),https://www.smrey.com/p/queso-gruyere-emmi-al-granel-207744000000
Lacteos y Huevos - Quesos,Queso Crema President Emmental 125G,,442.00 USD (x1),https://www.smrey.com/p/queso-crema-president-emmental-125g-3228021000138
Lacteos y Huevos - Quesos,Queso Cheddar Bel Blanco Añejado 170G,,439.00 USD (x1),https://www.smrey.com/p/queso-cheddar-bel-blanco-anejado-170g-41757025298
Lacteos y Huevos - Quesos,Queso de Cabra El Pastor con Vino Tinto Cuña 15,,527.00 USD (x1),https://www.smrey.com/p/queso-de-cabra-el-pastor-con-vino-tinto-cuna-150gr-8413376025287
Lacteos y Huevos - Quesos,Queso Crema Semicurado Garcia Baquero 125gr,,225.00 USD (x1),https://www.smrey.com/p/queso-crema-semicurado-garcia-baquero-125gr-8412289002552
Lacteos y Huevos - Quesos,Queso Crema Green Valley Creamery sin Lactosa 2,,565.00 USD (x1),https://www.smrey.com/p/queso-crema-green-valley-creamery-sin-lactosa-2268gr-81312610002
Lacteos y Huevos - Quesos,Queso Crema Mascarpone Virgilio 250gr,,449.00 USD (x1),https://www.smrey.com/p/queso-crema-mascarpone-virgilio-250gr-8006663184004
Lacteos y Huevos - Quesos,Queso Crema Philadelphia Suave con Miel Und,,675.00 USD (x1),https://www.smrey.com/p/queso-crema-philadelphia-suave-con-miel-und-21000007295
Lacteos y Huevos - Quesos,Queso Crema Philadelphia con Arándano Und,,675.00 USD (x1),https://www.smrey.com/p/queso-crema-philadelphia-con-arandano-und-21000007349
Lacteos y Huevos - Quesos,Queso Mezcla Semicurado El Pastor con Ajo 550gr,,1747.00 USD (x1),https://www.smrey.com/p/queso-mezcla-semicurado-el-pastor-con-ajo-550gr-8413376017398
Lacteos y Huevos - Quesos,Queso con Chile Picante Basiron en Rebanada 150,,395.00 USD (x1),https://www.smrey.com/p/queso-con-chile-picante-basiron-rebanada-150gr-8720168942128
Lacteos y Huevos - Quesos,Queso Savencia Ile de France Tranches de Brie 1,,591.00 USD (x1),https://www.smrey.com/p/queso-savencia-ile-de-france-tranches-de-brie-150g-3090291119373
Lacteos y Huevos - Quesos,Queso con Trufa Basiron en Cuña 10G,,795.00 USD (x1),https://www.smrey.com/p/queso-con-trufa-basiron-cuna-10g-8718053510590
Lacteos y Huevos - Quesos,Queso Hierbas de Jardín Basiron en Cuña 200gr,,595.00 USD (x1),https://www.smrey.com/p/queso-hierbas-de-jardin-basiron-cuna-200gr-8718053512471
Lacteos y Huevos - Quesos,Queso Mild Gouda Cuña Beemster 250gr,,495.00 USD (x1),https://www.smrey.com/p/queso-mild-gouda-cuna-beemster-250gr-8712243074022
Lacteos y Huevos - Quesos,Queso con Alholva Beemster en Cuña Und,,695.00 USD (x1),https://www.smrey.com/p/queso-con-alholva-beemster-cuna-und-8712243025475
Lacteos y Huevos - Quesos,Queso Suizo Cuña Beemster 250gr,,595.00 USD (x1),https://www.smrey.com/p/queso-suizo-cuna-beemster-250gr-8712243002063
Lacteos y Huevos - Quesos,Queso Singles Tipo Americano Borden sin Grasa 3,,605.00 USD (x1),https://www.smrey.com/p/queso-singles-tipo-americano-borden-sin-grasa-340gr-53000006756
Lacteos y Huevos - Quesos,Queso Shred Tillamook Italiano 236ml,,784.00 USD (x1),https://www.smrey.com/p/queso-shred-tillamook-italiano-236ml-72830011372
Lacteos y Huevos - Quesos,Queso Pepper Jack Loaf Delicatezza al Granel,,249.00 USD (x1),https://www.smrey.com/p/queso-pepper-jack-loaf-delicatezza-al-granel-208135000005
Lacteos y Huevos - Quesos,Queso Crema Garden Veggie Dutch Farms 227gr,,560.00 USD (x1),https://www.smrey.com/p/queso-crema-garden-veggie-dutch-farms-227gr-91945690401
Lacteos y Huevos - Quesos,Queso Crema Dutch Farms 227gr,,560.00 USD (x1),https://www.smrey.com/p/queso-crema-dutch-farms-227gr-91945690104
Lacteos y Huevos - Quesos,Queso Fondue Grand Or 400G,,855.00 USD (x1),https://www.smrey.com/p/queso-fondue-grand-or-400g-8716605002555
Lacteos y Huevos - Quesos,Queso Crema Curado Garcia Baquero 125gr,,200.00 USD (x1),https://www.smrey.com/p/queso-crema-curado-garcia-baquero-125gr-8412289002569
Lacteos y Huevos - Quesos,Queso Crema Smithfield 227gr,,369.00 USD (x1),https://www.smrey.com/p/queso-crema-smithfield-227gr-70551100085
Lacteos y Huevos - Quesos,Queso Crema Planticremoso Planticeria 200gr,,576.00 USD (x1),https://www.smrey.com/p/queso-crema-planticremoso-planticeria-200gr-764451893863
Lacteos y Huevos - Quesos,Crema Agria Fage 227gr,,255.00 USD (x1),https://www.smrey.com/p/crema-agria-fage-227gr-689544075004
Lacteos y Huevos - Quesos,Crema Agria Fage 453gr,,403.00 USD (x1),https://www.smrey.com/p/crema-agria-fage-453gr-689544075011
Lacteos y Huevos - Quesos,Queso Crema Fontana 227G,,349.00 USD (x1),https://www.smrey.com/p/queso-crema-fontana-227g-7441001639074
Lacteos y Huevos - Quesos,Queso Crema Philadelphia Garden Vegetable 212gr,,675.00 USD (x1),https://www.smrey.com/p/queso-crema-philadelphia-garden-vegetable-212gr-21000007301
Lacteos y Huevos - Quesos,Queso Crema Arla sin Lactosa 150gr,,262.00 USD (x1),https://www.smrey.com/p/queso-crema-arla-sin-lactosa-150gr-5711953023149
Lacteos y Huevos - Quesos,Queso Crema Philadelphia Piña Und,,675.00 USD (x1),https://www.smrey.com/p/queso-crema-philadelphia-pina-und-21000007332
Lacteos y Huevos - Quesos,Queso Mascarpone Belgioioso 453gr,,867.00 USD (x1),https://www.smrey.com/p/queso-mascarpone-belgioioso-453gr-31142000122
Lacteos y Huevos - Quesos,Queso Crema Philadelphia Menos Grasa 226gr,,620.00 USD (x1),https://www.smrey.com/p/queso-crema-philadelphia-menos-grasa-226gr-21000612475
Lacteos y Huevos - Quesos,Queso Garcia Baquero Viva España Rebanado 100gr,,335.00 USD (x1),https://www.smrey.com/p/queso-garcia-baquero-viva-espana-rebanado-100gr-8412289005348
Lacteos y Huevos - Quesos,Queso Crema Bonlac con Piña 200gr,,318.00 USD (x1),https://www.smrey.com/p/queso-crema-bonlac-con-pina-200gr-12157902052
Lacteos y Huevos - Quesos,Queso Crema Ecolove de Finas Hierbas 250gr,,475.00 USD (x1),https://www.smrey.com/p/queso-crema-ecolove-de-finas-hierbas-250gr-7862113117005
Lacteos y Huevos - Quesos,Queso Lanero Paisa Und,,2050.00 USD (x1),https://www.smrey.com/p/queso-lanero-paisa-und-838795001694
Lacteos y Huevos - Quesos,Quesos Variados Crystal Farms Paquete 453gr,,1195.00 USD (x1),https://www.smrey.com/p/quesos-variados-crystal-farms-paquete-453gr-75925304175
Lacteos y Huevos - Quesos,Queso Prensado Chela sin Sal 227gr,,395.00 USD (x1),https://www.smrey.com/p/queso-prensado-chela-sin-sal-227gr-7451010461207
Lacteos y Huevos - Quesos,Queso Parmesano Borden 85G,,379.00 USD (x1),https://www.smrey.com/p/queso-parmesano-borden-85g-7451101550605
Lacteos y Huevos - Quesos,Queso con Pesto Verde Basiron en Rebanada 150gr,,395.00 USD (x1),https://www.smrey.com/p/queso-con-pesto-verde-basiron-rebanada-150gr-8720168942104
Lacteos y Huevos - Quesos,Queso Cheddar Veldhuyzen en Rebanadas Suaves 15,,425.00 USD (x1),https://www.smrey.com/p/queso-cheddar-veldhuyzen-rebanadas-suaves-150gr-8720168940865
Lacteos y Huevos - Quesos,Queso Grana Padano Simonini al Granel,,367.00 USD (x1),https://www.smrey.com/p/queso-grana-padano-simonini-al-granel-200183000006
Lacteos y Huevos - Quesos,Queso con Aceituna y Tomate Basiron en Rebanada,,395.00 USD (x1),https://www.smrey.com/p/queso-con-aceituna-y-tomate-basiron-rebanada-150gr-8720168941275
Lacteos y Huevos - Quesos,Queso Emmental Veldhuyzen en Rebanadas 150gr,,395.00 USD (x1),https://www.smrey.com/p/queso-emmental-veldhuyzen-rebanadas-150gr-8720168940889
Lacteos y Huevos - Quesos,Queso con Hierbas de Jardín Basiron en Rebanada,,395.00 USD (x1),https://www.smrey.com/p/queso-con-hierbas-de-jardin-basiron-rebanada-150gr-8720168941299
Lacteos y Huevos - Quesos,Queso de Cabra Veldhuyzen en Rebanadas Suaves 1,,450.00 USD (x1),https://www.smrey.com/p/queso-de-cabra-veldhuyzen-rebanadas-suaves-150gr-8718053512112
Lacteos y Huevos - Quesos,Queso Edam Veldhuyzen en Rebanadas Suaves 150gr,,325.00 USD (x1),https://www.smrey.com/p/queso-edam-veldhuyzen-rebanadas-suaves-150gr-8713323093490
Lacteos y Huevos - Quesos,Queso Gouda Veldhuyzen en Rebanadas Suaves 150g,,325.00 USD (x1),https://www.smrey.com/p/queso-gouda-veldhuyzen-rebanadas-suaves-150gr-8713323093483
Lacteos y Huevos - Quesos,Tabla de Quesos Castello Und,,775.00 USD (x1),https://www.smrey.com/p/tabla-de-quesos-castello-und-7453009233888
Lacteos y Huevos - Quesos,Queso Prensado Fresh Lovers Bajo en Sal 227ml,,308.00 USD (x1),https://www.smrey.com/p/queso-prensado-fresh-lovers-bajo-sal-227ml-634154274125
Lacteos y Huevos - Quesos,Queso Blanco Fresh Lovers Nacional 227ml,,255.00 USD (x1),https://www.smrey.com/p/queso-blanco-fresh-lovers-nacional-227ml-634154274170
Lacteos y Huevos - Quesos,Queso Prensado Fresh Lovers con Sal 227ml,,308.00 USD (x1),https://www.smrey.com/p/queso-prensado-fresh-lovers-con-sal-227ml-634154274118
Lacteos y Huevos - Quesos,Queso Fresco Mozzarella Belgioioso con Aceite d,,865.00 USD (x1),https://www.smrey.com/p/queso-fresco-mozzarella-belgioioso-con-aceite-de-trufa-blanca-226gr-31142100105
Lacteos y Huevos - Quesos,Queso Mozzarella Belgioioso Pesto 226gr,,795.00 USD (x1),https://www.smrey.com/p/queso-mozzarella-belgioioso-pesto-226gr-31142100112
Lacteos y Huevos - Quesos,Queso Gouda President Ligero Rebanado 150gr,,465.00 USD (x1),https://www.smrey.com/p/queso-gouda-president-ligero-rebanado-150gr-8713734018808
Lacteos y Huevos - Quesos,Queso Gouda Old Amsterdam en Cuña 150gr,,595.00 USD (x1),https://www.smrey.com/p/queso-gouda-old-amsterdam-cuna-150gr-8717545623077
Lacteos y Huevos - Quesos,Queso Envejecido 10 Meses Beemster 250gr,,545.00 USD (x1),https://www.smrey.com/p/queso-envejecido-10-meses-beemster-250gr-8712243075982
Lacteos y Huevos - Quesos,Queso Pesto Verde Cuña Beemster 250gr,,595.00 USD (x1),https://www.smrey.com/p/queso-pesto-verde-cuna-beemster-250gr-8712243024973
Lacteos y Huevos - Quesos,Queso de Oveja Garcia Baquero 150gr,,400.00 USD (x1),https://www.smrey.com/p/queso-de-oveja-garcia-baquero-150gr-8412289006987
Lacteos y Huevos - Quesos,Queso al Romero Garcia Baquero Cinco Lanzas 200,,590.00 USD (x1),https://www.smrey.com/p/queso-al-romero-garcia-baquero-cinco-lanzas-200gr-8412289005218
Lacteos y Huevos - Quesos,Queso Curado Gran Capitan 450gr,,1200.00 USD (x1),https://www.smrey.com/p/queso-curado-gran-capitan-450gr-8411049000883
Lacteos y Huevos - Quesos,Queso Camembert Petit Ile De France 125G,,525.00 USD (x1),https://www.smrey.com/p/queso-camembert-petit-ile-de-france-125g-3161712996108
Lacteos y Huevos - Quesos,Queso Nestlé Mozzarella en Rebanadas 15gr,,823.00 USD (x1),https://www.smrey.com/p/queso-nestle-mozzarella-rebanadas-15gr-7613032739461
Lacteos y Huevos - Quesos,Queso Hilacha Chela String 113gr,,205.00 USD (x1),https://www.smrey.com/p/queso-hilacha-chela-string-113gr-7451010460057
Lacteos y Huevos - Quesos,Queso Ile De France Brie Bleu 125G,,630.00 USD (x1),https://www.smrey.com/p/queso-ile-de-france-brie-bleu-125g-3161712996153
Lacteos y Huevos - Quesos,Queso Brie Petit Ile De France 125G,,525.00 USD (x1),https://www.smrey.com/p/queso-brie-petit-ile-de-france-125g-3161712996146
Lacteos y Huevos - Quesos,Queso Mozzarella Hill Valley Prensado al Granel,,161.00 USD (x1),https://www.smrey.com/p/queso-mozzarella-hill-valley-prensado-al-granel-202467000009
Lacteos y Huevos - Quesos,Queso Americano Nestlé Línea Ligera en Rebanada,,826.00 USD (x1),https://www.smrey.com/p/queso-americano-nestle-linea-ligera-rebanada-30und-7613032732899
Lacteos y Huevos - Quesos,Queso Americano Nestlé en Rebanada 30und,,780.00 USD (x1),https://www.smrey.com/p/queso-americano-nestle-rebanada-30und-7613039176993
Lacteos y Huevos - Quesos,Queso en Rebanadas 100% Vegano Violife 200gr,,553.00 USD (x1),https://www.smrey.com/p/queso-rebanadas-100-vegano-violife-200gr-5202390015878
Lacteos y Huevos - Quesos,Queso Pimiento Verde Cremoso al Granel,,148.00 USD (x1),https://www.smrey.com/p/queso-pimiento-verde-cremoso-al-granel-209399000008
Lacteos y Huevos - Quesos,Queso Tipo Americano Estrella Azul al Granel,,128.00 USD (x1),https://www.smrey.com/p/queso-tipo-americano-estrella-azul-al-granel-200189000000
Lacteos y Huevos - Quesos,Queso Gouda Dutch Farms Rallado 170gr,,460.00 USD (x1),https://www.smrey.com/p/queso-gouda-dutch-farms-rallado-170gr-91945108920
Lacteos y Huevos - Quesos,Queso Cheddar Dutch Farms Rallado 226gr,,460.00 USD (x1),https://www.smrey.com/p/queso-cheddar-dutch-farms-rallado-226gr-91945108999
Lacteos y Huevos - Quesos,Queso Llanero Paisa Rallado 226gr,,865.00 USD (x1),https://www.smrey.com/p/queso-llanero-paisa-rallado-226gr-838795001649
Lacteos y Huevos - Quesos,Queso Crystal Farms Mozzarella en Espiral 283gr,,875.00 USD (x1),https://www.smrey.com/p/queso-crystal-farms-mozzarella-espiral-283gr-75925304199
Lacteos y Huevos - Quesos,Queso Estilo Mexicano A Heritage Rallado 226gr,,425.00 USD (x1),https://www.smrey.com/p/queso-estilo-mexicano-a-heritage-rallado-226gr-71505018944
Lacteos y Huevos - Quesos,Queso Mexicano Arla Rallado 175G,,505.00 USD (x1),https://www.smrey.com/p/queso-mexicano-arla-rallado-175g-5711953091964
Lacteos y Huevos - Quesos,Queso para Pizza Arla Rallado 175G,,505.00 USD (x1),https://www.smrey.com/p/queso-pizza-arla-rallado-175g-5711953091988
Lacteos y Huevos - Quesos,Queso Cheddar Tillamook Amarillo Rallado Median,,804.00 USD (x1),https://www.smrey.com/p/queso-cheddar-tillamook-amarillo-rallado-mediano-236ml-72830001007
Lacteos y Huevos - Quesos,Queso Parmesano Borden Rallado Fino 141gr,,550.00 USD (x1),https://www.smrey.com/p/queso-parmesano-borden-rallado-fino-141gr-53000075141
Lacteos y Huevos - Quesos,Queso Cheddar Borden Rallado en Cortes Gruesos,,550.00 USD (x1),https://www.smrey.com/p/queso-cheddar-borden-rallado-cortes-gruesos-226gr-53000052647
Lacteos y Huevos - Quesos,Queso Natural Muenster Borden Natural en Rebana,,399.00 USD (x1),https://www.smrey.com/p/queso-natural-muenster-borden-natural-rebanada-und-53000064060
Lacteos y Huevos - Quesos,Queso Cheddar Fuerte en Rebanadas Ultra Delgada,,732.00 USD (x1),https://www.smrey.com/p/queso-cheddar-fuerte-rebanadas-ultra-delgadas-sargento-198gr-46100002261
Lacteos y Huevos - Quesos,Queso Suizo Fancy Sargento Rallado 226gr,,674.00 USD (x1),https://www.smrey.com/p/queso-suizo-fancy-sargento-rallado-226gr-46100400036
Lacteos y Huevos - Quesos,Mezcla de Cuatro Quesos Sargento Pizzeria 226gr,,674.00 USD (x1),https://www.smrey.com/p/mezcla-de-cuatro-quesos-sargento-pizzeria-226gr-46100411056
Lacteos y Huevos - Quesos,Cuatro Quesos Estilo Mexicano Sargento 226gr,,674.00 USD (x1),https://www.smrey.com/p/cuatro-quesos-estilo-mexicano-sargento-226gr-46100400920
Lacteos y Huevos - Quesos,Queso Suizo Land O Lakes Baby 170gr,,527.00 USD (x1),https://www.smrey.com/p/queso-suizo-land-o-lakes-baby-170gr-34500446136
Lacteos y Huevos - Quesos,Queso Provolone Land O Lakes Ahumado 227gr,,504.00 USD (x1),https://www.smrey.com/p/queso-provolone-land-o-lakes-ahumado-227gr-34500446747
Lacteos y Huevos - Quesos,Queso Colby Jack Land O Lakes 227gr,,527.00 USD (x1),https://www.smrey.com/p/queso-colby-jack-land-o-lakes-227gr-34500446242
Lacteos y Huevos - Quesos,Queso Muenster Land O Lakes 227gr,,504.00 USD (x1),https://www.smrey.com/p/queso-muenster-land-o-lakes-227gr-34500446525
Lacteos y Huevos - Quesos,Queso Cheddar Anchor Blanco 252gr,,614.00 USD (x1),https://www.smrey.com/p/queso-cheddar-anchor-blanco-252gr-9414832116302
Lacteos y Huevos - Quesos,Queso Cheddar Anchor Color 251gr,,614.00 USD (x1),https://www.smrey.com/p/queso-cheddar-anchor-color-251gr-9414832684979
Lacteos y Huevos - Quesos,Queso Cheddar Kraft Singles Und,,558.00 USD (x1),https://www.smrey.com/p/queso-cheddar-kraft-singles-und-21000616480
Lacteos y Huevos - Quesos,Queso Gouda Bel Babybel 128gr,,599.00 USD (x1),https://www.smrey.com/p/queso-gouda-bel-babybel-128gr-41757025960
Lacteos y Huevos - Quesos,Queso Gouda Castello Rueda 170gr,,652.00 USD (x1),https://www.smrey.com/p/queso-gouda-castello-rueda-170gr-654858704520
Lacteos y Huevos - Quesos,Queso Mini Babybel Bel Ligero 128gr,,599.00 USD (x1),https://www.smrey.com/p/queso-mini-babybel-bel-ligero-128gr-41757026028
Lacteos y Huevos - Quesos,Queso Blanco Cracker Barrel Vermont Und,,796.00 USD (x1),https://www.smrey.com/p/queso-blanco-cracker-barrel-vermont-und-21000005253
Lacteos y Huevos - Quesos,Queso Mini Babybel Bel Original 128gr,,599.00 USD (x1),https://www.smrey.com/p/queso-mini-babybel-bel-original-128gr-41757025717
Lacteos y Huevos - Quesos,Queso Mini Babybel Bel Cheddar Blanco 128gr,,651.00 USD (x1),https://www.smrey.com/p/queso-mini-babybel-bel-cheddar-blanco-128gr-41757018368
Lacteos y Huevos - Quesos,Queso Gouda Viejo Cantaro al Granel,,154.00 USD (x1),https://www.smrey.com/p/queso-gouda-viejo-cantaro-al-granel-209996000005
Lacteos y Huevos - Quesos,Queso Cheddar American Borden Pre Rebanado al G,,122.00 USD (x1),https://www.smrey.com/p/queso-cheddar-american-borden-pre-rebanado-al-granel-203456000000
Lacteos y Huevos - Quesos,Queso Mozarella Ecolove en Rebanada 150gr,,350.00 USD (x1),https://www.smrey.com/p/queso-mozarella-ecolove-rebanada-150gr-7862113115414
Lacteos y Huevos - Quesos,Queso Monterey Jack Superior Rebanado 165gr,,447.00 USD (x1),https://www.smrey.com/p/queso-monterey-jack-superior-rebanado-165gr-7451010673075
Lacteos y Huevos - Quesos,Queso Gouda Superior Rebanado 165gr,,447.00 USD (x1),https://www.smrey.com/p/queso-gouda-superior-rebanado-165gr-7451010673099
Lacteos y Huevos - Quesos,Queso Monterrey Jack Superior con Jalapeños Und,,549.00 USD (x1),https://www.smrey.com/p/queso-monterrey-jack-superior-con-jalapenos-und-7451010606905
Lacteos y Huevos - Quesos,Queso Muenster Superior Rebanado 165gr,,447.00 USD (x1),https://www.smrey.com/p/queso-muenster-superior-rebanado-165gr-7451010672979
Lacteos y Huevos - Quesos,Queso Cheddar Superior Amarillo 165gr,,447.00 USD (x1),https://www.smrey.com/p/queso-cheddar-superior-amarillo-165gr-7451010672788
Lacteos y Huevos - Quesos,Queso Muenster Loaf Delicatezza al Granel,,160.00 USD (x1),https://www.smrey.com/p/queso-muenster-loaf-delicatezza-al-granel-208134000006
Lacteos y Huevos - Quesos,Queso Granarolo Pecorino Romano 170gr,,535.00 USD (x1),https://www.smrey.com/p/queso-granarolo-pecorino-romano-170gr-9421007140123
Lacteos y Huevos - Quesos,Crema Agria Westby 226gr,,225.00 USD (x1),https://www.smrey.com/p/crema-agria-westby-226gr-750388101058
Lacteos y Huevos - Quesos,Queso Tipo Colombiano Paisa Und,,810.00 USD (x1),https://www.smrey.com/p/queso-tipo-colombiano-paisa-und-838795001342
Lacteos y Huevos - Quesos,Queso Guayanes Paisa 453gr,,1216.00 USD (x1),https://www.smrey.com/p/queso-guayanes-paisa-453gr-838795000079
Lacteos y Huevos - Quesos,Queso Mozzarella Crystal Farms en Palito 28gr,,95.00 USD (x1),https://www.smrey.com/p/queso-mozzarella-crystal-farms-palito-28gr-75925301655
Lacteos y Huevos - Quesos,Queso Blanco La Cholita Bajo en Sal 250gr,,350.00 USD (x1),https://www.smrey.com/p/queso-blanco-la-cholita-bajo-sal-250gr-7452102190050
Lacteos y Huevos - Quesos,Queso Blanco Dalis 283gr,,310.00 USD (x1),https://www.smrey.com/p/queso-blanco-dalis-283gr-7451010510011
Lacteos y Huevos - Quesos,Queso Asadero Chela 340gr,,725.00 USD (x1),https://www.smrey.com/p/queso-asadero-chela-340gr-7451010461245
Lacteos y Huevos - Quesos,Queso Ricotta Chela 250G,,295.00 USD (x1),https://www.smrey.com/p/queso-ricotta-chela-250g-7451010461269
Lacteos y Huevos - Quesos,Queso Burrata Chela Und,,659.00 USD (x1),https://www.smrey.com/p/queso-burrata-chela-und-7451010460583
Lacteos y Huevos - Quesos,Queso Mozzarella Chela Enrrollado 226gr,,439.00 USD (x1),https://www.smrey.com/p/queso-mozzarella-chela-enrrollado-226gr-7451010460170
Lacteos y Huevos - Quesos,Queso Blanco Prensado La Cholita al Granel,,131.00 USD (x1),https://www.smrey.com/p/queso-blanco-prensado-la-cholita-al-granel-207275000005
Lacteos y Huevos - Quesos,Queso Blanco Prensado Bajo en Sal La Cholita al,,140.00 USD (x1),https://www.smrey.com/p/queso-blanco-prensado-bajo-sal-la-cholita-al-granel-207360000002
Lacteos y Huevos - Quesos,Queso Prensado Don Joaquín al Granel,,89.00 USD (x1),https://www.smrey.com/p/queso-prensado-don-joaquin-al-granel-201425000006
Lacteos y Huevos - Quesos,Queso Crema de Almendra Cordon Green 120gr,,350.00 USD (x1),https://www.smrey.com/p/queso-crema-de-almendra-cordon-green-120gr-7862115361598
Lacteos y Huevos - Quesos,Queso Vegano Cordon Green de Finas Hierbas 250g,,375.00 USD (x1),https://www.smrey.com/p/queso-vegano-cordon-green-de-finas-hierbas-250gr-7862115360751
Lacteos y Huevos - Quesos,Queso Mozarella Ecolove Rallado 150gr,,325.00 USD (x1),https://www.smrey.com/p/queso-mozarella-ecolove-rallado-150gr-7862113115391
Lacteos y Huevos - Quesos,Queso Cheddar Rallado Violife Vegano 150gr,,663.00 USD (x1),https://www.smrey.com/p/queso-cheddar-rallado-violife-vegano-150gr-5202390022319
Lacteos y Huevos - Quesos,Queso Vegano Clásico Cordon Green 250gr,,375.00 USD (x1),https://www.smrey.com/p/queso-vegano-clasico-cordon-green-250gr-7862115360782
Lacteos y Huevos - Quesos,Queso Prensado Antaura de Cabra 142gr,,365.00 USD (x1),https://www.smrey.com/p/queso-prensado-antaura-de-cabra-142gr-7451109000041
Lacteos y Huevos - Quesos,Queso Mozzarella Planticeria Plantimoxy 200gr,,800.00 USD (x1),https://www.smrey.com/p/queso-mozzarella-planticeria-plantimoxy-200gr-764451893887
Lacteos y Huevos - Quesos,Queso Superior Cheezpa al Granel,,147.00 USD (x1),https://www.smrey.com/p/queso-superior-cheezpa-al-granel-202685000003
Lacteos y Huevos - Quesos,Queso Crema Emborg Sour 250gr,,497.00 USD (x1),https://www.smrey.com/p/queso-crema-emborg-sour-250gr-5704025036024
Lacteos y Huevos - Quesos,Queso Emborg Mascarpone 250gr,,475.00 USD (x1),https://www.smrey.com/p/queso-emborg-mascarpone-250gr-5704025036031
Lacteos y Huevos - Quesos,Queso Crema Arla Hierbas Especies 150gr,,273.00 USD (x1),https://www.smrey.com/p/queso-crema-arla-hierbas-especies-150gr-5711953017346
Lacteos y Huevos - Quesos,Queso Crema Arla de Piña 150gr,,273.00 USD (x1),https://www.smrey.com/p/queso-crema-arla-de-pina-150gr-5711953017339
Lacteos y Huevos - Quesos,Queso Crema Bonlac con Aji 200gr,,318.00 USD (x1),https://www.smrey.com/p/queso-crema-bonlac-con-aji-200gr-12157903059
Lacteos y Huevos - Quesos,Queso Parmesano Galbani Raggiano 100gr,,461.00 USD (x1),https://www.smrey.com/p/queso-parmesano-galbani-raggiano-100gr-8000430395600
Lacteos y Huevos - Quesos,Queso Parmesano Romano Don Don 56gr,,297.00 USD (x1),https://www.smrey.com/p/queso-parmesano-romano-don-don-56gr-7451008521739
Lacteos y Huevos - Quesos,Queso Llanero La Cholita 454gr,,646.00 USD (x1),https://www.smrey.com/p/queso-llanero-la-cholita-454gr-7452102190067
Lacteos y Huevos - Quesos,Queso Emmental President Rebanado 150gr,,465.00 USD (x1),https://www.smrey.com/p/queso-emmental-president-rebanado-150gr-8713734041455
Lacteos y Huevos - Quesos,Queso Parmesano Molido Superior al Granel,,240.00 USD (x1),https://www.smrey.com/p/queso-parmesano-molido-superior-al-granel-207802000003
Lacteos y Huevos - Quesos,Queso Pecorino Romano Simonini al Granel,,367.00 USD (x1),https://www.smrey.com/p/queso-pecorino-romano-simonini-al-granel-200181000008
Lacteos y Huevos - Quesos,Queso Cottage Superior 200gr,,212.00 USD (x1),https://www.smrey.com/p/queso-cottage-superior-200gr-7451010673631
Lacteos y Huevos - Quesos,Queso Cottage Superior 500gr,,467.00 USD (x1),https://www.smrey.com/p/queso-cottage-superior-500gr-7451010673648
Lacteos y Huevos - Quesos,Queso Basiron Tricolore Wedge 200gr,,795.00 USD (x1),https://www.smrey.com/p/queso-basiron-tricolore-wedge-200gr-8718053511948
Lacteos y Huevos - Quesos,Queso de Cabra Hommage en Cuña Suave 200gr,,695.00 USD (x1),https://www.smrey.com/p/queso-de-cabra-hommage-cuna-suave-200gr-8718053511962
Lacteos y Huevos - Quesos,Queso Pesto Verde Basiron en Cuña 200gr,,595.00 USD (x1),https://www.smrey.com/p/queso-pesto-verde-basiron-cuna-200gr-8718053511924
Lacteos y Huevos - Quesos,Queso con Mostaza Basiron en Cuña 200gr,,595.00 USD (x1),https://www.smrey.com/p/queso-con-mostaza-basiron-cuna-200gr-8718053512457
Lacteos y Huevos - Quesos,Queso Pesto Rosso Basiron en Cuña 200gr,,595.00 USD (x1),https://www.smrey.com/p/queso-pesto-rosso-basiron-cuna-200gr-8718053511917
Lacteos y Huevos - Quesos,Queso Gran Cardenal Mezcla Primavera con Curcum,,475.00 USD (x1),https://www.smrey.com/p/queso-gran-cardenal-mezcla-primavera-con-curcuma-150gr-8420891115263
Lacteos y Huevos - Quesos,Queso Crema President 125G,,365.00 USD (x1),https://www.smrey.com/p/queso-crema-president-125g-3228024070282
Lacteos y Huevos - Quesos,Queso Mozzarella Viejo Cantaro 200gr,,367.00 USD (x1),https://www.smrey.com/p/queso-mozzarella-viejo-cantaro-200gr-7453052801041
Lacteos y Huevos - Quesos,Queso Mozzarella Superior Rebanado 165gr,,312.00 USD (x1),https://www.smrey.com/p/queso-mozzarella-superior-rebanado-165gr-7451010673044
Lacteos y Huevos - Quesos,Queso Americano Nestle Und,,370.00 USD (x1),https://www.smrey.com/p/queso-americano-nestle-und-8445291557482
Lacteos y Huevos - Quesos,Queso Americano Crystal Farms Rebanado 12und,,257.00 USD (x1),https://www.smrey.com/p/queso-americano-crystal-farms-rebanado-12und-75925300061
Lacteos y Huevos - Quesos,Queso Amarillo Don Pedro Procesado 12und,,358.00 USD (x1),https://www.smrey.com/p/queso-amarillo-don-pedro-procesado-12und-7452103090397
Lacteos y Huevos - Quesos,Queso Borden Family Pack 48und,,995.00 USD (x1),https://www.smrey.com/p/queso-borden-family-pack-48und-7452101210599
Lacteos y Huevos - Quesos,Queso Borden Family Pack 32und,,695.00 USD (x1),https://www.smrey.com/p/queso-borden-family-pack-32und-7452101210605
Lacteos y Huevos - Quesos,Queso Amarillo Don Pedro Procesado 24und,,606.00 USD (x1),https://www.smrey.com/p/queso-amarillo-don-pedro-procesado-24und-7452103090380
Lacteos y Huevos - Quesos,Queso Singles Kraft Blanco 340gr,,495.00 USD (x1),https://www.smrey.com/p/queso-singles-kraft-blanco-340gr-21000604654
Lacteos y Huevos - Quesos,Queso Americano Superior al Granel,,99.00 USD (x1),https://www.smrey.com/p/queso-americano-superior-al-granel-207579000008
Lacteos y Huevos - Quesos,Queso Colby Jack Delicatezza al Granel,,212.00 USD (x1),https://www.smrey.com/p/queso-colby-jack-delicatezza-al-granel-200441000007
Lacteos y Huevos - Quesos,Queso Amarillo Procesado Don Pedro al Granel,,155.00 USD (x1),https://www.smrey.com/p/queso-amarillo-procesado-don-pedro-al-granel-202051000002
Lacteos y Huevos - Quesos,Queso Mozzarella Tillamook Rebanado 226.8gr,,707.00 USD (x1),https://www.smrey.com/p/queso-mozzarella-tillamook-rebanado-2268gr-72830030168
Lacteos y Huevos - Quesos,Queso Parmesano Tillamook 155.92gr,,753.00 USD (x1),https://www.smrey.com/p/queso-parmesano-tillamook-15592gr-72830011419
Lacteos y Huevos - Quesos,Queso Shred Tillamook Triple Cheddar 236ml,,820.00 USD (x1),https://www.smrey.com/p/queso-shred-tillamook-triple-cheddar-236ml-72830011341
Lacteos y Huevos - Quesos,Queso Cheddar Tillamook Fuerte Rallado 236ml,,769.00 USD (x1),https://www.smrey.com/p/queso-cheddar-tillamook-fuerte-rallado-236ml-72830011044
Lacteos y Huevos - Quesos,Queso Gouda Borden Desmenuzado 226gr,,490.00 USD (x1),https://www.smrey.com/p/queso-gouda-borden-desmenuzado-226gr-53000067351
Lacteos y Huevos - Quesos,Queso Ibérico Cuña Gran Capitan 250gr,,700.00 USD (x1),https://www.smrey.com/p/queso-iberico-cuna-gran-capitan-250gr-8411049023462
Lacteos y Huevos - Quesos,Queso Manchego Cuña Don Bernardo 250gr,,1155.00 USD (x1),https://www.smrey.com/p/queso-manchego-cuna-don-bernardo-250gr-8410633010024
Lacteos y Huevos - Quesos,Queso Gouda Anchor al Granel,,171.00 USD (x1),https://www.smrey.com/p/queso-gouda-anchor-al-granel-207936000009
Lacteos y Huevos - Quesos,Queso Mild Cheddar Don Pedro al Granel,,171.00 USD (x1),https://www.smrey.com/p/queso-mild-cheddar-don-pedro-al-granel-209251000009
Lacteos y Huevos - Quesos,Queso Gouda Veldhuyzen Cuña Suave 200gr,,495.00 USD (x1),https://www.smrey.com/p/queso-gouda-veldhuyzen-cuna-suave-200gr-8718053511986
Lacteos y Huevos - Quesos,Queso Mascarpone Granarolo Uht 500gr,,787.00 USD (x1),https://www.smrey.com/p/queso-mascarpone-granarolo-uht-500gr-8002670002751
Lacteos y Huevos - Quesos,Queso Blanco Don Arcelio Prensado con Sal 250gr,,469.00 USD (x1),https://www.smrey.com/p/queso-blanco-don-arcelio-prensado-con-sal-250gr-7451107520046
Lacteos y Huevos - Quesos,Queso Molido Deli House 215gr,,256.00 USD (x1),https://www.smrey.com/p/queso-molido-deli-house-215gr-7451109710018
Lacteos y Huevos - Quesos,Queso Prensado Deli House 230gr,,366.00 USD (x1),https://www.smrey.com/p/queso-prensado-deli-house-230gr-7451109710025
Lacteos y Huevos - Quesos,Queso Blanco La Candelaria Costeño 300gr,,334.00 USD (x1),https://www.smrey.com/p/queso-blanco-la-candelaria-costeno-300gr-7451109070211
Lacteos y Huevos - Quesos,Queso Mozzarella Chela Fior Di Late 150gr,,400.00 USD (x1),https://www.smrey.com/p/queso-mozzarella-chela-fior-di-late-150gr-7451010461283
Lacteos y Huevos - Quesos,Queso Mozzarella Chela Ahumada 227gr,,575.00 USD (x1),https://www.smrey.com/p/queso-mozzarella-chela-ahumada-227gr-7451010461290
Lacteos y Huevos - Quesos,Queso Crema Arla con Cebollina 141gr,,256.00 USD (x1),https://www.smrey.com/p/queso-crema-arla-con-cebollina-141gr-5711953106767
Lacteos y Huevos - Quesos,Drizzle Fermentado Casa Planta de Pepita de Mar,,1000.00 USD (x1),https://www.smrey.com/p/drizzle-fermentado-casa-planta-de-pepita-de-maranon-clasico-255gr-7451110330038
Lacteos y Huevos - Quesos,Queso Fermentado Casa Planta Chile Chipotle 183,,1200.00 USD (x1),https://www.smrey.com/p/queso-fermentado-casa-planta-chile-chipotle-183g-7451110330113
Lacteos y Huevos - Quesos,Queso Parmesano Lunchitas Molido 85gr,,230.00 USD (x1),https://www.smrey.com/p/queso-parmesano-lunchitas-molido-85gr-855517005006
Lacteos y Huevos - Quesos,Crema Agria Breakstone 226.8gr,,375.00 USD (x1),https://www.smrey.com/p/crema-agria-breakstone-2268gr-840371200070
Lacteos y Huevos - Quesos,Queso Marble Jack Crystal Farms Lonchas 198gr,,575.00 USD (x1),https://www.smrey.com/p/queso-marble-jack-crystal-farms-lonchas-198gr-75925307893
Lacteos y Huevos - Quesos,Queso Americano Lunchitas 170gr,,160.00 USD (x1),https://www.smrey.com/p/queso-americano-lunchitas-170gr-855517006058
Lacteos y Huevos - Quesos,Queso Gouda Lunchitas 226gr,,308.00 USD (x1),https://www.smrey.com/p/queso-gouda-lunchitas-226gr-55517008049
Lacteos y Huevos - Quesos,Queso Mozzarella Hill Valley Rebanado al Grane,,158.00 USD (x1),https://www.smrey.com/p/queso-mozzarella-hill-valley-rebanado-al-granel-209044000001
Lacteos y Huevos - Quesos,Queso Amarillo Cremoso Rebanado al Granel,,150.00 USD (x1),https://www.smrey.com/p/queso-amarillo-cremoso-rebanado-al-granel-209042000003
Lacteos y Huevos - Quesos,Queso Amarillo Value 507 al Granel,,135.00 USD (x1),https://www.smrey.com/p/queso-amarillo-value-507-al-granel-209065000004
Lacteos y Huevos - Quesos,Queso Cottage Breakstone Arándanos 133gr,,240.00 USD (x1),https://www.smrey.com/p/queso-cottage-breakstone-arandanos-133gr-21000008704
Lacteos y Huevos - Quesos,Queso Cottage Breakstone Piña 133gr,,240.00 USD (x1),https://www.smrey.com/p/queso-cottage-breakstone-pina-133gr-21000008605
Lacteos y Huevos - Quesos,Queso Boursin Ajo y Hierbas 150.25gr,,939.00 USD (x1),https://www.smrey.com/p/queso-boursin-ajo-y-hierbas-15025gr-79813000118
Lacteos y Huevos - Quesos,Queso Edam Value 507 al Granel,,136.00 USD (x1),https://www.smrey.com/p/queso-edam-value-507-al-granel-209083000000
Lacteos y Huevos - Quesos,Queso Gouda Vonk Barra al Granel,,173.00 USD (x1),https://www.smrey.com/p/queso-gouda-vonk-barra-al-granel-209072000004
Lacteos y Huevos - Quesos,Queso Cottage Breakstone Pack,,540.00 USD (x1),https://www.smrey.com/p/queso-cottage-breakstone-pack-21000122813
Lacteos y Huevos - Quesos,Queso Mozzarella Nestle Rebanado al Granel,,173.00 USD (x1),https://www.smrey.com/p/queso-mozzarella-nestle-rebanado-al-granel-209084000009
Lacteos y Huevos - Quesos,Queso Mozzarella Value 507 al Granel,,135.00 USD (x1),https://www.smrey.com/p/queso-mozzarella-value-507-al-granel-209088000005
Lacteos y Huevos - Quesos,Queso Mozzarella Value 507 al Granel,,135.00 USD (x1),https://www.smrey.com/p/queso-mozzarella-value-507-al-granel-209064000005
Lacteos y Huevos - Quesos,Queso Mozzarella Superior Rebanado al Granel,,140.00 USD (x1),https://www.smrey.com/p/queso-mozzarella-superior-rebanado-al-granel-209045000000
Lacteos y Huevos - Quesos,Queso Americano Superior Rebanado al Granel,,157.00 USD (x1),https://www.smrey.com/p/queso-americano-superior-rebanado-al-granel-209066000003
Lacteos y Huevos - Quesos,Queso Americano Nestle Rebanado al Granel,,164.00 USD (x1),https://www.smrey.com/p/queso-americano-nestle-rebanado-al-granel-209071000005
Lacteos y Huevos - Quesos,Queso Americano Cremoso Rebanado al Granel,,145.00 USD (x1),https://www.smrey.com/p/queso-americano-cremoso-rebanado-al-granel-209074000002
Lacteos y Huevos - Quesos,Queso Muenster Hill Valley Rebanado al Granel,,155.00 USD (x1),https://www.smrey.com/p/queso-muenster-hill-valley-rebanado-al-granel-209043000002
Lacteos y Huevos - Quesos,Queso Gouda Value 507 al Granel,,133.00 USD (x1),https://www.smrey.com/p/queso-gouda-value-507-al-granel-209073000003
Lacteos y Huevos - Quesos,Queso Pepper Jack Hill Valley al Granel,,175.00 USD (x1),https://www.smrey.com/p/queso-pepper-jack-hill-valley-al-granel-209077000009
Lacteos y Huevos - Quesos,Queso Untable Alouette Toasted Every 184gr,,1032.00 USD (x1),https://www.smrey.com/p/queso-untable-alouette-toasted-every-184gr-71448300854
Lacteos y Huevos - Quesos,Queso de Oveja Vega Sotuelamos Colección 300gr,,1387.00 USD (x1),https://www.smrey.com/p/queso-de-oveja-vega-sotuelamos-coleccion-300gr-8437023549681
Lacteos y Huevos - Quesos,Queso de Oveja Vega Sotuelamos Madurado Ahumad,,742.00 USD (x1),https://www.smrey.com/p/queso-de-oveja-vega-sotuelamos-madurado-ahumado-200gr-8437026522322
Lacteos y Huevos - Quesos,Queso de Oveja Vega Sotuelamos con Romero 200g,,710.00 USD (x1),https://www.smrey.com/p/queso-de-oveja-vega-sotuelamos-con-romero-200gr-8437018116218
Lacteos y Huevos - Quesos,Queso Blanco Value 507 Prensado Bajo en Sal al,,133.00 USD (x1),https://www.smrey.com/p/queso-blanco-value-507-prensado-bajo-sal-al-granel-209081000002
Lacteos y Huevos - Quesos,Queso Blanco Value 507 Prensado al Granel,,125.00 USD (x1),https://www.smrey.com/p/queso-blanco-value-507-prensado-al-granel-209080000003
Lacteos y Huevos - Quesos,Queso Muenster Paisa Rebanado al Granel,,157.00 USD (x1),https://www.smrey.com/p/queso-muenster-paisa-rebanado-al-granel-209061000008
Lacteos y Huevos - Quesos,Queso Mozzarella Paisa al Granel,,170.00 USD (x1),https://www.smrey.com/p/queso-mozzarella-paisa-al-granel-209055000007
Lacteos y Huevos - Quesos,Queso Muenster Superior Rebanado al Granel,,149.00 USD (x1),https://www.smrey.com/p/queso-muenster-superior-rebanado-al-granel-209051000001
Lacteos y Huevos - Quesos,Queso Blanco Paisa Rebanado al Granel,,173.00 USD (x1),https://www.smrey.com/p/queso-blanco-paisa-rebanado-al-granel-209048000007
Lacteos y Huevos - Quesos,Queso Garcia Baquero Trufa y Miel Reserva 12 4,,1550.00 USD (x1),https://www.smrey.com/p/queso-garcia-baquero-trufa-y-miel-reserva-12-400gr-8412289006710
Lacteos y Huevos - Quesos,Queso de Cabra Garcia Baquero La Cava Celes 25,,975.00 USD (x1),https://www.smrey.com/p/queso-de-cabra-garcia-baquero-la-cava-celes-250gr-8412289006444
Lacteos y Huevos - Quesos,Crema Agria Daisy 226.8gr,,262.00 USD (x1),https://www.smrey.com/p/crema-agria-daisy-2268gr-7342646
Lacteos y Huevos - Quesos,Queso Cottage Daisy 4% Milkfat 453.59gr,,497.00 USD (x1),https://www.smrey.com/p/queso-cottage-daisy-4-milkfat-45359gr-73420516406
Lacteos y Huevos - Quesos,Queso Cottage Daisy Arándano 170gr,,308.00 USD (x1),https://www.smrey.com/p/queso-cottage-daisy-arandano-170gr-73420531232
Lacteos y Huevos - Quesos,Queso Mozzarella Green Valley Creamery Rallado,,635.00 USD (x1),https://www.smrey.com/p/queso-mozzarella-green-valley-creamery-rallado-sin-lactosa-170gr-81312851016
Lacteos y Huevos - Quesos,Queso Cheddar Blanco Snack Tillamook 212gr,,867.00 USD (x1),https://www.smrey.com/p/queso-cheddar-blanco-snack-tillamook-212gr-72830000956
Lacteos y Huevos - Quesos,Queso Cheddar Snack Tillamook Medium 212gr,,867.00 USD (x1),https://www.smrey.com/p/queso-cheddar-snack-tillamook-medium-212gr-72830001748
Lacteos y Huevos - Quesos,Queso Mozzarella Snack Tillamook de Leche Ente,,867.00 USD (x1),https://www.smrey.com/p/queso-mozzarella-snack-tillamook-de-leche-entera-212gr-72830001762
Lacteos y Huevos - Quesos,Queso Garcia Baquero La Cava Artes 250gr,,920.00 USD (x1),https://www.smrey.com/p/queso-garcia-baquero-la-cava-artes-250gr-8412289006161
Tierra de Emprendedores,Cañon GW de Guayaba Und,,79.00 USD (x1),https://www.smrey.com/p/canon-gw-de-guayaba-und-209195000004
Tierra de Emprendedores,Alimento para Perros Panchos Kitchen Chicken Wi,332.00 USD (x1),415.00 USD (x1),https://www.smrey.com/p/alimento-perros-panchos-kitchen-chicken-wings-8und-736372786487
Tierra de Emprendedores,Alimento para Perros Panchos Kitchen Beef Jerky,500.00 USD (x1),625.00 USD (x1),https://www.smrey.com/p/alimento-perros-panchos-kitchen-beef-jerky-sprinkles-25gr-736372786548
Tierra de Emprendedores,Alimento para Perros Panchos Kitchen Jerky Spri,500.00 USD (x1),625.00 USD (x1),https://www.smrey.com/p/alimento-perros-panchos-kitchen-jerky-sprink-25gr-736372786531
Tierra de Emprendedores,Snack para Perros Panchos Kitchen Heart Jerky 2,319.00 USD (x1),399.00 USD (x1),https://www.smrey.com/p/snack-perros-panchos-kitchen-heart-jerky-25gr-726367898585
Tierra de Emprendedores,Alimento para Peros Panchos Kitchen Chicken Jer,319.00 USD (x1),399.00 USD (x1),https://www.smrey.com/p/alimento-peros-panchos-kitchen-chicken-jerky-25gr-726367898554
Tierra de Emprendedores,Recao Verde Tía Nany 227ml,,169.00 USD (x1),https://www.smrey.com/p/recao-verde-tia-nany-227ml-7451108200077
Tierra de Emprendedores,Recao Rojo Tía Nany 227ml,,169.00 USD (x1),https://www.smrey.com/p/recao-rojo-tia-nany-227ml-7451108200060
Tierra de Emprendedores,Limpiador Spray Geo Clean Home 500ml,,585.00 USD (x1),https://www.smrey.com/p/limpiador-spray-geo-clean-home-500ml-7452105530129
Tierra de Emprendedores,Limpiador Multisiperficies Green Line Ecológico,,640.00 USD (x1),https://www.smrey.com/p/limpiador-multisiperficies-green-line-ecologico-limon-970ml-7452104930661
Tierra de Emprendedores,Limpiador Multipropósito Geo Clean Home 240ml,,395.00 USD (x1),https://www.smrey.com/p/limpiador-multiproposito-geo-clean-home-240ml-7452105530075
Tierra de Emprendedores,Desinfectante Green Line Multipropósito Lavanda,,640.00 USD (x1),https://www.smrey.com/p/desinfectante-green-line-multiproposito-lavanda-970ml-7452104930340
Tierra de Emprendedores,Limpiador de Vidrio Green Line bambu 970ml,,420.00 USD (x1),https://www.smrey.com/p/limpiador-de-vidrio-green-line-bambu-970ml-7452104930630
Tierra de Emprendedores,Limpiador Multipropósito Geo Clean Baby Care 50,,910.00 USD (x1),https://www.smrey.com/p/limpiador-multiproposito-geo-clean-baby-care-500ml-7452105530037
Tierra de Emprendedores,Alimentos para Perros Panchos Kitchen Patitas d,396.00 USD (x1),495.00 USD (x1),https://www.smrey.com/p/alimentos-perros-panchos-kitchen-patitas-de-pollo-8und-726367898691
Tierra de Emprendedores,Alimentos para Perros Panchos Kitchen Traquea R,500.00 USD (x1),625.00 USD (x1),https://www.smrey.com/p/alimentos-perros-panchos-kitchen-traquea-rings-50gr-788070715382
Tierra de Emprendedores,Alimento para Perros Panchos Kitchen Pollo Cala,332.00 USD (x1),415.00 USD (x1),https://www.smrey.com/p/alimento-perros-panchos-kitchen-pollo-calabaza-226gr-782150965445
Tierra de Emprendedores,Alimentos para Perros Panchos Kitchen Estofado,500.00 USD (x1),625.00 USD (x1),https://www.smrey.com/p/alimentos-perros-panchos-kitchen-estofado-de-pollo-453ml-782150965377
Tierra de Emprendedores,Alimento para Perros Panchos Kitchen Carne 454l,500.00 USD (x1),625.00 USD (x1),https://www.smrey.com/p/alimento-perros-panchos-kitchen-carne-454lt-782150965353
Tierra de Emprendedores,Alimento para Perros Panchos Kitchen Pescado Wa,580.00 USD (x1),725.00 USD (x1),https://www.smrey.com/p/alimento-perros-panchos-kitchen-pescado-waka-453ml-782150965384
Tierra de Emprendedores,Alimento para Perros Panchos Kitchen Cazuela de,500.00 USD (x1),625.00 USD (x1),https://www.smrey.com/p/alimento-perros-panchos-kitchen-cazuela-de-pollo-calabaza-y-quinoa-453gr-782150965360
Tierra de Emprendedores,Kit Casa Aroma Salvia-Palo Blanco-Fosfo 3und,,2499.00 USD (x1),https://www.smrey.com/p/kit-casa-aroma-salvia-palo-blanco-fosfo-3und-764451971004
Tierra de Emprendedores,Aceite Corporal Casa Aroma Fragancia Mica 100ml,,999.00 USD (x1),https://www.smrey.com/p/aceite-corporal-casa-aroma-fragancia-mica-100ml-764451970960
Tierra de Emprendedores,Alimento para Perros Panchos Kitchen Helado Cuj,456.00 USD (x1),570.00 USD (x1),https://www.smrey.com/p/alimento-perros-panchos-kitchen-helado-cujo-170gr-764451028401
Tierra de Emprendedores,Jugo Natural Super Hoy Piña y Zanahoria 975ml,,650.00 USD (x1),https://www.smrey.com/p/jugo-natural-super-hoy-pina-y-zanahoria-975ml-710535416312
Tierra de Emprendedores,Limonada con Raspadura Value 507 1000ml,,255.00 USD (x1),https://www.smrey.com/p/limonada-con-raspadura-value-507-1000ml-7453009238173
Tierra de Emprendedores,Limonada con Raspadura Value 507 500ml,,135.00 USD (x1),https://www.smrey.com/p/limonada-con-raspadura-value-507-500ml-7453009238166
Tierra de Emprendedores,Queso Blanco Molido Quesos Lucho 200gr,,261.00 USD (x1),https://www.smrey.com/p/queso-blanco-molido-quesos-lucho-200gr-736372090638
Tierra de Emprendedores,Queso Blanco Prensado Quesos Lucho 200gr,,265.00 USD (x1),https://www.smrey.com/p/queso-blanco-prensado-quesos-lucho-200gr-724373648118
Tierra de Emprendedores,Limpiador Multipropósito Geo Clean Baby Care 24,,605.00 USD (x1),https://www.smrey.com/p/limpiador-multiproposito-geo-clean-baby-care-240ml-7452105530020
Tierra de Emprendedores,Cafe Cafe Gongora en Granos 340gr,,750.00 USD (x1),https://www.smrey.com/p/cafe-cafe-gongora-granos-340gr-764460526424
Tierra de Emprendedores,Detergente Líquido Green Line Fresh Cotton 1.1L,,459.00 USD (x1),https://www.smrey.com/p/detergente-liquido-green-line-fresh-cotton-11l-7452104930517
Tierra de Emprendedores,Azúcar Morena La Natural con Stevia 453G,,115.00 USD (x1),https://www.smrey.com/p/azucar-morena-la-natural-con-stevia-453g-764460526028
Tierra de Emprendedores,Mango Deshidratado Vega Healthy Food 50gr,,195.00 USD (x1),https://www.smrey.com/p/mango-deshidratado-vega-healthy-food-50gr-731299211128
Tierra de Emprendedores,Incienso Casa Aroma Palo Santo Und,,1760.00 USD (x1),https://www.smrey.com/p/incienso-casa-aroma-palo-santo-und-734191310739
Tierra de Emprendedores,Tequeños de Queso Tequenisimo 1gr,,600.00 USD (x1),https://www.smrey.com/p/tequenos-de-queso-tequenisimo-1gr-764451094000
Tierra de Emprendedores,Ajo Pelado Tía Nany en Bandeja 170gr,,180.00 USD (x1),https://www.smrey.com/p/ajo-pelado-tia-nany-bandeja-170gr-7451108200015
Tierra de Emprendedores,Queso Prensado Antaura de Cabra 142gr,,365.00 USD (x1),https://www.smrey.com/p/queso-prensado-antaura-de-cabra-142gr-7451109000041
Tierra de Emprendedores,Snack Energético Nubon Bolitas de Chocolate y A,,560.00 USD (x1),https://www.smrey.com/p/snack-energetico-nubon-bolitas-de-chocolate-y-avellanas-75gr-745760308019
Tierra de Emprendedores,Tequeños de Guayaba y Queso Tequenisimo Congela,,620.00 USD (x1),https://www.smrey.com/p/tequenos-de-guayaba-y-queso-tequenisimo-congelados-1gr-764451094024
Tierra de Emprendedores,Dulce de Leche Obleas La Original 250gr,,292.00 USD (x1),https://www.smrey.com/p/dulce-de-leche-obleas-la-original-250gr-7451109410024
Tierra de Emprendedores,Chorizo Italiano Porco Fino al Granel,,132.00 USD (x1),https://www.smrey.com/p/chorizo-italiano-porco-fino-al-granel-208979000001
Tierra de Emprendedores,Salsa Picante La Picon Maracuya 312ML,,999.00 USD (x1),https://www.smrey.com/p/salsa-picante-la-picon-maracuya-312ml-3663664182719
Tierra de Emprendedores,Queso Mozzarella Planticeria Plantimoxy 200gr,,800.00 USD (x1),https://www.smrey.com/p/queso-mozzarella-planticeria-plantimoxy-200gr-764451893887
Tierra de Emprendedores,Jugo Detox Super Detox Yodo Power 1lt,,660.00 USD (x1),https://www.smrey.com/p/jugo-detox-super-detox-yodo-power-1lt-745760308033
Tierra de Emprendedores,Piña Deshidratada Vega Healthy Food 50gr,,195.00 USD (x1),https://www.smrey.com/p/pina-deshidratada-vega-healthy-food-50gr-731299211111
Tierra de Emprendedores,Galletas de Avena con Pasas y Nueces Peggys 200,,915.00 USD (x1),https://www.smrey.com/p/galletas-de-avena-con-pasas-y-nueces-peggys-200gr-7451108870102
Tierra de Emprendedores,Azúcar Morena La Natural con Stevia 907G,,225.00 USD (x1),https://www.smrey.com/p/azucar-morena-la-natural-con-stevia-907g-764460526035
Tierra de Emprendedores,Galletas de Avena con Pasitas Peggys sin Gluten,,985.00 USD (x1),https://www.smrey.com/p/galletas-de-avena-con-pasitas-peggys-sin-gluten-200gr-7451108870324
Tierra de Emprendedores,Mantequilla de Almendra Only Fit 250gr,,1050.00 USD (x1),https://www.smrey.com/p/mantequilla-de-almendra-only-fit-250gr-7595761000077
Tierra de Emprendedores,Banana Deshidratada Vega Healthy Food 50gr,,195.00 USD (x1),https://www.smrey.com/p/banana-deshidratada-vega-healthy-food-50gr-731299211104
Tierra de Emprendedores,Picante Caribeño La Picon 312ML,,999.00 USD (x1),https://www.smrey.com/p/picante-caribeno-la-picon-312ml-3663664182702
Tierra de Emprendedores,Salsa Picante La Picon Mango 312ML,,999.00 USD (x1),https://www.smrey.com/p/salsa-picante-la-picon-mango-312ml-3663664182733
Tierra de Emprendedores,Vasos Desechables Globe 6oz 50und,,245.00 USD (x1),https://www.smrey.com/p/vasos-desechables-globe-6oz-50und-756058829772
Tierra de Emprendedores,Dulce Biscotti de Almendra Benissimo 115gr,,535.00 USD (x1),https://www.smrey.com/p/dulce-biscotti-de-almendra-benissimo-115gr-804859548429
Tierra de Emprendedores,Arepa de Arroz Integral con Linaza Healtheat Sa,,733.00 USD (x1),https://www.smrey.com/p/arepa-de-arroz-integral-con-linaza-healtheat-sa-congelada-300gr-769503411514
Tierra de Emprendedores,Arepitas Mini de Arroz Integral Healtheat Sa 23,,667.00 USD (x1),https://www.smrey.com/p/arepitas-mini-de-arroz-integral-healtheat-sa-235gr-769503411545
Tierra de Emprendedores,Yogurt El Rodeo Natural 227ml,,113.00 USD (x1),https://www.smrey.com/p/yogurt-el-rodeo-natural-227ml-7451106050094
Tierra de Emprendedores,Yogurt El Rodeo de Mora 227ml,,113.00 USD (x1),https://www.smrey.com/p/yogurt-el-rodeo-de-mora-227ml-7451106050124
Tierra de Emprendedores,Drizzle Fermentado Casa Planta de Pepita de Mar,,1000.00 USD (x1),https://www.smrey.com/p/drizzle-fermentado-casa-planta-de-pepita-de-maranon-clasico-255gr-7451110330038
Tierra de Emprendedores,Jabón en Barra Casa Aroma Aceites Naturales 110,,699.00 USD (x1),https://www.smrey.com/p/jabon-barra-casa-aroma-aceites-naturales-110gr-764451970939
Tierra de Emprendedores,Queso Fermentado Casa Planta Chile Chipotle 183,,1200.00 USD (x1),https://www.smrey.com/p/queso-fermentado-casa-planta-chile-chipotle-183g-7451110330113
Tierra de Emprendedores,Yogurt El Rodeo de Frutas 264gr,,165.00 USD (x1),https://www.smrey.com/p/yogurt-el-rodeo-de-frutas-264gr-7451106050193
Tierra de Emprendedores,Nata de Cabra Antaura 500ML,,395.00 USD (x1),https://www.smrey.com/p/nata-de-cabra-antaura-500ml-7451109000065
Tierra de Emprendedores,Yogurt El Rodeo de Melocotón 227ml,,113.00 USD (x1),https://www.smrey.com/p/yogurt-el-rodeo-de-melocoton-227ml-7451106050131
Tierra de Emprendedores,Yogurt El Rodeo de Fresa 249gr,,113.00 USD (x1),https://www.smrey.com/p/yogurt-el-rodeo-de-fresa-249gr-7451106050148
Tierra de Emprendedores,Yogurt El Rodeo de Guanabana 227ml,,113.00 USD (x1),https://www.smrey.com/p/yogurt-el-rodeo-de-guanabana-227ml-7451106050117
Tierra de Emprendedores,Salsa Picante La Picon Piña 312ML,,999.00 USD (x1),https://www.smrey.com/p/salsa-picante-la-picon-pina-312ml-3663664182726
Tierra de Emprendedores,Arepa de Quinoa Healtheat Sa Congelada 240gr,,733.00 USD (x1),https://www.smrey.com/p/arepa-de-quinoa-healtheat-sa-congelada-240gr-769503411507
Tierra de Emprendedores,Arepitas Mini de Quinoa Healtheat Sa 235gr,,667.00 USD (x1),https://www.smrey.com/p/arepitas-mini-de-quinoa-healtheat-sa-235gr-769503411538
Tierra de Emprendedores,Galletas de Mantequilla Benissimo 115gr,,485.00 USD (x1),https://www.smrey.com/p/galletas-de-mantequilla-benissimo-115gr-804859548412
Tierra de Emprendedores,Café Molido Gongora de Altura 340gr,,750.00 USD (x1),https://www.smrey.com/p/cafe-molido-gongora-de-altura-340gr-764460526417
Promociones,Gel Vaginal Hidrivag Hidratante 60gr,1361.00 USD (x1),1933.00 USD (x1),https://www.smrey.com/p/gel-vaginal-hidrivag-hidratante-60gr-7703281000662
Promociones,Jabón Vaginal Sinabon Fem 240ml,806.00 USD (x1),1096.00 USD (x1),https://www.smrey.com/p/jabon-vaginal-sinabon-fem-240ml-7703281010005
Promociones,Insulina Glargina Lantus SoloStar 100 U/ml 3ml,1451.00 USD (x1),1934.00 USD (x1),https://www.smrey.com/p/insulina-glargina-lantus-solostar-100-uml-3ml-3582910023623
Promociones,Solución Inyectable Apidra 100ui 3ml,1201.00 USD (x1),1601.00 USD (x1),https://www.smrey.com/p/solucion-inyectable-apidra-100ui-3ml-3582910023630
Promociones,Suspensión Oral Smecta Naranja y Vainilla Und,149.00 USD (x1),199.00 USD (x1),https://www.smrey.com/p/suspension-oral-smecta-naranja-y-vainilla-und-3665585002251
Promociones,Suspensión Oral Eterogermina 5ml,169.00 USD (x1),225.00 USD (x1),https://www.smrey.com/p/suspension-oral-eterogermina-5ml-3582910009900
Promociones,Óvulos Vaginales 100mg Canesten V Und,170.00 USD (x1),226.00 USD (x1),https://www.smrey.com/p/ovulos-vaginales-100mg-canesten-v-und-11418095663
Promociones,Óvulo Vaginal Canesten V 6Dias Caja,1025.00 USD (x1),1366.00 USD (x1),https://www.smrey.com/p/ovulo-vaginal-canesten-v-6dias-caja-11418097520
Promociones,Desinfectante Spray Febreze Fabric Pet Odor 438,292.00 USD (x1),405.00 USD (x1),https://www.smrey.com/p/desinfectante-spray-febreze-fabric-pet-odor-438ml-30772088661
Promociones,Cama para Mascotas Lumin Home Azul café Und,1596.00 USD (x1),1995.00 USD (x1),https://www.smrey.com/p/cama-mascotas-lumin-home-azul-cafe-und-197639111303
Promociones,Cama para Mascotas Lumin Home Redonda Café Und,1596.00 USD (x1),1995.00 USD (x1),https://www.smrey.com/p/cama-mascotas-lumin-home-redonda-cafe-und-197639111327
Promociones,Cama para Mascotas Lumin Home Redonda Azul Und,1596.00 USD (x1),1995.00 USD (x1),https://www.smrey.com/p/cama-mascotas-lumin-home-redonda-azul-und-197639111310
Promociones,Spray Eliminador de Olores Arm Hammer Oxi Clean,636.00 USD (x1),795.00 USD (x1),https://www.smrey.com/p/spray-eliminador-de-olores-arm-hammer-oxi-clean-946ml-33200110408
Promociones,Aromatizante Spray Febreze Pet Odor Defense 260,296.00 USD (x1),370.00 USD (x1),https://www.smrey.com/p/aromatizante-spray-febreze-pet-odor-defense-260ml-37000787372
Promociones,Alimento para Mascotas Value 507 Cachorro 4kg,928.00 USD (x1),1160.00 USD (x1),https://www.smrey.com/p/alimento-mascotas-value-507-cachorro-4kg-7453009244440
Promociones,Pads para Entrenamiento de Mascota Value 507 30,476.00 USD (x1),595.00 USD (x1),https://www.smrey.com/p/pads-entrenamiento-de-mascota-value-507-30und-7453009244402
Promociones,Alimento para Mascotas Value 507 Adultos 2kg,440.00 USD (x1),550.00 USD (x1),https://www.smrey.com/p/alimento-mascotas-value-507-adultos-2kg-7453009244457
Promociones,Alimento para Mascotas Value 507 Cachorro 2kg,476.00 USD (x1),595.00 USD (x1),https://www.smrey.com/p/alimento-mascotas-value-507-cachorro-2kg-7453009244433
Promociones,Alimento para Perros Panchos Kitchen Chicken Wi,332.00 USD (x1),415.00 USD (x1),https://www.smrey.com/p/alimento-perros-panchos-kitchen-chicken-wings-8und-736372786487
Promociones,Alimento para Perros Panchos Kitchen Jerky Spri,500.00 USD (x1),625.00 USD (x1),https://www.smrey.com/p/alimento-perros-panchos-kitchen-jerky-sprink-25gr-736372786531
Promociones,Alimento para Perros Panchos Kitchen Beef Jerky,500.00 USD (x1),625.00 USD (x1),https://www.smrey.com/p/alimento-perros-panchos-kitchen-beef-jerky-sprinkles-25gr-736372786548
Promociones,Snack para Perros Panchos Kitchen Heart Jerky 2,319.00 USD (x1),399.00 USD (x1),https://www.smrey.com/p/snack-perros-panchos-kitchen-heart-jerky-25gr-726367898585
Promociones,Alimento para Peros Panchos Kitchen Chicken Jer,319.00 USD (x1),399.00 USD (x1),https://www.smrey.com/p/alimento-peros-panchos-kitchen-chicken-jerky-25gr-726367898554
Promociones,Alimentos para Perros Panchos Kitchen Patitas d,396.00 USD (x1),495.00 USD (x1),https://www.smrey.com/p/alimentos-perros-panchos-kitchen-patitas-de-pollo-8und-726367898691
