categoria,nombre,precio_oferta,precio_regular,enlace
Supermercado,Pollo Entero Empacado Pilgrims|Por Kilo,260.00 USD (x1),260.00 USD (x1),https://www.elmachetazo.com/pollo-entero-empacado-pilgrimspor-kilo-10556027/p
Supermercado,Huevo Mediano Empacado|30 Unidades,603.00 USD (x1),603.00 USD (x1),https://www.elmachetazo.com/huevo-mediano-empacado30-unidades-10833971/p
Supermercado,Agua Embotellada Golden Selection|1 Galón,125.00 USD (x1),125.00 USD (x1),https://www.elmachetazo.com/agua-mineral-golden-selection-1-galon-10797330/p
Supermercado,Agua Mineral Golden Selection 600ml,21.00 USD (x1),21.00 USD (x1),https://www.elmachetazo.com/agua-mineral-golden-selection-600ml-10797326/p
Supermercado,Aceite de Girasol Girol|1 Litro,406.00 USD (x1),406.00 USD (x1),https://www.elmachetazo.com/aceite-girasol-girol-1-litro-10023092/p
Supermercado,Aceite de Oliva Ballester Clásico|500ml,666.00 USD (x1),666.00 USD (x1),https://www.elmachetazo.com/aceite-de-oliva-ballester-500ml-10000932/p
Supermercado,Coditos La Parmigiana 227g,64.00 USD (x1),64.00 USD (x1),https://www.elmachetazo.com/coditos-la-parmigiana-227g-10013107/p
Supermercado,Azúcar Morena Doradita|800g,99.00 USD (x1),115.00 USD (x1),https://www.elmachetazo.com/azucar-morena-doradita-800g-10417531/p
Supermercado,Azúcar Morena Doradita|2 kg,295.00 USD (x1),295.00 USD (x1),https://www.elmachetazo.com/azucar-morena-doradita2-kg-10417535/p
Supermercado,Queso Blanco Prensado La Cholita 200g,255.00 USD (x1),266.00 USD (x1),https://www.elmachetazo.com/queso-blanco-prensado-la-cholita-200g-10466585/p
Supermercado,Arroz Especial Arrossísimo|9 kg,1649.00 USD (x1),1649.00 USD (x1),https://www.elmachetazo.com/arroz-especial-arrosisimo-9kg-10336213-machetazo/p
Supermercado,Papel Toalla Natural 70H Doble Delux 2 und,149.00 USD (x1),190.00 USD (x1),https://www.elmachetazo.com/papel-toalla-natural-70h-doble-delux-2-und-10421759/p
Supermercado,Caldo Pollo Rika's 5Und,50.00 USD (x1),50.00 USD (x1),https://www.elmachetazo.com/caldo-pollo-rikas-5und-10031087/p
Supermercado,Bicarbonato Sodio Levapan 8oz,99.00 USD (x1),99.00 USD (x1),https://www.elmachetazo.com/bicarbonato-sodio-levapan-8oz-10017520/p
Supermercado,Nescafé Dolce Gusto Espresso Intenso|16 Cápsulas,929.00 USD (x1),929.00 USD (x1),https://www.elmachetazo.com/nescafe-dolce-gusto-espresso-intenso-16-capsulas-10416503/p
Supermercado,Arroz Especial Arrossísimo|2 kg,369.00 USD (x1),369.00 USD (x1),https://www.elmachetazo.com/arroz-especial-arrosisimo-2kg-10336210-machetazo/p
Supermercado,Aceite de Canola Wesson|64 oz,915.00 USD (x1),915.00 USD (x1),https://www.elmachetazo.com/aceite-canola-wesson64-oz-10007822/p
Supermercado,Poroto Rojo Camelia|1 lb,149.00 USD (x1),149.00 USD (x1),https://www.elmachetazo.com/poroto-rojo-camelia1lb-10000044/p
Supermercado,Atún en Agua Golden Selection|170g,95.00 USD (x1),95.00 USD (x1),https://www.elmachetazo.com/atun-en-agua-golden-selection170-g-10847761/p
Supermercado,Papel Higiénico Scott Rindemax|18 Unidades,1359.00 USD (x1),1359.00 USD (x1),https://www.elmachetazo.com/papel-higienico-scott-rindemax18-unidades-10628986/p
Supermercado,Huevos Medianos Golden Selection|12 Unidades,185.00 USD (x1),185.00 USD (x1),https://www.elmachetazo.com/huevos-medianos-golden-selection12-unidades-10951652/p
Supermercado,Papel Higiénico Scott 2 en 1|Doble Hoja|12 Rollos,605.00 USD (x1),605.00 USD (x1),https://www.elmachetazo.com/papel-higienico-scott-2-en-1doble-hoja12-rollos-10860604/p
Supermercado,Crema Dental Colgate Doble Frescura |150ml|3 Pack,558.00 USD (x1),558.00 USD (x1),https://www.elmachetazo.com/crema-dental-colgate-doble-frescura-150ml3-pack-10873535/p
Supermercado,Néctar Surtido Nevada 180ml|6 Pack,186.00 USD (x1),186.00 USD (x1),https://www.elmachetazo.com/nectar-surtido-nevada-180ml6-pack-10795830/p
Supermercado,Papel Higiénico Hojas Dobles Smart Choice|18 Unidades,698.00 USD (x1),698.00 USD (x1),https://www.elmachetazo.com/papel-higienico-hojas-dobles-smart-choice18-unidades-10826340/p
Supermercado,Atún en Agua Lucky Choice|170g,125.00 USD (x1),125.00 USD (x1),https://www.elmachetazo.com/atun-en-agua-lucky-choice170g-10825076/p
Supermercado,Aceite de Oliva Bertolli Suave Clásico|500ml,659.00 USD (x1),659.00 USD (x1),https://www.elmachetazo.com/aceite-de-oliva-suave-clasico-bertolli-500ml-10775541/p
Supermercado,Aerosol Aromatizante Glade Campos de Lavanda 275ml,231.00 USD (x1),231.00 USD (x1),https://www.elmachetazo.com/aerosol-aromatizante-glade-campos-de-lavanda-275ml-10818433/p
Supermercado,Desinfectante Clorox Anti Splash|473ml,87.00 USD (x1),87.00 USD (x1),https://www.elmachetazo.com/desinfectante-clorox-anti-splash473ml-10767858/p
Supermercado,Bebida Polvo Pera Livean 9g,35.00 USD (x1),35.00 USD (x1),https://www.elmachetazo.com/bebida-polvo-pera-livean-9g-10029872/p
Supermercado,Nestlé ¡Qué Rico! Queso Americano|12 Rebanadas,380.00 USD (x1),380.00 USD (x1),https://www.elmachetazo.com/nestle-que-rico-queso-americano12-rebanadas-10793322/p
Supermercado,Alas de Pollo Caribeño Bandeja,515.00 USD (x1),515.00 USD (x1),https://www.elmachetazo.com/alas-de-pollo-caribeno-bandeja-10797410/p
Supermercado,Poroto Chileno Camelia|1 lb,165.00 USD (x1),165.00 USD (x1),https://www.elmachetazo.com/poroto-chileno-camelia-1-lb-10731978/p
Supermercado,Néctar Pera Del Monte 200ml,49.00 USD (x1),49.00 USD (x1),https://www.elmachetazo.com/nectar-pera-del-monte-200ml-10004258/p
Supermercado,Bandeja Muslo Encuentro Melo|1.8 lb,325.00 USD (x1),382.00 USD (x1),https://www.elmachetazo.com/bandeja-muslo-encuentro-melo18-lb-10391452/p
Supermercado,Bicarbonato Sodio para Vegetales y Frutas Three Leaves 475g,333.00 USD (x1),333.00 USD (x1),https://www.elmachetazo.com/bicarbonato-sodio-para-vegetales-y-frutas-three-leaves-475g-10026473/p
Supermercado,Quaker Avena Integral en Hojuelas|300g,129.00 USD (x1),129.00 USD (x1),https://www.elmachetazo.com/quaker-avena-integral-en-hojuelas300g-10399544/p
Supermercado,Café Durán de Altura Molido Regular|212g,440.00 USD (x1),440.00 USD (x1),https://www.elmachetazo.com/cafe-duran-de-altura-molido-regular-212g-10024940-machetazo/p
Supermercado,Café Durán de Altura Molido Extrafino|425g,860.00 USD (x1),860.00 USD (x1),https://www.elmachetazo.com/cafe-duran-de-altura-molido-extrafino-425g-10024938-machetazo/p
Supermercado,Azúcar Morena Doradita|400g,60.00 USD (x1),60.00 USD (x1),https://www.elmachetazo.com/azucar-morena-doradita-400g-10417529/p
Supermercado,Bolsa Sandwich Blixi 50 und,191.00 USD (x1),191.00 USD (x1),https://www.elmachetazo.com/bolsa-sandwich-blixi-50-und-10778809/p
Supermercado,Bebida Instantánea Zuko Guayaba Piña|20g,26.00 USD (x1),26.00 USD (x1),https://www.elmachetazo.com/bebida-instantanea-zuko-guayaba-piña-20g-10030369-machetazo/p
Supermercado,Suplemento Polvo Vainilla Vainilla Glucerna|900g,4840.00 USD (x1),4840.00 USD (x1),https://www.elmachetazo.com/suplemento-polvo-vainilla-vainilla-glucerna900g-10345607/p
Supermercado,Snack para Perro Beneful Baked Delight|9.5oz,595.00 USD (x1),595.00 USD (x1),https://www.elmachetazo.com/snack-para-perro-beneful-baked-delight95oz-10481019/p
Supermercado,Detergente Líquido Rendidor 6x Lavanda 2 Litros,700.00 USD (x1),779.00 USD (x1),https://www.elmachetazo.com/detergente-liquido-rendidor-6x-lavanda-2-litros-10652285/p
Supermercado,Vinagre Blanco Proluxsa 1 Galón,369.00 USD (x1),369.00 USD (x1),https://www.elmachetazo.com/vinagre-blanco-proluxsa-1-galon-10025604/p
Supermercado,Alimento Perro Adulto|18Kg,3652.00 USD (x1),3652.00 USD (x1),https://www.elmachetazo.com/alimento-perro-adulto18kg-10012616/p
Supermercado,Desinfectante Floral Mistolin 1 galón,689.00 USD (x1),689.00 USD (x1),https://www.elmachetazo.com/desinfectante-floral-mistolin-1-galon-10012123/p
Supermercado,Desinfectante Lavanda Fabuloso 1 Galón,675.00 USD (x1),799.00 USD (x1),https://www.elmachetazo.com/desinfectante-lavanda-fabuloso-1-galon-10034807/p
Supermercado,Detergente Polvo Azul Rendidor 2.5kg,589.00 USD (x1),722.00 USD (x1),https://www.elmachetazo.com/detergente-polvo-azul-rendidor-25kg-10652289/p
Supermercado,Queso Parmegiano Reggiano Zanetti 200g,953.00 USD (x1),953.00 USD (x1),https://www.elmachetazo.com/queso-parmegiano-reggiano-zanetti-200g-10042680/p
Supermercado,Bebida Instantánea Zuko Fruit Punch|20g,32.00 USD (x1),32.00 USD (x1),https://www.elmachetazo.com/bebida-instantanea-zuko-fruit-punch-20g-10030525-machetazo/p
Supermercado,Mantequilla Orange Grove 200g,287.00 USD (x1),287.00 USD (x1),https://www.elmachetazo.com/mantequilla-orange-grove-200g-10039367/p
Supermercado,Snack para Perros Original with Bacon Beggin Purina 3oz,205.00 USD (x1),205.00 USD (x1),https://www.elmachetazo.com/snack-para-perros-original-with-bacon-beggin-purina-3oz-10013448/p
Supermercado,Papel Plástico Reynolds 100 sq.ft,232.00 USD (x1),232.00 USD (x1),https://www.elmachetazo.com/papel-plastico-reynolds-100-sqft-10659458/p
Supermercado,Jugo Manzana Mott's 64oz,540.00 USD (x1),540.00 USD (x1),https://www.elmachetazo.com/jugo-manzana-motts-64oz-10016497/p
Supermercado,Azúcar Morena La Estrella|4 lb,275.00 USD (x1),275.00 USD (x1),https://www.elmachetazo.com/azucar-morena-la-estrella-4lb-10582048/p
Supermercado,Sopa Wo-Mien Rika 85g,69.00 USD (x1),69.00 USD (x1),https://www.elmachetazo.com/sopa-wo-mien-rika-85g-10026612/p
Supermercado,Azúcar Blanca Santa Rosa|2 kg,295.00 USD (x1),295.00 USD (x1),https://www.elmachetazo.com/azucar-blanca-santa-rosa-2kg-10610083/p
Supermercado,Coffee Mate Original Sin Lactosa|311g,345.00 USD (x1),345.00 USD (x1),https://www.elmachetazo.com/coffee-mate-original-sin-lactosa-en-polvo-tarro-311g-10028265/p
Supermercado,Tortilla de Maíz El Antojo 12und,135.00 USD (x1),135.00 USD (x1),https://www.elmachetazo.com/tortilla-de-maiz-el-antojo-12und-10300306/p
Supermercado,Chorizo de Cerdo Español Berard|400g,445.00 USD (x1),445.00 USD (x1),https://www.elmachetazo.com/chorizo-de-cerdo-espanol-berard400g-10714108/p
Supermercado,Insecticida Raid Essentials MIK 400ml,665.00 USD (x1),665.00 USD (x1),https://www.elmachetazo.com/insecticida-raid-essentials-mik-400ml-11041664/p
Supermercado,Insecticida Raid Essentials CIK 400ml,665.00 USD (x1),665.00 USD (x1),https://www.elmachetazo.com/insecticida-raid-essentials-cik-400ml-11041663/p
Supermercado,Suavizante Suavitel Complete Fresca Primavera 800ml,211.00 USD (x1),255.00 USD (x1),https://www.elmachetazo.com/suavizante-suavitel-complete-fresca-primavera-800ml-11020046/p
Supermercado,Quitamanchas Magia Blanca |450ml,299.00 USD (x1),299.00 USD (x1),https://www.elmachetazo.com/quitamanchas-magia-blanca-450ml-10904940/p
Supermercado,Quitamanchas Magia Blanca para Ropa de Color |450ml,299.00 USD (x1),299.00 USD (x1),https://www.elmachetazo.com/quitamanchas-magia-blanca-para-ropa-de-color-450ml-10904937/p
Supermercado,Papel Higiénico Familia Acolchamax Megarollo 4 Unidades,347.00 USD (x1),347.00 USD (x1),https://www.elmachetazo.com/papel-higienico-familia-acolchamax-megarollo-4-unidades-10867531/p
Supermercado,Papel Higiénico Selpak 32 Unidades,1199.00 USD (x1),1199.00 USD (x1),https://www.elmachetazo.com/papel-higienico-selpak-32-unidades-10835017/p
Supermercado,Papel Higiénico Encanto Grande 24 Unidades,889.00 USD (x1),889.00 USD (x1),https://www.elmachetazo.com/papel-higienico-encanto-grande-24-unidades-10851351/p
Supermercado,Aderezo Hellmann's con Queso Cheddar 1 Litro,432.00 USD (x1),432.00 USD (x1),https://www.elmachetazo.com/aderezo-hellmanns-con-queso-cheddar-1-litro-10994308/p
Supermercado,Pancake Original Cenutre 170g,79.00 USD (x1),79.00 USD (x1),https://www.elmachetazo.com/pancake-original-cenutre-170g-11019430/p
Supermercado,Yuca Bites de Carne Teque Sin Gluten 400g,657.00 USD (x1),657.00 USD (x1),https://www.elmachetazo.com/yuca-bites-de-carne-teque-sin-gluten-400g-11000425/p
Supermercado,Tráquea de Vaca Zac Becca 10g,625.00 USD (x1),625.00 USD (x1),https://www.elmachetazo.com/traquea-de-vaca-zac-becca-10g-10951559/p
Supermercado,Oreja de Vaca para Perro Zac&Becca 20g,750.00 USD (x1),750.00 USD (x1),https://www.elmachetazo.com/oreja-de-vaca-para-perro-zacbecca-20g-10951517/p
Supermercado,Alimento para Gato Whiskas Souffle Res 85g,94.00 USD (x1),94.00 USD (x1),https://www.elmachetazo.com/alimento-para-gato-whiskas-souffle-res-85g-10767462/p
Supermercado,Alimento para Gato Whiskas Atun y Sardina 85g,94.00 USD (x1),94.00 USD (x1),https://www.elmachetazo.com/alimento-para-gato-whiskas-atun-y-sardina-85g-10767461/p
Supermercado,Alimento para Gato Whiskas Salmón 85g,94.00 USD (x1),94.00 USD (x1),https://www.elmachetazo.com/alimento-para-gato-whiskas-salmon-85g-10952277/p
Supermercado,Alimento para Gato Whiskas Mix 85g,94.00 USD (x1),94.00 USD (x1),https://www.elmachetazo.com/alimento-para-gato-whiskas-mix-85g-10952276/p
Supermercado,Alimento para Gato Whiskas Pavo 85g,94.00 USD (x1),94.00 USD (x1),https://www.elmachetazo.com/alimento-para-gato-whiskas-pavo-85g-10848756/p
Supermercado,Alimento para Perro Pedigree High Carne 85g,94.00 USD (x1),94.00 USD (x1),https://www.elmachetazo.com/alimento-para-perro-pedigree-high-carne-85g-10883240/p
Supermercado,Alimento para Perro Pedigree High Pollo 85g,94.00 USD (x1),94.00 USD (x1),https://www.elmachetazo.com/alimento-para-perro-pedigree-high-pollo-85g-10883242/p
Supermercado,Disfraz Navideño para Mascota|21x47cm,399.00 USD (x1),399.00 USD (x1),https://www.elmachetazo.com/disfraz-navideno-para-mascota-21x47cm-11017753-machetazo/p
Supermercado,Digyton Digestivo para Perros|30ml,657.00 USD (x1),657.00 USD (x1),https://www.elmachetazo.com/digyton-digestivo-para-perros30ml-11008814/p
Supermercado,Immunol Defensa para Perros|100 ml,657.00 USD (x1),657.00 USD (x1),https://www.elmachetazo.com/immunol-defensa-para-perros100ml-11008815/p
Supermercado,Nefrotec Urinario para Perros|60 Tabletas,657.00 USD (x1),657.00 USD (x1),https://www.elmachetazo.com/nefrotec-urinario-para-perros60-tabletas-11008816/p
Supermercado,Pañal para Perro|Small|10 Unidades,398.00 USD (x1),398.00 USD (x1),https://www.elmachetazo.com/panal-para-perro-small-10-unidades-11008817-machetazo/p
Supermercado,Alimento para Perro Adulto Chicken Soup|Raza Pequeña|4.5 lb,1921.00 USD (x1),1921.00 USD (x1),https://www.elmachetazo.com/alimento-para-perro-adulto-chicken-soup-raza-pequena-45-lb-11008779-machetazo/p
Supermercado,Alimento para Perro Adulto Chicken Soup|Pollo y Pavo|4.5 lb,1921.00 USD (x1),1921.00 USD (x1),https://www.elmachetazo.com/alimento-para-perro-adulto-chicken-souppollo-y-pavo45-lb-11008780/p
Supermercado,Alimento para Cachorro Chicken Soup|Pollo y Pavo|4.5 lb,1921.00 USD (x1),1921.00 USD (x1),https://www.elmachetazo.com/alimento-para-cachorro-chicken-soup-pollo-y-pavo-45-lb-11008781-machetazo/p
Supermercado,Alimento para Perro Adulto Chicken Soup|Pollo y Pavo|4.5 lb,1935.00 USD (x1),1935.00 USD (x1),https://www.elmachetazo.com/alimento-para-perro-adulto-chicken-souppollo-y-pavo-45-lb-11008793-machetazo/p
Supermercado,Alimento para Perro Adulto Chicken Soup|Carne de Res|4.5 lb,1965.00 USD (x1),1965.00 USD (x1),https://www.elmachetazo.com/alimento-para-perro-adulto-chicken-soupcarne-de-res45-lb-11008794/p
Supermercado,Alimento para Perro Chicken Soup|Control de Peso|4.5 lb,1921.00 USD (x1),1921.00 USD (x1),https://www.elmachetazo.com/alimento-para-perro-chicken-soup-control-de-peso-45-lb-11008795-machetazo/p
Supermercado,Crunchy de Maní Chicken Soup|12 oz,665.00 USD (x1),665.00 USD (x1),https://www.elmachetazo.com/crunchy-de-mani-chicken-soup-12-oz-11008796-machetazo/p
Supermercado,Crunchy de Pollo Chicken Soup|12 oz,665.00 USD (x1),665.00 USD (x1),https://www.elmachetazo.com/crunchy-de-pollo-chicken-soup-12-oz-11008797-machetazo/p
Supermercado,Crunchy de Tocino Chicken Soup|12 oz,665.00 USD (x1),665.00 USD (x1),https://www.elmachetazo.com/crunchy-de-tocino-chicken-soup-12-oz-11008798-machetazo/p
Supermercado,Savory Pollo Chicken Soup|6 oz,663.00 USD (x1),663.00 USD (x1),https://www.elmachetazo.com/savory-pollo-chicken-soup-6-oz-11008799-machetazo/p
Supermercado,Savory Sticks Pollo Chicken Soup|5 oz,663.00 USD (x1),663.00 USD (x1),https://www.elmachetazo.com/savory-sticks-pollo-chicken-soup-5-oz-11008801-machetazo/p
Supermercado,Sustituto de Leche para Perro Petlac|10.5 oz,1172.00 USD (x1),1172.00 USD (x1),https://www.elmachetazo.com/sustituto-de-leche-para-perro-petlac-105-oz-10499625-machetazo/p
Supermercado,Mirrapel para Perro y Gato Adulto|300g,1314.00 USD (x1),1314.00 USD (x1),https://www.elmachetazo.com/mirrapel-para-perro-y-gato-adulto-300g-11008803-machetazo/p
Supermercado,Mirrapel para Perro y Gato Adulto|120ml,1183.00 USD (x1),1183.00 USD (x1),https://www.elmachetazo.com/mirrapel-para-perro-y-gato-adulto-120ml-11008804-machetazo/p
Supermercado,Mirrapel para Cachorros|120ml,1480.00 USD (x1),1480.00 USD (x1),https://www.elmachetazo.com/mirrapel-para-cachorros-120ml-11008805-machetazo/p
Supermercado,Desparasitante para Perros Simparica Trio|3 mg,1453.00 USD (x1),1453.00 USD (x1),https://www.elmachetazo.com/desparasitante-para-perros-simparica-trio-3-mg-11008806-machetazo/p
Supermercado,Desparasitante para Perros Simparica Trio|12 mg,1638.00 USD (x1),1638.00 USD (x1),https://www.elmachetazo.com/desparasitante-para-perros-simparica-trio-12-mg-11008808-machetazo/p
Supermercado,Desparasitante para Perros Simparica Trio|24 mg,1883.00 USD (x1),1883.00 USD (x1),https://www.elmachetazo.com/desparasitante-para-perros-simparica-trio-24-mg-11008809-machetazo/p
Supermercado,Desparasitante para Perros Simparica Trio|48 mg,2021.00 USD (x1),2021.00 USD (x1),https://www.elmachetazo.com/desparasitante-para-perros-simparica-trio-48-mg-11008810-machetazo/p
Supermercado,Desparasitante para Perros Simparica Trio|72 mg,2272.00 USD (x1),2272.00 USD (x1),https://www.elmachetazo.com/desparasitante-para-perros-simparica-trio-72-mg-11008811-machetazo/p
Supermercado,Liv.52 Vet|Digestivo y Hepatoprotector|110ml,525.00 USD (x1),525.00 USD (x1),https://www.elmachetazo.com/liv52-vet-digestivo-y-hepatoprotector-110ml-11008812/p
Supermercado,Roast Beef Deli Grecia|227g,460.00 USD (x1),460.00 USD (x1),https://www.elmachetazo.com/roast-beef-deli-grecia227g-10834749/p
Supermercado,Lomo Ahumado Deli Grecia|227g,451.00 USD (x1),451.00 USD (x1),https://www.elmachetazo.com/lomo-ahumado-deli-grecia227g-10834750/p
Supermercado,Pastrami Deli Grecia|227g,420.00 USD (x1),420.00 USD (x1),https://www.elmachetazo.com/pastrami-deli-grecia227g-10834751/p
Supermercado,Salchicha de Cerdo El Granjero|400g,205.00 USD (x1),205.00 USD (x1),https://www.elmachetazo.com/salchicha-de-cerdo-el-granjero400g-10869521/p
Supermercado,Canadian Bacon Deli Grecia|227g,435.00 USD (x1),435.00 USD (x1),https://www.elmachetazo.com/canadian-bacon-deli-grecia-10834747-machetazo/p
Supermercado,Tasajo de Cerdo Deli Grecia|340g,325.00 USD (x1),325.00 USD (x1),https://www.elmachetazo.com/tasajo-de-cerdo-deli-grecia-340g-10634398-machetazo/p
Supermercado,Crema Dental Colgate Total Whitening|75ml,295.00 USD (x1),379.00 USD (x1),https://www.elmachetazo.com/crema-dental-colgate-total-whitening75ml-11004193/p
Supermercado,Gel de Baño Palmolive Nutrimilk|650ml,640.00 USD (x1),640.00 USD (x1),https://www.elmachetazo.com/gel-de-bano-palmolive-nutrimilk650ml-11010277/p
Supermercado,Gel de Baño Protex Cream|650ml,615.00 USD (x1),695.00 USD (x1),https://www.elmachetazo.com/gel-de-bano-protex-cream650ml-11008443/p
Supermercado,Soda Pepsi Black|355ml,59.00 USD (x1),63.00 USD (x1),https://www.elmachetazo.com/soda-pepsi-black-355ml-10932336-machetazo/p
Supermercado,Papas Congeladas Ricardo Essential|2.5kg,444.00 USD (x1),444.00 USD (x1),https://www.elmachetazo.com/papas-congeladas-ricardo-essential25kg-10998884/p
Supermercado,Néctar de Uva Del Valle Kapo|200ml,35.00 USD (x1),35.00 USD (x1),https://www.elmachetazo.com/nectar-de-uva-del-valle-kapo200ml-11006199/p
Supermercado,Néctar de Naranja Del Valle Kapo|200ml,35.00 USD (x1),35.00 USD (x1),https://www.elmachetazo.com/nectar-de-naranja-del-valle-kapo200ml-11006200/p
Supermercado,Néctar de Manzana Del Valle Kapo|200ml,35.00 USD (x1),35.00 USD (x1),https://www.elmachetazo.com/nectar-de-manzana-del-valle-kapo200ml-11006201/p
Supermercado,Néctar Surtido Del Valle Kapo|200ml|6 Unidades,199.00 USD (x1),199.00 USD (x1),https://www.elmachetazo.com/nectar-surtido-del-valle-kapo200ml6-unidades-11006202/p
Supermercado,Chocolate en Polvo Mokate|Caramelo|10 Unidades,249.00 USD (x1),249.00 USD (x1),https://www.elmachetazo.com/chocolate-en-polvo-mokatecaramelo10-unidades-10923004/p
Supermercado,Chocolate en Polvo Mokate|Leche|10 Unidades,249.00 USD (x1),249.00 USD (x1),https://www.elmachetazo.com/chocolate-en-polvo-mokateleche10-unidades-10923005/p
Supermercado,Chocolate en Polvo Mokate|Ligero|10 Unidades,249.00 USD (x1),249.00 USD (x1),https://www.elmachetazo.com/chocolate-en-polvo-mokateligero10-unidades-10923007/p
Supermercado,Café Molido Golden Selection |425g,416.00 USD (x1),416.00 USD (x1),https://www.elmachetazo.com/cafe-duran-golden-selection-425g-10983360/p
Supermercado,Harina de Maíz Blanco Maissisimo|1 Kg,175.00 USD (x1),175.00 USD (x1),https://www.elmachetazo.com/harina-de-maiz-blanco-maissisimo1-kg-10906736/p
Supermercado,Enjuague Bucal Therabreath Mild Mint|16 oz,899.00 USD (x1),899.00 USD (x1),https://www.elmachetazo.com/enjuague-bucal-therabreath-mild-mint16-oz-10980990/p
Supermercado,Enguaje Bucal Therabreath Invigorating Icy Mint|16 oz,899.00 USD (x1),899.00 USD (x1),https://www.elmachetazo.com/enguaje-bucal-therabreath-invigorating-icy-mint16-oz-10980992/p
Supermercado,Rollitos Primavera de Vegetales|18 oz,350.00 USD (x1),350.00 USD (x1),https://www.elmachetazo.com/rollitos-primavera-de-vegetales18-oz-10586039/p
Supermercado,Salchicha Frank Esencial Rimith|454 g,195.00 USD (x1),195.00 USD (x1),https://www.elmachetazo.com/salchicha-frank-esencial-rimith454-g-10868152/p
Supermercado,Soda Coca Cola Botella 6 Pack |600ml,625.00 USD (x1),625.00 USD (x1),https://www.elmachetazo.com/soda-coca-cola-botella-6pack600ml-10930669/p
Supermercado,Papas Wedge Picantes Aviko|2.5kg,920.00 USD (x1),920.00 USD (x1),https://www.elmachetazo.com/papas-wedge-picantes-aviko25kg-10863467/p
Supermercado,Alimento para Perro Mandala Cachorro|10.1 kg,2099.00 USD (x1),2099.00 USD (x1),https://www.elmachetazo.com/alimento-para-perro-mandala-cachorro101-kg-10946493/p
Supermercado,Alimento para Perro Mandala Arroz y Carne|20g,3599.00 USD (x1),3599.00 USD (x1),https://www.elmachetazo.com/alimento-para-perro-mandala-arroz-y-carne20g-10946492/p
Supermercado,Cerveza Extra Fina Cristal|12 Unidades|310 ml,835.00 USD (x1),835.00 USD (x1),https://www.elmachetazo.com/cerveza-extra-fina-cristal12-unidades310-ml-10972283/p
Supermercado,Pasitas Ligo|250 g,229.00 USD (x1),229.00 USD (x1),https://www.elmachetazo.com/pasitas-ligo250-g-10025362/p
Supermercado,Azúcar Clara Domino|453g,225.00 USD (x1),225.00 USD (x1),https://www.elmachetazo.com/azucar-clara-domino453-gr-10018538/p
Supermercado,Premio Masticable para Perro|Mini|Pollo|8 Unidades,407.00 USD (x1),407.00 USD (x1),https://www.elmachetazo.com/premio-masticable-para-perrominipollo8-unidades-10852545/p
Supermercado,Premio Masticable para Perro|Pequeño|Pollo,163.00 USD (x1),163.00 USD (x1),https://www.elmachetazo.com/premio-masticable-para-perropequenopollo-10852679/p
Supermercado,Premio Masticable para Perro|Mediano|Pollo,233.00 USD (x1),233.00 USD (x1),https://www.elmachetazo.com/premio-masticable-para-perromedianopollo-10852547/p
Supermercado,Premio Masticable para Perro|Pollo|5 Unidades,399.00 USD (x1),399.00 USD (x1),https://www.elmachetazo.com/premio-masticable-para-perropollo5-unidades-10852546/p
Supermercado,Premio Masticable para Perro|Dental|2 Unidades,200.00 USD (x1),200.00 USD (x1),https://www.elmachetazo.com/premio-masticable-para-perrodental2-unidades-10852552/p
Supermercado,Premio Masticable para Perro|Dental|5 Unidades,412.00 USD (x1),412.00 USD (x1),https://www.elmachetazo.com/premio-masticable-para-perrodental5-unidades-10852551/p
Supermercado,Removedor de Manchas y Olores para Perro|24 oz,810.00 USD (x1),810.00 USD (x1),https://www.elmachetazo.com/removedor-de-manchas-y-olores-para-perro24-oz-10852554/p
Supermercado,BettaMin Hojuelas para peces Betta|23g,208.00 USD (x1),208.00 USD (x1),https://www.elmachetazo.com/bettamin-hojuelas-para-peces-betta23g-10852541/p
Supermercado,Hojuelas para Peces Goldfish|28g,311.00 USD (x1),311.00 USD (x1),https://www.elmachetazo.com/hojuelas-para-peces-goldfish28g-10852544/p
Supermercado,Cereal de Chocolate Sin Gluten Ceridés|500 g,369.00 USD (x1),369.00 USD (x1),https://www.elmachetazo.com/cereal-de-chocolate-sin-gluten-cerides500-g-10979098/p
Supermercado,Galletas Manzana y Canela Del Carmen|44 g,45.00 USD (x1),45.00 USD (x1),https://www.elmachetazo.com/galletas-manzana-y-canela-del-carmen44-g-10987362/p
Supermercado,Galletas Mantequilla De Mani|44 g,45.00 USD (x1),45.00 USD (x1),https://www.elmachetazo.com/galletas-mantequilla-de-mani44-g-10987360/p
Supermercado,Galletas Chocolate Del Carmen|44 g,45.00 USD (x1),45.00 USD (x1),https://www.elmachetazo.com/galletas-chocolate-del-carmen44-g-10987363/p
Supermercado,Galletas de Piña Colada Del Carmen|44 g,45.00 USD (x1),45.00 USD (x1),https://www.elmachetazo.com/galletas-de-pina-colada-del-carmen44-g-10987366/p
Supermercado,Galletas Rellenas Choco Wow|32g,285.00 USD (x1),285.00 USD (x1),https://www.elmachetazo.com/galletas-rellenas-choco-wow32g-10867787/p
Supermercado,Yuquitas Don Villa|135g,135.00 USD (x1),135.00 USD (x1),https://www.elmachetazo.com/yuquitas-don-villa135g-10982530/p
Supermercado,Bebida Choco|200 g,115.00 USD (x1),115.00 USD (x1),https://www.elmachetazo.com/bebida-choco200-g-10955506/p
Supermercado,Arena de Gato Aire Fresco Compy|22 lb,999.00 USD (x1),999.00 USD (x1),https://www.elmachetazo.com/arena-de-gato-aire-fresco-compy22-lb-10969346/p
Supermercado,Plátanos Chips Maduro Don Villa,189.00 USD (x1),189.00 USD (x1),https://www.elmachetazo.com/platanos-chips-maduro-don-villa-10982533/p
Supermercado,Aceitunas Rellenas Pimiento Elista|240 g,179.00 USD (x1),179.00 USD (x1),https://www.elmachetazo.com/aceitunas-rellenas-pimiento-elista240-g-10476258/p
Supermercado,Aceitunas Verdes con Hueso Elista|240 g,149.00 USD (x1),149.00 USD (x1),https://www.elmachetazo.com/aceitunas-verdes-con-hueso-elista240-g-10476259/p
Supermercado,Bebida de Coco Mango|300 ml,129.00 USD (x1),129.00 USD (x1),https://www.elmachetazo.com/bebida-de-coco-mango300-ml-10945311/p
Supermercado,Bebida de Coco Piña|300 ml,129.00 USD (x1),129.00 USD (x1),https://www.elmachetazo.com/bebida-de-coco-pina300-ml-10945309/p
Supermercado,Bebida de Coco Origin|300 ml,129.00 USD (x1),129.00 USD (x1),https://www.elmachetazo.com/bebida-de-coco-origin300-ml-10945308/p
Supermercado,Bebida de Coco Banana|300 ml,129.00 USD (x1),129.00 USD (x1),https://www.elmachetazo.com/bebida-de-coco-banana300-ml-10945307/p
Supermercado,Glucerna Fit Vainilla|330 Ml,477.00 USD (x1),477.00 USD (x1),https://www.elmachetazo.com/glucerna-fit-vainilla330-ml-10890972/p
Supermercado,Similac Total Comfort Etapa 1|360 grs,1575.00 USD (x1),1575.00 USD (x1),https://www.elmachetazo.com/similac-total-comfort-etapa-1360-grs-10954410/p
Supermercado,Glucerna Chocolate|237 ml,433.00 USD (x1),433.00 USD (x1),https://www.elmachetazo.com/glucerna-chocolate237-ml-10956132/p
Supermercado,Glucerna Fresa|237 ml,433.00 USD (x1),433.00 USD (x1),https://www.elmachetazo.com/glucerna-fresa237-ml-10956164/p
Supermercado,Similac Total Comfort Etapa 1|820 grs,2995.00 USD (x1),2995.00 USD (x1),https://www.elmachetazo.com/similac-total-comfort-etapa-1820-grs-10957409/p
Supermercado,Removedor de Manchas y Olores Gatos|473ml,665.00 USD (x1),665.00 USD (x1),https://www.elmachetazo.com/removedor-de-manchas-y-olores-gatos473ml-10852555/p
Supermercado,Spray Antipulgas|250ml,250.00 USD (x1),250.00 USD (x1),https://www.elmachetazo.com/spray-antipulgas250ml-10825391/p
Supermercado,Alimento para Peces Gold Fish|40g,348.00 USD (x1),348.00 USD (x1),https://www.elmachetazo.com/alimento-para-peces-gold-fish40g-10813475/p
Supermercado,Aqua Safe|100ml,277.00 USD (x1),277.00 USD (x1),https://www.elmachetazo.com/aqua-safe100ml-10852540/p
Supermercado,Alimento para Perro Dog Chow|Adulto Complete Pollo|40 lb,5214.00 USD (x1),5214.00 USD (x1),https://www.elmachetazo.com/alimento-para-perro-purina-dog-chowadulto-complete-pollo181-kg40-lb-10951722/p
Supermercado,Alimento para Perro One|Adulto Carne|7.7 lb,2242.00 USD (x1),2242.00 USD (x1),https://www.elmachetazo.com/alimento-para-perro-purina-one-adulto-carne-77-lb-10865067/p
Supermercado,Alimento para Perro One|Adulto Carne|4.4 lb,1413.00 USD (x1),1413.00 USD (x1),https://www.elmachetazo.com/alimento-para-perro-purina-oneadulto-dog-carne-mediano-y-grande2-kg44-lb-10865066/p
Supermercado,Alimento para Perro One|Adulto Multi Proteínas|85g,136.00 USD (x1),136.00 USD (x1),https://www.elmachetazo.com/alimento-perro-one-adulto-multi-proteinas-85g/p
Supermercado,Alimento para Gato Fancy Feast|Casserole Atún|85g,121.00 USD (x1),121.00 USD (x1),https://www.elmachetazo.com/alimento-para-gato-fancy-feast-casserole-atun-85g-10893298-machetazo/p
Supermercado,Alimento para Gato Fancy Feast Goulash Tuna|85g,121.00 USD (x1),121.00 USD (x1),https://www.elmachetazo.com/alimento-para-gato-purina-fancy-feastpouch-goulash-tuna85-g3-oz-10893299/p
Supermercado,Arena para Gato Purina Tidy Cats|14 lb,1312.00 USD (x1),1312.00 USD (x1),https://www.elmachetazo.com/arena-gato-purina-tidy-cats-14-lb/p
Supermercado,"Pads de Entrenamiento para Mascota|21""x21""|14 Unidades",699.00 USD (x1),699.00 USD (x1),https://www.elmachetazo.com/pads-de-entrenamiento-para-mascota21x2114-unidades-10852553/p
Supermercado,Alimento para Peces Tetramin|28g,412.00 USD (x1),412.00 USD (x1),https://www.elmachetazo.com/alimento-para-peces-tetramin28g-10852543/p
Supermercado,Toallitas Húmedas para Mascota|50 Unidades,135.00 USD (x1),135.00 USD (x1),https://www.elmachetazo.com/toallitas-humedas-para-mascota50-unidades-10940053/p
Supermercado,Toallitas Húmedas con Aloe para Mascotas,195.00 USD (x1),195.00 USD (x1),https://www.elmachetazo.com/toallitas-humedas-con-aloe-para-mascotas-10965579/p
Supermercado,Salsa Bbq Original Country Barn|18 oz,209.00 USD (x1),209.00 USD (x1),https://www.elmachetazo.com/salsa-bbq-original-country-barn18-oz-10744896/p
Supermercado,Rosca Navideña con Almendras La Mamá de Mayer|800 g,770.00 USD (x1),770.00 USD (x1),https://www.elmachetazo.com/rosca-navidena-con-almendras-la-mama-de-mayer800-g-10793321/p
Supermercado,Piña Rodaja en Almíbar Golden Selection|20 oz,198.00 USD (x1),198.00 USD (x1),https://www.elmachetazo.com/pina-rodaja-en-almibar-golden-selection20-oz-10829729/p
Supermercado,Sidra Manzana Sin Alcohol Valentino|750ml,269.00 USD (x1),269.00 USD (x1),https://www.elmachetazo.com/sidra-manzana-sin-alcohol-valentino750ml-10864422/p
Supermercado,Cerezas Maraschino|170g,175.00 USD (x1),175.00 USD (x1),https://www.elmachetazo.com/cerezas-maraschino170g-10853766/p
Supermercado,Pasitas Ligo|170g,229.00 USD (x1),229.00 USD (x1),https://www.elmachetazo.com/pasitas-ligo170g-10025363/p
Supermercado,Pasitas Ligo|200g,219.00 USD (x1),219.00 USD (x1),https://www.elmachetazo.com/pasitas-ligo200g-10025367/p
Supermercado,Néctar de Piña Cofrutos|1 Litro,139.00 USD (x1),139.00 USD (x1),https://www.elmachetazo.com/nectar-de-pina-cofrutos1-litro-10861324/p
Supermercado,Sidra Coctel de Frutas Valentino Sin Alcohol|750ml,269.00 USD (x1),269.00 USD (x1),https://www.elmachetazo.com/sidra-coctel-de-frutas-valentino-sin-alcohol750ml-10864423/p
Supermercado,Sidra Melocoton Sin Alcohol|750ml,269.00 USD (x1),269.00 USD (x1),https://www.elmachetazo.com/sidra-melocoton-sin-alcohol750ml-10864425/p
Supermercado,Sidra Cramberry Uva Sin Alcohol|750ml,269.00 USD (x1),269.00 USD (x1),https://www.elmachetazo.com/sidra-cramberry-uva-sin-alcohol750ml-10864424/p
Supermercado,Nueces Mixtas con Cáscara|400g,389.00 USD (x1),389.00 USD (x1),https://www.elmachetazo.com/nueces-mixtas-con-cascara400-g-10867442/p
Supermercado,Galletas de Chocolate con Vainilla Treat|12 Unidades,189.00 USD (x1),189.00 USD (x1),https://www.elmachetazo.com/galletas-de-chocolate-con-vainilla-treat12-unidades-10935869/p
Supermercado,Maretti Bruschette Snack Surtido|3 Unidades,250.00 USD (x1),250.00 USD (x1),https://www.elmachetazo.com/maretti-bruschette-snack-surtido3-unidades-10937378/p
Supermercado,Nuez con Cáscara Golden Selection|250g,289.00 USD (x1),289.00 USD (x1),https://www.elmachetazo.com/nuez-con-cascara-golden-selection250g-10867436/p
Supermercado,Champaña Manzana Sin Alcohol Tommy|750ml,319.00 USD (x1),319.00 USD (x1),https://www.elmachetazo.com/champana-manzana-sin-alcohol--tommy750ml-10864420/p
Supermercado,Turrón Duro con Almendra San Andrés|Sin Azúcar|150g,299.00 USD (x1),349.00 USD (x1),https://www.elmachetazo.com/turron-duro-con-almendra-san-andressin-azucar150g-10922041/p
Supermercado,Turrón Crema de Maní San Andrés|150g,219.00 USD (x1),249.00 USD (x1),https://www.elmachetazo.com/turron-crema-de-mani-san-andres150g-10922046/p
Supermercado,Turrón Blando San Andrés|150g,299.00 USD (x1),319.00 USD (x1),https://www.elmachetazo.com/turron-blando-san-andres150g-10922044/p
Supermercado,Jamonilla de Cerdo Hormel Black Label|2 Pack,559.00 USD (x1),559.00 USD (x1),https://www.elmachetazo.com/jamonilla-de-cerdo-hormel-black-label2-pack-10957177/p
Supermercado,Bombones Chocolate Ferrero Rocher Collection|162g,1600.00 USD (x1),1600.00 USD (x1),https://www.elmachetazo.com/bombones-chocolate-ferrero-rocher-collection162g-10596188/p
Supermercado,Chocolate Ferrero Rocher Sterlina|37.5g,389.00 USD (x1),389.00 USD (x1),https://www.elmachetazo.com/chocolate-ferrero-rocher-sterlina375g-10498138/p
Supermercado,Jamonilla de Cerdo Dak Chopped|340g,285.00 USD (x1),285.00 USD (x1),https://www.elmachetazo.com/jamonilla-de-cerdo-dak-chopped340g-10956811/p
Supermercado,BioAqua Kit Hidratante de Arroz|6 Piezas,1099.00 USD (x1),1099.00 USD (x1),https://www.elmachetazo.com/bioaqua-kit-hidratante-de-arroz6-piezas-10978214/p
Supermercado,BioAqua Camelia Skin Care|Kit Reparador|5 Piezas,899.00 USD (x1),899.00 USD (x1),https://www.elmachetazo.com/bioaqua-camelia-skin-carekit-reparador5-piezas-10956300/p
Supermercado,Patatas Fritas Oliva Martirelo|100 g,199.00 USD (x1),199.00 USD (x1),https://www.elmachetazo.com/patatas-fritas-oliva-martirelo100-g-10956249/p
Supermercado,Vino Blanco Chardonnay Chilensis|750ml,568.00 USD (x1),568.00 USD (x1),https://www.elmachetazo.com/vino-blanco-chardonnay-chilensis750ml-10971050/p
Supermercado,Vino Tinto Carmenere Chilensis|750ml,568.00 USD (x1),568.00 USD (x1),https://www.elmachetazo.com/vino-tinto-carmenere-chilensis750ml-10971047/p
Supermercado,Vino Merlot Chilensis|750ml,568.00 USD (x1),568.00 USD (x1),https://www.elmachetazo.com/vino-merlot-chilensis750ml-10971046/p
Supermercado,Ron Appleton Estate|750ml,1772.00 USD (x1),1772.00 USD (x1),https://www.elmachetazo.com/ron-appleton-estate750ml-10921939/p
Supermercado,Pads para Mascota No Worries|22x22|100 Unidades,2299.00 USD (x1),2299.00 USD (x1),https://www.elmachetazo.com/pads-para-mascota-no-worries22x22100-unidades-10873263/p
Supermercado,Bebida Frutas del Valle|3 L,200.00 USD (x1),200.00 USD (x1),https://www.elmachetazo.com/bebida-frutas-del-valle3-l-10733313/p
Supermercado,Helado de Ron con Pasas Estrella Azul|900 ml,364.00 USD (x1),364.00 USD (x1),https://www.elmachetazo.com/helado-de-ron-con-pasas-estrella-azul900-ml-10831280/p
Supermercado,Helado de Chocolate Estrella Azul|1700 ml,617.00 USD (x1),617.00 USD (x1),https://www.elmachetazo.com/helado-de-chocolate-estrella-azul1700-ml-10831285/p
Supermercado,Avena Chocolate y Coco|360 g,299.00 USD (x1),299.00 USD (x1),https://www.elmachetazo.com/avena-chocolate-y-coco360-g-10920692/p
Supermercado,Palomitas con Caramelo|100 g,59.00 USD (x1),59.00 USD (x1),https://www.elmachetazo.com/palomitas-con-caramelo100-g-10953457/p
Supermercado,Palomitas con Caramelo|3 Unidades|100 gr,159.00 USD (x1),169.00 USD (x1),https://www.elmachetazo.com/palomitas-con-caramelo3-unidades100-gr-10953460/p
Supermercado,Gomitas Party Mix|80g,89.00 USD (x1),89.00 USD (x1),https://www.elmachetazo.com/gomitas-party-mix80g-10958860/p
Supermercado,Gomitas Cola|80g,89.00 USD (x1),89.00 USD (x1),https://www.elmachetazo.com/gomitas-cola80g-10958861/p
Supermercado,Cerveza la Española Lager|330 ml,48.00 USD (x1),48.00 USD (x1),https://www.elmachetazo.com/cerveza-la-espanola-lager-330-ml-10902249/p
Supermercado,Cerveza La Española Lite|330 ml,48.00 USD (x1),48.00 USD (x1),https://www.elmachetazo.com/cerveza-la-espanola-lite330-ml-10870847/p
Supermercado,Snack Papas BBQ Golden Selection|110g,109.00 USD (x1),129.00 USD (x1),https://www.elmachetazo.com/snack-papas-bbq-golden-selection-110g-10956890-machetazo/p
Supermercado,Crema Choco Sargento Tequela|700 ml,649.00 USD (x1),719.00 USD (x1),https://www.elmachetazo.com/crema-choco-sargento-tequela700-ml-10861815/p
Supermercado,Crema Mango Sargento Tequela|700 ml,649.00 USD (x1),719.00 USD (x1),https://www.elmachetazo.com/crema-mango-sargento-tequela700-ml-10861814/p
Supermercado,Crema Pinacol Sargento Tequela|700 ml,649.00 USD (x1),719.00 USD (x1),https://www.elmachetazo.com/crema-pinacol-sargento-tequela700-ml-10861816/p
Supermercado,Bebida Aloe Vera Granada T’best|1.5 L,289.00 USD (x1),289.00 USD (x1),https://www.elmachetazo.com/bebida-aloe-vera-granada-tbest15-l-10899349/p
Supermercado,Bebida Aloe Vera Original T’best|1.5 L,289.00 USD (x1),289.00 USD (x1),https://www.elmachetazo.com/bebida-aloe-vera-original-tbest15-l-10899350/p
Supermercado,Bebida Aloe Vera Uva T’best|1.5 L,289.00 USD (x1),289.00 USD (x1),https://www.elmachetazo.com/bebida-aloe-vera-uva-tbest15-l-10899352/p
Supermercado,Licor Coco Loco Mix La Celebracion| 700 ml,349.00 USD (x1),398.00 USD (x1),https://www.elmachetazo.com/licor-coco-loco-mix-la-celebracion-700-ml-10861822/p
Supermercado,Licor Daiquiri Mix La Celebracion|700 ml,349.00 USD (x1),398.00 USD (x1),https://www.elmachetazo.com/licor-daiquiri-mix-la-celebracion700-ml-10861823/p
Supermercado,Licor Margarita Mix La Celebracion|700 ml,349.00 USD (x1),398.00 USD (x1),https://www.elmachetazo.com/licor-margarita-mix-la-celebracion700-ml-10861826/p
Supermercado,Licor Mojito Fresa Mix La Celebracion|700 ml,349.00 USD (x1),398.00 USD (x1),https://www.elmachetazo.com/licor-mojito-fresa-mix-la-celebracion700-ml-10861829/p
Supermercado,Licor Sex On Beach Mix La Celebracion|700 ml,349.00 USD (x1),398.00 USD (x1),https://www.elmachetazo.com/licor-sex-on-beach-mix-la-celebracion700-ml-10861827/p
Supermercado,Licor San Francisco Mix La Celebracion|700 ml,349.00 USD (x1),398.00 USD (x1),https://www.elmachetazo.com/licor-san-francisco-mix-la-celebracion700-ml-10861825/p
Supermercado,Licor Mojito Mix La Celebracion|700 ml,349.00 USD (x1),398.00 USD (x1),https://www.elmachetazo.com/licor-mojito-mix-la-celebracion700-ml-10861818/p
Supermercado,Sangria Espumante Expania|4.5%|1.5 L,349.00 USD (x1),349.00 USD (x1),https://www.elmachetazo.com/sangria-espumante-expania4515-l-10838234/p
Supermercado,Pancake Buttermilk Complete Pearl Milling Co.,325.00 USD (x1),325.00 USD (x1),https://www.elmachetazo.com/pancake-buttermilk-complete-pearl-milling-co-10957127/p
Supermercado,Pancake Original Complete Pearl Milling Co.|800g,325.00 USD (x1),325.00 USD (x1),https://www.elmachetazo.com/pancake-original-complete-pearl-milling800g-10957126/p
Supermercado,Pancake Original Pearl Milling Co.|400g,194.00 USD (x1),194.00 USD (x1),https://www.elmachetazo.com/pancake-original-pearl-milling-co-400g-10957123-machetazo/p
Supermercado,Cereal Hojuela Maiz|1 kg,315.00 USD (x1),315.00 USD (x1),https://www.elmachetazo.com/cereal-hojuela-maiz1--kg-10964900/p
Supermercado,Alimento para Gato Chunky|Pollo|1.5Kg,733.00 USD (x1),733.00 USD (x1),https://www.elmachetazo.com/alimento-para-gato-chunkypollo15kg-10910609/p
Supermercado,Bolsa de Hielo Smart Choice|8 Libras,115.00 USD (x1),115.00 USD (x1),https://www.elmachetazo.com/bolsa-de-hielo-smart-choice-8-libras-10925464/p
Supermercado,Bebida Energética Dark Blue|500 ml,145.00 USD (x1),145.00 USD (x1),https://www.elmachetazo.com/bebida-energizante-dark-blue-500-ml-10955342-machetazo_twc81h/p
Supermercado,Starbust Caramelos Fun Size,659.00 USD (x1),659.00 USD (x1),https://www.elmachetazo.com/starbust-caramelos-fun-size-10963069/p
Supermercado,Hershey's Miniatures|Share Pack|340g,811.00 USD (x1),811.00 USD (x1),https://www.elmachetazo.com/hersheys-miniaturesshare-pack340g-10769553/p
Supermercado,Hershey's Kisses|Share Pack|306g,811.00 USD (x1),811.00 USD (x1),https://www.elmachetazo.com/hersheys-kissesshare-pack306g-10760208/p
Supermercado,Mentos Chicle Pure Fresh|Menta Fresca|20g,151.00 USD (x1),151.00 USD (x1),https://www.elmachetazo.com/mentos-chicle-pure-freshmenta-fresca20g-10526770/p
Supermercado,Mentos Chicle Pure Fresh|Spearmint|20g,151.00 USD (x1),151.00 USD (x1),https://www.elmachetazo.com/mentos-chicle-pure-freshspearmint20g-10526769/p
Supermercado,Butter Toffees Pastilla Chocolate|127g,89.00 USD (x1),89.00 USD (x1),https://www.elmachetazo.com/butter-toffees-pastilla-chocolate127g-10834708/p
Supermercado,Hershey's Kisses Hugs|Share Pack|10.6 oz,723.00 USD (x1),723.00 USD (x1),https://www.elmachetazo.com/hersheys-kisses-hugsshare-pack106-oz-10738383/p
Supermercado,Desodorante Nivea Pearl Beauty|Roll-On|50ml,319.00 USD (x1),319.00 USD (x1),https://www.elmachetazo.com/desodorante-nivea-pearl-beautyroll-on50ml-10013414/p
Supermercado,Máquina Afeitadora Venus Intima|Repuesto,1124.00 USD (x1),1124.00 USD (x1),https://www.elmachetazo.com/maquina-afeitadora-venus-intimarepuesto-10902129/p
Supermercado,Aceite de Oliva La Malagueña Extra Virgen|250ml,379.00 USD (x1),379.00 USD (x1),https://www.elmachetazo.com/aceite-de-oliva-extra-virgen250-ml-10796787/p
Supermercado,Escoba con Mango de Madera,299.00 USD (x1),299.00 USD (x1),https://www.elmachetazo.com/escoba-con-mango-de-madera-10908336/p
Supermercado,Limpión Humedo,94.00 USD (x1),94.00 USD (x1),https://www.elmachetazo.com/limpion-humedo-10908350/p
Supermercado,Esponja de Cocina|3 Unidades,197.00 USD (x1),197.00 USD (x1),https://www.elmachetazo.com/esponja-de-cocina3-unidades-10908340/p
Supermercado,Acondicionador Elvive|Hidra Equilibrante|370 ml,787.00 USD (x1),984.00 USD (x1),https://www.elmachetazo.com/acondicionador-elvivehidra-equilibrante370-ml-10904862/p
Supermercado,Gel Limpieza Anti-Acne|200 ml,1469.00 USD (x1),1469.00 USD (x1),https://www.elmachetazo.com/gel-limpieza-anti-acne200-ml-10929590/p
Supermercado,Express Aclara Gel Limpiador|150 ml,767.00 USD (x1),1278.00 USD (x1),https://www.elmachetazo.com/express-aclara-gel--limpiador150-ml-10956768/p
Supermercado,Acondicionador Reparación Total 5 Elvive|370 ml,908.00 USD (x1),908.00 USD (x1),https://www.elmachetazo.com/acondicionador-reparacion-total-5-elvive370-ml-10485924/p
Supermercado,Acondicionador Caida Resist Elvive|370 ml,984.00 USD (x1),984.00 USD (x1),https://www.elmachetazo.com/acondicionador-caida-resist-elvive370-ml-10929594/p
Supermercado,Mascarilla Capilar Elvive|Caida Resist|300 ml,945.00 USD (x1),945.00 USD (x1),https://www.elmachetazo.com/mascarilla-capilar-elvivecaida-resist300-ml-10929597/p
Supermercado,Acondicionador Fructis|Manteca de Cacao|300 ml,772.00 USD (x1),772.00 USD (x1),https://www.elmachetazo.com/acondicionador-fructismanteca-de-cacao300-ml-10902469/p
Supermercado,Sérum Revitalift con Ácido Hialurónico|20 ml,2448.00 USD (x1),2448.00 USD (x1),https://www.elmachetazo.com/serum-revitalift-con-acido-hialuronico20-ml-10890725/p
Supermercado,Crema Revitalift Ácido Hialurónico|Antibrillo,2464.00 USD (x1),2464.00 USD (x1),https://www.elmachetazo.com/crema-revitalift-acido-hialuronicoantibrillo-10894451/p
Supermercado,Gel de Limpieza Renovador|150 ml,1406.00 USD (x1),1406.00 USD (x1),https://www.elmachetazo.com/gel-de-limpieza-renovador150-ml-10954448/p
Supermercado,Acondicionador Hair Food Coco Fructis|300 ml,811.00 USD (x1),811.00 USD (x1),https://www.elmachetazo.com/acondicionador-hair-food-coco-fructis300-ml-10796487/p
Supermercado,Acondicionador Hair Food Aguacate Fructis|300 ml,811.00 USD (x1),811.00 USD (x1),https://www.elmachetazo.com/acondicionador-hair-food-aguacate-fructis300-ml-10796489/p
Supermercado,Shampoo Hair Food Aloe Vera Fructis|300 ml,811.00 USD (x1),811.00 USD (x1),https://www.elmachetazo.com/shampoo-hair-food-aloe-vera-fructis300-ml-10796479/p
Supermercado,Mascarilla Capilar Fructis|Manteca de Cacao|300 ml,688.00 USD (x1),860.00 USD (x1),https://www.elmachetazo.com/mascarilla-capilar-fructismanteca-de-cacao300-ml-10902480/p
Supermercado,Shampoo Hair Food Sandía Fructis|300 ml,649.00 USD (x1),811.00 USD (x1),https://www.elmachetazo.com/shampoo-hair-food-sandia-fructis300-ml-10857935/p
Supermercado,Acondicionador Hair Food Sandía Fructis|300 ml,811.00 USD (x1),811.00 USD (x1),https://www.elmachetazo.com/acondicionador-hair-food-sandia-fructis300-ml-10857936/p
Supermercado,Mascarilla Capilar Fructis|Hair Food Sandía|300 ml,688.00 USD (x1),860.00 USD (x1),https://www.elmachetazo.com/mascarilla-capilar-fructishair-food-sandia300-ml-10938034/p
Supermercado,Escoba|Mango Metálico,613.00 USD (x1),613.00 USD (x1),https://www.elmachetazo.com/escobamango-metalico-10908334/p
Supermercado,Espiral de Acero|2 unidades,153.00 USD (x1),153.00 USD (x1),https://www.elmachetazo.com/espiral-de-acero2-unidades-10908343/p
Supermercado,Recogedor|Mango Plástico,214.00 USD (x1),214.00 USD (x1),https://www.elmachetazo.com/recogedormango-plastico-10908337/p
Supermercado,Paño Multiuso|50 Unidades,680.00 USD (x1),680.00 USD (x1),https://www.elmachetazo.com/pano-multiuso50-unidades-10908344/p
Supermercado,Chocolate Choco Trio|Cookies and Cream,236.00 USD (x1),236.00 USD (x1),https://www.elmachetazo.com/chocolate-choco-triocookies-and-cream-10960341/p
Supermercado,Guantes de Latex|Amarillo|2 Unidades,364.00 USD (x1),364.00 USD (x1),https://www.elmachetazo.com/guantes-de-latexamarillo2-unidades-10908346/p
Supermercado,Limpiador Multiuso|Citrus|1000 ml,150.00 USD (x1),150.00 USD (x1),https://www.elmachetazo.com/limpiador-multiusocitrus1000-ml-10908347/p
Supermercado,Galletas de Arroz|Arándano|Baby Mum-Mum,355.00 USD (x1),355.00 USD (x1),https://www.elmachetazo.com/galletas-de-arrozarandanobaby-mum-mum-10806519/p
Supermercado,Snack de Arroz|Fresa y Mora Azul|Baby Mum-Mum,295.00 USD (x1),295.00 USD (x1),https://www.elmachetazo.com/snack-de-arrozfresa-y-mora-azulbaby-mum-mum-10912155/p
Supermercado,Shampoo con Colágeno|550 ml,437.00 USD (x1),437.00 USD (x1),https://www.elmachetazo.com/shampoo-con-colageno550-ml-10910891/p
Supermercado,Acondicionador con Colágeno|490 ml,437.00 USD (x1),437.00 USD (x1),https://www.elmachetazo.com/acondicionador-con-colageno490-ml-10910893/p
Supermercado,Shampoo Capilar 2 en 1|Ortiga Bioland|400 ml,949.00 USD (x1),949.00 USD (x1),https://www.elmachetazo.com/shampoo-capilar-2-en-1ortiga-bioland400-ml-10910888/p
Supermercado,Vodka Citrus Schweppes|Lata|310 ml,109.00 USD (x1),109.00 USD (x1),https://www.elmachetazo.com/vodka-citrus-schweppeslata310-ml-10940674/p
Supermercado,Gin Tonic Schweppes|Lata|310 ml,109.00 USD (x1),109.00 USD (x1),https://www.elmachetazo.com/gin-tonic-schweppeslata310-ml-10940682/p
Supermercado,Shampoo Anticomezón|180 ml,432.00 USD (x1),432.00 USD (x1),https://www.elmachetazo.com/shampoo-anticomezon180-ml-10955159/p
Supermercado,Shampoo de Argán|375 ml,793.00 USD (x1),933.00 USD (x1),https://www.elmachetazo.com/shampoo-de-argan375-ml-10903119/p
Supermercado,Shampoo Capilar Acaí|400 ml,835.00 USD (x1),835.00 USD (x1),https://www.elmachetazo.com/shampoo-capilar-acai400-ml-10891004/p
Supermercado,Salsa de Tomate La Chula|Carne|150g,63.00 USD (x1),63.00 USD (x1),https://www.elmachetazo.com/salsa-de-tomate-la-chulacarne150g-10867512/p
Supermercado,Ketchup Heinz|397g,189.00 USD (x1),189.00 USD (x1),https://www.elmachetazo.com/ketchup-heinz397g-10822103/p
Supermercado,Ketchup Hunt's 14 oz,264.00 USD (x1),264.00 USD (x1),https://www.elmachetazo.com/ketchup-hunts-14-oz-10762701/p
Supermercado,Salsa BBQ Ahumado Hunt's|18 oz,263.00 USD (x1),263.00 USD (x1),https://www.elmachetazo.com/salsa-bbq-ahumado-hunts18-oz-10942195/p
Supermercado,Salsa BBQ Mostaza Miel Hunt's|18 oz,263.00 USD (x1),263.00 USD (x1),https://www.elmachetazo.com/salsa-bbq-mostaza-miel-hunts18-oz-10942193/p
Supermercado,Salsa BBQ Original Hunt's|18 oz,263.00 USD (x1),263.00 USD (x1),https://www.elmachetazo.com/salsa-bbq-original-hunts18-oz-10942194/p
Supermercado,Salsa Sugo Napoletana Barilla 400g,185.00 USD (x1),285.00 USD (x1),https://www.elmachetazo.com/salsa-sugo-napoletana-barilla-400g-10017796/p
Supermercado,"Tijera para Flequillo|7""",179.00 USD (x1),179.00 USD (x1),https://www.elmachetazo.com/tijera-para-flequillo7-10855247/p
Supermercado,Pañales Huggies Natural Care|XG|80 Unidades,2455.00 USD (x1),3074.00 USD (x1),https://www.elmachetazo.com/panales-huggies-natural-carexg80-unidades-10935421/p
Supermercado,Pañales Huggies Natural Care|XXXL|80 Unidades,2495.00 USD (x1),3114.00 USD (x1),https://www.elmachetazo.com/panales-huggies-natural-carexxxl80-unidades-10935423/p
Supermercado,Papel Higiénico Scott Cuidado Completo|18 Unidades,1274.00 USD (x1),1274.00 USD (x1),https://www.elmachetazo.com/papel-higienico-scott-cuidado-completo18-unidades-10936469/p
Supermercado,Papel Higiénico Scott Cuidado Completo|6 Unidades,442.00 USD (x1),442.00 USD (x1),https://www.elmachetazo.com/papel-higienico-scott-cuidado-completo6-unidades-10942747/p
Supermercado,Papel Higiénico Scott|1000 Hojas|6 Unidades,439.00 USD (x1),439.00 USD (x1),https://www.elmachetazo.com/papel-higienico-scott1000-hojas6-unidades-10256433/p
Supermercado,Pañales Huggies Clásico Jumbo|Grande|50 Unidades,935.00 USD (x1),935.00 USD (x1),https://www.elmachetazo.com/panales-huggies-clasico-jumbogrande50-unidades-10713792/p
Supermercado,Toallitas Húmedas Huggies Manitos y Caritas|48 Unidades,218.00 USD (x1),218.00 USD (x1),https://www.elmachetazo.com/toallitas-humedas-huggies-manitos-y-caritas48-unidades-10805345/p
Supermercado,Pañales Huggies Clásico Jumbo|Mediano|50 Unidades,935.00 USD (x1),935.00 USD (x1),https://www.elmachetazo.com/panales-huggies-clasico-jumbomediano50-unidades-10832147/p
Supermercado,Pañales Huggies Clásico Jumbo|XG|50 Unidades,935.00 USD (x1),935.00 USD (x1),https://www.elmachetazo.com/panales-huggies-clasico-jumboxg50-unidades-10832148/p
Supermercado,Pañales Huggies Clásico Jumbo|XXG|50 Unidades,930.00 USD (x1),930.00 USD (x1),https://www.elmachetazo.com/panales-huggies-clasico-jumboxxg50-unidades-10832149/p
Supermercado,Papel Reutilizable Scott Duramax Azul|1 Rollo|50 Hojas,165.00 USD (x1),210.00 USD (x1),https://www.elmachetazo.com/papel-reutilizable-scott-duramax-azul1-rollo50-hojas-10917490/p
Supermercado,Papel Higiénico Scott 2 en 1|Doble Hoja|4 Rollos,221.00 USD (x1),221.00 USD (x1),https://www.elmachetazo.com/papel-higienico-scott-2-en-1doble-hoja4-rollos-10920056/p
Supermercado,Pañales Huggies Xtra Care|Mediano|108 Unidades,2795.00 USD (x1),3114.00 USD (x1),https://www.elmachetazo.com/panales-huggies-xtra-caremediano108-unidades-10935419/p
Supermercado,Pañales Huggies Active Sec|Mediano|25 Unidades,889.00 USD (x1),889.00 USD (x1),https://www.elmachetazo.com/panales-huggies-active-secmediano25-unidades-10917716/p
Supermercado,Salmon Blumar|4 Unidades|125g,1399.00 USD (x1),1399.00 USD (x1),https://www.elmachetazo.com/salmon-blumar4-unidades125g-10938525/p
Supermercado,Lavaplatos Líquido Limón Cool&Clean|500ml,109.00 USD (x1),109.00 USD (x1),https://www.elmachetazo.com/lavaplatos-liquido-limon-coolclean500ml-10853916/p
Supermercado,Aloe Vera Leaf Juice|1 Litro,1325.00 USD (x1),2208.00 USD (x1),https://www.elmachetazo.com/aloe-vera-leaf-juice1-litro-10249668/p
Supermercado,Pediasure Chocolate|900g,3658.00 USD (x1),3658.00 USD (x1),https://www.elmachetazo.com/pediasure-chocolate900g-10734641/p
Supermercado,Glucerna Chocolate|237ml,420.00 USD (x1),420.00 USD (x1),https://www.elmachetazo.com/glucerna-chocolate237ml-10598886/p
Supermercado,Lavaplatos Líquido Naranja Cool&Clean|500ml,109.00 USD (x1),109.00 USD (x1),https://www.elmachetazo.com/lavaplatos-liquido-naranja-coolclean500ml-10853917/p
Supermercado,Papel Toalla Absorbente|6 Rollos,449.00 USD (x1),499.00 USD (x1),https://www.elmachetazo.com/papel-toalla-absorbente6-rollos-10909226/p
Supermercado,Papel Toalla Smart Choice|2 Rollos|200 Hojas,159.00 USD (x1),159.00 USD (x1),https://www.elmachetazo.com/papel-toalla-smart-choice2-rollos200-hojas-10932466/p
Supermercado,Papel Aluminio|Extra Fuerte|5m x 30cm,199.00 USD (x1),199.00 USD (x1),https://www.elmachetazo.com/papel-aluminioextra-fuerte5m-x-30cm-10874907/p
Supermercado,Alimento para Perro Adulto Pedigree|Carne|44 lb,4695.00 USD (x1),4695.00 USD (x1),https://www.elmachetazo.com/alimento-para-perro-adulto-pedigreecarne44-lb-10933393/p
Supermercado,Repuestos Glade|3 Unidades|Alegría Floral,969.00 USD (x1),969.00 USD (x1),https://www.elmachetazo.com/repuestos-glade3-unidadesalegria-floral-10676407/p
Supermercado,Esponja Limpieza Pesada|2 Unidades,179.00 USD (x1),179.00 USD (x1),https://www.elmachetazo.com/esponja-limpieza-pesada2-unidades-10850800/p
Supermercado,Papel Higiénico High Powder|3 Hojas|4 Unidades,199.00 USD (x1),199.00 USD (x1),https://www.elmachetazo.com/papel-higienico-high-powder3-hojas4-unidades-10804759/p
Supermercado,Limpiador Cocina Sapolio Sacagrasa|Limón|650ml,171.00 USD (x1),171.00 USD (x1),https://www.elmachetazo.com/limpiador-cocina-sapolio-sacagrasalimon650ml-10804788/p
Supermercado,Papel Higiénico Super Soft|3 Hojas|4 Unidades,199.00 USD (x1),199.00 USD (x1),https://www.elmachetazo.com/papel-higienico-super-soft3-hojas4--unidades-10804757/p
Supermercado,Similac Sensitive|375g,1879.00 USD (x1),1879.00 USD (x1),https://www.elmachetazo.com/similac-sensitive375g-10033537/p
Supermercado,Similac 2| 800g,2848.00 USD (x1),2848.00 USD (x1),https://www.elmachetazo.com/similac-2-800g-10938161/p
Supermercado,Similac 3|800g,2704.00 USD (x1),2704.00 USD (x1),https://www.elmachetazo.com/similac-3800g-10938164/p
Supermercado,Similac 1| 350g,1480.00 USD (x1),1480.00 USD (x1),https://www.elmachetazo.com/similac-1-350g-10938153/p
Supermercado,Pediasure Chocolate|220ml,394.00 USD (x1),394.00 USD (x1),https://www.elmachetazo.com/pediasure-chocolate220ml-10026232/p
Supermercado,Similac Total Comfort 2|820g,3790.00 USD (x1),3790.00 USD (x1),https://www.elmachetazo.com/similac-total-comfort-2-820g-10322820-machetazo/p
Supermercado,Pediasure Fresa|900g,3658.00 USD (x1),3658.00 USD (x1),https://www.elmachetazo.com/pediasure-fresa900g-10033698/p
Supermercado,Mixto de Mariscos|1Kg,429.00 USD (x1),429.00 USD (x1),https://www.elmachetazo.com/mixto-de-mariscos1kg-10943507/p
Supermercado,Soda de Naranja-Piña Hit|500 ml,113.00 USD (x1),113.00 USD (x1),https://www.elmachetazo.com/soda-de-naranja-pina-hit500-ml-10767487/p
Supermercado,Soda de Mango Hit|500 ml,113.00 USD (x1),113.00 USD (x1),https://www.elmachetazo.com/soda-de-mango-hit500-ml-10767488/p
Supermercado,Desinfectante Pino Cool&Clean|1 Galón,381.00 USD (x1),381.00 USD (x1),https://www.elmachetazo.com/desinfectante-pino-coolclean1-galon-10784378/p
Supermercado,Crema Dental Colgate Original|75ml,156.00 USD (x1),156.00 USD (x1),https://www.elmachetazo.com/crema-dental-colgate-original75ml-10838140/p
Supermercado,Mangos Trozos Congelados|1Kg,309.00 USD (x1),309.00 USD (x1),https://www.elmachetazo.com/mangos-trozos-congelados1kg-10935393/p
Supermercado,Fórmula Infantil Isomil 1|0 a 12 meses|400g,1249.00 USD (x1),1249.00 USD (x1),https://www.elmachetazo.com/isomil-1400g-10009541-machetazo/p
Supermercado,Isomil 1|850g,2398.00 USD (x1),2398.00 USD (x1),https://www.elmachetazo.com/isomil-1850g-10033538/p
Supermercado,Fórmula Infantil Similac Anti-Reflujo|375g,1481.00 USD (x1),1481.00 USD (x1),https://www.elmachetazo.com/formula-similac-anti-reflujo-375g-10468685-machetazo/p
Supermercado,Isomil 2|850g,3476.00 USD (x1),3476.00 USD (x1),https://www.elmachetazo.com/isomil-2850g-10033539/p
Supermercado,Ensure Advance Fresa Banana|400g,2233.00 USD (x1),2233.00 USD (x1),https://www.elmachetazo.com/ensure-advance-fresa-banana-400g-10890974/p
Supermercado,Ensure Advance Café|220ml,417.00 USD (x1),417.00 USD (x1),https://www.elmachetazo.com/ensure-advance-cafe220ml-10882563/p
Supermercado,Té Negro Limón Natulac|16.9 oz,174.00 USD (x1),174.00 USD (x1),https://www.elmachetazo.com/te-negro-limon-natulac169-oz-10918851/p
Supermercado,Desinfectante Multiusos Antibacterial Fabuloso Sensación Floral|1 Galón,799.00 USD (x1),799.00 USD (x1),https://www.elmachetazo.com/desinfectante-multiusos-antibacterial-fabuloso-sensacion-floral1-galon-10908319/p
Supermercado,Cepillo Dental Colgate Sensitive|2Pack,495.00 USD (x1),495.00 USD (x1),https://www.elmachetazo.com/cepillo-dental-colgate-sensitive2pack-10943234/p
Supermercado,Enjuague Bucal Plax Odor Control|750ml,742.00 USD (x1),742.00 USD (x1),https://www.elmachetazo.com/enjuague-bucal-plax-odor-control750ml-10905794/p
Supermercado,Suavizante de Telas Suavitel Cuidado Superior|Fresca Primavera|2.8L,760.00 USD (x1),760.00 USD (x1),https://www.elmachetazo.com/suavizante-de-telas-suavitel-cuidado-superiorfresca-primavera28l-10911916/p
Supermercado,Suavizante de Telas Suavitel Cuidado Superior|Vainilla 2.8L,760.00 USD (x1),760.00 USD (x1),https://www.elmachetazo.com/suavizante-de-telas-suavitel-cuidado-superiorvainilla-28l-10911915/p
Supermercado,Suavizante de Telas Suavitel Complete Fresco|Aroma de Sol|2.8L,873.00 USD (x1),873.00 USD (x1),https://www.elmachetazo.com/suavizante-de-telas-suavitel-complete-frescoaroma-de-sol28l-10911910/p
Supermercado,Suavizante de Telas Suavitel Cuidado Superior|Manzana|2.8L,760.00 USD (x1),760.00 USD (x1),https://www.elmachetazo.com/suavizante-de-telas-suavitel-cuidado-superiormanzana28l-10911917/p
Supermercado,Suavizante de Telas Suavitel Complete Fresca|Primavera|2.8L,619.00 USD (x1),873.00 USD (x1),https://www.elmachetazo.com/suavizante-de-telas-suavitel-complete-frescaprimavera28l-10911911/p
Supermercado,Lavaplatos Axion|Agua de Rosa|850g,294.00 USD (x1),294.00 USD (x1),https://www.elmachetazo.com/lavaplatos-axionagua-de-rosa850g-10920158/p
Supermercado,Desinfectante Antibacterial Fabuloso Frescura Activa|Limón|1 Galón,831.00 USD (x1),831.00 USD (x1),https://www.elmachetazo.com/desinfectante-antibacterial-fabuloso-frescura-activalimon1-galon-10858420/p
Supermercado,Crema Dental Max White Complete Clean|160ml,545.00 USD (x1),545.00 USD (x1),https://www.elmachetazo.com/crema-dental-max-white-complete-clean160ml-10598095/p
Supermercado,Detergente Líquido Magia Blanca|450 ml,240.00 USD (x1),240.00 USD (x1),https://www.elmachetazo.com/detergente-liquido-magia-blanca450-ml-10938366/p
Supermercado,Nuggets de Camarón|6 oz,177.00 USD (x1),177.00 USD (x1),https://www.elmachetazo.com/nuggets-de-camaron6-oz-10038929/p
Supermercado,Lomitos de Pescado|16 oz,500.00 USD (x1),500.00 USD (x1),https://www.elmachetazo.com/lomitos-de-pescado16-oz-10038899/p
Supermercado,Galleta de Mantequilla 26g|12 Unidades,414.00 USD (x1),414.00 USD (x1),https://www.elmachetazo.com/galleta-de-mantequilla-26g12-unidades-10029497/p
Supermercado,Papel Higiénico Smart Choice|6 Rollos,289.00 USD (x1),289.00 USD (x1),https://www.elmachetazo.com/papel-higienico-smart-choice6-rollos-10826337/p
Supermercado,Tortillas de Maíz Golden Selection|10 Unidades,70.00 USD (x1),70.00 USD (x1),https://www.elmachetazo.com/tortillas-de-maiz-golden-selection10-unidades-10936508/p
Supermercado,Leche Condensada Abevia|390g,135.00 USD (x1),135.00 USD (x1),https://www.elmachetazo.com/leche-condensada-abevia390g-10863729/p
Supermercado,Huevos Medianos Golden Selection|30 Unidades,505.00 USD (x1),505.00 USD (x1),https://www.elmachetazo.com/huevos-medianos30-unidades-10951694/p
Supermercado,Papel Toalla Smart Choice|1 Rollo,79.00 USD (x1),79.00 USD (x1),https://www.elmachetazo.com/papel-toalla-smart-choice1-rollo-10909909/p
Supermercado,Papel Toalla Smart Choice|3 Rollos,169.00 USD (x1),169.00 USD (x1),https://www.elmachetazo.com/papel-toalla-smart-choice3-rollos-10861413/p
Supermercado,Huevos Grandes Golden Selection|15 Unidades,299.00 USD (x1),299.00 USD (x1),https://www.elmachetazo.com/huevos-grandes15-unidades-10951657/p
Supermercado,Lavaplatos Crema Limón Cool&Clean|1 Kg,176.00 USD (x1),176.00 USD (x1),https://www.elmachetazo.com/lavaplatos-crema-limon-coolclean1-kg-10869822/p
Supermercado,Huevos Medianos Emita|12 Unidades,215.00 USD (x1),215.00 USD (x1),https://www.elmachetazo.com/huevos-medianos-emita12-unidades-10867663/p
Supermercado,Pantene Acondicionador Equilibrio Raiz y Puntas|510ml,668.00 USD (x1),1336.00 USD (x1),https://www.elmachetazo.com/pantene-acondicionador-equilibrio-raiz-y-puntas510ml-10922799/p
Supermercado,Pantene Shampoo Equilibrio Raiz y Puntas|510ml,668.00 USD (x1),1336.00 USD (x1),https://www.elmachetazo.com/pantene-shampoo-equilibrio-raiz-y-puntas510ml-10922790/p
Supermercado,Pantene Shampoo Equilibrio Raíz y Puntas|300ml,454.00 USD (x1),909.00 USD (x1),https://www.elmachetazo.com/pantene-shampoo-equilibrio-raiz-y-puntas300ml-10922785/p
Supermercado,Fiambrera de Papel Smart Choice|Tamaño 8x8|20 Unidades,449.00 USD (x1),479.00 USD (x1),https://www.elmachetazo.com/fiambrera-de-papel-smart-choicetamano-8x820-unidades-10852479/p
Supermercado,Papel Encerado Smart Choice|25 Sq. Ft.,129.00 USD (x1),129.00 USD (x1),https://www.elmachetazo.com/papel-encerado-smart-choice25-sq-ft-10869027/p
Supermercado,Papel de Aluminio Smart Choice|50 Sq. Ft.,169.00 USD (x1),169.00 USD (x1),https://www.elmachetazo.com/papel-de-aluminio-smart-choice50-sq-ft-10868673/p
Supermercado,Papel Encerado para Freidora 200x45|20 Piezas,189.00 USD (x1),189.00 USD (x1),https://www.elmachetazo.com/papel-encerado-para-freidora-200x4520-piezas-10869030/p
Supermercado,Papel Encerado para Freidora 160x45mm|20 Piezas,149.00 USD (x1),175.00 USD (x1),https://www.elmachetazo.com/papel-encerado-para-freidora-160x45mm20-piezas-10869029/p
Supermercado,Papel Reutilizable Scott Duramax Antibacterial|1 Rollo|48 Hojas,209.00 USD (x1),209.00 USD (x1),https://www.elmachetazo.com/papel-reutilizable-scott-duramax-antibacterial1-rollo48-hojas-10827217/p
Supermercado,Plato de Papel No.9 Smart Choice|20 Unidades|3 Compartimientos,229.00 USD (x1),259.00 USD (x1),https://www.elmachetazo.com/plato-de-papel-no9-smart-choice20-unidades3-compartimientos-10852513/p
Supermercado,Papel Higiénico Scott 2 en 1|Doble Hoja|6 Rollos,325.00 USD (x1),325.00 USD (x1),https://www.elmachetazo.com/papel-higienico-scott-2-en-1doble-hoja6-rollos-10860603/p
Supermercado,Papel Higiénico Scott 2 en 1|Doble Hoja|12 Rollos,885.00 USD (x1),885.00 USD (x1),https://www.elmachetazo.com/papel-higienico-scott-2-en-1doble-hoja12-rollos-10900903/p
Supermercado,Camarón Cocido Farallón|400g,1007.00 USD (x1),1185.00 USD (x1),https://www.elmachetazo.com/camaron-cocido-farallon400g-10902449/p
Supermercado,Ceviche de Pulpo|14 gal,1375.00 USD (x1),1375.00 USD (x1),https://www.elmachetazo.com/ceviche-de-pulpo14-gal-10469322/p
Supermercado,Vodka Roskoff|965ml,740.00 USD (x1),740.00 USD (x1),https://www.elmachetazo.com/vodka-roskoff965ml-10904717/p
Supermercado,Lavaplato Liquido Ultra Dawn|22 oz,509.00 USD (x1),509.00 USD (x1),https://www.elmachetazo.com/lavaplato-liquido-ultra-dawn22-oz-10929297/p
Supermercado,Acondicionador Johnson's Gotas de Brillo|200ml,593.00 USD (x1),593.00 USD (x1),https://www.elmachetazo.com/acondicionador-johnsons-gotas-de-brillo200ml-10530884/p
Supermercado,Desodorante Roll On Savile Bicarbonato Limón|45ml,199.00 USD (x1),199.00 USD (x1),https://www.elmachetazo.com/desodorante-roll-on-savile-bicarbonato-limon45ml-10861904/p
Supermercado,Desodorante Roll On Savile Agua de Rosas|45ml,168.00 USD (x1),168.00 USD (x1),https://www.elmachetazo.com/desodorante-roll-on-savile-agua-de-rosas45ml-10915778/p
Supermercado,Desodorante Roll On Savile Manzanilla|45ml,137.00 USD (x1),137.00 USD (x1),https://www.elmachetazo.com/desodorante-roll-on-savile-manzanilla45ml-10915779/p
Supermercado,Detergente Polvo Fab Flores|850g,251.00 USD (x1),251.00 USD (x1),https://www.elmachetazo.com/detergente-polvo-fab-flores850g-10911242/p
Supermercado,Pañal Desechable Pampers Baby Dry|T-7|54U,2995.00 USD (x1),2995.00 USD (x1),https://www.elmachetazo.com/panal-desechable-pampers-baby-dryt-754u-10922471/p
Supermercado,Jamon Picnic Ahumado Berard|Por Kilo,1016.00 USD (x1),1016.00 USD (x1),https://www.elmachetazo.com/jamon-picnic-ahumado-berardpor-kilo-10592500/p
Supermercado,Vino Espumoso Rose Valdivieso|750ml,759.00 USD (x1),759.00 USD (x1),https://www.elmachetazo.com/vino-espumoso-rose-valdivieso750ml-10375947/p
Supermercado,Molleja y Corazon de Pollo Empacado |Congelado,89.00 USD (x1),89.00 USD (x1),https://www.elmachetazo.com/molleja-y-corazon-de-pollo-empacado-congelado-10920839/p
Supermercado,Toallita Húmeda Pampers Sensitive|336U,1795.00 USD (x1),1795.00 USD (x1),https://www.elmachetazo.com/toallita-humeda-pampers-sensitive336u-10928776/p
Supermercado,Espuma de Afeitar Aloe Vera|300ml,569.00 USD (x1),569.00 USD (x1),https://www.elmachetazo.com/espuma-de-afeitar-aloe-vera300ml-10887850/p
Supermercado,Toallita Desmaquillante Burts Bee Tea|30 Unidades,750.00 USD (x1),750.00 USD (x1),https://www.elmachetazo.com/toallita-desmaquillante-burts-bee-tea30-unidades-10850845/p
Supermercado,Lavaplato Crema Americano Limón|425g,110.00 USD (x1),110.00 USD (x1),https://www.elmachetazo.com/lavaplato-crema-americano-limon425g-10928494/p
Supermercado,Suavizante Anochecer Complete|800ml,262.00 USD (x1),262.00 USD (x1),https://www.elmachetazo.com/suavizante-anochecer-complete800ml-10753112/p
Supermercado,Toalla Femenina Kotex Sport Ultradelgadas|14 Unidades,296.00 USD (x1),296.00 USD (x1),https://www.elmachetazo.com/toalla-femenina-kotex-sport-ultradelgadas14-unidades-10802650/p
Supermercado,Protectores Diarios Kotex|Indicador de PH|40 Unidades,495.00 USD (x1),495.00 USD (x1),https://www.elmachetazo.com/protectores-diarios-kotexindicador-de-ph40-unidades-10876017/p
Supermercado,Ropa Interior Desechable Goodnites Unisex|M|14 Unidades,1175.00 USD (x1),1175.00 USD (x1),https://www.elmachetazo.com/ropa-interior-desechable-goodnites-unisexm14-unidades-10635092/p
Supermercado,Pañuelos Faciales Kleenex|80 Unidades,270.00 USD (x1),270.00 USD (x1),https://www.elmachetazo.com/panuelos-faciales-kleenex80-unidades-10848397/p
Supermercado,Servilletas de Papel Scott Decoradas|100 Hojas,250.00 USD (x1),250.00 USD (x1),https://www.elmachetazo.com/servilletas-de-papel-scott--decoradas100-hojas-10679352/p
Supermercado,Pañales Huggies Active Sec|Etapa 6|Talla XXXG|21 Unidades,717.00 USD (x1),872.00 USD (x1),https://www.elmachetazo.com/panales-huggies-active-secetapa-6talla-xxxg21-unidades-10810430/p
Supermercado,Alimento Perro Chunky|Adulto|2Kg,740.00 USD (x1),740.00 USD (x1),https://www.elmachetazo.com/alimento-perro-chunkyadulto2kg-10004488/p
Supermercado,Panal Desechable Pampers Premium Care|XXG|60U,2495.00 USD (x1),3200.00 USD (x1),https://www.elmachetazo.com/panal-desechable-pampers-premium-carexxg60u-10870979/p
Supermercado,Pañal Desechable Pampers Premium Care|XG|64U,2495.00 USD (x1),3200.00 USD (x1),https://www.elmachetazo.com/panal-desechable-pampers-premium-carexg64u-10870978/p
Supermercado,Pañal Desechable Pampers Premium Care|G|68U,2495.00 USD (x1),3200.00 USD (x1),https://www.elmachetazo.com/panal-desechable-pampers-premium-careg68u-10870977/p
Supermercado,Protectores Diarios Kotex Puro y Natural|50 Unidades,505.00 USD (x1),505.00 USD (x1),https://www.elmachetazo.com/protectores-diarios-kotex-puro-y-natural50-unidades-10815560/p
Supermercado,Crema de Plátano Molino Criollo|400g,289.00 USD (x1),289.00 USD (x1),https://www.elmachetazo.com/crema-de-platano-molino-criollo400g-10931963/p
Supermercado,Palomita de Maíz Mantequilla Pitso|100g,169.00 USD (x1),169.00 USD (x1),https://www.elmachetazo.com/palomita-de-maiz-mantequilla-pitso100g-10767150/p
Supermercado,Queso Parmesano Mama Francesca|85g,259.00 USD (x1),259.00 USD (x1),https://www.elmachetazo.com/queso-parmesano-mama-francesca85g-10897028/p
Supermercado,Leche en Polvo Incolac|400g,355.00 USD (x1),355.00 USD (x1),https://www.elmachetazo.com/leche-en-polvo-incolac400g-10892844/p
Supermercado,Snack Mixto Todo Rico Original|45g,64.00 USD (x1),64.00 USD (x1),https://www.elmachetazo.com/snack-mixto-todo-rico-original45g-10822631/p
Supermercado,Protector Diario Saba|Largo|20 Unidades,156.00 USD (x1),156.00 USD (x1),https://www.elmachetazo.com/protector-diario-sabalargo20-unidades-10825340/p
Supermercado,Crema Dental Colgate Max Fresh Cool Mint|170g,339.00 USD (x1),339.00 USD (x1),https://www.elmachetazo.com/crema-dental-colgate-max-fresh-cool-mint170g-10900564/p
Supermercado,Esponja Recubierta Bela Contraste,126.00 USD (x1),126.00 USD (x1),https://www.elmachetazo.com/esponja-recubierta-bela-contraste-10860614/p
Supermercado,Juguete para Gato,449.00 USD (x1),449.00 USD (x1),https://www.elmachetazo.com/juguete-para-gato-10881765/p
Supermercado,Correa Retráctil para Mascota|16 Pies|Talla L,2099.00 USD (x1),2099.00 USD (x1),https://www.elmachetazo.com/correa-retractil-para-mascota16-piestalla-l-10819088/p
Supermercado,Detergente Líquido Mas Color 450ml,239.00 USD (x1),239.00 USD (x1),https://www.elmachetazo.com/detergente-liquido-mas-color-450ml-10286405/p
Supermercado,Aceite de Canola Vatel|1.8 Litros,598.00 USD (x1),598.00 USD (x1),https://www.elmachetazo.com/aceite-de-canola-vatel18-l-10820119/p
Supermercado,Arroz de Jazmín Four Elephants|5 lb,999.00 USD (x1),999.00 USD (x1),https://www.elmachetazo.com/arroz-de-jazmin-four-elephants5-lb-10870809/p
Supermercado,Arroz de Jazmín Four Elephants|25 lb,3799.00 USD (x1),3799.00 USD (x1),https://www.elmachetazo.com/arroz-de-jazmin-four-elephants25-lb-10870808/p
Supermercado,Alimento Perro Cachorro Raza Pequeña y Mini|1.85 kg,929.00 USD (x1),929.00 USD (x1),https://www.elmachetazo.com/alimento-perro-cachorro-raza-pequena-y-mini185-kg-10767460/p
Supermercado,Alimento para Gato Fancy Feast Chicken Chunky|3 oz,142.00 USD (x1),142.00 USD (x1),https://www.elmachetazo.com/alimento-gato-chicken-feast-chunky-purina-fancy-feast3-oz-10433832/p
Supermercado,Alimento Perro Cachorro|4Kg,1209.00 USD (x1),1209.00 USD (x1),https://www.elmachetazo.com/alimento-perro-cachorro4kg-10719988/p
Supermercado,Alimento Perro Adulto Mantenimiento Moly|4kg,789.00 USD (x1),789.00 USD (x1),https://www.elmachetazo.com/alimento-perro-adulto-mantenimiento-moly4kg-10641845/p
Supermercado,Alimento Perro Adulto Mediano y Grande Dog Chow|7.5kg,3068.00 USD (x1),3068.00 USD (x1),https://www.elmachetazo.com/alimento-perro-adulto-mediano-y-grande-dog-chow75kg-10032537/p
Supermercado,Alimento Gato Turkey Feast Chunky Purina Fancy Feast|3 oz,142.00 USD (x1),142.00 USD (x1),https://www.elmachetazo.com/alimento-gato-turkey-feast-chunky-purina-fancy-feast3-oz-10433831/p
Supermercado,Atún Lomo en Trozos con Vegetales Calvo 260g,235.00 USD (x1),235.00 USD (x1),https://www.elmachetazo.com/atun-lomo-en-trozos-con-vegetales-calvo-260g-10255843/p
Supermercado,Suavizante April Fresh Protect Downy|5.5. oz,370.00 USD (x1),370.00 USD (x1),https://www.elmachetazo.com/suavizante-april-fresh-protect-downy55-oz-10899136/p
Supermercado,Suavizante Perlas UnStopables Fresh Downy|5.5. oz,370.00 USD (x1),370.00 USD (x1),https://www.elmachetazo.com/suavizante-perlas-unstopables-fresh-downy55-oz-10899137/p
Supermercado,Chicharrón Picante Pascual Jumbo|150g,332.00 USD (x1),332.00 USD (x1),https://www.elmachetazo.com/chicharron-picante-pascual-jumbo150g-10778741/p
Supermercado,Talco Corporal Medicado Lucky| 397g,252.00 USD (x1),252.00 USD (x1),https://www.elmachetazo.com/talco-corporal-medicado-lucky-397g-10903897/p
Supermercado,Shampoo Capilar Bioland Ortiga Fortificador|400 ml,651.00 USD (x1),930.00 USD (x1),https://www.elmachetazo.com/shampoo-capilar-bioland-ortiga-fortificador400-ml-10861908/p
Supermercado,Acondicionador Capilar Bioland Ortiga Fortificador|400 ml,651.00 USD (x1),930.00 USD (x1),https://www.elmachetazo.com/acondicionador-capilar-bioland-ortiga-fortificador400-ml-10861907/p
Supermercado,Crema Hidratante para Bebé Instituto Español|500 ml,899.00 USD (x1),899.00 USD (x1),https://www.elmachetazo.com/crema-hidratante-para-bebe-instituto-espanol500-ml-10846139/p
Supermercado,Enjuague Bucal Listerine Cool Mint|180 ml,336.00 USD (x1),448.00 USD (x1),https://www.elmachetazo.com/enjuague-bucal-listerine-cool-mint180-ml-10012211/p
Supermercado,Snacks Kachitos Twist Queso|Bolsaza|80g,140.00 USD (x1),140.00 USD (x1),https://www.elmachetazo.com/snacks-kachitos-twist-quesobolsaza80g-10899450/p
Supermercado,Snacks Kachitos Nachos Clásicos|Bolsaza|90 g,118.00 USD (x1),118.00 USD (x1),https://www.elmachetazo.com/snacks-kachitos-nachos-clasicosbolsaza90-g-10899449/p
Supermercado,Galleta Oreo|108 g,94.00 USD (x1),94.00 USD (x1),https://www.elmachetazo.com/galleta-oreo108-g-10905693/p
Supermercado,Galleta Mini Twins Chocolate Gullon|100g,103.00 USD (x1),103.00 USD (x1),https://www.elmachetazo.com/galleta-mini-twins-chocolate-gullon100g-10904677/p
Supermercado,Galleta Mini Twins Sandwich Gullon|100g,103.00 USD (x1),103.00 USD (x1),https://www.elmachetazo.com/galleta-mini-twins-sandwich-gullon100g-10904674/p
Supermercado,Galleta Avena y Pasas Muesli Gullon|75g,103.00 USD (x1),103.00 USD (x1),https://www.elmachetazo.com/galleta-avena-y-pasas-muesli-gullon75g-10904673/p
Supermercado,Galleta Choco Chip Zero Gullon|125g,199.00 USD (x1),199.00 USD (x1),https://www.elmachetazo.com/galleta-choco-chip-zero-gullon125g-10904668/p
Supermercado,Barra de Chocolate y Crema Sin Alcohol Tutto|80g,413.00 USD (x1),413.00 USD (x1),https://www.elmachetazo.com/barra-de-chocolate-y-crema-sin-alcohol-tutto80g-10875068/p
Supermercado,Crema de Whisky Lial |700ml,699.00 USD (x1),749.00 USD (x1),https://www.elmachetazo.com/crema-de-whisky-lial-700ml-10861812/p
Supermercado,Mr. Potato Papas Queso|120g,158.00 USD (x1),158.00 USD (x1),https://www.elmachetazo.com/mr-potato-papas-queso120g-10900146/p
Supermercado,Cerveza Heineken Silver 330 ml |4 Pack,348.00 USD (x1),475.00 USD (x1),https://www.elmachetazo.com/cerveza-heineken-silver-330-ml-4-pack-10899546/p
Supermercado,Vino Chardonnay Carmen Insigne 750 ml,615.00 USD (x1),615.00 USD (x1),https://www.elmachetazo.com/vino-chardonnay-carmen-insigne-750-ml-10029604/p
Supermercado,Vino Cabernet Sauvignon Carmen Insigne 750 ml,615.00 USD (x1),615.00 USD (x1),https://www.elmachetazo.com/vino-cabernet-sauvignon-carmen-insigne-750-ml-10908114/p
Supermercado,Vino Carmen Insigne Carmenere 750 ml,615.00 USD (x1),615.00 USD (x1),https://www.elmachetazo.com/vino-carmen-insigne-carmenere-750-ml-10029602/p
Supermercado,Alimento Perro Rufo|Cachorro|Pollo|8.8. libras,1061.00 USD (x1),1061.00 USD (x1),https://www.elmachetazo.com/alimento-perro-rufocachorropollo88-libras-10820949/p
Supermercado,Alimento Perro Rufo|Cachorro|Pollo|4.4 libras,610.00 USD (x1),610.00 USD (x1),https://www.elmachetazo.com/alimento-perro-rufocachorropollo44-libras-10820948/p
Supermercado,Desinfectante Cloralex Mascotas|Aroma Cítrico|950 ml,395.00 USD (x1),395.00 USD (x1),https://www.elmachetazo.com/desinfectante-cloralex-mascotasaroma-citrico950-ml-10858474/p
Supermercado,Shampoo Plaguifin 200ml,338.00 USD (x1),338.00 USD (x1),https://www.elmachetazo.com/shampoo-plaguifin-200ml-10007196/p
Supermercado,Shampoo Veterinario Plaguifin 120ml,236.00 USD (x1),236.00 USD (x1),https://www.elmachetazo.com/shampoo-veterinario-plaguifin-120ml-10007197/p
Supermercado,Vino Tinto Insigne Merlot Carmen 750 ml,615.00 USD (x1),615.00 USD (x1),https://www.elmachetazo.com/vino-tinto-insigne-merlot-carmen-750-ml-10908115/p
Supermercado,Vino Blanco Carmen Insigne Sauvignon Blanc 750ml,615.00 USD (x1),615.00 USD (x1),https://www.elmachetazo.com/vino-blanco-carmen-insigne-sauvignon-blanc-750ml-10908116/p
Supermercado,Vino 19 Crimes Cali Red 750ml,1199.00 USD (x1),1479.00 USD (x1),https://www.elmachetazo.com/vino-19-crimes-cali-red-750ml-10908161/p
Supermercado,Arepa de Choclo El Antojo|4 Unidades,335.00 USD (x1),335.00 USD (x1),https://www.elmachetazo.com/arepa-de-choclo-el-antojo-4-unidades/p
Supermercado,Papel Higiénico 1000 Hojas|4 Unidades,198.00 USD (x1),198.00 USD (x1),https://www.elmachetazo.com/papel-higienico-1000-hojas4-unidades-10769538/p
Supermercado,Desodorante Barra Antitranspirante Original Dove 50g,479.00 USD (x1),479.00 USD (x1),https://www.elmachetazo.com/desodorante-barra-antitranspirante-original-dove-50g-10032666/p
Supermercado,Néctar Manzana Kern's 1 Litro,128.00 USD (x1),128.00 USD (x1),https://www.elmachetazo.com/nectar-manzana-kerns-1-litro-10770379/p
Supermercado,Sidra Frutas Del Bosque Sin Alcohol Cereser 660ml,394.00 USD (x1),394.00 USD (x1),https://www.elmachetazo.com/sidra-frutas-del-bosque-sin-alcohol-cereser-660ml-10585248/p
Supermercado,Sidra EspumanteFresa Sin Alcohol Cereser 660ml,394.00 USD (x1),394.00 USD (x1),https://www.elmachetazo.com/sidra-espumantefresa-sin-alcohol-cereser-660ml-10255665/p
Supermercado,Sidra Espumante Manzana Cereser 660ml,394.00 USD (x1),394.00 USD (x1),https://www.elmachetazo.com/sidra-espumante-manzana-cereser-660ml-10255249/p
Supermercado,Sidra Espumante Durazno Sin Alcohol Cereser 660ml,394.00 USD (x1),394.00 USD (x1),https://www.elmachetazo.com/sidra-espumante-durazno-sin-alcohol-cereser-660ml-10255248/p
Supermercado,Sidra Espumante Uva Cereser 660ml,394.00 USD (x1),394.00 USD (x1),https://www.elmachetazo.com/sidra-espumante-uva-cereser-660ml-10007387/p
Supermercado,Sidra Espumante Manzana Sin Alcohol Cereser 660ml,394.00 USD (x1),394.00 USD (x1),https://www.elmachetazo.com/sidra-espumante-manzana-sin-alcohol-cereser-660ml-10007385/p
Supermercado,Sidra Espumante Durazno Cereser 660ml,394.00 USD (x1),394.00 USD (x1),https://www.elmachetazo.com/sidra-espumante-durazno-cereser-660ml-10005686/p
Supermercado,Pancake Kent Boringer|450g,119.00 USD (x1),119.00 USD (x1),https://www.elmachetazo.com/pancake-kent-boringer-450-g-10795488/p
Supermercado,Alimento Gato Adulto Sabor Salmón|500g,197.00 USD (x1),197.00 USD (x1),https://www.elmachetazo.com/alimento-gato-adulto-sabor-salmon500g-10804772/p
Supermercado,Alimento Gato Adulto Sabor Pollo|3 Kg,994.00 USD (x1),994.00 USD (x1),https://www.elmachetazo.com/alimento-gato-adulto-sabor-pollo3-kg-10804771/p
Supermercado,Antiparasitario Paracanis NF|5ml,212.00 USD (x1),212.00 USD (x1),https://www.elmachetazo.com/antiparasitario-paracanis-nf5ml-10027169/p
Supermercado,Limpiador en Aerosol Easy-Off|411g,879.00 USD (x1),879.00 USD (x1),https://www.elmachetazo.com/limpiador-en-aerosol-easy-off411g-10658857/p
Supermercado,Desodorante Ambientador 6 en 1|Potpourri|360ml,201.00 USD (x1),201.00 USD (x1),https://www.elmachetazo.com/desodorante-ambientador-6-en-1potpourri360ml-10804783/p
Supermercado,Esponja Multiuso Fibra Anatómica|2 Unidades,215.00 USD (x1),215.00 USD (x1),https://www.elmachetazo.com/esponja-multiuso-fibra-anatomica2-unidades-10860617/p
Supermercado,Ambientador Varita Lavanda Manzana|80ml,596.00 USD (x1),596.00 USD (x1),https://www.elmachetazo.com/ambientador-varita-lavanda-manzana80ml-10838662/p
Supermercado,Ambientador Varita Vainilla|80ml,596.00 USD (x1),596.00 USD (x1),https://www.elmachetazo.com/ambientador-varita-vainilla80ml-10838646/p
Supermercado,Ambientador Varita Frutos Rojos|80ml,596.00 USD (x1),596.00 USD (x1),https://www.elmachetazo.com/ambientador-varita-frutos-rojos80ml-10838645/p
Supermercado,Repelente de Insectos Off! Kids en Crema 90g,599.00 USD (x1),599.00 USD (x1),https://www.elmachetazo.com/repelente-de-insectos-off-kids-en-crema-90g-10621682/p
Supermercado,Shampoo Antipulgas para Mascotas|300ml,539.00 USD (x1),539.00 USD (x1),https://www.elmachetazo.com/shampoo-antipulgas-para-mascotas300ml-10825385/p
Supermercado,Shampoo para Mascotas Citrus |600ml,459.00 USD (x1),459.00 USD (x1),https://www.elmachetazo.com/shampoo-para-mascotas-citrus-600ml-10825386/p
Supermercado,Shampoo para Mascotas Citrus|300ml,350.00 USD (x1),350.00 USD (x1),https://www.elmachetazo.com/shampoo-para-mascotas-citrus300ml-10825388/p
Supermercado,Vino Tinto Segu Olle 1 Litro,355.00 USD (x1),355.00 USD (x1),https://www.elmachetazo.com/vino-tinto-segu-olle-1-litro-10870337/p
Supermercado,Vino Rosado Segu Olle 1 Litro,355.00 USD (x1),355.00 USD (x1),https://www.elmachetazo.com/vino-rosado-segu-olle-1-litro-10870336/p
Supermercado,Jamon Picnic Ahumado Fieldstone|Por Kilo,579.00 USD (x1),579.00 USD (x1),https://www.elmachetazo.com/jamon-picnic-ahumado-fieldstonepor-kilo-10598680/p
Supermercado,Detergente Liquido Actiblu Fab|3 Litros,845.00 USD (x1),845.00 USD (x1),https://www.elmachetazo.com/detergente-liquido-actiblu-fab3-litros-10806577/p
Supermercado,Alimento Perro Dog Chow|Adulto|Raza Grande|15Kg,4852.00 USD (x1),4852.00 USD (x1),https://www.elmachetazo.com/alimento-perro-dog-chowadultoraza-grande15kg-10037243/p
Supermercado,Vela Verde Sin Vaso|50 Horas,115.00 USD (x1),115.00 USD (x1),https://www.elmachetazo.com/vela-verde-sin-vaso50-horas-10255281/p
Supermercado,Limpiador de Cocina Repuesto 585ml,205.00 USD (x1),205.00 USD (x1),https://www.elmachetazo.com/limpiador-de-cocina-repuesto-585ml-10319683/p
Supermercado,Desinfectante Lavanda Spum|800ml,139.00 USD (x1),139.00 USD (x1),https://www.elmachetazo.com/desinfectante-lavanda-spum800ml-10830544/p
Supermercado,Cera Líquida 60ml|Color Blanco,185.00 USD (x1),185.00 USD (x1),https://www.elmachetazo.com/cera-liquida-60mlcolor-blanco-10029185/p
Supermercado,Betún Crema 30g|Color Negro,135.00 USD (x1),135.00 USD (x1),https://www.elmachetazo.com/betun-crema-30gcolor-negro-10022151/p
Supermercado,Desinfectante Aerosol Early Morning|12 oz,733.00 USD (x1),733.00 USD (x1),https://www.elmachetazo.com/desinfectante-aerosol-early-morning12-oz-10002937/p
Supermercado,Alimento para Ave Semilla de Girasol|1 lb,161.00 USD (x1),161.00 USD (x1),https://www.elmachetazo.com/alimento-para-ave-semilla-de-girasol1-lb-10017652/p
Supermercado,Alimento para Conejo|2 Libras,235.00 USD (x1),235.00 USD (x1),https://www.elmachetazo.com/alimento-para-conejo2-libras-10019152/p
Supermercado,Vaso Plástico Blanco 8oz Picnic|25 Unidades,131.00 USD (x1),131.00 USD (x1),https://www.elmachetazo.com/vaso-plastico-blanco-8oz-picnic25-unidades-10156855/p
Supermercado,Lavaplatos Pasta Vel 850 g,305.00 USD (x1),305.00 USD (x1),https://www.elmachetazo.com/lavaplatos-pasta-vel-850-g-10861373/p
Supermercado,Cera Profesional Flor Decerao Body Natur 100ml,1370.00 USD (x1),1370.00 USD (x1),https://www.elmachetazo.com/cera-profesional-flor-decerao-body-natur-100ml-10744502/p
Supermercado,Soda Ginger Ale Schweppes 600 ml,110.00 USD (x1),110.00 USD (x1),https://www.elmachetazo.com/soda-ginger-ale-schweppes-600-ml-10014651/p
Supermercado,Limpiador Profuno de Poros con Carbón Natural Biore 200ml,1050.00 USD (x1),1050.00 USD (x1),https://www.elmachetazo.com/limpiador-profuno-de-poros-con-carbon-natural-biore-200ml-10528389/p
Supermercado,Gel Limpiador Facial Refrescante Anti-Acné Bioré 200ml,1050.00 USD (x1),1050.00 USD (x1),https://www.elmachetazo.com/gel-limpiador-facial-refrescante-anti-acne-biore-200ml-10360794/p
Supermercado,Club Soda Schweppes|Lata|354ml,85.00 USD (x1),85.00 USD (x1),https://www.elmachetazo.com/club-soda-schweppes-lata-354-ml-10328753-machetazo/p
Supermercado,Soda Fresa Kist 2 Litros,205.00 USD (x1),205.00 USD (x1),https://www.elmachetazo.com/soda-fresa-kist-2-litros-10012238/p
Supermercado,Soda Fresa Kist 12oz,85.00 USD (x1),85.00 USD (x1),https://www.elmachetazo.com/soda-fresa-kist-12oz-10256852/p
Supermercado,Soda Uva Kist 1 Litro,132.00 USD (x1),132.00 USD (x1),https://www.elmachetazo.com/soda-uva-kist-1-litro-10683200/p
Supermercado,Soda Naranja Kist 2.5 L,272.00 USD (x1),272.00 USD (x1),https://www.elmachetazo.com/soda-naranja-kist-25-l-10385409/p
Supermercado,Soda Fresa Kist 1 Litro,162.00 USD (x1),162.00 USD (x1),https://www.elmachetazo.com/soda-fresa-kist-1-litro-10012358/p
Supermercado,Soda Manzana Kist 600ml,115.00 USD (x1),115.00 USD (x1),https://www.elmachetazo.com/soda-manzana-kist-600ml-10012356/p
Supermercado,Soda Naranja Kist 600ml,115.00 USD (x1),115.00 USD (x1),https://www.elmachetazo.com/soda-naranja-kist-600ml-10012355/p
Supermercado,Soda Naranja Kist 12oz,85.00 USD (x1),85.00 USD (x1),https://www.elmachetazo.com/soda-naranja-kist-12oz-10012234/p
Supermercado,Soda Manzana Kist 12oz,85.00 USD (x1),85.00 USD (x1),https://www.elmachetazo.com/soda-manzana-kist-12oz-10012233/p
Supermercado,Soda Ginger Ale Schweppes 1.5L,165.00 USD (x1),165.00 USD (x1),https://www.elmachetazo.com/soda-ginger-ale-schweppes-15l-10012232/p
Supermercado,Soda Ginger Ale Schweppes 12 oz,85.00 USD (x1),85.00 USD (x1),https://www.elmachetazo.com/soda-ginger-ale-schweppes-12-oz-10012235/p
Supermercado,Soda Ginger Ale Schweppes 1 Litro,162.00 USD (x1),162.00 USD (x1),https://www.elmachetazo.com/soda-ginger-ale-schweppes-1-litro-10007157/p
Supermercado,Crema Corporal Extra Humectante Lubriderm 200ml,819.00 USD (x1),819.00 USD (x1),https://www.elmachetazo.com/crema-corporal-extra-humectante-lubriderm-200ml-10012213/p
Supermercado,Soda Fresa Kist 2.5 L,272.00 USD (x1),272.00 USD (x1),https://www.elmachetazo.com/soda-fresa-kist-25-l-10385407/p
Supermercado,Soda Coca Cola Lata 12oz|6 Pack,438.00 USD (x1),438.00 USD (x1),https://www.elmachetazo.com/soda-coca-cola-lata-12oz6-pack-10481383/p
Supermercado,Papel Higiénico Extragrande|4 Unidades,375.00 USD (x1),375.00 USD (x1),https://www.elmachetazo.com/papel-higienico-extragrande4-unidades-10867534/p
Supermercado,Suavizante de Telas Aroma Floral 2 Litros,309.00 USD (x1),321.00 USD (x1),https://www.elmachetazo.com/suavizante-de-telas-aroma-floral-2-litros-10865659/p
Supermercado,Cereal Corn Flakes Kelloggs 500g,575.00 USD (x1),575.00 USD (x1),https://www.elmachetazo.com/cereal-corn-flakes-kelloggs-500g-10834431/p
Supermercado,Fresas Congeladas 1 Kg,398.00 USD (x1),398.00 USD (x1),https://www.elmachetazo.com/fresas-congeladas-1-kg-10821322/p
Supermercado,Chorizo Parrillero Ahumado Toledano|400g,297.00 USD (x1),297.00 USD (x1),https://www.elmachetazo.com/chorizo-parrillero-ahumado-toledano400g-10860585/p
Supermercado,Jugo V8 Splash Naranja Piña|64 oz,485.00 USD (x1),485.00 USD (x1),https://www.elmachetazo.com/jugo-v8-splash-naranja-pina64-oz-10427321/p
Supermercado,Jugo V8 Splash Cereza Granada|64 oz,465.00 USD (x1),465.00 USD (x1),https://www.elmachetazo.com/jugo-v8-splash-cereza-granada64-oz-10427320/p
Supermercado,Jugo V8 Splash Berry Blend|64 oz,464.00 USD (x1),464.00 USD (x1),https://www.elmachetazo.com/jugo-v8-splash-berry-blend64-oz-10028047/p
Supermercado,Bolsa Basura Reynolds Grande|10 Unidades,295.00 USD (x1),295.00 USD (x1),https://www.elmachetazo.com/bolsa-basura-reynolds-grande10-unidades-10859381/p
Supermercado,Bebida Isotonica Electrolit Coco 625ml,269.00 USD (x1),269.00 USD (x1),https://www.elmachetazo.com/bebida-isotonica-electrolit-coco-625ml-10861581/p
Supermercado,Snack Palitrokes Queso Jack's 100g,107.00 USD (x1),107.00 USD (x1),https://www.elmachetazo.com/snack-palitrokes-queso-jacks-100g-10861580/p
Supermercado,Snack Palitrokes Oliva Ajo 100g,107.00 USD (x1),107.00 USD (x1),https://www.elmachetazo.com/snack-palitrokes-oliva-ajo-100g-10861576/p
Supermercado,Snack Palitrokes Queso Jack's 200g,187.00 USD (x1),187.00 USD (x1),https://www.elmachetazo.com/snack-palitrokes-queso-jacks-200g-10861577/p
Supermercado,Snack Palitrokes Oliva Ajo Jack's 200g,187.00 USD (x1),187.00 USD (x1),https://www.elmachetazo.com/snack-palitrokes-oliva-ajo-jacks-200g-10861575/p
Supermercado,Jamonada de Pollo Tulip|140g,269.00 USD (x1),269.00 USD (x1),https://www.elmachetazo.com/jamonada-de-pollo-tulip140g-10812316/p
Supermercado,Jabón Líquido de Manos Mora Sionse 400ml,117.00 USD (x1),117.00 USD (x1),https://www.elmachetazo.com/jabon-liquido-de-manos-mora-sionse-400ml-10853923/p
Supermercado,Queso Crema Barra Essential Everyday 8oz,295.00 USD (x1),295.00 USD (x1),https://www.elmachetazo.com/queso-crema-barra-essential-everyday-8oz-10795727/p
Supermercado,Bebida Energizante Power Horse 250ml,172.00 USD (x1),172.00 USD (x1),https://www.elmachetazo.com/bebida-energizante-power-horse-250ml-10861498/p
Supermercado,Gel de Baño Exotic Sionse 500ml,129.00 USD (x1),129.00 USD (x1),https://www.elmachetazo.com/gel-de-bano-exotic-sionse-500ml-10853934/p
Supermercado,Gel de Baño Aqua Sionse 500ml,129.00 USD (x1),129.00 USD (x1),https://www.elmachetazo.com/gel-de-bano-aqua-sionse-500ml-10853937/p
Supermercado,Papas Clásicas Corte Regular Essential Everyday 32oz,345.00 USD (x1),345.00 USD (x1),https://www.elmachetazo.com/papas-clasicas-corte-regular-essential-everyday-32oz-10819234/p
Supermercado,Papas Sazonadas Corte Recto Essential Everyday 32oz,345.00 USD (x1),345.00 USD (x1),https://www.elmachetazo.com/papas-sazonadas-corte-recto-essential-everyday-32oz-10819235/p
Supermercado,Salsa Tomate con Hongos La Parmigiana 100g,50.00 USD (x1),50.00 USD (x1),https://www.elmachetazo.com/salsa-tomate-con-hongos-la-parmigiana-100g-10849563/p
Supermercado,Toallita Húmeda Pampers|Sensitive|52U,290.00 USD (x1),290.00 USD (x1),https://www.elmachetazo.com/toallita-humeda-pamperssensitive52u-10834451/p
Supermercado,Whisky Ballantine´s 750ml,2209.00 USD (x1),2209.00 USD (x1),https://www.elmachetazo.com/whisky-ballantines-750ml-10008693/p
Supermercado,Galletas Vainilla Malvinas 420g,199.00 USD (x1),199.00 USD (x1),https://www.elmachetazo.com/galletas-vainilla-malvinas-420g-10824513/p
Supermercado,Miller Genuine Draft Lata 10oz,100.00 USD (x1),100.00 USD (x1),https://www.elmachetazo.com/miller-genuine-draft-lata-10oz-10834541/p
Supermercado,Biscuit Vegano Salchicha Huevo y Queso 5oz,490.00 USD (x1),490.00 USD (x1),https://www.elmachetazo.com/biscuit-vegano-salchicha-huevo-y-queso-5oz-10830349/p
Supermercado,Biscuit Vegano Chorizo Huevo y Queso|5 oz,490.00 USD (x1),490.00 USD (x1),https://www.elmachetazo.com/biscuit-vegano-chorizo-huevo-y-queso5-oz-10830348/p
Supermercado,Pizza Vegana Clásica Mozarella Tomate 6oz,680.00 USD (x1),680.00 USD (x1),https://www.elmachetazo.com/pizza-vegana-clasica-mozarella-tomate-6oz-10830345/p
Supermercado,Pizza Vegana Suprema 6oz,680.00 USD (x1),680.00 USD (x1),https://www.elmachetazo.com/pizza-vegana-suprema-6oz-10830344/p
Supermercado,Nuggets Veganos Chik'n 10.9oz,640.00 USD (x1),640.00 USD (x1),https://www.elmachetazo.com/nuggets-veganos-chikn-109oz-10830342/p
Supermercado,Hamburguesa Vegana Carne|8oz,730.00 USD (x1),730.00 USD (x1),https://www.elmachetazo.com/hamburguesa-vegana-carne8oz-10830341/p
Supermercado,Hamburguesa Vegana Crispy Chik'n|9oz,640.00 USD (x1),640.00 USD (x1),https://www.elmachetazo.com/hamburguesa-vegana-crispy-chikn9oz-10830343/p
Supermercado,Desinfectante Multiuso Fabuloso Frescura Activa Bicarbonato 750 ml,195.00 USD (x1),195.00 USD (x1),https://www.elmachetazo.com/desinfectante-multiuso-fabuloso-frescura-activa-bicarbonato-750-ml-10412908/p
Supermercado,Desinfectante Ajax Bicarbonato Limón 1L,310.00 USD (x1),310.00 USD (x1),https://www.elmachetazo.com/desinfectante-ajax-bicarbonato-limon-1l-10844151/p
Supermercado,Barra de Cereal Zucarita Kelloggs 136g|6 Unidades,353.00 USD (x1),353.00 USD (x1),https://www.elmachetazo.com/barra-de-cereal-zucarita--kelloggs-136g6-unidades-10801121/p
Supermercado,Barra de Cereal Froot Loops Kelloggs 120g|6 Unidades,353.00 USD (x1),353.00 USD (x1),https://www.elmachetazo.com/barra-de-cereal-froot-loops--kelloggs-120g6-unidades-10801123/p
Supermercado,Barra de Cereal Choco Krispis Kellogg's|114g|6 Unidades,395.00 USD (x1),395.00 USD (x1),https://www.elmachetazo.com/barra-de-cereal-choco-krispis-kelloggs-114g-6-unidades-10611146-machetazo/p
Supermercado,Suavizante Complete Fresh Spring Suavitel 1.3 litros,304.00 USD (x1),395.00 USD (x1),https://www.elmachetazo.com/suavizante-complete-fresh-spring-suavitel-13-litros-10847678/p
Supermercado,Leche de Soya Sin Azúcar 946ml,285.00 USD (x1),335.00 USD (x1),https://www.elmachetazo.com/leche-de-soya-sin-azucar-946ml-10007330/p
Supermercado,Cereal Komplete Almendras Kelloggs 390g,555.00 USD (x1),555.00 USD (x1),https://www.elmachetazo.com/cereal-komplete-almendras-kelloggs-390g-10834415/p
Supermercado,Cereal Komplete Pasas Kelloggs 420g,555.00 USD (x1),555.00 USD (x1),https://www.elmachetazo.com/cereal-komplete-pasas-kelloggs-420g-10834421/p
Supermercado,Suavizante Antibacterial Suavitel 2.8 Litros,896.00 USD (x1),896.00 USD (x1),https://www.elmachetazo.com/suavizante-antibacterial-suavitel-28-litros-10847681/p
Supermercado,Café Drip Huila Juan Valdéz 50g,619.00 USD (x1),619.00 USD (x1),https://www.elmachetazo.com/cafe-drip-huila-juan-valdez-50g-10764347/p
Supermercado,Lavaplato Rosa Spum 425g,147.00 USD (x1),147.00 USD (x1),https://www.elmachetazo.com/lavaplato-rosa-spum-425g-10026819/p
Supermercado,Malta Acai Vitamalt Lata 330ml,104.00 USD (x1),104.00 USD (x1),https://www.elmachetazo.com/malta-acai-vitamalt-lata-330ml-10418744/p
Supermercado,Té Blanco Arándanos Manza-Té 20 Sobres,279.00 USD (x1),279.00 USD (x1),https://www.elmachetazo.com/te-blanco-arandanos-manza-te-20-sobres-10727041/p
Supermercado,Shampoo Bioland Micelar 440ml,839.00 USD (x1),839.00 USD (x1),https://www.elmachetazo.com/shampoo-bioland-micelar-440ml-10740184/p
Supermercado,Cashitas Popcorn Sea Salt 120g,199.00 USD (x1),199.00 USD (x1),https://www.elmachetazo.com/cashitas-popcorn-sea-salt-120g-10766227/p
Supermercado,Mantequilla de Maní Golden Selection|510g,249.00 USD (x1),249.00 USD (x1),https://www.elmachetazo.com/mantequilla-de-mani-golden-selection510g-10801533/p
Supermercado,Mantequilla con Maní Golden Selection|510g,289.00 USD (x1),289.00 USD (x1),https://www.elmachetazo.com/mantequilla-con-mani-golden-selection510g-10801534/p
Supermercado,Cepillo Dental Oral-B Pro-Salud 7 Beneficios|2 Piezas,381.00 USD (x1),465.00 USD (x1),https://www.elmachetazo.com/cepillo-dental-oral-b-pro-salud-7-beneficios2-piezas-10309697/p
Supermercado,Crema de Leche Nestlé Abre Fácil|225g,189.00 USD (x1),189.00 USD (x1),https://www.elmachetazo.com/crema-de-leche-nestle-abre-facil225g-10853368/p
Supermercado,Bebida Avena Linaza Sin Azúcar Nature's Heart|946ml,325.00 USD (x1),325.00 USD (x1),https://www.elmachetazo.com/bebida-avena-linaza-sin-azucar-natures-heart946ml-10857248/p
Supermercado,Leche Almendra Original sin Azúcar Pacific 32oz,383.00 USD (x1),383.00 USD (x1),https://www.elmachetazo.com/leche-almendra-original-sin-azucar-pacific-32oz-10518992/p
Supermercado,Reynolds Zipper Bags Sandwich|50 Unidades,265.00 USD (x1),265.00 USD (x1),https://www.elmachetazo.com/reynolds-zipper-bags-sandwich50-unidades-10311968/p
Supermercado,Galleta Sandwich Fresa Pascual 127g,90.00 USD (x1),90.00 USD (x1),https://www.elmachetazo.com/galleta-sandwich-fresa-pascual-127g-10013459/p
Supermercado,Vino Cabernet Sauvignon Los Cardos Doña Paula|750ml,829.00 USD (x1),829.00 USD (x1),https://www.elmachetazo.com/vino-cabernet-sauvignon-los-cardos-dona-paula750ml-10365145/p
Supermercado,Vino Malbec Los Cardos Doña Paula|750ml,829.00 USD (x1),829.00 USD (x1),https://www.elmachetazo.com/vino-malbec-los-cardos-dona-paula750ml-10349280/p
Supermercado,Ajo Mix McCormick 36g,81.00 USD (x1),81.00 USD (x1),https://www.elmachetazo.com/ajo-mix-mccormick-36g-10597607/p
Supermercado,Ajo Molido McCormick 33g,74.00 USD (x1),74.00 USD (x1),https://www.elmachetazo.com/ajo-molido-mccormick-33g-10597595/p
Supermercado,Aerosol Febreze Linen Sky 8.8oz,371.00 USD (x1),371.00 USD (x1),https://www.elmachetazo.com/aerosol-febreze-linen-sky-88oz-10647413/p
Supermercado,Aerosol Febreze Hawaiian Aloha 8.8oz,371.00 USD (x1),371.00 USD (x1),https://www.elmachetazo.com/aerosol-febreze-hawaiian-aloha-88oz-10647412/p
Supermercado,Atún Aceite Lucky Choice 140g,119.00 USD (x1),119.00 USD (x1),https://www.elmachetazo.com/atun-aceite-lucky-choice-140g-10825069/p
Supermercado,Snickers White Single 1.41oz,150.00 USD (x1),150.00 USD (x1),https://www.elmachetazo.com/snickers-white-single-141oz-10816258/p
Supermercado,Desodorante Nivea Roll On Clear 50ml,315.00 USD (x1),315.00 USD (x1),https://www.elmachetazo.com/desodorante-nivea-roll-on-clear-50ml-10034127/p
Supermercado,Tinte Bigen Speedy Castaño 4,725.00 USD (x1),725.00 USD (x1),https://www.elmachetazo.com/tinte-bigen-speedy-castano-4-10754056/p
Supermercado,Tinte Bigen Castaño Intenso Speedy 7,725.00 USD (x1),725.00 USD (x1),https://www.elmachetazo.com/tinte-bigen-castano-intenso-speedy-7-10754064/p
Supermercado,Tinte Bigen Negro Speedy 8,699.00 USD (x1),699.00 USD (x1),https://www.elmachetazo.com/tinte-bigen-negro-speedy-8-10754065/p
Supermercado,Atún Splash Vegetales 295gr,229.00 USD (x1),229.00 USD (x1),https://www.elmachetazo.com/atun-splash-vegetales-295gr-10803022/p
Supermercado,Rodajas de Salmón Goumar|1Kg,1799.00 USD (x1),1799.00 USD (x1),https://www.elmachetazo.com/rodajas-de-salmon-goumar1kg-10809121/p
Supermercado,Limpiador de Botellas Scotch Brite,307.00 USD (x1),307.00 USD (x1),https://www.elmachetazo.com/limpiador-de-botellas-scotch-brite-10778909/p
Supermercado,Paño Absorbente Scotch Brite,157.00 USD (x1),157.00 USD (x1),https://www.elmachetazo.com/pano-absorbente-scotch-brite-10355027/p
Supermercado,Esponja Scotch Brite Limpieza Delicada Cero Rayas Baño,358.00 USD (x1),358.00 USD (x1),https://www.elmachetazo.com/esponja-scotch-brite-limpieza-delicada-cero-rayas-bano-10462277/p
Supermercado,Paño de Microfibra Scotch Brite Cocina Toque Suave,279.00 USD (x1),279.00 USD (x1),https://www.elmachetazo.com/pano-de-microfibra-scotch-brite-cocina-toque-suave-10355034/p
Supermercado,Cepillo Multiuso Scotch-Brite,422.00 USD (x1),422.00 USD (x1),https://www.elmachetazo.com/cepillo-multiuso-scotch-brite-10355138/p
Supermercado,Cepillo Scotch-Brite para Baños y Losetas,315.00 USD (x1),315.00 USD (x1),https://www.elmachetazo.com/cepillo-scotch-brite-para-banos-y-losetas-10355029/p
Supermercado,Esponja de Celulosa Scotch-Brite Cero Rayas,219.00 USD (x1),219.00 USD (x1),https://www.elmachetazo.com/esponja-de-celulosa-scotch-brite-cero-rayas-10003678/p
Supermercado,Rodillo Scotch-Brite Quitapelusa|56 hojas,695.00 USD (x1),695.00 USD (x1),https://www.elmachetazo.com/rodillo-scotch-brite-quitapelusa56-hojas-10355026/p
Supermercado,Guantes de Lavandería|Talla M,433.00 USD (x1),433.00 USD (x1),https://www.elmachetazo.com/guantes-de-lavanderiatalla-m-10028017/p
Supermercado,Guantes de Uso en Exteriores|Talla S,329.00 USD (x1),329.00 USD (x1),https://www.elmachetazo.com/guantes-de-uso-en-exteriorestalla-s-10000647/p
Supermercado,Guantes de Uso en Exteriores|Talla L,385.00 USD (x1),385.00 USD (x1),https://www.elmachetazo.com/guantes-de-uso-en-exteriorestalla-l-10256991/p
Supermercado,Guante Multipropósito Scotch-Brite Talla S,309.00 USD (x1),309.00 USD (x1),https://www.elmachetazo.com/guante-multiproposito-scotch-brite-talla-s-10003795/p
Supermercado,Guantes de Cocina Talla Scotch-Brite M,384.00 USD (x1),384.00 USD (x1),https://www.elmachetazo.com/guantes-de-cocina-talla-scotch-brite-m-10003666/p
Supermercado,Guantes de Cocina Scotch-Brite Talla L,384.00 USD (x1),384.00 USD (x1),https://www.elmachetazo.com/guantes-de-cocina-scotch-brite-talla-l-10254754/p
Supermercado,Recogedor Scotch-Brite con Mango Largo,699.00 USD (x1),699.00 USD (x1),https://www.elmachetazo.com/recogedor-scotch-brite-con-mango-largo-10028477/p
Supermercado,Mecha Económica Scotch Brite para Trapear,385.00 USD (x1),385.00 USD (x1),https://www.elmachetazo.com/mecha-economica-scotch-brite-para-trapear-10778918/p
Supermercado,Lavaplatos Líquido Rose Dawn 16.2 oz,345.00 USD (x1),345.00 USD (x1),https://www.elmachetazo.com/lavaplatos-liquido-rose-dawn-162-oz-10838679/p
Supermercado,Aceitunas Deshuesadas Escamilla 100g,99.00 USD (x1),99.00 USD (x1),https://www.elmachetazo.com/aceitunas-deshuesadas-escamilla-100g-10846132/p
Supermercado,Suavizante Natural Essencial Lavanda Suavitel 2.8 Litros,896.00 USD (x1),896.00 USD (x1),https://www.elmachetazo.com/suavizante-natural-essencial-lavanda-suavitel-28-litros-10847676/p
Supermercado,Suavizante Natural Essencial Agua de Rosa Suavitel|2.8 Litros,864.00 USD (x1),864.00 USD (x1),https://www.elmachetazo.com/suavizante-natural-essencial-agua-de-rosa--suavitel28-litros-10847673/p
Supermercado,Snack Papas Original Golden Selection|45g,69.00 USD (x1),79.00 USD (x1),https://www.elmachetazo.com/snack-papas-original-golden-selection45g-10821378/p
Supermercado,Snack Papas con Queso Golden Selection|45g,69.00 USD (x1),79.00 USD (x1),https://www.elmachetazo.com/snack-papas-con-queso-golden-selection45g-10821384/p
Supermercado,Snack Papas con Cebolla Golden Selection|45g,69.00 USD (x1),79.00 USD (x1),https://www.elmachetazo.com/snack-papas-con-cebolla-golden-selection45g-10821387/p
Supermercado,Palomitas de Maíz Caramelo Kitty 140g,249.00 USD (x1),249.00 USD (x1),https://www.elmachetazo.com/palomitas-de-maiz-caramelo-kitty-140g-10834324/p
Supermercado,Sardina Ovalada Picante Blue Pacific 415g,245.00 USD (x1),245.00 USD (x1),https://www.elmachetazo.com/sardina-ovalada-picante-blue-pacific-415g-10819576/p
Supermercado,Jabón Baby Magic Mennen Lavanda |Hipoalergénico|90g,146.00 USD (x1),146.00 USD (x1),https://www.elmachetazo.com/jabon-barra-lavanda-mennen-90g-10850286/p
Supermercado,Protectores Diarios Saba Largo|40 Unidades,471.00 USD (x1),471.00 USD (x1),https://www.elmachetazo.com/protectores-diarios-saba-largo40-unidades-10830815/p
Supermercado,Saba Buenas Noches Sin Alas|8S,282.00 USD (x1),282.00 USD (x1),https://www.elmachetazo.com/saba-buenas-noches-sin-alas8s-10845165/p
Supermercado,Pants Adulto Slip Nocturno Tena|S-M|8 Unidades,1299.00 USD (x1),1299.00 USD (x1),https://www.elmachetazo.com/pants-adulto-slip-nocturno-tenas-m8-unidades-10762918/p
Supermercado,Pants Adulto Tena Slip Medium|20 Unidades,2282.00 USD (x1),2536.00 USD (x1),https://www.elmachetazo.com/pants-adulto-tena-slip-medium20-unidades-10018441/p
Supermercado,Pants Adulto Tena Slip Maxi Protect|G|20 Unidades,2282.00 USD (x1),2536.00 USD (x1),https://www.elmachetazo.com/pants-adulto-tena-slip-maxi-protectg20-unidades-10018440/p
Supermercado,Ketchup Hunt's|20 oz,340.00 USD (x1),340.00 USD (x1),https://www.elmachetazo.com/ketchup-hunts-20oz-10762703/p
Supermercado,Aceitunas Rellenas con Pimentón Escamilla 100g,99.00 USD (x1),99.00 USD (x1),https://www.elmachetazo.com/aceitunas-rellenas-con-pimenton-escamilla-100g-10846133/p
Supermercado,Vegetales Mixtos Essential Everyday 425g,98.00 USD (x1),98.00 USD (x1),https://www.elmachetazo.com/vegetales-mixtos-essential-everyday-425g-10842705/p
Supermercado,Horneados de Maíz Rikos Sabor Queso 100g,99.00 USD (x1),99.00 USD (x1),https://www.elmachetazo.com/horneados-de-maiz-rikos-sabor-queso-100g-10835504/p
Supermercado,Detergente Polvo Fuerza Total Ultraklin|9kg,1451.00 USD (x1),1451.00 USD (x1),https://www.elmachetazo.com/detergente-polvo-fuerza-total-ultraklin9kg-10835647/p
Supermercado,Papel Toalla Practi Plus| 130 Hojas,167.00 USD (x1),167.00 USD (x1),https://www.elmachetazo.com/papel-toalla-practi-plus-130-hojas-10844313/p
Supermercado,Esponja Scotch Brite Limpieza Delicada Cero Rayas Cocina|2 Unidades,238.00 USD (x1),238.00 USD (x1),https://www.elmachetazo.com/esponja-scotch-brite-limpieza-delicada-cero-rayas-cocina2-unidades-10816413/p
Supermercado,Barra Granola Canela 10 oz,455.00 USD (x1),455.00 USD (x1),https://www.elmachetazo.com/barra-granola-canela-10-oz-10033888/p
Supermercado,Barra Granola Peanut Butter 10 oz,455.00 USD (x1),455.00 USD (x1),https://www.elmachetazo.com/barra-granola-peanut-butter-10-oz-10033891/p
Supermercado,Cloro Floral Magia Blanca ½ Galón,195.00 USD (x1),195.00 USD (x1),https://www.elmachetazo.com/cloro-floral-magia-blanca-1895-ml-10784577/p
Supermercado,Alimento Perro Pedigree|Raza Pequeña|Cordero|100g,94.00 USD (x1),94.00 USD (x1),https://www.elmachetazo.com/alimento-perro-pedigreeraza-pequenacordero100g-10767458/p
Supermercado,Tinte Capilar Verde Oscuro Artic Semipermanente 4 oz,1459.00 USD (x1),1459.00 USD (x1),https://www.elmachetazo.com/tinte-capilar-verde-oscuro-artic-semipermanente-4-oz-10831669/p
Supermercado,Tinte Capilar Aguamarine Artic|4 oz,1459.00 USD (x1),1459.00 USD (x1),https://www.elmachetazo.com/tinte-capilar-aguamarine-artic4-oz-10831662/p
Supermercado,Tostones Maduritos Tropimax 57g,99.00 USD (x1),109.00 USD (x1),https://www.elmachetazo.com/tostones-maduritos-tropimax-57g-10772447/p
Supermercado,Filetes de Corvina Congelados 320g,505.00 USD (x1),505.00 USD (x1),https://www.elmachetazo.com/filetes-de-corvina-congelados-320g-10469296/p
Supermercado,Desinfectante Mistolín Espíritu Play 900ml,207.00 USD (x1),207.00 USD (x1),https://www.elmachetazo.com/desinfectante-mistolin-espiritu-play-900ml-10819514/p
Supermercado,Salsa Amatriciana 330g,400.00 USD (x1),400.00 USD (x1),https://www.elmachetazo.com/salsa-amatriciana-330g-10723078/p
Supermercado,Mayonesa Premium Hemmer 330g,279.00 USD (x1),279.00 USD (x1),https://www.elmachetazo.com/mayonesa-premium-hemmer-330g-10827029/p
Supermercado,Molho 3 en 1 Hemmer 310g,129.00 USD (x1),129.00 USD (x1),https://www.elmachetazo.com/molho-3-en-1-hemmer-310g-10827031/p
Supermercado,Mostaza Amarilla Hemmer 300g,98.00 USD (x1),98.00 USD (x1),https://www.elmachetazo.com/mostaza-amarilla-hemmer-300g-10827025/p
Supermercado,Salsa BBQ Hemmer|330g,135.00 USD (x1),135.00 USD (x1),https://www.elmachetazo.com/salsa-bbq-hemmer330g-10827028/p
Supermercado,Mezcla Salted Caramel Brownie Betty Crocker,385.00 USD (x1),385.00 USD (x1),https://www.elmachetazo.com/mezcla-salted-caramel-brownie-betty-crocker-10833038/p
Supermercado,Salvado Avena y Trigo Prosalud Diabético,169.00 USD (x1),169.00 USD (x1),https://www.elmachetazo.com/salvado-avena-y-trigo-prosalud-diabetico-10000410/p
Supermercado,Salvado de Avena y Trigo Prosalud,169.00 USD (x1),169.00 USD (x1),https://www.elmachetazo.com/salvado-de-avena-y-trigo-prosalud-10000408/p
Supermercado,Tinte Colorsilk No.6 Dark Blonde,449.00 USD (x1),449.00 USD (x1),https://www.elmachetazo.com/tinte-colorsilk-no6-dark-blonde-10016485/p
Supermercado,Tinte Colorsilk No.95 Light Sun Blond,348.00 USD (x1),348.00 USD (x1),https://www.elmachetazo.com/tinte-colorsilk-no95-light-sun-blond-10307408/p
Supermercado,Mezcla Pancake Avena Avelina| 340g,175.00 USD (x1),175.00 USD (x1),https://www.elmachetazo.com/mezcla-pancake-avena-avelina-340g-10841088/p
Supermercado,Salsa Kern's Hongos Hierbas 425g,315.00 USD (x1),315.00 USD (x1),https://www.elmachetazo.com/salsa-kerns-hongos-hierbas-425g-10811841/p
Supermercado,Salsa Kern's Tomate Albahaca 425g,315.00 USD (x1),315.00 USD (x1),https://www.elmachetazo.com/salsa-kerns-tomate-albahaca-425g-10811840/p
Supermercado,Bebida Zumo Soja-Papaya-Mango Vive Soy 1 L,275.00 USD (x1),275.00 USD (x1),https://www.elmachetazo.com/bebida-zumo-soja-papaya-mango-vive-soy-1-l-10406919/p
Supermercado,Jabón Líquido Fabulous Palmolive 250ml,255.00 USD (x1),255.00 USD (x1),https://www.elmachetazo.com/jabon-liquido-fabulous-palmolive-250ml-10831987/p
Supermercado,Ducal Frijol Rojo Chub|1.8 kg,385.00 USD (x1),385.00 USD (x1),https://www.elmachetazo.com/ducal-frijol-rojo-chub-18kg-10811839/p
Supermercado,Aderezo Thousand Island Kraft|16 oz,488.00 USD (x1),488.00 USD (x1),https://www.elmachetazo.com/aderezo-thousand-island-kraft16-oz-10337503/p
Supermercado,Mistolin Lavanda 1893ml,378.00 USD (x1),378.00 USD (x1),https://www.elmachetazo.com/mistolin-lavanda-1893ml-10838994/p
Supermercado,Tinte Koleston Kit 6646 Rojo Cereza,795.00 USD (x1),795.00 USD (x1),https://www.elmachetazo.com/tinte-koleston-kit-6646-rojo-cereza-10624172/p
Supermercado,Hero Baby Tres Frutas 100g,91.00 USD (x1),91.00 USD (x1),https://www.elmachetazo.com/hero-baby-tres-frutas-100g-10820612/p
Supermercado,Acondicionador Elvive Hidra Hialurónico 370ml,984.00 USD (x1),984.00 USD (x1),https://www.elmachetazo.com/acondicionador-elvive-hidra-hialuronico-370ml-10827832/p
Supermercado,Pañal Desechable Pampers Swaddlers|T-3|26U,999.00 USD (x1),1410.00 USD (x1),https://www.elmachetazo.com/panal-desechable-pampers-swaddlerst-326u-10710224/p
Supermercado,Milex Kinder Blue 2200g,3264.00 USD (x1),3264.00 USD (x1),https://www.elmachetazo.com/milex-kinder-blue-2200g-10825854/p
Supermercado,Aceite Vegetal Sarita|5 Litros,1125.00 USD (x1),1125.00 USD (x1),https://www.elmachetazo.com/aceite-vegetal-sarita-5-l-10833353/p
Supermercado,Toalla Femenina Ultra Fina Suave con Alas Always|8 Unidades,260.00 USD (x1),260.00 USD (x1),https://www.elmachetazo.com/toalla-femenina-ultra-fina-suave-con-alas-always8-unidades-10830810/p
Supermercado,Pika Mix 300g,299.00 USD (x1),299.00 USD (x1),https://www.elmachetazo.com/pika-mix-300g-10835508/p
Supermercado,Té de Canela Hindú|20 Unidades,176.00 USD (x1),176.00 USD (x1),https://www.elmachetazo.com/te-de-canela-hindu-20-unidades-10830608-machetazo/p
Supermercado,Té de Jengibre Limón Hindú|20 Unidades,187.00 USD (x1),187.00 USD (x1),https://www.elmachetazo.com/te-de-jengibre-limon-hindu-20-unidades-10830607-machetazo/p
Supermercado,Plátano Maduro Salado Pro 75g,98.00 USD (x1),98.00 USD (x1),https://www.elmachetazo.com/platano-maduro-salado-pro-75g-10831654/p
Supermercado,Shampoo Acondicionador Proteína Mennen 700ml,457.00 USD (x1),457.00 USD (x1),https://www.elmachetazo.com/shampoo-acondicionador-proteina-mennen-700ml-10815701/p
Supermercado,Shampoo Miel y Manzanilla Mennen 700ml,457.00 USD (x1),457.00 USD (x1),https://www.elmachetazo.com/shampoo-miel-y-manzanilla-mennen-700ml-10815700/p
Supermercado,Máquina de Afeitar Desechable Bic Sensitive 4 Unidades,299.00 USD (x1),299.00 USD (x1),https://www.elmachetazo.com/maquina-de-afeitar-desechable-bic-sensitive-4-unidades-10823290/p
Supermercado,Almendras Horneadas Cashitas 350g,840.00 USD (x1),840.00 USD (x1),https://www.elmachetazo.com/almendras-horneadas-cashitas-350g-10830161/p
Supermercado,Caramelos Roll Fresa Mentos 29g,68.00 USD (x1),68.00 USD (x1),https://www.elmachetazo.com/caramelos-roll-fresa-mentos-29g-10834537/p
Supermercado,Yuquitas Rancheras Pro 45g,85.00 USD (x1),85.00 USD (x1),https://www.elmachetazo.com/yuquitas-rancheras-pro-45g-10831655/p
Supermercado,Leche Condensada Del Paraíso 390g,184.00 USD (x1),184.00 USD (x1),https://www.elmachetazo.com/leche-condensada-del-paraiso-390g-10832417/p
Supermercado,Arroz Especial Golden Selection|4 lb,275.00 USD (x1),275.00 USD (x1),https://www.elmachetazo.com/arroz-especial-golden-selection4-lb-10802579/p
Supermercado,Alimento Perro Ganador|Adulto|Raza Mediana y Grande|2kg,785.00 USD (x1),785.00 USD (x1),https://www.elmachetazo.com/alimento-perro-ganadoradultoraza-mediana-y-grande2kg-10811722/p
Supermercado,Alimento Perro Ganador|Adulto|Raza Pequeña|4kg,1286.00 USD (x1),1286.00 USD (x1),https://www.elmachetazo.com/alimento-perro-ganadoradultoraza-pequena4kg-10811726/p
Supermercado,Alimento Perro Top Choice|Cachorro y Adulto|7kg,1337.00 USD (x1),1337.00 USD (x1),https://www.elmachetazo.com/alimento-perro-top-choicecachorro-y-adulto7kg-10811745/p
Supermercado,Alimento Perro Ganador|Adulto|Raza Pequeña|2kg,1000.00 USD (x1),1000.00 USD (x1),https://www.elmachetazo.com/alimento-perro-ganadoradultoraza-pequena2kg-10811742/p
Supermercado,Alimento Perro Ganador|Adulto|Raza Mediana y Grande|4kg,1400.00 USD (x1),1400.00 USD (x1),https://www.elmachetazo.com/alimento-perro-ganadoradultoraza-mediana-y-grande4kg-10811723/p
Supermercado,Alimento Perro Top Choice Cachorro y Adulto|3.75kg,740.00 USD (x1),740.00 USD (x1),https://www.elmachetazo.com/alimento-perro-top-choice-cachorro-y-adulto375kg-10811744/p
Supermercado,Alimento Perro Premium Adulto Raza Pequeña|4kg,1448.00 USD (x1),1448.00 USD (x1),https://www.elmachetazo.com/alimento-perro-premium-adulto-raza-pequena4kg-10811743/p
Supermercado,Vino Tinto El Coto Crianza 750ml,1456.00 USD (x1),1456.00 USD (x1),https://www.elmachetazo.com/vino-tinto-el-coto-crianza-750ml-10804822/p
Supermercado,Vino Tinto Sangiov Di Puglia 750ml,689.00 USD (x1),689.00 USD (x1),https://www.elmachetazo.com/vino-tinto-sangiov-di-puglia-750ml-10804817/p
Supermercado,Vino Cabernet Sauvignon Sol de Chile 750ml,375.00 USD (x1),375.00 USD (x1),https://www.elmachetazo.com/vino-cabernet-sauvignon-sol-de-chile-750ml-10796818/p
Supermercado,Vino Select Reserve Sauvignon Blanc 750 ml,690.00 USD (x1),690.00 USD (x1),https://www.elmachetazo.com/vino-select-reserve-sauvignon-blanc-750-ml-10803036/p
Supermercado,Vino Select Reserve Carmenere 750 ml,690.00 USD (x1),690.00 USD (x1),https://www.elmachetazo.com/vino-select-reserve-carmenere-750-ml-10803035/p
Supermercado,Vino Chardonnay Ventisquero 750ml,950.00 USD (x1),950.00 USD (x1),https://www.elmachetazo.com/vino-chardonnay-ventisquero-750ml-10804865/p
Supermercado,Vino Rosado Mancura 750ml,507.00 USD (x1),507.00 USD (x1),https://www.elmachetazo.com/vino-rosado-mancura-750ml-10804803/p
Supermercado,Vino Sauvignon Blanc Mancura 750ml,506.00 USD (x1),506.00 USD (x1),https://www.elmachetazo.com/vino-sauvignon-blanc-mancura-750ml-10804804/p
Supermercado,Vino Cabernet Sauvignon Mancura Tinto 750ml,506.00 USD (x1),506.00 USD (x1),https://www.elmachetazo.com/vino-cabernet-sauvignon-mancura-tinto-750ml-10804799/p
Supermercado,Vino Sauvignon Blanc Reserva Santa Carolina 750ml,500.00 USD (x1),500.00 USD (x1),https://www.elmachetazo.com/vino-sauvignon-blanc-reserva-santa-carolina-750ml-10795516/p
Supermercado,Soda Luni Manzana PET 370ml,39.00 USD (x1),39.00 USD (x1),https://www.elmachetazo.com/soda-luni-manzana-pet-370ml-10823447/p
Supermercado,Vino Malbec FLM 750ml,709.00 USD (x1),709.00 USD (x1),https://www.elmachetazo.com/vino-malbec-flm-750ml-10804807/p
Supermercado,Vino Cabernet Sauvignon FLM 750ml,709.00 USD (x1),709.00 USD (x1),https://www.elmachetazo.com/vino-cabernet-sauvignon-flm-750ml-10804808/p
Supermercado,Vino Alma Mora Pinot Grigio Blanco FLM 7,929.00 USD (x1),929.00 USD (x1),https://www.elmachetazo.com/vino-alma-mora-pinot-grigio-blanco-flm-7-10804814/p
Supermercado,Vino Espum Noir Demisec J. Chenet 750ml,1620.00 USD (x1),1620.00 USD (x1),https://www.elmachetazo.com/vino-espum-noir-demisec-j-chenet-750ml-10791223/p
Supermercado,Ginebra Puerto de Indias Strawberry 750ml,2355.00 USD (x1),2355.00 USD (x1),https://www.elmachetazo.com/ginebra-puerto-de-indias-strawberry-750ml-10842694/p
Supermercado,Vino Albariño Blanco 750ml,1500.00 USD (x1),1500.00 USD (x1),https://www.elmachetazo.com/vino-albarino-blanco-750ml-10804861/p
Supermercado,Vino Cinta Púrpura Reserva 750ml,1799.00 USD (x1),1799.00 USD (x1),https://www.elmachetazo.com/vino-cinta-purpura-reserva-750ml-10804871/p
Supermercado,Vino Sauvignon Blanco F.L.M. 750ml,709.00 USD (x1),709.00 USD (x1),https://www.elmachetazo.com/vino-sauvignon-blanco-flm-750ml-10804809/p
Supermercado,Vino Merlot Tinto 750ml,1107.00 USD (x1),1107.00 USD (x1),https://www.elmachetazo.com/vino-merlot-tinto-750ml-10804868/p
Supermercado,Vino Chardonnay Blanco 750ml,1107.00 USD (x1),1107.00 USD (x1),https://www.elmachetazo.com/vino-chardonnay-blanco-750ml-10804870/p
Supermercado,Vino Cabernet Sauvignon Tinto 750ml,1108.00 USD (x1),1108.00 USD (x1),https://www.elmachetazo.com/vino-cabernet-sauvignon-tinto-750ml-10804869/p
Supermercado,Vino Tinto Dark Horse Pinot Noir 750ml,1095.00 USD (x1),1095.00 USD (x1),https://www.elmachetazo.com/vino-tinto-dark-horse-pinot-noir-750ml-10798803/p
Supermercado,Vino Espum Brut Nectar D Paris 750ml,832.00 USD (x1),832.00 USD (x1),https://www.elmachetazo.com/vino-espum-brut-nectar-d-paris-750ml-10795399/p
Supermercado,Vino Chardonnay Don Simón 750ml,467.00 USD (x1),467.00 USD (x1),https://www.elmachetazo.com/vino-chardonnay-don-simon-750ml-10799660/p
Supermercado,Vino Tempranillo Don Simón 750ml,467.00 USD (x1),467.00 USD (x1),https://www.elmachetazo.com/vino-tempranillo-don-simon-750ml-10799657/p
Supermercado,Sirope Sabor Maple|13 oz,185.00 USD (x1),185.00 USD (x1),https://www.elmachetazo.com/sirope-sabor-maple13-oz-10827293/p
Supermercado,Mezcla Pancake Completa|454g,169.00 USD (x1),169.00 USD (x1),https://www.elmachetazo.com/mezcla-pancake-completa454g-10827291/p
Supermercado,Pad para Mascota PeePee|XL|14 Unidades,1199.00 USD (x1),1199.00 USD (x1),https://www.elmachetazo.com/pad-para-mascota-peepeexl14-unidades-10830367/p
Supermercado,Alimento para Perro Dog Chow Little Bites|1.65 lb,2555.00 USD (x1),2555.00 USD (x1),https://www.elmachetazo.com/dog-chow-little-bites-165-lb-10526743/p
Supermercado,Whisky Jameson Irlandés 750ml,2988.00 USD (x1),2988.00 USD (x1),https://www.elmachetazo.com/whisky-jameson-irlandes-750ml-10798819/p
Supermercado,Chicharrones Criollos 87g,235.00 USD (x1),235.00 USD (x1),https://www.elmachetazo.com/chicharrones-criollos-87g-10822043/p
Supermercado,Goicoechea Crema Arnica|1 Litro,1099.00 USD (x1),1099.00 USD (x1),https://www.elmachetazo.com/goicoechea-crema-arnica1-litro-10810297/p
Supermercado,Cicatricure Mousse Micelar 150ml,930.00 USD (x1),930.00 USD (x1),https://www.elmachetazo.com/cicatricure-mousse-micelar-150ml-10767260/p
Supermercado,Cicatricure Contorno Ojos 8.5g,1300.00 USD (x1),1300.00 USD (x1),https://www.elmachetazo.com/cicatricure-contorno-ojos-85g-10019485/p
Supermercado,Glade Spray Fantasía Pino 400ml,245.00 USD (x1),245.00 USD (x1),https://www.elmachetazo.com/glade-spray-fantasia-de-pino-400ml-10831435/p
Supermercado,Pizza Horno de Piedra|Doble Pepperoni 365g,369.00 USD (x1),369.00 USD (x1),https://www.elmachetazo.com/pizza-horno-de-piedradoble-pepperoni-365g-10797122/p
Supermercado,Mermelada Piña Tricopilia Doypack 300gr,199.00 USD (x1),199.00 USD (x1),https://www.elmachetazo.com/mermelada-pina-tricopilia-doypack-300gr-10006560/p
Supermercado,Mermelada Fresa Tricopilia Doypack 300gr,215.00 USD (x1),215.00 USD (x1),https://www.elmachetazo.com/mermelada-fresa-tricopilia-doypack-300gr-10006561/p
Supermercado,Hueso Nylabone 2 Unidades Rojo|Verde,499.00 USD (x1),499.00 USD (x1),https://www.elmachetazo.com/hueso-nylabone-2-unidades-rojoverde-10826330/p
Supermercado,Ron Carta Vieja Añejo 1 Litro,1156.00 USD (x1),1156.00 USD (x1),https://www.elmachetazo.com/ron-carta-vieja-anejo-1-litro-10012024/p
Supermercado,Ron Barbados Grande Reserve 5 Years,2500.00 USD (x1),2500.00 USD (x1),https://www.elmachetazo.com/ron-barbados-grande-reserve-5-years-10804874/p
Supermercado,Ron Pacific Añejo 700ml,1000.00 USD (x1),1000.00 USD (x1),https://www.elmachetazo.com/ron-pacific-anejo-700ml-10798756/p
Supermercado,Ron Botran Añejo 12 Años 750ml,1999.00 USD (x1),1999.00 USD (x1),https://www.elmachetazo.com/ron-botran-anejo-12-anos-750ml-10017305/p
Supermercado,Ron Zacapa Centenario 23 Años Añejo 375ml,2543.00 USD (x1),2543.00 USD (x1),https://www.elmachetazo.com/ron-zacapa-centenario-23-anos-anejo-375ml-10799886/p
Supermercado,Ron Medellín Añejo 750ml,1230.00 USD (x1),1230.00 USD (x1),https://www.elmachetazo.com/ron-medellin-anejo-750ml-10024415/p
Supermercado,Ron Durán 7 Años 750ml,2026.00 USD (x1),2026.00 USD (x1),https://www.elmachetazo.com/ron-duran-7-anos-750ml-10671786/p
Supermercado,Ron Botran Añejo 8 Años 750ml,1409.00 USD (x1),1409.00 USD (x1),https://www.elmachetazo.com/ron-botran-anejo-8-anos-750ml-10017304/p
Supermercado,Ron Abuelo Vidrio 200ml,236.00 USD (x1),236.00 USD (x1),https://www.elmachetazo.com/ron-abuelo-vidrio-200ml-10017966/p
Supermercado,Ron Bacardí 8 Años Gran Reserva 750ml,2351.00 USD (x1),2351.00 USD (x1),https://www.elmachetazo.com/ron-bacardi-8-anos-gran-reserva-750ml-10026777/p
Supermercado,Detergente Rocío|1000g,235.00 USD (x1),253.00 USD (x1),https://www.elmachetazo.com/detergente-rocio1000g-10830535/p
Supermercado,Detergente Rocío|10 Kg,1526.00 USD (x1),1526.00 USD (x1),https://www.elmachetazo.com/detergente-rocio10-kg-10830537/p
Supermercado,Ron Colonial Artesanal 700ml,3338.00 USD (x1),3338.00 USD (x1),https://www.elmachetazo.com/ron-colonial-artesanal-700ml-10639376/p
Supermercado,Ron Malibú Coconut 750ml,1681.00 USD (x1),1681.00 USD (x1),https://www.elmachetazo.com/ron-malibu-coconut-750ml-10008696/p
Supermercado,Pack Shampoo Pantene 400ml + Acondicionador 200ml Extracto Bambú|Pro-V,858.00 USD (x1),858.00 USD (x1),https://www.elmachetazo.com/pack-shampoo-pantene-400ml--acondicionador-200ml-extracto-bambupro-v-10806545/p
Supermercado,Desodorante Air Heavy Duty Pet Febreze 8.8oz,371.00 USD (x1),371.00 USD (x1),https://www.elmachetazo.com/desodorante-air-heavy-duty-pet-febreze-88oz-10806793/p
Supermercado,Vino Merlot Marques Casa Concha 750ml,1490.00 USD (x1),1490.00 USD (x1),https://www.elmachetazo.com/vino-merlot-marques-casa-concha-750ml-10802781/p
Supermercado,Cerveza Blue Moon Light Sky|12 oz,135.00 USD (x1),135.00 USD (x1),https://www.elmachetazo.com/cerveza-blue-moon-light-sky-lata-12oz-10804438/p
Supermercado,Pancake Original Pearl Milling Co.|907g,375.00 USD (x1),375.00 USD (x1),https://www.elmachetazo.com/pancake-original-pearl-milling-co-907g-10827109-machetazo/p
Supermercado,Vino Red Blend 19 Crimes 750ml,1202.00 USD (x1),1482.00 USD (x1),https://www.elmachetazo.com/vino-red-blend-19-crimes-750ml-10802769/p
Supermercado,Vino Sauvignon Blanc Trapiche 750ml,650.00 USD (x1),650.00 USD (x1),https://www.elmachetazo.com/vino-sauvignon-blanc-trapiche-750ml-10802768/p
Supermercado,Vodka Tito's 750ml,2180.00 USD (x1),2180.00 USD (x1),https://www.elmachetazo.com/vodka-titos-750ml-10801730/p
Supermercado,Vino Malbec Septima 750ml,1204.00 USD (x1),1204.00 USD (x1),https://www.elmachetazo.com/vino-malbec-septima-750ml-10802782/p
Supermercado,Ron Santa Teresa Linaje 750ml,3033.00 USD (x1),3033.00 USD (x1),https://www.elmachetazo.com/ron-santa-teresa-linaje-750ml-10801735/p
Supermercado,Vino White Zinfandel Woodbridge Robert Mondavi 750ml,675.00 USD (x1),675.00 USD (x1),https://www.elmachetazo.com/vino-white-zinfandel-woodbridge-robert-mondavi--750ml-10802777/p
Supermercado,Detergente Líquido MAS Color|830ml,433.00 USD (x1),433.00 USD (x1),https://www.elmachetazo.com/detergente-liquido-mas-color830ml-10823500/p
Supermercado,Vino Viña Collada Marqués de Riscal 750ml,825.00 USD (x1),825.00 USD (x1),https://www.elmachetazo.com/vino-vina-collada-marques-de-riscal-750ml-10802773/p
Supermercado,Vino Tinto Marqués Riscal 750ml,900.00 USD (x1),900.00 USD (x1),https://www.elmachetazo.com/vino-tinto-marques-riscal-750ml-10802772/p
Supermercado,Vino Arienzo Marqués de Riscal Crianza 750ml,1300.00 USD (x1),1300.00 USD (x1),https://www.elmachetazo.com/vino-arienzo-marques-de-riscal-crianza-750ml-10802774/p
Supermercado,Vino Malbec Luigi Bosca 750ml,1419.00 USD (x1),1419.00 USD (x1),https://www.elmachetazo.com/vino-malbec-luigi-bosca-750ml-10802770/p
Supermercado,Whisky Jack Daniels 1000ml,3832.00 USD (x1),3832.00 USD (x1),https://www.elmachetazo.com/whisky-jack-daniels-1000ml-10777306/p
Supermercado,Whisky Glenfiddich 15 Años 750ml,6563.00 USD (x1),6563.00 USD (x1),https://www.elmachetazo.com/whisky-glenfiddich-15-anos-750ml-10806562/p
Supermercado,Alimento Para Gato Gati|2.2lb,462.00 USD (x1),462.00 USD (x1),https://www.elmachetazo.com/alimento-para-gato-gati22lb-10788635/p
Supermercado,Desodorante UnStopables Air Fresh Febreze 8.8oz,404.00 USD (x1),404.00 USD (x1),https://www.elmachetazo.com/desodorante-unstopables-air-fresh-febreze-88oz-10806796/p
Supermercado,Desodorante Air Ocean Febreze 8.8oz,371.00 USD (x1),371.00 USD (x1),https://www.elmachetazo.com/desodorante-air-ocean-febreze-88oz-10806741/p
Supermercado,Four Loko Sandía 473ml,225.00 USD (x1),250.00 USD (x1),https://www.elmachetazo.com/four-loko-sandia-473ml-10518227/p
Supermercado,Cerveza Balboa Ice Botella Retornable|330ml,50.00 USD (x1),50.00 USD (x1),https://www.elmachetazo.com/cerveza-balboa-ice-botella-retornable-330ml-10509619/p
Supermercado,Coctel Cortez Ron Cola 355ml,100.00 USD (x1),100.00 USD (x1),https://www.elmachetazo.com/coctel-cortez-ron-cola-355ml-10748372/p
Supermercado,Vodka New Amsterdam 750ml,1025.00 USD (x1),1025.00 USD (x1),https://www.elmachetazo.com/vodka-new-amsterdam-750ml-10568140/p
Supermercado,Pringles Wavy Sweet & Tangy BBQ Crisps|137g,308.00 USD (x1),308.00 USD (x1),https://www.elmachetazo.com/pringles-wavy-sweet--tangy-bbq-crisps137g-10763542/p
Supermercado,Pringles Wavy Jalapeño Crisp 137g,232.00 USD (x1),232.00 USD (x1),https://www.elmachetazo.com/pringles-wavy-jalapeno-crisp-137g-10763544/p
Supermercado,Crema Corporal Jergens Original 400 ml,1087.00 USD (x1),1087.00 USD (x1),https://www.elmachetazo.com/crema-corporal-jergens-original-400-ml-10404848/p
Supermercado,Crema Corporal Jergens Ultra Humectante 295 ml,765.00 USD (x1),765.00 USD (x1),https://www.elmachetazo.com/crema-corporal-jergens-ultra-humectante-295-ml-10404849/p
Supermercado,Cerveza Cristal Extra Fina Lata 355ml,86.00 USD (x1),86.00 USD (x1),https://www.elmachetazo.com/cerveza-cristal-extra-fina-lata-355ml-10822040/p
Supermercado,Papas Dipn Wedges McCain 624g,407.00 USD (x1),407.00 USD (x1),https://www.elmachetazo.com/papas-dipn-wedges-mccain-624g-10809313/p
Supermercado,Salchichas Pollo Gwaltney Frank 12oz,249.00 USD (x1),249.00 USD (x1),https://www.elmachetazo.com/salchichas-pollo-gwaltney-frank-12oz-10404490/p
Supermercado,Desinfectante Valley Fresh Lavanda 1 Galón,450.00 USD (x1),450.00 USD (x1),https://www.elmachetazo.com/desinfectante-valley-fresh-lavanda-1-galon-10829031/p
Supermercado,Vodka Stanislav 1750 cc,1955.00 USD (x1),1955.00 USD (x1),https://www.elmachetazo.com/vodka-stanislav-1750-cc-10011908/p
Supermercado,Crema para Café Non Dairy Creamer Kraft 16 oz,455.00 USD (x1),455.00 USD (x1),https://www.elmachetazo.com/crema-para-cafe-non-dairy-creamer-kraft-16-oz-10028509/p
Supermercado,Aderezo Zesty Italian Kraft 16oz,487.00 USD (x1),487.00 USD (x1),https://www.elmachetazo.com/aderezo-zesty-italian-kraft-16oz-10000971/p
Supermercado,Aderezo Thousand Island Sin Grasa Kraft 16oz,488.00 USD (x1),488.00 USD (x1),https://www.elmachetazo.com/aderezo-thousand-island-sin-grasa-kraft-16oz-10001109/p
Supermercado,Vinagreta Balsámica Kraft 16oz,487.00 USD (x1),487.00 USD (x1),https://www.elmachetazo.com/vinagreta-balsamica-kraft-16oz-10017821/p
Supermercado,Desinfectante Spum Lavanda 1 galón,515.00 USD (x1),693.00 USD (x1),https://www.elmachetazo.com/desinfectante-spum-lavanda-1-galon-10818297/p
Supermercado,Desinfectante Multiuso Sanytol 750ml,330.00 USD (x1),330.00 USD (x1),https://www.elmachetazo.com/desinfectante-multiuso-sanytol-750ml-10827269/p
Supermercado,Suavizante Elegance Downy 2600 ml,583.00 USD (x1),583.00 USD (x1),https://www.elmachetazo.com/suavizante-elegance-downy-2600-ml-10830454/p
Supermercado,Detergente Rocío|2500g,533.00 USD (x1),589.00 USD (x1),https://www.elmachetazo.com/detergente-rocio2500g-10830536/p
Supermercado,Crema Facial Hidratante Gel Rosas Nivea 50ml,1334.00 USD (x1),1334.00 USD (x1),https://www.elmachetazo.com/crema-facial-hidratante-gel-rosas-nivea-50ml-10823030/p
Supermercado,Gel Limpiador MicellAIR Rosas Nivea 150ml,1250.00 USD (x1),1250.00 USD (x1),https://www.elmachetazo.com/gel-limpiador-micellair-rosas-nivea-150ml-10773165/p
Supermercado,Helado Vainilla Nevada|1/2 Galón,580.00 USD (x1),580.00 USD (x1),https://www.elmachetazo.com/helado-vainilla-nevada12-galon-10526873/p
Supermercado,Jabón Fresh Deodorant Smart Choice Tripack 125g,139.00 USD (x1),139.00 USD (x1),https://www.elmachetazo.com/jabon-fresh-deodorant-smart-choice-tripack-125g-10804466/p
Supermercado,Jabón Coco Smart Choice Tripack 125g,139.00 USD (x1),139.00 USD (x1),https://www.elmachetazo.com/jabon-coco-smart-choice-tripack-125g-10804469/p
Supermercado,Jabón Canela Smart Choice Tripack 125g,139.00 USD (x1),139.00 USD (x1),https://www.elmachetazo.com/jabon-canela-smart-choice-tripack-125g-10804467/p
Supermercado,Jabón Avena Smart Choice Tripack 125g,139.00 USD (x1),139.00 USD (x1),https://www.elmachetazo.com/jabon-avena-smart-choice-tripack-125g-10804468/p
Supermercado,Té Cero Azúcar Melocotón Tropical 500ml,78.00 USD (x1),78.00 USD (x1),https://www.elmachetazo.com/te-cero-azucar-melocoton-tropical-500ml-10795820/p
Supermercado,Té Cero Azúcar Frutas Tropicales Topical 500ml,78.00 USD (x1),78.00 USD (x1),https://www.elmachetazo.com/te-cero-azucar-frutas-tropicales-topical-500ml-10795822/p
Supermercado,Pañal Desechable Pampers Splashers|E4|11U,895.00 USD (x1),895.00 USD (x1),https://www.elmachetazo.com/panal-desechable-pampers-splasherse411u-10806548/p
Supermercado,Repuesto Automático Cielo Brisa de Mar Glade 175g,949.00 USD (x1),949.00 USD (x1),https://www.elmachetazo.com/repuesto-automatico-cielo-brisa-de-mar-glade-175g-10820967/p
Supermercado,Aromatizante Glade Repuesto Mora Radiante 63ml,1033.00 USD (x1),1033.00 USD (x1),https://www.elmachetazo.com/aromatizante-glade-repuesto-mora-radiante-63ml-10823509/p
Supermercado,Aromatizante Mini Gel Mora Radiante Glade 70g,168.00 USD (x1),168.00 USD (x1),https://www.elmachetazo.com/aromatizante-mini-gel-mora-radiante-glade-70g-10823507/p
Supermercado,Dinner Lasagna Chef Boyardee 14.5oz,159.00 USD (x1),159.00 USD (x1),https://www.elmachetazo.com/dinner-lasagna-chef-boyardee-145oz-10805332/p
Supermercado,Galletas Salmas con Chía y Linaza 144g,324.00 USD (x1),324.00 USD (x1),https://www.elmachetazo.com/galletas-salmas-con-chia-y-linaza-144g-10797044/p
Supermercado,Aromatizante Aerosol Glade Odisea Azul|275ml,231.00 USD (x1),231.00 USD (x1),https://www.elmachetazo.com/aerosol-aromatizante-odisea-azul-glade-275ml-10818420/p
Supermercado,Aromatizante Aerosol Frutos Rojos Glade 275ml,231.00 USD (x1),231.00 USD (x1),https://www.elmachetazo.com/aromatizante-aerosol-frutos-rojos-glade-275ml-10818418/p
Supermercado,Bebida Nutricional Bénet Vainilla sin Azúcar|400g,1304.00 USD (x1),1304.00 USD (x1),https://www.elmachetazo.com/bebida-nutricional-benet-vainilla-sin-azucar-400g-10776663/p
Supermercado,Batido Nutricional Bénet Inmunidad 200g,895.00 USD (x1),895.00 USD (x1),https://www.elmachetazo.com/batido-nutricional-benet-inmunidad-200g-10828901/p
Supermercado,Batido Nutricional Alimenticio Inmunidad Benet 200g,895.00 USD (x1),895.00 USD (x1),https://www.elmachetazo.com/batido-nutricional-alimenticio-inmunidad-benet-200g-10828902/p
Supermercado,Aceitunas Verdes Rellenas Ballester|340g,255.00 USD (x1),255.00 USD (x1),https://www.elmachetazo.com/aceitunas-verdes-rellenas-ballester-340g-10795548/p
Supermercado,Aceitunas Gordal con Hueso Ballester 340g,269.00 USD (x1),269.00 USD (x1),https://www.elmachetazo.com/aceitunas-gordal-con-hueso-ballester-340g-10795553/p
Supermercado,Cerveza Amstel Light Botella 355 ml,140.00 USD (x1),140.00 USD (x1),https://www.elmachetazo.com/cerveza-amstel-light-botella-355-ml-10799027/p
Supermercado,Jabón Carey Avena 125g Pague 3 Lleve 1 Gratis,249.00 USD (x1),249.00 USD (x1),https://www.elmachetazo.com/jabon-carey-avena-125g--pague-3-lleve-1-gratis-10823403/p
Supermercado,Toalla Femenina Kotex Nocturna|40 Unidades,809.00 USD (x1),899.00 USD (x1),https://www.elmachetazo.com/toalla-femenina-kotex-nocturna40-unidades-10795895/p
Supermercado,Toalla Femenina Kotex Nocturna|10 Unidades,233.00 USD (x1),233.00 USD (x1),https://www.elmachetazo.com/toalla-femenina-kotex-nocturna10-unidades-10576416/p
Supermercado,"Bolsa de Basura Smart Choice|32""x40""|6 Unidades",139.00 USD (x1),139.00 USD (x1),https://www.elmachetazo.com/bolsa-de-basura-smart-choice32x406-unidades-10802488/p
Supermercado,"Bolsa de Basura Smart Choice 24""x30""|12 Unidades",72.00 USD (x1),72.00 USD (x1),https://www.elmachetazo.com/bolsa-de-basura-smart-choice-24x3012-unidades-10802485/p
Supermercado,"Bolsa de Basura Smart Choice18""x23""|12 Unidades",49.00 USD (x1),49.00 USD (x1),https://www.elmachetazo.com/bolsa-de-basura--smart-choice18x2312-unidades-10802483/p
Supermercado,Alimento Perro Receta Pavo en Salsa|3.5 oz,129.00 USD (x1),129.00 USD (x1),https://www.elmachetazo.com/alimento-perro-receta-pavo-en-salsa35-oz-10656458/p
Supermercado,Alimento Perro Receta Top Sirloin Carne|3.5 oz,129.00 USD (x1),129.00 USD (x1),https://www.elmachetazo.com/alimento-perro-receta-top-sirloin-carne35-oz-10656476/p
Supermercado,Alimento Perro Receta Carne Pollo|3.5 oz,129.00 USD (x1),129.00 USD (x1),https://www.elmachetazo.com/alimento-perro-receta-carne-pollo35-oz-10656485/p
Supermercado,Alimento para Perro Receta Pollo a la Plancha|3.5 oz,129.00 USD (x1),129.00 USD (x1),https://www.elmachetazo.com/alimento-para-perro-receta-pollo-a-la-plancha35-oz-10530533/p
Supermercado,Alimento Perro Receta Carne Original|3.5 oz,129.00 USD (x1),129.00 USD (x1),https://www.elmachetazo.com/alimento-perro-receta-carne-original35-oz-10530530/p
Supermercado,Alimento para Perro Cesar Receta Filete Mignon|6.7 oz,559.00 USD (x1),559.00 USD (x1),https://www.elmachetazo.com/alimento-para-perro-cesar-receta-filete-mignon67-oz-10656492/p
Supermercado,Jabón Garrapaticida y Sarnicida 100g,235.00 USD (x1),235.00 USD (x1),https://www.elmachetazo.com/jabon-garrapaticida-y-sarnicida-100g-10031510/p
Supermercado,Papas Pringles Pizza 124 g,248.00 USD (x1),248.00 USD (x1),https://www.elmachetazo.com/papas-pringles-pizza-124-g-10671783/p
Supermercado,Acondicionador Purificación Capilar H&S 150ml,518.00 USD (x1),518.00 USD (x1),https://www.elmachetazo.com/acondicionador-purificacion-capilar-hs-150ml-10820633/p
Supermercado,Aceite de Coco Nutiva|15 oz,1219.00 USD (x1),1219.00 USD (x1),https://www.elmachetazo.com/aceite-de-coco-nutiva-15oz-10819573/p
Supermercado,Vinos Blueberry Anthony's Farm 750ml,493.00 USD (x1),493.00 USD (x1),https://www.elmachetazo.com/vinos-blueberry--anthonys-farm-750ml-10819759/p
Supermercado,Vinos Raspberry Anthony's Farm 750ml,493.00 USD (x1),493.00 USD (x1),https://www.elmachetazo.com/vinos-raspberry-anthonys-farm-750ml-10819760/p
Supermercado,Vinos Bianco Anthony's Farm 750ml,493.00 USD (x1),493.00 USD (x1),https://www.elmachetazo.com/vinos-bianco-anthonys-farm-750ml-10819761/p
Supermercado,Vino Peach Anthony's Farm 750ml,493.00 USD (x1),493.00 USD (x1),https://www.elmachetazo.com/vino-peach-anthonys-farm-750ml-10819762/p
Supermercado,Dulce De Leche Alpina|250g,272.00 USD (x1),320.00 USD (x1),https://www.elmachetazo.com/dulce-de-leche-alpina250g-10821030/p
Supermercado,Dulce de Leche Six Pack Alpina|50g,314.00 USD (x1),369.00 USD (x1),https://www.elmachetazo.com/dulce-de-leche-six-pack-alpina50g-10821031/p
Supermercado,Galletas Crackers Tomate y Orégano|150g,99.00 USD (x1),99.00 USD (x1),https://www.elmachetazo.com/galletas-crackers-original-tomate-y-oregano-adoro-150g-10821247/p
Supermercado,Galletas Choco Chips Adoro 300g,249.00 USD (x1),249.00 USD (x1),https://www.elmachetazo.com/galletas-choco-chips-adoro-300g-10821245/p
Supermercado,Agua Aquaviva 1.5 litros,111.00 USD (x1),111.00 USD (x1),https://www.elmachetazo.com/agua-aquaviva--15-litros-10820828/p
Supermercado,Collar para Perro Mediano 3x54cm,369.00 USD (x1),369.00 USD (x1),https://www.elmachetazo.com/collar-para-perro-mediano-3x54cm-10820273/p
Supermercado,Collar para Perro,169.00 USD (x1),169.00 USD (x1),https://www.elmachetazo.com/collar-para-perro-10820269/p
Supermercado,Papas Fritas Cebolla|110g,109.00 USD (x1),129.00 USD (x1),https://www.elmachetazo.com/papas-fritas-sour-cream--onion-110gr-10821400/p
Supermercado,Papas Fritas Sabor Queso 110gr,109.00 USD (x1),129.00 USD (x1),https://www.elmachetazo.com/papas-fritas-sabor-queso-110gr-10821397/p
Supermercado,Té de Jengibre Miel y Limón Caja 20 Bolsitas,130.00 USD (x1),130.00 USD (x1),https://www.elmachetazo.com/te-de-jengibre-miel-y-limon-caja-20-bolsitas-10804501/p
Supermercado,Té de Jengibre Golden Selection|10 Bolsitas,135.00 USD (x1),135.00 USD (x1),https://www.elmachetazo.com/te-de-jengibre-golden-selection-10-bolsitas-10804507-machetazo/p
Supermercado,Té Negro Caja 20 Bolsitas,125.00 USD (x1),125.00 USD (x1),https://www.elmachetazo.com/te-negro-caja-20-bolsitas-10804500/p
Supermercado,Jamonilla de Puerco Golden Selection|190g,104.00 USD (x1),104.00 USD (x1),https://www.elmachetazo.com/jamonilla-de-puerco-golden-selection190g-10779255/p
Supermercado,Carne de Res Golden Selection|340g,249.00 USD (x1),249.00 USD (x1),https://www.elmachetazo.com/carne-de-res-golden-selection340g-10779256/p
Supermercado,Jamonada Fiambre de Cerdo Golden Selection|320g,137.00 USD (x1),137.00 USD (x1),https://www.elmachetazo.com/jamonada-fiambre-de-cerdo-golden-selection320g-10779254/p
Supermercado,Granuts Tarro Arándanos Mix,656.00 USD (x1),656.00 USD (x1),https://www.elmachetazo.com/granuts-tarro-arandanos-mix-10813801/p
Supermercado,Ron Flor de Caña 12 Años 750ml,3207.00 USD (x1),3207.00 USD (x1),https://www.elmachetazo.com/ron-flor-de-cana-12-anos-750ml-10489343/p
Supermercado,Pañal Desechable Pampers Supersec|XXG|34 Unidades,1131.00 USD (x1),1131.00 USD (x1),https://www.elmachetazo.com/panal-desechable-pampers-supersecxxg34-unidades-10816068/p
Supermercado,Pañal Desechable Pampers Supersec|XG|40 unidades,1131.00 USD (x1),1131.00 USD (x1),https://www.elmachetazo.com/panal-desechable-pampers-supersecxg40-unidades-10816067/p
Supermercado,Pañal Desechable Pampers Supersec|G|46 Unidades,1131.00 USD (x1),1131.00 USD (x1),https://www.elmachetazo.com/panal-desechable-pampers-supersecg46-unidades-10816066/p
Supermercado,Planters Mixed Nuts|10.3 oz,823.00 USD (x1),823.00 USD (x1),https://www.elmachetazo.com/planters-mixed-nuts-103oz-10440551/p
Supermercado,Galletas Oreo Display Wacam 36g x 8 unidades,261.00 USD (x1),261.00 USD (x1),https://www.elmachetazo.com/galletas-oreo-display-wacam-36g-x-8-unidades-10820447/p
Supermercado,Jabón Barra Duo Protect Protex 110g x 3pack,342.00 USD (x1),342.00 USD (x1),https://www.elmachetazo.com/jabon-barra-duo-protect-protex-110g-x-3pack-10820622/p
Supermercado,Jabón Líquido de Manos Duo Protect Protex 400ml,395.00 USD (x1),395.00 USD (x1),https://www.elmachetazo.com/jabon-liquido-de-manos-duo-protect-protex-400ml-10820623/p
Supermercado,Nesquik Chocolate Cereal Cubo|30g,53.00 USD (x1),53.00 USD (x1),https://www.elmachetazo.com/nesquik-chocolate-cereal-cubo30g-10801968/p
Supermercado,Bebida de Coco Nature's Heart|946ml,295.00 USD (x1),295.00 USD (x1),https://www.elmachetazo.com/bebida-de-coco-natures-heart946ml-10523991/p
Supermercado,Jugoso al Sartén Tortitas de Carne Maggi|24g,98.00 USD (x1),98.00 USD (x1),https://www.elmachetazo.com/jugoso-al-sarten-tortitas-de-carne-maggi24g-10797032/p
Supermercado,Kit Kat 2 Finger Doypack 8 unidades de 20.7g,403.00 USD (x1),403.00 USD (x1),https://www.elmachetazo.com/kit-kat-2-finger-doypack-8-unidades-de-207g-10812432/p
Supermercado,Cereal Crunch|330g,447.00 USD (x1),447.00 USD (x1),https://www.elmachetazo.com/crunch-cereal-caja-330g-10808150/p
Supermercado,Sopa Ramen Res Nissin 100g,75.00 USD (x1),75.00 USD (x1),https://www.elmachetazo.com/sopa-ramen-res-nissin-100g-10819074/p
Supermercado,Pañal Bummis Premium|G|28 Unidades,695.00 USD (x1),695.00 USD (x1),https://www.elmachetazo.com/panal-bummis-premiumg28-unidades-10816052/p
Supermercado,Pañal Bummis Premium|XG|14 Unidades,495.00 USD (x1),495.00 USD (x1),https://www.elmachetazo.com/panal-bummis-premiumxg14-unidades-10816271/p
Supermercado,Pañal Bummis Premium|G|18 Unidades,595.00 USD (x1),595.00 USD (x1),https://www.elmachetazo.com/panal-bummis-premiumg18-unidades-10816050/p
Supermercado,Detergente Líquido Doble Concentrado Ariel|1900ml,1006.00 USD (x1),1006.00 USD (x1),https://www.elmachetazo.com/detergente-liquido-doble-concentrado-ariel1900ml-10818434/p
Supermercado,ChocoRico Leche Saborizada|200ml,47.00 USD (x1),47.00 USD (x1),https://www.elmachetazo.com/chocorico-leche-saborizada200ml-10760854/p
Supermercado,Salsa Spaghetti Marinara 14 onzas,329.00 USD (x1),329.00 USD (x1),https://www.elmachetazo.com/salsa-spaghetti-marinara-14-onzas-10761478/p
Supermercado,Alimento para Perro Master Dog Cachorro Carne |1 kg,310.00 USD (x1),310.00 USD (x1),https://www.elmachetazo.com/master-dog-cachorro-carne-y-leche-1kg-10804731/p
Supermercado,Alimento para Perro Master Dog Trocitos Jugosos |85g,83.00 USD (x1),83.00 USD (x1),https://www.elmachetazo.com/master-dog-trocitos-jugosos-cachorros85g-10804738/p
Supermercado,Alimento para Perro Master Dog Cachorro Pollo |100g,80.00 USD (x1),80.00 USD (x1),https://www.elmachetazo.com/master-dog-trocitos-jugosos-pollo100g-10804741/p
Supermercado,Alimento para Perro Master Dog Cachorro Carne|3 kg,889.00 USD (x1),889.00 USD (x1),https://www.elmachetazo.com/master-dog-cachorro-3kg-10318267/p
Supermercado,Alimento para Perro Master Dog Adulto Razas Pequeñas |8kg,2012.00 USD (x1),2012.00 USD (x1),https://www.elmachetazo.com/master-dog-adulto-razas-pequenas-8kg-10804729/p
Supermercado,Alimento para Perro Master Dog Adulto Razas Pequeñas |3 kg,859.00 USD (x1),859.00 USD (x1),https://www.elmachetazo.com/master-dog-adulto-razas-pequenas-3kg-10804726/p
Supermercado,Alimento para Perro Master Dog Adulto Carne |3 kg,859.00 USD (x1),859.00 USD (x1),https://www.elmachetazo.com/master-dog-adulto-sabor-a-carne-3kg-10001511/p
Supermercado,Alimento para Perro Master Dog Adulto Sabor a Pollo |9kg,1846.00 USD (x1),1846.00 USD (x1),https://www.elmachetazo.com/master-dog-adulto-sabor-a-pollo-9kg-10804724/p
Supermercado,Alimento para Perro Master Dog Adulto Sabor a Pollo |3 kg,859.00 USD (x1),859.00 USD (x1),https://www.elmachetazo.com/master-dog-adulto-sabor-a-pollo-3kg-10001512/p
Supermercado,Alimento para Perro Master Dog Adulto Sabor a Pollo |1kg,299.00 USD (x1),299.00 USD (x1),https://www.elmachetazo.com/master-dog-adulto-sabor-a-pollo-1kg-10254193/p
Supermercado,Queso Parmesano La Parmigiana 3oz,409.00 USD (x1),409.00 USD (x1),https://www.elmachetazo.com/queso-parmesano-la-parmigiana-3oz-10791348/p
Supermercado,Lasagna Precocida Gallo 500g,347.00 USD (x1),347.00 USD (x1),https://www.elmachetazo.com/lasagna-precocida-gallo-500g-10780608/p
Supermercado,Mascarilla Facial Garnier Express Aclara,339.00 USD (x1),339.00 USD (x1),https://www.elmachetazo.com/mascarilla-facial-garnier-express-aclara-10819787/p
Supermercado,Crema Exfoliante Facial 3 en 1 Garnier 150ml,1169.00 USD (x1),1169.00 USD (x1),https://www.elmachetazo.com/crema-exfoliante-facial-3-en-1-garnier-150ml-10778971/p
Supermercado,Gel Limpiador Facial 3 en 1 Efecto Mate Nivea 150ml,1210.00 USD (x1),1210.00 USD (x1),https://www.elmachetazo.com/gel-limpiador-facial-3-en-1-efecto-mate-nivea-150ml-10802651/p
Supermercado,Crema-Gel Facial Efecto Mate FPS 30 Nivea 50ml,1110.00 USD (x1),1110.00 USD (x1),https://www.elmachetazo.com/crema-gel-facial-efecto-mate-fps-30-nivea-50ml-10773168/p
Supermercado,Mascarilla Efecto Mate Nivea 75ml,524.00 USD (x1),524.00 USD (x1),https://www.elmachetazo.com/mascarilla-efecto-mate-nivea-75ml-10773167/p
Supermercado,Bebida Aloe Pomegranate Pure Plus 500ml,125.00 USD (x1),125.00 USD (x1),https://www.elmachetazo.com/bebida-aloe-pomegranate-pure-plus-500ml-10777332/p
Supermercado,Bebida Aloe Original Pure Plus 500ml,161.00 USD (x1),161.00 USD (x1),https://www.elmachetazo.com/bebida-aloe-original-pure-plus-500ml-10777329/p
Supermercado,Aceite de Soya La Parmigiana|5 Litros,1548.00 USD (x1),1548.00 USD (x1),https://www.elmachetazo.com/aceite-de-soya-la-parmigiana-5-litros-10808680/p
Supermercado,Crema Facial Nivea Efecto Mate 50ml,399.00 USD (x1),399.00 USD (x1),https://www.elmachetazo.com/crema-facial-nivea-efecto-mate-50ml-10773169/p
Supermercado,Aceite de Soya La Parmigiana|500ml,185.00 USD (x1),185.00 USD (x1),https://www.elmachetazo.com/aceite-de-soya-la-parmigiana-500ml-10808659/p
Supermercado,Aceite de Soya La Parmigiana|3 Litros,957.00 USD (x1),957.00 USD (x1),https://www.elmachetazo.com/aceite-de-soya-la-parmigiana-3-litros-10808679/p
Supermercado,Aceite de Soya La Parmigiana|1.5 Litros,345.00 USD (x1),345.00 USD (x1),https://www.elmachetazo.com/aceite-de-soya-la-parmigiana-1500ml-10808678/p
Supermercado,Queso Gouda Rebanado Grand'or 160g,407.00 USD (x1),407.00 USD (x1),https://www.elmachetazo.com/queso-gouda-rebanado-grandor-160g-10776254/p
Supermercado,Queso Edam Rebanado Grand’or 160g,407.00 USD (x1),407.00 USD (x1),https://www.elmachetazo.com/queso-edam-rebanado-grandor-160g-10776253/p
Supermercado,Quitamanchas Gel Oxi Clean Ultra 600ml,390.00 USD (x1),390.00 USD (x1),https://www.elmachetazo.com/quitamanchas-gel-oxi-clean-ultra-600ml-10778842/p
Supermercado,Pasta de Tomate Rustica Pomodoro Divella 680g,335.00 USD (x1),335.00 USD (x1),https://www.elmachetazo.com/pasta-de-tomate-rustica-pomodoro-divella-680g-10792135/p
Supermercado,Limpiador de Horno Aerosol PowerHouse 12 oz,246.00 USD (x1),246.00 USD (x1),https://www.elmachetazo.com/limpiador-de-horno-aerosol-powerhouse-12-oz-10797499/p
Supermercado,Limpiador Multipropósito Naranja PowerHouse 22 oz,205.00 USD (x1),205.00 USD (x1),https://www.elmachetazo.com/limpiador-multiproposito-naranja-powerhouse-22-oz-10797526/p
Supermercado,Jugo de Piña Tropidali|12 oz,122.00 USD (x1),122.00 USD (x1),https://www.elmachetazo.com/jugo-de-pina-tropidali12-oz-10811495/p
Supermercado,Pollo Crujiente con Salsa Mandarina Gardein 10.5 oz,699.00 USD (x1),699.00 USD (x1),https://www.elmachetazo.com/pollo-crujiente-con-salsa-mandarina-gardein-105-oz-10799377/p
Supermercado,Esponja Desengrasante Powerhouse 10 unidades,183.00 USD (x1),183.00 USD (x1),https://www.elmachetazo.com/esponja-desengrasante-powerhouse-10-unidades-10797524/p
Supermercado,Detergente Lila y Flores Sip 3000g,823.00 USD (x1),823.00 USD (x1),https://www.elmachetazo.com/detergente-lila-y-flores-sip-3000g-10811549/p
Supermercado,Café 1820 Molido Clásico sobre 250g,355.00 USD (x1),355.00 USD (x1),https://www.elmachetazo.com/cafe-1820-molido-clasico-sobre-250g-10819995/p
Supermercado,Bebida sabor Almendra Original Sin Endulzante Plant Revolution 946ml,260.00 USD (x1),260.00 USD (x1),https://www.elmachetazo.com/bebida-sabor-almendra-original-sin-endulzante-plant-revolution-946ml-10819884/p
Supermercado,Café Saborizado TYM Vainilla 200 gr,379.00 USD (x1),379.00 USD (x1),https://www.elmachetazo.com/cafe-saborizado-tym-vainilla-200-gr-10812003/p
Supermercado,Jabón Tocador Coral Beige 150g x4 unidades,385.00 USD (x1),385.00 USD (x1),https://www.elmachetazo.com/jabon-tocador-coral-beige-150g-x4-unidades-10811961/p
Supermercado,Vino Albariño Sonrío cuando Llueve 750ml,1238.00 USD (x1),1238.00 USD (x1),https://www.elmachetazo.com/vino-albarino-sonrio-cuando-llueve-750ml-10804484/p
Supermercado,Endulzante Sweet-O|1g|42 Unidades,214.00 USD (x1),214.00 USD (x1),https://www.elmachetazo.com/endulzante-sweet-o-1g-x-42-unidades-10802573-machetazo/p
Supermercado,Edulcorante Svetia|1g|100 Unidades,675.00 USD (x1),675.00 USD (x1),https://www.elmachetazo.com/edulcorante-svetia-1g-100-unidades-10802571-machetazo/p
Supermercado,Infusión Ligero Tosh 20 unidades,159.00 USD (x1),159.00 USD (x1),https://www.elmachetazo.com/infusion-ligero-tosh-20-unidades-10802569/p
Supermercado,Helado Ben&Jerry's Caramelo y Brownies 16oz,649.00 USD (x1),649.00 USD (x1),https://www.elmachetazo.com/helado-benjerrys-caramelo-y-brownies-16oz-10799376/p
Supermercado,Café Tradicional Instantáneo Los Portales 90g,435.00 USD (x1),435.00 USD (x1),https://www.elmachetazo.com/cafe-tradicional-instantaneo-los-portales-90g-10795562/p
Supermercado,Soda Big Cola|Lata|355ml,50.00 USD (x1),50.00 USD (x1),https://www.elmachetazo.com/soda-big-cola-lata-355ml-10818353-machetazo/p
Supermercado,Leche en Polvo Saborizada Chocolisto 220g,228.00 USD (x1),228.00 USD (x1),https://www.elmachetazo.com/leche-en-polvo-saborizada-chocolisto-220g-10814077/p
Supermercado,Café Descafeinado Instantáneo Los Portales 50g,292.00 USD (x1),292.00 USD (x1),https://www.elmachetazo.com/cafe-descafeinado-instantaneo-los-portales-50g-10795559/p
Supermercado,Salchichas Pavo All Natural Butterball 8oz,504.00 USD (x1),504.00 USD (x1),https://www.elmachetazo.com/salchichas-pavo-all-natural-butterball-8oz-10791364/p
Supermercado,Avena Instantánea con Canela Avelina|350g,156.00 USD (x1),156.00 USD (x1),https://www.elmachetazo.com/avena-instantanea-con-canela-avelina350g-10812069/p
Supermercado,Avena Instantánea Pasas y Almendras Avelina| 350g,156.00 USD (x1),156.00 USD (x1),https://www.elmachetazo.com/avena-instantanea-pasas-y-almendras-avelina-350g-10812074/p
Supermercado,Avena Hojuela Avelina| 400g,66.00 USD (x1),66.00 USD (x1),https://www.elmachetazo.com/avena-hojuela-avelina-400g-10812059/p
Supermercado,Avena Hojuela Cocción Rápida Avelina| 800g,149.00 USD (x1),149.00 USD (x1),https://www.elmachetazo.com/avena-hojuela-coccion-rapida-avelina-800g-10812058/p
Supermercado,Avena Hojuela Cocción Rápida Avelina| 400g,68.00 USD (x1),68.00 USD (x1),https://www.elmachetazo.com/avena-hojuela-coccion-rapida-avelina-400g-10812057/p
Supermercado,Papas Pringles BBQ Crips Mega Stack|203g,343.00 USD (x1),343.00 USD (x1),https://www.elmachetazo.com/papas-pringles-bbq-crips-mega-stack203g-10802531/p
Supermercado,Papel Higiénico Comfort|12 Unidades,449.00 USD (x1),449.00 USD (x1),https://www.elmachetazo.com/papel-higienico-comfort12-unidades-10804760/p
Supermercado,Rollo de Pechuga de Pollo con Especias Empacado Melo|454 g,485.00 USD (x1),485.00 USD (x1),https://www.elmachetazo.com/rollo-de-pechuga-de-pollo-con-especias-empacado-melo454-g-10810074/p
Supermercado,Jamón de Pollo Tipo Canadian Melo|454 g,580.00 USD (x1),580.00 USD (x1),https://www.elmachetazo.com/jamon-de-pollo-tipo-canadian-melo454-g-10810071/p
Supermercado,Shampoo 2en1 Control Caspa Limpieza Purificante Palmolive Naturals 180ml,358.00 USD (x1),358.00 USD (x1),https://www.elmachetazo.com/shampoo-2en1-control-caspa-limpieza-purificante-palmolive-naturals-180ml-10766464/p
Supermercado,Shampoo 2en1 Control Caspa Citrus Palmolive Naturals 380ml + 200ml,508.00 USD (x1),508.00 USD (x1),https://www.elmachetazo.com/shampoo-2en1-control-caspa-citrus-palmolive-naturals-380ml--200ml-10734481/p
Supermercado,Shampoo 2en1 Control Caspa Citrus Palmolive Naturals 380ml,334.00 USD (x1),334.00 USD (x1),https://www.elmachetazo.com/shampoo-2en1-control-caspa-citrus-palmolive-naturals-380ml-10721724/p
Supermercado,Shampoo Acti -Ceramidas Palmolive Naturals 750ml,629.00 USD (x1),629.00 USD (x1),https://www.elmachetazo.com/shampoo-acti--ceramidas-palmolive-naturals-750ml-10682764/p
Supermercado,Chocolate Gallito Mini Tapita Bolsa|49g,106.00 USD (x1),106.00 USD (x1),https://www.elmachetazo.com/chocolate-gallito-mini-tapita-bolsa49g-10816196/p
Supermercado,Aguardiente Blanco Del Valle Fiesta 750ml,725.00 USD (x1),725.00 USD (x1),https://www.elmachetazo.com/aguardiente-blanco-del-valle-fiesta-750ml-10815873/p
Supermercado,Aguardiente Blanco Del Valle Fiesta Sin Azúcar 24%|375ml,488.00 USD (x1),488.00 USD (x1),https://www.elmachetazo.com/aguardiente-blanco-del-valle-fiesta-sin-azucar-24375ml-10815872/p
Supermercado,Cerveza Toña Light 3.8% Lata 350ml,101.00 USD (x1),101.00 USD (x1),https://www.elmachetazo.com/cerveza-tona-light-38-lata-350ml-10815878/p
Supermercado,Cerveza Toña 4.6% Lata 350ml,105.00 USD (x1),105.00 USD (x1),https://www.elmachetazo.com/cerveza-tona-46-lata-350ml-10815876/p
Supermercado,Cerveza Toña 4.6% Botella 350ml,112.00 USD (x1),112.00 USD (x1),https://www.elmachetazo.com/cerveza-tona-46-botella-350ml-10815875/p
Supermercado,Perrier & Juice Slimcan Pineapple Mango 250ml,135.00 USD (x1),135.00 USD (x1),https://www.elmachetazo.com/perrier--juice-slimcan-pineapple-mango-250ml-10815868/p
Supermercado,Perrier & Juice Slimcan Lemon Guava 250ml,134.00 USD (x1),134.00 USD (x1),https://www.elmachetazo.com/perrier--juice-slimcan-lemon-guava-250ml-10815867/p
Supermercado,Sex On The Beach Yachting 700ml,750.00 USD (x1),750.00 USD (x1),https://www.elmachetazo.com/sex-on-the-beach-yachting-700ml-10816169/p
Supermercado,Piña Colada Yachting 700ml,688.00 USD (x1),688.00 USD (x1),https://www.elmachetazo.com/pina-colada-yachting--700ml-10816157/p
Supermercado,Nilo Coconut Water with Pulp 320ml,146.00 USD (x1),146.00 USD (x1),https://www.elmachetazo.com/nilo-coconut-water-with-pulp-320ml-10817499/p
Supermercado,Bamboo Mojito 350ml,91.00 USD (x1),91.00 USD (x1),https://www.elmachetazo.com/bamboo-mojito-350ml-10817436/p
Supermercado,Seco Supremo 200ml,175.00 USD (x1),175.00 USD (x1),https://www.elmachetazo.com/seco-supremo-200ml-10816270/p
Supermercado,Toallitas Húmedas para Bebés WaterWipes|180 Unidades,1121.00 USD (x1),1121.00 USD (x1),https://www.elmachetazo.com/toallitas-humedas-para-bebes-waterwipes180-unidades-10770462/p
Supermercado,Toallitas Húmedas para Bebés WaterWipes|60 Unidades,393.00 USD (x1),393.00 USD (x1),https://www.elmachetazo.com/toallitas-humedas-para-bebes-waterwipes60-unidades-10770460/p
Supermercado,Fórmula Nutrilon Premium 3 400g,1195.00 USD (x1),1195.00 USD (x1),https://www.elmachetazo.com/formula-nutrilon-premium-3-400g-10735088/p
Supermercado,Linaza de Fruta Mixta Linafruit 200g,425.00 USD (x1),567.00 USD (x1),https://www.elmachetazo.com/linaza-de-fruta-mixta-linafruit-200g-10469696/p
Supermercado,Nutrilon Premium 2 Pronutra Advance 400g,1420.00 USD (x1),1420.00 USD (x1),https://www.elmachetazo.com/nutrilon-premium-2-pronutra-advance-400g-10029243/p
Supermercado,Nutrilon Proexpert Comfort Omneo 400g,1705.00 USD (x1),1705.00 USD (x1),https://www.elmachetazo.com/nutrilon-proexpert-comfort-omneo-400g-10029094/p
Supermercado,Nutrilon Premium 1 Pronutra Advanced 400g,1475.00 USD (x1),1475.00 USD (x1),https://www.elmachetazo.com/nutrilon-premium-1-pronutra-advanced-400g-10025312/p
Supermercado,Fórmula Nutrilon Premium sin Lactosa 400g,1476.00 USD (x1),1476.00 USD (x1),https://www.elmachetazo.com/formula-nutrilon-premium-sin-lactosa-400g-10025154/p
Supermercado,Shampoo Optims #4 Extra Intensivo Palmolive 200ml,358.00 USD (x1),358.00 USD (x1),https://www.elmachetazo.com/shampoo-optims-4-extra-intensivo-palmolive-200ml-10026341/p
Supermercado,Crema Dental Colgate Total 75ml + Cepillos,700.00 USD (x1),700.00 USD (x1),https://www.elmachetazo.com/crema-dental-colgate-total-75ml--cepillos-10801858/p
Supermercado,Suavitel Spring Ahorra Pack|670ml,185.00 USD (x1),185.00 USD (x1),https://www.elmachetazo.com/suavizante-fresca-primavera-suavitel-670-ml-10802599/p
Supermercado,Mezcla para Salsas Oscuras Bajo en Sodio Mc Cormick 24g,122.00 USD (x1),122.00 USD (x1),https://www.elmachetazo.com/mezcla-para-salsas-oscuras-bajo-en-sodio-mc-cormick-24g-10013100/p
Supermercado,Extracto Imitación de Almendra Mc Cormick 1 oz,239.00 USD (x1),239.00 USD (x1),https://www.elmachetazo.com/extracto-imitacion-de-almendra-mc-cormick-1-oz-10012937/p
Supermercado,Aderezo de Cilantro McCormick|200ml,169.00 USD (x1),169.00 USD (x1),https://www.elmachetazo.com/aderezo-cilantro-mccormick-200ml-10638854/p
Supermercado,Acondicionador Manzanilla Johnson's Baby 400ml,952.00 USD (x1),952.00 USD (x1),https://www.elmachetazo.com/acondicionador-manzanilla-johnsons-baby-400ml-10010847/p
Supermercado,Acondicionador Reconstrucción Completa Dove 200ml,459.00 USD (x1),459.00 USD (x1),https://www.elmachetazo.com/acondicionador-reconstruccion-completa-dove-200ml-10465032/p
Supermercado,Achiote Doraz con Aceite Vegetal|480ml,599.00 USD (x1),599.00 USD (x1),https://www.elmachetazo.com/achiote-liquido-doraz-480ml-10003167/p
Supermercado,Pañuelo Facial Cubo Familia 50und,249.00 USD (x1),249.00 USD (x1),https://www.elmachetazo.com/panuelo-facial-cubo-familia-50und-10015653/p
Supermercado,Protector Diario Brisa Carefree 40 und,384.00 USD (x1),384.00 USD (x1),https://www.elmachetazo.com/protector-diario-brisa-carefree-40-und-10030153/p
Supermercado,Salsa de Piña Al Fresco 200g,65.00 USD (x1),65.00 USD (x1),https://www.elmachetazo.com/salsa-de-pina-al-fresco-200g-10598903/p
Supermercado,Desodorante Stick Invisible Dry Dove 50g,479.00 USD (x1),479.00 USD (x1),https://www.elmachetazo.com/desodorante-stick-invisible-dry-dove-50g-10032667/p
Supermercado,Nescafé Dolce Gusto Cappuccino Skinny|16 Cápsulas,929.00 USD (x1),929.00 USD (x1),https://www.elmachetazo.com/nescafe-dolce-gusto-cappuccino-skinny-16-capsulas-10541463/p
Supermercado,Néctar Melocotón Tetra 330ml,71.00 USD (x1),71.00 USD (x1),https://www.elmachetazo.com/nectar-melocoton-tetra-330ml-10483970/p
Supermercado,Salsa Curry Mc Cormick 148ml,143.00 USD (x1),143.00 USD (x1),https://www.elmachetazo.com/salsa-curry-mc-cormick-148ml-10623361/p
Supermercado,Mezcla para Salsas Fajitas Mc Cormick 31g,121.00 USD (x1),121.00 USD (x1),https://www.elmachetazo.com/mezcla-para-salsas-fajitas-mc-cormick-31g-10012802/p
Supermercado,Vino Tinto Carmenere Reservado Santa Carolina 750ml,500.00 USD (x1),500.00 USD (x1),https://www.elmachetazo.com/vino-tinto-carmenere-reservado-santa-carolina-750ml-10795503/p
Supermercado,Vino Espumante Veuve Du Vernay Ice Rose 750ml,1125.00 USD (x1),1250.00 USD (x1),https://www.elmachetazo.com/vino-espumante-veuve-du-vernay-ice-rose-750ml-10804821/p
Supermercado,Vino Tinto Merlot Reserva Morande Pionero 750ml,631.00 USD (x1),702.00 USD (x1),https://www.elmachetazo.com/vino-tinto-merlot-reserva-morande-pionero-750ml-10376381/p
Supermercado,Vino Blanco Sauvignon Blanc Reserva Morande Pionero 750ml,631.00 USD (x1),702.00 USD (x1),https://www.elmachetazo.com/vino-blanco-sauvignon-blanc-reserva-morande-pionero-750ml-10375857/p
Supermercado,Vino Espumoso Muscat Demi J.P Chenet 750ml,1620.00 USD (x1),1620.00 USD (x1),https://www.elmachetazo.com/vino-espumoso-muscat-demi-jp-chenet-750ml-10791227/p
Supermercado,Vino Espumoso Divine Black Chardonnay Brut J.P Chenet 750ml,1620.00 USD (x1),1620.00 USD (x1),https://www.elmachetazo.com/vino-espumoso-divine-black-chardonnay-brut-jp-chenet-750ml-10791228/p
Supermercado,Pechuga Ahumada Melo|317 g,360.00 USD (x1),360.00 USD (x1),https://www.elmachetazo.com/pechuga-ahumada-melo317-g-10039874/p
Supermercado,Papas Pringles Sour Cream & Onion Mega Stack 203g,343.00 USD (x1),343.00 USD (x1),https://www.elmachetazo.com/papas-pringles-sour-cream--onion-mega-stack-203g-10799296/p
Supermercado,Papas Pringles Originales Mega Stack 203g,343.00 USD (x1),343.00 USD (x1),https://www.elmachetazo.com/papas-pringles-originales-mega-stack-203g-10799295/p
Supermercado,Papas Pringles Cheedar Cheese Mega Stack 203g,300.00 USD (x1),300.00 USD (x1),https://www.elmachetazo.com/papas-pringles-cheedar-cheesemega-stack-203g-10799294/p
Supermercado,Enjuague Bucal Luminous White Brilliant Colgate|250ml,520.00 USD (x1),520.00 USD (x1),https://www.elmachetazo.com/enjuague-bucal-luminous-white-brilliant-colgate250ml-10322895/p
Supermercado,Enjuague Bucal Total 12 Anti Sarro Colgate|500ml,838.00 USD (x1),838.00 USD (x1),https://www.elmachetazo.com/enjuague-bucal-total-12-anti-sarro-colgate500ml-10798724/p
Supermercado,Enjuague Bucal Total 12 Anti Sarro Colgate|250ml,508.00 USD (x1),508.00 USD (x1),https://www.elmachetazo.com/enjuague-bucal-total-12-anti-sarro-colgate250ml-10798725/p
Supermercado,Crema Dental Total 12 Encías Reforzadas Colgate|150ml,650.00 USD (x1),650.00 USD (x1),https://www.elmachetazo.com/crema-dental-total-12-encias-reforzadas-colgate150ml-10810405/p
Supermercado,Crema Dental Total 12 Encías Reforzadas Colgate|75ml,289.00 USD (x1),373.00 USD (x1),https://www.elmachetazo.com/crema-dental-total-12-encias-reforzadas-colgate75ml-10357212/p
Supermercado,Desodorante Roll On W 6 en 1 Cool Care Adidas 50ml,255.00 USD (x1),255.00 USD (x1),https://www.elmachetazo.com/desodorante-roll-on-w--6-en-1-cool-care-adidas-50ml-10665258/p
Supermercado,Desodorante Roll On Woman Climacool Adidas 50ml,306.00 USD (x1),306.00 USD (x1),https://www.elmachetazo.com/desodorante-roll-on-woman-climacool-adidas-50ml-10576763/p
Supermercado,Desodorante Roll On Control Cool & Care Dama Adidas 50ml,285.00 USD (x1),285.00 USD (x1),https://www.elmachetazo.com/desodorante-roll-on-control-cool--care-dama-adidas-50ml-10432015/p
Supermercado,Desodorante Roll On Dama Fresh Cool & Care Adidas 50ml,306.00 USD (x1),306.00 USD (x1),https://www.elmachetazo.com/desodorante-roll-on-dama-fresh-cool--care-adidas-50ml-10432013/p
Supermercado,Desodorante Roll On Get Ready Cool & Care Adidas 50ml,255.00 USD (x1),255.00 USD (x1),https://www.elmachetazo.com/desodorante-roll-on-get-ready-cool--care-adidas-50ml-10464295/p
Supermercado,Desodorante Roll On Men 6 in 1 Adidas 50ml,255.00 USD (x1),255.00 USD (x1),https://www.elmachetazo.com/desodorante-roll-on-men-6-in-1-adidas-50ml-10665257/p
Supermercado,Hongos Enteros Golden Selection|425g,145.00 USD (x1),145.00 USD (x1),https://www.elmachetazo.com/hongos-enteros-golden-selection425g-10774990/p
Supermercado,Salsa de Tomate Golden Selection|340g,99.00 USD (x1),119.00 USD (x1),https://www.elmachetazo.com/salsa-de-tomates-golden-selection340g-10795058/p
Supermercado,Toalla Femenina Kotex Nocturna|16 Unidades,359.00 USD (x1),359.00 USD (x1),https://www.elmachetazo.com/toalla-femenina-kotex-nocturna16-unidades-10795893/p
Supermercado,Chorizo Cerdo Manzana Miel American Star|400g,395.00 USD (x1),395.00 USD (x1),https://www.elmachetazo.com/chorizo-cerdo-manzana-miel-american-star400g-10793405/p
Supermercado,Alita Apanada Family Pack Melo,589.00 USD (x1),589.00 USD (x1),https://www.elmachetazo.com/alita-apanada-family-pack-melo-10775542/p
Supermercado,Bolsa Basura Roja 37x50|6 Unidades,195.00 USD (x1),195.00 USD (x1),https://www.elmachetazo.com/bolsa-basura-roja-37x506-unidades-10744090/p
Supermercado,Bebida Piña Bonlac 1.89 litros,287.00 USD (x1),287.00 USD (x1),https://www.elmachetazo.com/bebida-pina-bonlac-189-litros-10740570/p
Supermercado,Loción Protectora Solar Aqua Protect FPS 50+ Banana Boat 236ml,1592.00 USD (x1),1592.00 USD (x1),https://www.elmachetazo.com/locion-protectora-solar-aqua-protect-fps-50-banana-boat-236ml-10725203/p
Supermercado,Soda Coca Cola 2 Litros + Coca Cola Sin Azúcar 2 Litros,479.00 USD (x1),479.00 USD (x1),https://www.elmachetazo.com/soda-coca-cola-2-litros--coca-cola-sin-azucar-2-litros-10664878/p
Supermercado,Queso Parmesano finamente Rayado Crystal Farm 6oz 170g,499.00 USD (x1),499.00 USD (x1),https://www.elmachetazo.com/queso-parmesano-finamente-rayado-crystal-farm-6oz-170g-10654275/p
Supermercado,Vela Religiosa en Vaso|7 Días,407.00 USD (x1),407.00 USD (x1),https://www.elmachetazo.com/vela-religiosa-en-vaso7-dias-10583979/p
Supermercado,Protector Solar Aqua Protect FPS 50+ Banana Boat 177g,1632.00 USD (x1),1632.00 USD (x1),https://www.elmachetazo.com/protector-solar-aqua-protect--fps-50-banana-boat-177g-10501960/p
Supermercado,Vela Blanca 7 Días sin Vaso Cristo Rey 1und,262.00 USD (x1),262.00 USD (x1),https://www.elmachetazo.com/vela-blanca-7-dias-sin-vaso-cristo-rey-1und-10469374/p
Supermercado,Desodorante Aerosol Men Intense Adidas 200ml,398.00 USD (x1),398.00 USD (x1),https://www.elmachetazo.com/desodorante-aerosol-men-intense-adidas-200ml-10435613/p
Supermercado,Pan Molde Integral Tasty Choice 600g,150.00 USD (x1),195.00 USD (x1),https://www.elmachetazo.com/pan-molde-integral-tasty-choice-600g-10037581/p
Farmacia,Unguento Mentholatum 85g,311.00 USD (x1),445.00 USD (x1),https://www.elmachetazo.com/unguento-mentholatum-85g-10015324/p
Farmacia,Extracto de Alcachofa 500ml,1210.00 USD (x1),2017.00 USD (x1),https://www.elmachetazo.com/extracto-de-alcachofa-500ml-10970446/p
Farmacia,Tylex|750 mg|40 Tabletas,1780.00 USD (x1),2967.00 USD (x1),https://www.elmachetazo.com/tylex750-mg40-tabletas-10248001/p
Farmacia,Pedialyte Polvo Berry Frost|3.4 g|8 Sobres,925.00 USD (x1),925.00 USD (x1),https://www.elmachetazo.com/pedialyte-polvo-berry-frost34-g8-sobres-10969595/p
Farmacia,Pedialyte Polvo Strawberry|3.5 g|5 Sobres,925.00 USD (x1),925.00 USD (x1),https://www.elmachetazo.com/pedialyte-polvo-strawberry35-g5-sobres-10969596/p
Farmacia,Protector Solar SPF|10 Ml,1075.00 USD (x1),1433.00 USD (x1),https://www.elmachetazo.com/protector-solar-spf10-ml-10978203/p
Farmacia,Vantal Spray Bucal|30ml,1035.00 USD (x1),1380.00 USD (x1),https://www.elmachetazo.com/vantal-spray-bucal30ml-10248066/p
Farmacia,Preservativo Trojan ProTech,341.00 USD (x1),341.00 USD (x1),https://www.elmachetazo.com/preservativo-trojan-protech-10248762/p
Farmacia,Monitor de Presion,5045.00 USD (x1),5045.00 USD (x1),https://www.elmachetazo.com/monitor-de-presion-10718228/p
Farmacia,Crazy Charles More,2999.00 USD (x1),2999.00 USD (x1),https://www.elmachetazo.com/crazy-charles-more-10970441/p
Farmacia,Tricky Taylor More,2999.00 USD (x1),2999.00 USD (x1),https://www.elmachetazo.com/tricky-taylor-more-10970442/p
Farmacia,Whacky Wendy More,2999.00 USD (x1),2999.00 USD (x1),https://www.elmachetazo.com/whacky-wendy-more-10970443/p
Farmacia,Bad Bobby More,2999.00 USD (x1),2999.00 USD (x1),https://www.elmachetazo.com/bad-bobby-more-10970444/p
Farmacia,Preservativo More|Kit Saborizado,375.00 USD (x1),375.00 USD (x1),https://www.elmachetazo.com/preservativo-morekit-saborizado-10866490/p
Farmacia,Preservativo More|Kit Texturizado,375.00 USD (x1),375.00 USD (x1),https://www.elmachetazo.com/preservativo-morekit-texturizado-10866491/p
Farmacia,Preservativo More|Kit XL,375.00 USD (x1),375.00 USD (x1),https://www.elmachetazo.com/preservativo-morekit-xl-10866488/p
Farmacia,Preservativo More|Saborizado,209.00 USD (x1),209.00 USD (x1),https://www.elmachetazo.com/preservativo-moresaborizado-10866489/p
Farmacia,Preservativo More|Ultra Delgado,205.00 USD (x1),205.00 USD (x1),https://www.elmachetazo.com/preservativo-moreultra-delgado-10866483/p
Farmacia,Bálsamo Vick BabyRub,406.00 USD (x1),541.00 USD (x1),https://www.elmachetazo.com/balsamo-vick-babyrub-10737973/p
Farmacia,Gel Hidratante con Vitamina C|50 ml,673.00 USD (x1),1122.00 USD (x1),https://www.elmachetazo.com/gel-hidratante-con-vitamina-c50-ml-10894452/p
Farmacia,Serum Anti-Acne|30 ml,1648.00 USD (x1),1648.00 USD (x1),https://www.elmachetazo.com/serum-anti-acne30-ml-10929593/p
Farmacia,Serum Noche|30 ml,1067.00 USD (x1),1778.00 USD (x1),https://www.elmachetazo.com/serum-noche30-ml-10946100/p
Farmacia,Crema para Peinar Aminexil|300 ml,944.00 USD (x1),944.00 USD (x1),https://www.elmachetazo.com/crema-para-peinar-aminexil300-ml-10929596/p
Farmacia,Tratamiento Capilar Elvive|Hidratación Nocturna|300 ml,1020.00 USD (x1),1020.00 USD (x1),https://www.elmachetazo.com/tratamiento-capilar-elvivehidratacion-nocturna300-ml-10928773/p
Farmacia,Mascarilla Capilar Elvive|Hidratación Ligera|300 ml,945.00 USD (x1),945.00 USD (x1),https://www.elmachetazo.com/mascarilla-capilar-elvivehidratacion-ligera300-ml-10904864/p
Farmacia,Crema para Peinar Elvive|Ácido Hialurónico|300 ml,944.00 USD (x1),944.00 USD (x1),https://www.elmachetazo.com/crema-para-peinar-elviveacido-hialuronico300-ml-10827835/p
Farmacia,Crema de Ojos Anti-Ojeras| 15 ml,765.00 USD (x1),1275.00 USD (x1),https://www.elmachetazo.com/crema-de-ojos-anti-ojeras-15-ml-10960749/p
Farmacia,Shampoo + Acondicionador|Mango y Naranja|2 en 1,469.00 USD (x1),469.00 USD (x1),https://www.elmachetazo.com/shampoo--acondicionadormango-y-naranja2-en-1-10035503/p
Farmacia,Shampoo + Acondicionador|Fresa|2 en 1,469.00 USD (x1),469.00 USD (x1),https://www.elmachetazo.com/shampoo--acondicionadorfresa2-en-1-10036275/p
Farmacia,Cuidado Diario Antifoto-Envejecimiento|40 g,1794.00 USD (x1),1794.00 USD (x1),https://www.elmachetazo.com/cuidado-diario-antifoto-envejecimiento40-g-10874655/p
Farmacia,Shampoo Caida Resist Elvive|370 ml,984.00 USD (x1),984.00 USD (x1),https://www.elmachetazo.com/shampoo-caida-resist-elvive370-ml-10929598/p
Farmacia,Crema para Peinar Rizos Fructis|Manteca de Cacao|300 ml,650.00 USD (x1),812.00 USD (x1),https://www.elmachetazo.com/crema-para-peinar-rizos-fructismanteca-de-cacao300-ml-10902479/p
Farmacia,Shampoo Hair Food Coco Fructis|300 ml,649.00 USD (x1),811.00 USD (x1),https://www.elmachetazo.com/shampoo-hair-food-coco-fructis300-ml-10796486/p
Farmacia,Revitalift Retinol Serum Noche|30 ml,2990.00 USD (x1),2990.00 USD (x1),https://www.elmachetazo.com/revitalift-retinol-serum-noche30-ml-10956767/p
Farmacia,Agua Micelar con Vitamina C| 400 ml,1182.00 USD (x1),1182.00 USD (x1),https://www.elmachetazo.com/agua-micelar-con-vitamina-c-400-ml-10810304/p
Farmacia,Omega 3|60 Tabletas|1000 mg,756.00 USD (x1),1260.00 USD (x1),https://www.elmachetazo.com/omega-360-tabletas1000-mg-10850810/p
Farmacia,Melatonina|60 Tabletas|3 mg,1165.00 USD (x1),1554.00 USD (x1),https://www.elmachetazo.com/melatonina60-tabletas3-mg-10252330/p
Farmacia,Hepalive Forte|40 Cápsulas,1032.00 USD (x1),1720.00 USD (x1),https://www.elmachetazo.com/hepalive-forte40-capsulas-10881398/p
Farmacia,Zinc|90 Cápsulas|50 mg,676.00 USD (x1),1127.00 USD (x1),https://www.elmachetazo.com/zinc90-capsulas50-mg-10851070/p
Farmacia,Cal + Mag + Zinc + Vitamina D|60 Tabletas,685.00 USD (x1),1142.00 USD (x1),https://www.elmachetazo.com/cal--mag--zinc--vitamina-d60-tabletas-10511926/p
Farmacia,Vitamina B12|60 Tabletas,843.00 USD (x1),1124.00 USD (x1),https://www.elmachetazo.com/vitamina-b1260-tabletas-10795476/p
Farmacia,Ácido Fólico|100 Tabletas|1000 mcg,815.00 USD (x1),1087.00 USD (x1),https://www.elmachetazo.com/acido-folico100-tabletas1000-mcg-10252354/p
Farmacia,D3|100 Gelcaps|50 mcg,916.00 USD (x1),1221.00 USD (x1),https://www.elmachetazo.com/d3100-gelcaps50-mcg-10902031/p
Farmacia,Vitamina B-12|100 Tabletas|500 mcg,1065.00 USD (x1),1420.00 USD (x1),https://www.elmachetazo.com/vitamina-b-12100-tabletas500-mcg-10314140/p
Farmacia,Magnesio Citrato|100 Cápsulas|100 mg,857.00 USD (x1),1429.00 USD (x1),https://www.elmachetazo.com/magnesio-citrato100-capsulas100-mg-10469690/p
Farmacia,Melatonina|60 Cápsulas|3 mg,725.00 USD (x1),1208.00 USD (x1),https://www.elmachetazo.com/melatonina60-capsulas3-mg-10404893/p
Farmacia,Melatonina|60 Cápsulas|1 mg,466.00 USD (x1),777.00 USD (x1),https://www.elmachetazo.com/melatonina60-capsulas1-mg-10469684/p
Farmacia,Vitamina D3|250 Gelcaps|25 mcg,1088.00 USD (x1),1813.00 USD (x1),https://www.elmachetazo.com/vitamina-d3250-gelcaps25-mcg-10404905/p
Farmacia,Msm|100 Cápsulas|1000 mg,1126.00 USD (x1),1876.00 USD (x1),https://www.elmachetazo.com/msm100-capsulas1000-mg-10469688/p
Farmacia,Vitamina E|60 Gelcaps|400 IU,967.00 USD (x1),1612.00 USD (x1),https://www.elmachetazo.com/vitamina-e60-gelcaps400-iu-10314059/p
Farmacia,Biotina + Multivitaminas|60 Cápsulas,1450.00 USD (x1),1934.00 USD (x1),https://www.elmachetazo.com/biotina--multivitaminas60-capsulas-10955443/p
Farmacia,Omega-3|90 Gelcaps|1000 mg,1514.00 USD (x1),2019.00 USD (x1),https://www.elmachetazo.com/omega-390-gelcaps1000-mg-10252750/p
Farmacia,Super Antioxidante|60 Gelcaps,988.00 USD (x1),1318.00 USD (x1),https://www.elmachetazo.com/super-antioxidante60-gelcaps-10252754/p
Farmacia,Magnesio Citrato|100 Tabletas|200 mg,1603.00 USD (x1),2138.00 USD (x1),https://www.elmachetazo.com/magnesio-citrato100-tabletas200-mg-10902048/p
Farmacia,Biotina + Multivitaminas|10 Gomitas,341.00 USD (x1),455.00 USD (x1),https://www.elmachetazo.com/biotina--multivitaminas10-gomitas-10955445/p
Farmacia,Melatonina|10 Gomitas|5 mg,338.00 USD (x1),520.00 USD (x1),https://www.elmachetazo.com/melatonina10-gomitas5-mg-10955447/p
Farmacia,Sweet Dreams Melatonina|60 Cápsulas|5 mg,1293.00 USD (x1),1990.00 USD (x1),https://www.elmachetazo.com/sweet-dreams-melatonina60-capsulas5-mg-10877365/p
Farmacia,Suplemento Valeriana|100 Cápsulas Veganas|1590 mg,881.00 USD (x1),1468.00 USD (x1),https://www.elmachetazo.com/suplemento-valeriana100-capsulas-veganas1590-mg-10248472/p
Farmacia,Suplemento Saw Palmetto|100 Cápsulas|100 palmetto,1326.00 USD (x1),2210.00 USD (x1),https://www.elmachetazo.com/suplemento-saw-palmetto100-capsulas100-palmetto-10249670/p
Farmacia,Suplemento Maca|100 Cápsulas Veganas|525 mg,986.00 USD (x1),1644.00 USD (x1),https://www.elmachetazo.com/suplemento-maca100-capsulas-veganas525-mg-10300140/p
Farmacia,Potasio Citrato|100 Cápsulas|99 mg,1015.00 USD (x1),1353.00 USD (x1),https://www.elmachetazo.com/potasio-citrato100-capsulas99-mg-10902053/p
Farmacia,Vitamina C|100 Cápsulas|1000 mg,1463.00 USD (x1),1951.00 USD (x1),https://www.elmachetazo.com/vitamina-c100-capsulas1000-mg-10902032/p
Farmacia,Omega-3|60 Gelcaps|1000 mg,1282.00 USD (x1),1710.00 USD (x1),https://www.elmachetazo.com/omega-360-gelcaps1000-mg-10902043/p
Farmacia,One Daily Women's|60 Tabletas,2110.00 USD (x1),2814.00 USD (x1),https://www.elmachetazo.com/one-daily-womens60-tabletas-10902172/p
Farmacia,Multivitaminas con Minerales|100 Tabletas,856.00 USD (x1),1141.00 USD (x1),https://www.elmachetazo.com/multivitaminas-con-minerales100-tabletas-10252355/p
Farmacia,Complejo B|100 Cápsulas,859.00 USD (x1),1146.00 USD (x1),https://www.elmachetazo.com/complejo-b100-capsulas-10252770/p
Farmacia,Sensodyne|Protección Completa,463.00 USD (x1),661.00 USD (x1),https://www.elmachetazo.com/sensodyneproteccion-completa-10922391/p
Farmacia,Alka Seltzer Frutabs|36 Tabletas,789.00 USD (x1),1052.00 USD (x1),https://www.elmachetazo.com/alka-seltzer-frutabs36-tabletas-10706608/p
Farmacia,Preservativo Prudence|Uva|3 Unidades,250.00 USD (x1),250.00 USD (x1),https://www.elmachetazo.com/preservativo-prudenceuva3-unidades-10849466/p
Farmacia,Preservativo Prudence|Sensitivos|3 Unidades,291.00 USD (x1),291.00 USD (x1),https://www.elmachetazo.com/preservativo-prudencesensitivos3-unidades-10849461/p
Farmacia,Preservativo Prudence|Fresa|3 Unidades,230.00 USD (x1),230.00 USD (x1),https://www.elmachetazo.com/preservativo-prudencefresa3-unidades-10849445/p
Farmacia,Preservativo Prudence|Caribbean Mix|3 Unidades,389.00 USD (x1),389.00 USD (x1),https://www.elmachetazo.com/preservativo-prudencecaribbean-mix3-unidades-10849430/p
Farmacia,Esparadrapo de Tela Microporosa Leukoplast,183.00 USD (x1),183.00 USD (x1),https://www.elmachetazo.com/esparadrapo-de-tela-microporosa-leukoplast-10905087/p
Farmacia,Viro-Grip|Jarabe|120ml,375.00 USD (x1),500.00 USD (x1),https://www.elmachetazo.com/viro-gripjarabe120ml-10250907/p
Farmacia,Aquamar|Spray-Gotero|50ml,554.00 USD (x1),739.00 USD (x1),https://www.elmachetazo.com/aquamarspray-gotero50ml-10251579/p
Farmacia,Sterimar Infantil|Spray|50ml,1039.00 USD (x1),1385.00 USD (x1),https://www.elmachetazo.com/sterimar-infantilspray50ml-10586214/p
Farmacia,Sterimar Bebe|Spray|50ml,1075.00 USD (x1),1433.00 USD (x1),https://www.elmachetazo.com/sterimar-bebespray50ml-10249463/p
Farmacia,Vitapyrena|5 Sobres,324.00 USD (x1),432.00 USD (x1),https://www.elmachetazo.com/vitapyrena5-sobres-10727949/p
Farmacia,Alive Daily Energy|60 Tabletas,1674.00 USD (x1),2790.00 USD (x1),https://www.elmachetazo.com/alive-daily-energy60-tabletas-10248476/p
Farmacia,Nature's Way Echinacea Goldenseal|100 Capsulas Veganas,1652.00 USD (x1),2754.00 USD (x1),https://www.elmachetazo.com/natures-way-echinacea-goldenseal100-capsulas-veganas-10249645/p
Farmacia,Curita Leukoplast Kids Zoo Surtido|12 Unidades,326.00 USD (x1),326.00 USD (x1),https://www.elmachetazo.com/curita-leukoplast-kids-zoo-surtido12-unidades-10812282/p
Farmacia,Curita Leukoplast Elásticas Surtido|20 Unidades,308.00 USD (x1),308.00 USD (x1),https://www.elmachetazo.com/curita-leukoplast-elasticas-surtido20-unidades-10812280/p
Farmacia,Curita Leukoplast Resistente al Agua|20 Unidades,271.00 USD (x1),271.00 USD (x1),https://www.elmachetazo.com/curita-leukoplast-resistente-al-agua20-unidades-10812281/p
Farmacia,Triple C Total|10 Sobres,1016.00 USD (x1),1693.00 USD (x1),https://www.elmachetazo.com/triple-c-total10-sobres-10881407/p
Farmacia,Pepto Bismol|473ml,977.00 USD (x1),1303.00 USD (x1),https://www.elmachetazo.com/pepto-bismol473ml-10313815/p
Farmacia,Dramamine|50 Mg|24 Tabletas,476.00 USD (x1),794.00 USD (x1),https://www.elmachetazo.com/dramamine50-mg24-tabletas-10249827/p
Farmacia,Antiflu-Des NF|Antigripal|12 Cápsulas,586.00 USD (x1),781.00 USD (x1),https://www.elmachetazo.com/antiflu-des-nfantigripal12-capsulas-10819081/p
Farmacia,Antiflu-Des Más|Antigripal|12 Sobres,592.00 USD (x1),790.00 USD (x1),https://www.elmachetazo.com/antiflu-des-masantigripal12-sobres-10912626/p
Farmacia,Pedialyte Fresa 60mEq|500ml,312.00 USD (x1),312.00 USD (x1),https://www.elmachetazo.com/pedialyte-fresa-60meq500ml-10866493/p
Farmacia,Pedialyte Coco 60mEq|500ml,312.00 USD (x1),312.00 USD (x1),https://www.elmachetazo.com/pedialyte-coco-60meq500ml-10866494/p
Farmacia,Pedialyte Coco 30mEq|500ml,405.00 USD (x1),405.00 USD (x1),https://www.elmachetazo.com/pedialyte-coco-30meq500ml-10554279/p
Farmacia,Pedialyte Manzana 60mEq|500ml,312.00 USD (x1),312.00 USD (x1),https://www.elmachetazo.com/pedialyte-manzana-60meq500ml-10248859/p
Farmacia,Pedialyte Uva 60mEq|500ml,312.00 USD (x1),312.00 USD (x1),https://www.elmachetazo.com/pedialyte-uva-60meq500ml-10249459/p
Farmacia,Life Extension Vitamina C|Bio-Quercetina|250 Tabletas,2375.00 USD (x1),3958.00 USD (x1),https://www.elmachetazo.com/life-extension-vitamina-cbio-quercetina250-tabletas-10851073/p
Farmacia,Triple C Total|20 Sobres,2309.00 USD (x1),3079.00 USD (x1),https://www.elmachetazo.com/triple-c-total20-sobres-10881413/p
Farmacia,Caltrate 600+M|Vitamina D3 y Minerales|60 Tabletas,1615.00 USD (x1),2153.00 USD (x1),https://www.elmachetazo.com/caltrate-600mvitamina-d3-y-minerales60-tabletas-10248279/p
Farmacia,Caltrate 600+D|60 Tabletas,1467.00 USD (x1),1956.00 USD (x1),https://www.elmachetazo.com/caltrate-600d60-tabletas-10248264/p
Farmacia,Life Extension 7-Keto DHEA Complete|100mg|60 Capsulas Veganas,3231.00 USD (x1),5385.00 USD (x1),https://www.elmachetazo.com/life-extension-7-keto-dhea-complete100mg60-capsulas-veganas-10851071/p
Farmacia,Redoxon Infantil Masticable|100 Tabletas,557.00 USD (x1),743.00 USD (x1),https://www.elmachetazo.com/redoxon-infantil-masticable100-tabletas-10901966/p
Farmacia,Acetaminofen|500mg|20 Tabletas,146.00 USD (x1),195.00 USD (x1),https://www.elmachetazo.com/acetaminofen500mg20-tabletas-10895115/p
Farmacia,GumiVit C|84g|12 Sobres,670.00 USD (x1),894.00 USD (x1),https://www.elmachetazo.com/gumivit-c84g12-sobres-10251924/p
Farmacia,Cepillo Dental Colgate Periogard Extra Suave,330.00 USD (x1),330.00 USD (x1),https://www.elmachetazo.com/cepillo-dental-colgate-periogard-extra-suave-10852441/p
Farmacia,Enjuague Bucal Colgate Periogard|250ml,1312.00 USD (x1),1312.00 USD (x1),https://www.elmachetazo.com/enjuague-bucal-colgate-periogard250ml-10300096/p
Farmacia,Crema Dental Colgate Periogard|90g,1766.00 USD (x1),1766.00 USD (x1),https://www.elmachetazo.com/crema-dental-colgate-periogard90g-10852438/p
Farmacia,Gel Lubricante More|Efecto Refrescante|100ml,549.00 USD (x1),549.00 USD (x1),https://www.elmachetazo.com/gel-lubricante-moreefecto-refrescante100ml-10866480/p
Farmacia,Gel Lubricante Clásico More|100ml,519.00 USD (x1),519.00 USD (x1),https://www.elmachetazo.com/gel-lubricante-clasico-more100ml-10866477/p
Farmacia,Sal Andrews Naranja|12 Sobres,217.00 USD (x1),334.00 USD (x1),https://www.elmachetazo.com/sal-andrews-naranja12-sobres-10912599/p
Farmacia,Nopalina|500ml,1146.00 USD (x1),1910.00 USD (x1),https://www.elmachetazo.com/nopalina500ml-10873885/p
Farmacia,Ungüento Muscular Zepol Deportista|60g,280.00 USD (x1),373.00 USD (x1),https://www.elmachetazo.com/ungento-muscular-zepol-deportista60g-10455236/p
Farmacia,Cebión Gotas 30ml|Sabor Fresa,445.00 USD (x1),594.00 USD (x1),https://www.elmachetazo.com/cebion-gotas-30mlsabor-fresa-10252250/p
Farmacia,Jengimiel Suplemento Bebible Sabor a Menta 240ml,832.00 USD (x1),1387.00 USD (x1),https://www.elmachetazo.com/jengimiel-suplemento-bebible-sabor-a-menta-240ml-10907908/p
Farmacia,Triple C Kids 240 ml,747.00 USD (x1),1245.00 USD (x1),https://www.elmachetazo.com/triple-c-kids-240-ml-10881402/p
Farmacia,Ballena Azul Emulsion Sabor Frutas Tropicales|200 ml,297.00 USD (x1),495.00 USD (x1),https://www.elmachetazo.com/ballena-azul-emulsion-sabor-frutas-tropicales200-ml-10249837/p
Farmacia,Gex Antigripal Noche Sobres|50g,210.00 USD (x1),280.00 USD (x1),https://www.elmachetazo.com/gex-antigripal-noche-sobres50g-10247930/p
Farmacia,Centrum +Energía|45 Tabletas,2243.00 USD (x1),2991.00 USD (x1),https://www.elmachetazo.com/centrum-energia45-tabletas-10729529/p
Farmacia,Anticonceptivo Drospirenona Emma|28 Tabletas|3mg,1833.00 USD (x1),2444.00 USD (x1),https://www.elmachetazo.com/anticonceptivo-emma28-tabletas3mg-10867660/p
Farmacia,Curita Elástica|20 Unidades,306.00 USD (x1),306.00 USD (x1),https://www.elmachetazo.com/curita-elastica20-unidades-10249824/p
Farmacia,Esparadrapo Cinta|2.5cm x 5m,513.00 USD (x1),513.00 USD (x1),https://www.elmachetazo.com/esparadrapo-cinta25cm-x-5m-10249823/p
Farmacia,Esparadrapo Cinta|1.25cm x 5m,221.00 USD (x1),295.00 USD (x1),https://www.elmachetazo.com/esparadrapo-cinta125cm-x-5m-10249822/p
Farmacia,Curita para Niños|20 Unidades,688.00 USD (x1),688.00 USD (x1),https://www.elmachetazo.com/curita-para-ninos20-unidades-10836789/p
Farmacia,DermoPure Eucerin Exfoliante Facial|100 ml,2294.00 USD (x1),3059.00 USD (x1),https://www.elmachetazo.com/dermopure-exfoliante-facial100-ml-10685728/p
Farmacia,DermoPure Eucerin Gel Limpiador Facial|200 ml,1514.00 USD (x1),2019.00 USD (x1),https://www.elmachetazo.com/dermopure-eucerin-gel-limpiador-facial200-ml-10685726/p
Farmacia,Dermopure Eucerin Facial Hidratante|50ml,2072.00 USD (x1),2763.00 USD (x1),https://www.elmachetazo.com/dermopure-fluido-facial-hidratante-matificante50ml-10685722/p
Farmacia,DermatoClean 3 en 1 Agua Micelar|200ml,2610.00 USD (x1),2610.00 USD (x1),https://www.elmachetazo.com/dermatoclean-3-en-1-agua-micelar200ml-10250783/p
Farmacia,Jabon Liquido Eucerin Higiene Intima|250ml,1797.00 USD (x1),1797.00 USD (x1),https://www.elmachetazo.com/jabon-liquido-eucerin-higiene-intima250ml-10456927/p
Farmacia,Dermatoclean Eucerin Espuma Micelar|150ml,1572.00 USD (x1),1572.00 USD (x1),https://www.elmachetazo.com/dermatoclean-eucerin-espuma-micelar150ml-10836769/p
Farmacia,Spray Calmante Atopic Control Eucerin|50ml,2411.00 USD (x1),3215.00 USD (x1),https://www.elmachetazo.com/eucerin-atopic-control-spray-10836775/p
Farmacia,Gel de Baño PH5 Syndet|Piel Sensible|250 ml,2914.00 USD (x1),2914.00 USD (x1),https://www.elmachetazo.com/gel-de-bano-ph5-syndetpiel-sensible250-ml-10253058/p
Farmacia,Aquaphor Pomada Reparadora|Tarro|100ml,1613.00 USD (x1),2151.00 USD (x1),https://www.elmachetazo.com/aquaphor-pomada-reparadoratarro100ml-10250267/p
Farmacia,Protector Solar Corporal Textura Ligera FPS 50+|150ml,3079.00 USD (x1),4105.00 USD (x1),https://www.elmachetazo.com/protector-solar-corporal-textura-ligera-fps-50150ml-10249697/p
Farmacia,Eucerin Contorno Ojos Hyualuron-Filler|15ml,3685.00 USD (x1),4914.00 USD (x1),https://www.elmachetazo.com/contorno-ojos-eucerin-hyualuron-filler15ml-10307968/p
Farmacia,Agua Micelar L'Oréal Revitaliftl200ml,1253.00 USD (x1),1253.00 USD (x1),https://www.elmachetazo.com/agua-micelar-loreal-revitaliftl200ml-10796497/p
Farmacia,Gel Limpiador L'Oréal Revitalift|150ml,1244.00 USD (x1),1244.00 USD (x1),https://www.elmachetazo.com/gel-limpiador-loreal-revitalift150ml-10852652/p
Farmacia,Cebión Fresa|Caja 12 Sobres,2892.00 USD (x1),3856.00 USD (x1),https://www.elmachetazo.com/cebion-fresacaja-12-sobres-10248243/p
Farmacia,Leche Magnesia Phillips|Menta|120ml,456.00 USD (x1),608.00 USD (x1),https://www.elmachetazo.com/leche-magnesia-phillipsmenta120ml-10008525/p
Farmacia,Sal Andrews Limón|12 Sobres,217.00 USD (x1),334.00 USD (x1),https://www.elmachetazo.com/sal-andrews-limon12-sobres-10249518/p
Farmacia,Gastrigel Masticable|30 Tabletas,413.00 USD (x1),551.00 USD (x1),https://www.elmachetazo.com/gastrigel-masticable30-tabletas-10449891/p
Farmacia,Antiácido Tums|Sabores Surtidos|48 Tabletas|750mg,667.00 USD (x1),890.00 USD (x1),https://www.elmachetazo.com/antiacido-tumssabores-surtidos48-tabletas750mg-10790858/p
Farmacia,Disflam Gel Tópico|30g,589.00 USD (x1),785.00 USD (x1),https://www.elmachetazo.com/disflam-gel-topico30g-10253325/p
Farmacia,Mascarilla Cubreboca KN95|Blanca,169.00 USD (x1),169.00 USD (x1),https://www.elmachetazo.com/mascarilla-cubreboca-kn95blanca-10773014/p
Farmacia,Soporte para Codo,773.00 USD (x1),773.00 USD (x1),https://www.elmachetazo.com/soporte-para-codo-10755176/p
Farmacia,Pedialyte Suero Oral|Cereza|500ml,405.00 USD (x1),405.00 USD (x1),https://www.elmachetazo.com/pedialyte-suero-oralcereza500ml-10248857/p
Farmacia,Leche de Magnesia Original|120ml,447.00 USD (x1),596.00 USD (x1),https://www.elmachetazo.com/leche-de-magnesia-original120ml-10008523/p
Farmacia,Gastrigel Plus Suspensión|180ml,402.00 USD (x1),536.00 USD (x1),https://www.elmachetazo.com/gastrigel-plus-suspension180ml-10247684/p
Farmacia,Enterogermina Suspensión 5 ml|10 Viales,1600.00 USD (x1),2134.00 USD (x1),https://www.elmachetazo.com/enterogermina-suspension-5-ml10-viales-10248338/p
Farmacia,Laxante Ciruelax Forte Jalea|300g,1041.00 USD (x1),1388.00 USD (x1),https://www.elmachetazo.com/laxante-ciruelax-forte-jalea300g-10558670/p
Farmacia,Laxante Ciruelax Forte Jalea|150g,594.00 USD (x1),792.00 USD (x1),https://www.elmachetazo.com/laxante-ciruelax--forte--jalea150g-10558671/p
Farmacia,Ungüento Rigar|28g,206.00 USD (x1),275.00 USD (x1),https://www.elmachetazo.com/ungento-rigar28g-10253109/p
Farmacia,Alka Seltzer|12 Tabletas,326.00 USD (x1),435.00 USD (x1),https://www.elmachetazo.com/alka-seltzer12-tabletas-10253460/p
Farmacia,Aspirina Forte|20 Tabletas,362.00 USD (x1),483.00 USD (x1),https://www.elmachetazo.com/aspirina-forte20-tabletas-10253461/p
Farmacia,Aleve Liqui-Gels 200mg|Caja 8 GelCaps,409.00 USD (x1),546.00 USD (x1),https://www.elmachetazo.com/aleve-liqui-gels-200mgcaja-8-gelcaps-10331918/p
Farmacia,Sal Andrews Clásica|12 Sobres,217.00 USD (x1),334.00 USD (x1),https://www.elmachetazo.com/sal-andrews-clasica12-sobres-10252202/p
Farmacia,Rayo Ice Gel Analgésico|8 oz,204.00 USD (x1),272.00 USD (x1),https://www.elmachetazo.com/rayo-ice-gel-analgesico8-oz-10472450/p
Farmacia,Pepto-Bismol|236ml,591.00 USD (x1),788.00 USD (x1),https://www.elmachetazo.com/pepto-bismol236ml-10008662/p
Farmacia,Parche KanTon|4 Unidades,430.00 USD (x1),573.00 USD (x1),https://www.elmachetazo.com/parche-kanton4-unidades-10307969/p
Farmacia,Pepto-Bismol Suspensión Oral|118ml,341.00 USD (x1),455.00 USD (x1),https://www.elmachetazo.com/pepto-bismol-suspension-oral118ml-10249552/p
Farmacia,Panadol Niños|20 Tabletas Masticables,152.00 USD (x1),253.00 USD (x1),https://www.elmachetazo.com/panadol-ninos20-tabletas-masticables-10021547/p
Farmacia,Panadol Extra Fuerte|16 Tabletas|500mg,173.00 USD (x1),231.00 USD (x1),https://www.elmachetazo.com/panadol-extra-fuerte16-tabletas500mg-10428422/p
Farmacia,Mixtura Ruibarbo y Soda|240ml,360.00 USD (x1),480.00 USD (x1),https://www.elmachetazo.com/mixtura-ruibarbo-y-soda240ml-10247687/p
Farmacia,Dorival Liquid Gel 200mg|12 Cápsulas,548.00 USD (x1),731.00 USD (x1),https://www.elmachetazo.com/dorival-liquid-gel-200mg12-capsulas-10257366/p
Farmacia,Fit Estrogen|90 Capsulas,1149.00 USD (x1),2089.00 USD (x1),https://www.elmachetazo.com/fit-estrogen90-capsulas-10252560/p
Farmacia,"Hair, Sking & Nails|100mg|90 Capsulas",1101.00 USD (x1),2002.00 USD (x1),https://www.elmachetazo.com/hair-sking--nails100mg90-capsulas-10252535/p
Farmacia,Maca 69|100 Tabletas,833.00 USD (x1),1515.00 USD (x1),https://www.elmachetazo.com/maca-69100-tabletas-10356108/p
Farmacia,Lomotil 2mg |40 Tabletas,1520.00 USD (x1),2533.00 USD (x1),https://www.elmachetazo.com/lomotil-2mg-40-tabletas-10249312/p
Farmacia,Suplemento Melatonin|1mg|180 Tabletas,610.00 USD (x1),938.00 USD (x1),https://www.elmachetazo.com/suplemento-melatonin1mg180-tabletas-10250999/p
Farmacia,Suplemento Zinc 50mg|100 Caplets,782.00 USD (x1),1203.00 USD (x1),https://www.elmachetazo.com/suplemento-zinc-50mg100-caplets-10309190/p
Farmacia,Suplemento Melatonin|10mg|60 Capsulas,1230.00 USD (x1),1893.00 USD (x1),https://www.elmachetazo.com/suplemento-melatonin10mg60-capsulas-10571165/p
Farmacia,Suplemento Magnesium|500mg|100 Tabletas,743.00 USD (x1),1143.00 USD (x1),https://www.elmachetazo.com/suplemento-magnesium500mg100-tabletas-10308013/p
Farmacia,Suplemento L-Carnitine|500 mg|30 Tabletas,2062.00 USD (x1),2750.00 USD (x1),https://www.elmachetazo.com/suplemento-l-carnitine500-mg30-tabletas-10250995/p
Farmacia,Suplemento L-Arguinine|1000mg|50 Tabletas,1035.00 USD (x1),1592.00 USD (x1),https://www.elmachetazo.com/suplemento-l-arguinine1000mg50-tabletas-10251023/p
Farmacia,Suplemento Nature Bounty Hair Skin & Nails|150 Capsulas,1321.00 USD (x1),2032.00 USD (x1),https://www.elmachetazo.com/suplemento-hair-skinnails150-capsulas-blandas-10571164/p
Farmacia,Suplemento Ginseng Complex Plus Royal Jelly|75 Capsulas,839.00 USD (x1),1119.00 USD (x1),https://www.elmachetazo.com/suplemento-ginseng-complex-plus-royal-jelly75-capsulas-10362525/p
Farmacia,Suplemento Ginkgo Biloba 120mg|100 Capsulas,1394.00 USD (x1),2145.00 USD (x1),https://www.elmachetazo.com/suplemento-ginkgo--biloba--120mg100-capsulas-10351077/p
Farmacia,Suplemento Garlic 2000 mg|120 Tabletas,697.00 USD (x1),1073.00 USD (x1),https://www.elmachetazo.com/suplemento-garlic-2000-mg120-tabletas-10836791/p
Farmacia,Suplemento Acido Folico 800mcg|250 Tabletas,728.00 USD (x1),1120.00 USD (x1),https://www.elmachetazo.com/suplemento-acido-folico-800mcg250-tabletas-10308008/p
Farmacia,Suplemento Fish Oil|2400mg|90 Capsulas Blandas,1652.00 USD (x1),2542.00 USD (x1),https://www.elmachetazo.com/suplemento-fish-oil2400mg90-capsulas-blandas-10350890/p
Farmacia,Suplemento Ester-C|500 mg|60 Tabletas,871.00 USD (x1),1162.00 USD (x1),https://www.elmachetazo.com/suplemento-ester-c500-mg60-tabletas-10350889/p
Farmacia,Suplemento D3|125 mcg|100 Capsulas Blandas,1418.00 USD (x1),2182.00 USD (x1),https://www.elmachetazo.com/suplemento-d3125-mcg100-capsulas-blandas-10350892/p
Farmacia,Suplemento de Colágeno Vitamina C y Biotina|90 Tabletas,1347.00 USD (x1),2073.00 USD (x1),https://www.elmachetazo.com/suplemento-advanced-collagen-vitamina-c90-tabletas-10251018/p
Farmacia,Suplemento Cinnamon 1000 mg|100 Capsulas,730.00 USD (x1),973.00 USD (x1),https://www.elmachetazo.com/suplemento-cinnamon-1000-mg100-capsulas-10308015/p
Farmacia,Suplemento Vitamina B-6|100mg|100 Tabletas,561.00 USD (x1),863.00 USD (x1),https://www.elmachetazo.com/suplemento-vitamina-b-6100mg100-tabletas-10250979/p
Farmacia,Suplemento Vitamina B12|1000mcg|100 Tabletas,749.00 USD (x1),1152.00 USD (x1),https://www.elmachetazo.com/suplemento-vitamina-b121000mcg100-tabletas-10836793/p
Farmacia,Suplemento Hierba de San Juan|300mg|100 Capsulas,1498.00 USD (x1),1498.00 USD (x1),https://www.elmachetazo.com/suplemento-hierba-de-san-juan300mg100-capsulas-10351079/p
Farmacia,Suplemento Gluconato Potasio| 595mg|100 Tabletas,525.00 USD (x1),808.00 USD (x1),https://www.elmachetazo.com/suplemento-gluconato-potasio--595mg100-tabletas-10309189/p
Farmacia,Calcium Vitamina D3|1200mcg|100 Capsulas Blandas,1347.00 USD (x1),2072.00 USD (x1),https://www.elmachetazo.com/calcium-vitamina-d31200mcg100-capsulas-blandas-10251040/p
Farmacia,Calcio Magnesio Zinc|100 Capsulas,621.00 USD (x1),955.00 USD (x1),https://www.elmachetazo.com/calcio-magnesio-zinc100-capsulas-10251016/p
Farmacia,Suplemento Black Cohosh 540mg|100 Capsulas,1021.00 USD (x1),1361.00 USD (x1),https://www.elmachetazo.com/suplemento-black-cohosh-540mg100-capsulas-10362529/p
Farmacia,Tylenol Paracetamol 500mg|Frasco|100 Tabletas,1263.00 USD (x1),1684.00 USD (x1),https://www.elmachetazo.com/tylenol-paracetamol-500mgfrasco100-tabletas-10284910/p
Farmacia,Tylenol Paracetamol|10 Sobres|Tabletas 500mg,263.00 USD (x1),439.00 USD (x1),https://www.elmachetazo.com/tylenol-paracetamol10-sobrestabletas-500mg-10370825/p
Farmacia,Lamisil Crema|15g,834.00 USD (x1),1112.00 USD (x1),https://www.elmachetazo.com/lamisil-crema15g-10248072/p
Farmacia,Lamisil Spray Solución Tópica 1%|30ml,1801.00 USD (x1),2402.00 USD (x1),https://www.elmachetazo.com/lamisil-spray-solucion-topica-130ml-10253178/p
Farmacia,Alcohol 70° Acisa|8 oz,102.00 USD (x1),102.00 USD (x1),https://www.elmachetazo.com/alcohol-708-oz-acisa-10031412/p
Farmacia,Redoxon Doble Acción Efervescente|12 Tabletas,492.00 USD (x1),656.00 USD (x1),https://www.elmachetazo.com/redoxon-doble-accion-efervescente12-tabletas-10796429/p
Farmacia,Fit Lab Vitamina Zinc |90 Tabletas|30mg,687.00 USD (x1),1250.00 USD (x1),https://www.elmachetazo.com/fit-lab-vitamina-zinc-90-tabletas30mg-10812096/p
Farmacia,Aspirina Advance 500 mg|20 Tabletas,367.00 USD (x1),489.00 USD (x1),https://www.elmachetazo.com/aspirina-advance-500-mg20-tabletas-10791464/p
Farmacia,Tribulus|120 Capsulas,1571.00 USD (x1),2857.00 USD (x1),https://www.elmachetazo.com/tribulus120-capsulas-10704372/p
Farmacia,Flúor Kin Calcio Infantil|500ml,1781.00 USD (x1),1781.00 USD (x1),https://www.elmachetazo.com/fluor-kin-calcio-infantil500ml-10350786/p
Farmacia,Flúor Kin Infantil|500,1743.00 USD (x1),1743.00 USD (x1),https://www.elmachetazo.com/fluor-kin-infantil500-10247838/p
Farmacia,Cariax Gingival|Enjuague 500 ml|Crema 75ml,1693.00 USD (x1),1693.00 USD (x1),https://www.elmachetazo.com/cariax-gingivalenjuague-500-mlcrema-75ml-10795639/p
Farmacia,Gel Dental Periokin Hyaluronic 1%|30g,3251.00 USD (x1),3251.00 USD (x1),https://www.elmachetazo.com/gel-dental-periokin-hyaluronic-130g-10795640/p
Farmacia,Perio-Kin Enjuage|250 ml,2149.00 USD (x1),2149.00 USD (x1),https://www.elmachetazo.com/perio-kin-enjuage250-ml-10247945/p
Farmacia,Perio-Kin Spra|40 ml,1964.00 USD (x1),1964.00 USD (x1),https://www.elmachetazo.com/perio-kin-spra40-ml-10247846/p
Farmacia,Nutrigel Advance|Caja 30 Sobres,4693.00 USD (x1),6258.00 USD (x1),https://www.elmachetazo.com/nutrigel-advancecaja-30-sobres-10836795/p
Farmacia,Voltarén Emugel|100g,2344.00 USD (x1),3126.00 USD (x1),https://www.elmachetazo.com/voltaren-emugel100g-10253175/p
Farmacia,Voltarén 1% Emugel|50g,1174.00 USD (x1),1565.00 USD (x1),https://www.elmachetazo.com/voltaren-1-emugel50g-10249804/p
Farmacia,Panadol Mujer|Caja 16 Tabletas,345.00 USD (x1),345.00 USD (x1),https://www.elmachetazo.com/panadol-mujercaja-16-tabletas-10804461/p
Farmacia,Tylenol Paracetamol Suspensión Infantil|15ml,238.00 USD (x1),397.00 USD (x1),https://www.elmachetazo.com/tylenol-paracetamol-suspension-infantil15ml-10247997/p
Farmacia,Tylenol Paracetamol 500mg|20 Tabletas,361.00 USD (x1),482.00 USD (x1),https://www.elmachetazo.com/tylenol-paracetamol-500mg20-tabletas-10777631/p
Farmacia,Omega 3-6-9|90 Capsulas,915.00 USD (x1),1663.00 USD (x1),https://www.elmachetazo.com/omega-3-6-990-capsulas-10357912/p
Farmacia,Melatonina con Vitamina B6|90 Tabletas,861.00 USD (x1),1566.00 USD (x1),https://www.elmachetazo.com/melatonina-con-vitamina-b690-tabletas-10252554/p
Farmacia,B Complex|90 Tabletas,722.00 USD (x1),1313.00 USD (x1),https://www.elmachetazo.com/b-complex90-tabletas-10252559/p
Farmacia,Triple C Advance|10 Sobres,701.00 USD (x1),1169.00 USD (x1),https://www.elmachetazo.com/triple-c-advance10-sobres-10835985/p
Farmacia,Vita Toro Azul Adultos|500ml,1025.00 USD (x1),1708.00 USD (x1),https://www.elmachetazo.com/vita-toro-azul-adultos500ml-10779412/p
Farmacia,Venolive|40 Caps,957.00 USD (x1),1595.00 USD (x1),https://www.elmachetazo.com/venolive40-caps-10795522/p
Farmacia,Triple Garlic Black|60 Cápsulas,896.00 USD (x1),1494.00 USD (x1),https://www.elmachetazo.com/triple-garlic-black60-capsulas-10806046/p
Farmacia,Triple C Forte|500ml,944.00 USD (x1),1574.00 USD (x1),https://www.elmachetazo.com/triple-c-forte500ml-10767475/p
Farmacia,Néctar de Clorofila|500 ml,1142.00 USD (x1),1903.00 USD (x1),https://www.elmachetazo.com/nectar-de-clorofila500-ml-10806044/p
Farmacia,Magnesio Live|Caja 90 Tabletas,975.00 USD (x1),1625.00 USD (x1),https://www.elmachetazo.com/magnesio-livecaja-90-tabletas-10806039/p
Farmacia,Eucamiel Jarabe|120ml,665.00 USD (x1),1109.00 USD (x1),https://www.elmachetazo.com/eucamiel-jarabe120ml-10526293/p
Farmacia,Curcumina Plus Frasco|500ml,1023.00 USD (x1),1705.00 USD (x1),https://www.elmachetazo.com/curcumina-plus-frasco500ml-10824533/p
Farmacia,Asiento para Inodoro,5556.00 USD (x1),5556.00 USD (x1),https://www.elmachetazo.com/asiento-para-inodoro-10827206/p
Farmacia,Crema Dental Ortho-Kin|75 ml,1588.00 USD (x1),1588.00 USD (x1),https://www.elmachetazo.com/crema-dental-ortho-kin75-ml-10247812/p
Farmacia,Kin-Care Gel Oral|15ml,3031.00 USD (x1),3031.00 USD (x1),https://www.elmachetazo.com/kin-care-gel-oral15ml-10477925/p
Farmacia,Kin Oro Extra Fuerte Crema|40ml,1339.00 USD (x1),1339.00 USD (x1),https://www.elmachetazo.com/kin-oro-extra-fuerte-crema40ml-10360072/p
Farmacia,Kin-Gingival Enjuague Bucal|250ml,1942.00 USD (x1),1942.00 USD (x1),https://www.elmachetazo.com/kin-gingival-enjuague-bucal250ml-10360065/p
Farmacia,Kin Care Enjuague Bucal|250ml,1976.00 USD (x1),1976.00 USD (x1),https://www.elmachetazo.com/kin-care-enjuague-bucal250ml-10520385/p
Farmacia,Kin Pasta Anticaries|125ml,561.00 USD (x1),561.00 USD (x1),https://www.elmachetazo.com/kin-pasta-anticaries125ml-10583730/p
Farmacia,Kin Pasta Hidratante|125ml,1612.00 USD (x1),1612.00 USD (x1),https://www.elmachetazo.com/kin-pasta-hidratante125ml-10252390/p
Farmacia,Crema Dental Infantil Flúor Kin Calcio|75ml,1107.00 USD (x1),1107.00 USD (x1),https://www.elmachetazo.com/crema-dental-infantil-fluor-kin-calcio75ml-10350785/p
Farmacia,Gel Limpiador Effaclar|300ml,2157.00 USD (x1),2876.00 USD (x1),https://www.elmachetazo.com/gel-limpiador-effaclar300ml-10823804/p
Farmacia,Loción Hidratante Cerave|8 oz,1302.00 USD (x1),1736.00 USD (x1),https://www.elmachetazo.com/locion-hidratante-cerave8-oz-10823807/p
Farmacia,Loción Hidratante Facial|52ml,1523.00 USD (x1),2031.00 USD (x1),https://www.elmachetazo.com/locion-hidratante-facial52ml-10823806/p
Farmacia,Limpiador Hidratante|236ml,1525.00 USD (x1),2033.00 USD (x1),https://www.elmachetazo.com/limpiador-hidratante236ml-10823811/p
Farmacia,Crema Hidratante Facial y Corporal|170g,1139.00 USD (x1),1519.00 USD (x1),https://www.elmachetazo.com/crema-hidratante-facial-y-corporal170g-10823819/p
Farmacia,Gasa Estéril|7.5x5cm|10 Sobres,255.00 USD (x1),255.00 USD (x1),https://www.elmachetazo.com/gasa-esteril75x5cm10-sobres-10828261/p
Farmacia,Ultra Corega Crema Sin Sabor|20g,418.00 USD (x1),418.00 USD (x1),https://www.elmachetazo.com/ultra-corega-crema-sin-sabor20g-10791369/p
Farmacia,Corega Tabs Limpiador de Prótesis Dentales,743.00 USD (x1),743.00 USD (x1),https://www.elmachetazo.com/corega-tabs-limpiador-de-protesis-dentales-10533958/p
Farmacia,Ultra Corega Crema Sabor Menta|40g,746.00 USD (x1),746.00 USD (x1),https://www.elmachetazo.com/ultra-corega-crema-sabor-menta40g-10615616/p
Farmacia,Infaderm Crema Tópica|120g,699.00 USD (x1),699.00 USD (x1),https://www.elmachetazo.com/infaderm-crema-topica120g-10029157/p
Farmacia,Enterogermina Plus|5 Viales|5 ml,1695.00 USD (x1),2260.00 USD (x1),https://www.elmachetazo.com/enterogermina-plus5-viales5-ml-10685757/p
Farmacia,Lubricante Vive LUB Fresa|120ml,490.00 USD (x1),490.00 USD (x1),https://www.elmachetazo.com/lubricante-vive-lub-fresa120ml-10251874/p
Farmacia,Tabcin Active Gripe Tos|12 GelCaps,482.00 USD (x1),643.00 USD (x1),https://www.elmachetazo.com/tabcin-active-gripe-tos12-gelcaps-10529266/p
Farmacia,Preservativo Vive Original,2257.00 USD (x1),2257.00 USD (x1),https://www.elmachetazo.com/preservativo-vive-original-10251897/p
Farmacia,Preservativo Vive Original|6 Pack,2962.00 USD (x1),2962.00 USD (x1),https://www.elmachetazo.com/preservativo-vive-original6-pack-10251896/p
Farmacia,Preservativo Vive MÁS Colors|Menta,2132.00 USD (x1),2132.00 USD (x1),https://www.elmachetazo.com/preservativo-vive-mas-colorsmenta-10251891/p
Farmacia,Emulsión Scott Naranja|200ml,324.00 USD (x1),499.00 USD (x1),https://www.elmachetazo.com/emulsion-scott-naranja200ml-10252883/p
Farmacia,Crema Facial Revitalift Día L'Oréal|50ml,2240.00 USD (x1),2240.00 USD (x1),https://www.elmachetazo.com/crema-facial-revitalift-dia-loreal50ml-10764705/p
Farmacia,Alcohol Desnaturalizado|70% Vanrex|16 oz,145.00 USD (x1),145.00 USD (x1),https://www.elmachetazo.com/alcohol-desnaturalizado70-vanrex16-oz-10793045/p
Farmacia,Alcohol Desnaturalizado|70% Vanrex|1 Galón,920.00 USD (x1),920.00 USD (x1),https://www.elmachetazo.com/alcohol-desnaturalizado70-vanrex1-galon-10793046/p
Farmacia,Gel Antibacterial Original|1000ml,299.00 USD (x1),299.00 USD (x1),https://www.elmachetazo.com/gel-antibacterial-original1000ml-10772701/p
Farmacia,Alcohol 75° con Atomizador Protouch|600ml,398.00 USD (x1),398.00 USD (x1),https://www.elmachetazo.com/alcohol-75-con-atomizador-protouch600ml-10797605/p
Farmacia,Alcohol Acisa 94°|1 Galón,1233.00 USD (x1),1233.00 USD (x1),https://www.elmachetazo.com/alcohol-acisa-941-galon-10032602/p
Farmacia,Muleta|113-133 cm,4857.00 USD (x1),4857.00 USD (x1),https://www.elmachetazo.com/muleta113-133-cm-10769979/p
Farmacia,Silla para Ducha,8571.00 USD (x1),8571.00 USD (x1),https://www.elmachetazo.com/silla-para-ducha-10769982/p
Farmacia,Caladryl Clear|100 ml,766.00 USD (x1),1021.00 USD (x1),https://www.elmachetazo.com/caladryl-clear100-ml-10249794/p
Farmacia,Venda Elástica Adhesiva|5 yd,381.00 USD (x1),381.00 USD (x1),https://www.elmachetazo.com/venda-elastica-adhesiva5-yd-10402094/p
Farmacia,Mascarilla Cubreboca|50 Unidades,199.00 USD (x1),199.00 USD (x1),https://www.elmachetazo.com/mascarilla-cubreboca50-unidades-10770959/p
Farmacia,Voltarén Emulgel|20g,556.00 USD (x1),741.00 USD (x1),https://www.elmachetazo.com/voltaren-emulgel20g-10252241/p
Farmacia,Lubricante Vive LUB|Sin Olor ni Sabor|120ml,570.00 USD (x1),570.00 USD (x1),https://www.elmachetazo.com/lubricante-vive-lubsin-olor-ni-sabor120ml-10308367/p
Farmacia,Cureband Premium Gasa|10x10cm|24 Sobres,818.00 USD (x1),818.00 USD (x1),https://www.elmachetazo.com/cureband-premium-gasa10x10cm24-sobres-10670566/p
Farmacia,Cureband Premium Gasa Estéril|18 Sobres,206.00 USD (x1),206.00 USD (x1),https://www.elmachetazo.com/cureband-premium-gasa-esteril18-sobres-10631956/p
Farmacia,Fleet Enema Adulto|4.5 oz,423.00 USD (x1),564.00 USD (x1),https://www.elmachetazo.com/fleet-enema-adulto45-oz-10249642/p
Farmacia,Tylenol Paracetamol Extra Fuerte|50 Tabletas,1094.00 USD (x1),1459.00 USD (x1),https://www.elmachetazo.com/tylenol-paracetamol-extra-fuerte50-tabletas-10284908/p
Farmacia,Cureband Premium Curita Impermeable|Surtida|30 Unidades,239.00 USD (x1),239.00 USD (x1),https://www.elmachetazo.com/cureband-premium-curita-impermeablesurtida30-unidades-10249423/p
Farmacia,Arthri Flex|1500 mg|120 Tabletas,1995.00 USD (x1),3628.00 USD (x1),https://www.elmachetazo.com/arthri-flex1500-mg120-tabletas-10252563/p
Farmacia,Cureband Premium Curita Impermeable|30 Unidades,239.00 USD (x1),239.00 USD (x1),https://www.elmachetazo.com/cureband-premium-curita-impermeable30-unidades-10249422/p
Farmacia,Cureband Premium Curita Transparente|20 Unidades,239.00 USD (x1),239.00 USD (x1),https://www.elmachetazo.com/cureband-premium-curita-transparente20-unidades-10249414/p
Farmacia,Biotin|2500|90 Tabletas,834.00 USD (x1),1517.00 USD (x1),https://www.elmachetazo.com/biotin250090-tabletas-10356106/p
Farmacia,Metamucil Polvo Naranja|174g,1261.00 USD (x1),1682.00 USD (x1),https://www.elmachetazo.com/metamucil-polvo-naranja174g-10247692/p
Farmacia,Vitamina D3 5000 Ui|100 Softgels,647.00 USD (x1),1177.00 USD (x1),https://www.elmachetazo.com/vitamina-d3-5000-ui100-softgels-10482131/p
Farmacia,Antiflu-Des|100 Cápsulas,5500.00 USD (x1),7333.00 USD (x1),https://www.elmachetazo.com/antiflu-des100-capsulas-10350824/p
Farmacia,Panadol Gripe Día|26 Sobres,967.00 USD (x1),1290.00 USD (x1),https://www.elmachetazo.com/panadol-gripe-dia26-sobres-10728226/p
Farmacia,Alcohol Acisa 70°|1 Galón,989.00 USD (x1),989.00 USD (x1),https://www.elmachetazo.com/alcohol-acisa--701-galon-10032601/p
Farmacia,Alcohol 70° Acisa |16 oz,133.00 USD (x1),133.00 USD (x1),https://www.elmachetazo.com/alcohol-70-acisa-16-oz-10031246/p
Farmacia,Conrelax Plus X|10 Tabletas,2310.00 USD (x1),3080.00 USD (x1),https://www.elmachetazo.com/conrelax-plus-x10-tabletas-10540268/p
Farmacia,Cofal Original|120g,811.00 USD (x1),1082.00 USD (x1),https://www.elmachetazo.com/cofal-original120g-10249480/p
Farmacia,Cofal Fuerte Deportistas|60g,499.00 USD (x1),665.00 USD (x1),https://www.elmachetazo.com/cofal-fuerte-deportistas60g-10008616/p
Farmacia,Bálsamo Spray Rigar|120ml,624.00 USD (x1),832.00 USD (x1),https://www.elmachetazo.com/balsamo-spray-rigar120ml-10253134/p
Farmacia,Centrum Silver|Caja 30 Tabletas,1137.00 USD (x1),1749.00 USD (x1),https://www.elmachetazo.com/centrum-silvercaja-30-tabletas-10248285/p
Farmacia,Manzanilla Sophia Solución Oftálmica|15ml,475.00 USD (x1),633.00 USD (x1),https://www.elmachetazo.com/manzanilla-sophia-solucion-oftalmica15ml-10249436/p
Farmacia,Zorritone Jarabe Bálsamo y Mentol 120ml,385.00 USD (x1),513.00 USD (x1),https://www.elmachetazo.com/zorritone-jarabe-balsamo-y-mentol-120ml-10249961/p
Farmacia,Vitamina C|1000mg|90 Tabletas,833.00 USD (x1),1515.00 USD (x1),https://www.elmachetazo.com/vitamina-c1000mg90-tabletas-10252540/p
Farmacia,Vick Vaporub Lata|12g,110.00 USD (x1),147.00 USD (x1),https://www.elmachetazo.com/vick-vaporub-lata12g-10250308/p
Farmacia,Vick 44 EXP Jarabe 120ml Sabor Cereza,697.00 USD (x1),930.00 USD (x1),https://www.elmachetazo.com/vick-44-exp-jarabe-120ml-sabor-cereza-10249283/p
Farmacia,Cremasten Crema Tópica|20g,376.00 USD (x1),501.00 USD (x1),https://www.elmachetazo.com/cremasten-crema-topica20g-10252810/p
Farmacia,Eucerin Shampoo Corporal Para Bebe,3011.00 USD (x1),4015.00 USD (x1),https://www.elmachetazo.com/eucerin-shampoo-corporal-para-bebe-10615352/p
Farmacia,Cremasten Solución|30ml,408.00 USD (x1),544.00 USD (x1),https://www.elmachetazo.com/cremasten-solucion30ml-10252821/p
Farmacia,Trimetose Jarabe 120ml,545.00 USD (x1),727.00 USD (x1),https://www.elmachetazo.com/trimetose-jarabe-120ml-10251238/p
Farmacia,Vick Vaporub Ungüento|100g,625.00 USD (x1),834.00 USD (x1),https://www.elmachetazo.com/vick-vaporub-ungento100g-10250230/p
Farmacia,Tabcin Extra Fuerte Noche|12 Gelcaps,518.00 USD (x1),691.00 USD (x1),https://www.elmachetazo.com/tabcin-extra-fuerte-noche12-gelcaps-10728339/p
Farmacia,Tylenol Paracetamol Infantil|120ml,332.00 USD (x1),553.00 USD (x1),https://www.elmachetazo.com/tylenol-paracetamol-infantil120ml-10247996/p
Farmacia,Canestén Extra Crema|15g,1057.00 USD (x1),1410.00 USD (x1),https://www.elmachetazo.com/canesten--extra--crema15g-10431376/p
Farmacia,Tabcin Extra Fuerte Gripe Tos|12 GelCaps,429.00 USD (x1),572.00 USD (x1),https://www.elmachetazo.com/tabcin-extra-fuerte-gripe-tos12-gelcaps-10034671/p
Farmacia,Tylenol Paracetamol 500mg|50 Tabletas,738.00 USD (x1),1230.00 USD (x1),https://www.elmachetazo.com/tylenol-paracetamol-500mg50-tabletas-10284909/p
Farmacia,Tabcin Extra Fuerte Día|12 Gelcaps,449.00 USD (x1),691.00 USD (x1),https://www.elmachetazo.com/tabcin-extra-fuerte-dia12-gelcaps-10744125/p
Farmacia,Jabón Eucerin PH5 Syndet|100g,1267.00 USD (x1),1267.00 USD (x1),https://www.elmachetazo.com/jabon-eucerin-ph5-syndet100g-10249698/p
Farmacia,Kin Enjuague|500ml,738.00 USD (x1),738.00 USD (x1),https://www.elmachetazo.com/kin-enjuague500ml-10583726/p
Farmacia,Emulsión Scott Naranja|400ml,528.00 USD (x1),813.00 USD (x1),https://www.elmachetazo.com/emulsion-scott-naranja400ml-10006621/p
Farmacia,Ultra Corega Crema Sin Sabor|40g,739.00 USD (x1),739.00 USD (x1),https://www.elmachetazo.com/ultra-corega-crema-sin-sabor40g-10252880/p
Farmacia,Aceite Árbol de Té|15ml,856.00 USD (x1),1141.00 USD (x1),https://www.elmachetazo.com/aceite-arbol-de-te15ml-10678176/p
Farmacia,Ballena Azul Emulsión Cereza|450ml,494.00 USD (x1),823.00 USD (x1),https://www.elmachetazo.com/ballena-azul-emulsion-cereza450ml-10249833/p
Farmacia,Cardioaspirina|81mg|30 Tabletas,1219.00 USD (x1),1625.00 USD (x1),https://www.elmachetazo.com/cardioaspirina81mg30-tabletas-10257364/p
Farmacia,Jarabe Pino Blanco y Brea Mentolado 120ml,254.00 USD (x1),339.00 USD (x1),https://www.elmachetazo.com/jarabe-pino-blanco-y-brea-mentolado-120ml-10253095/p
Farmacia,Panadol Gripe Noche|16 Capletas,403.00 USD (x1),538.00 USD (x1),https://www.elmachetazo.com/panadol-gripe-noche16-capletas-10729573/p
Farmacia,Aspirina Infantil|100mg|20 Tabletas,277.00 USD (x1),370.00 USD (x1),https://www.elmachetazo.com/aspirina-infantil100mg20-tabletas-10253459/p
Farmacia,Panadol Gripe Día|16 Tabletas,403.00 USD (x1),538.00 USD (x1),https://www.elmachetazo.com/panadol-gripe-dia16-tabletas-10728219/p
Farmacia,Gelicart 10g|Caja 30 Sobres,3687.00 USD (x1),5267.00 USD (x1),https://www.elmachetazo.com/gelicart-10gcaja-30-sobres-10432712/p
Farmacia,Eucalipsina Jarabe 120ml,257.00 USD (x1),343.00 USD (x1),https://www.elmachetazo.com/eucalipsina-jarabe-120ml-10252432/p
Farmacia,Collagen Vit C|60 Cápsulas,720.00 USD (x1),1310.00 USD (x1),https://www.elmachetazo.com/collagen-vit-c60-capsulas-10250080/p
Farmacia,Vita Toro Solución Oral|500 ml,981.00 USD (x1),1635.00 USD (x1),https://www.elmachetazo.com/vita-toro-solucion-oral500-ml-10526294/p
Farmacia,Panadol Congestión Sinus|16 Tabletas,356.00 USD (x1),594.00 USD (x1),https://www.elmachetazo.com/panadol-congestion-sinus16-tabletas-10729566/p
Farmacia,Protan Dextrometorfano Jarabe 120ml,380.00 USD (x1),507.00 USD (x1),https://www.elmachetazo.com/protan-dextrometorfano-jarabe-120ml-10253088/p
Farmacia,Agua Oxigenada Rigar|120ml,121.00 USD (x1),162.00 USD (x1),https://www.elmachetazo.com/agua-oxigenada-rigar120ml-10253093/p
Farmacia,Omega 3-6-9-|100 Soft Gelcaps,816.00 USD (x1),1483.00 USD (x1),https://www.elmachetazo.com/omega-3-6-9-100-soft-gelcaps-10249767/p
Farmacia,Agua Oxigenada Rigar|8 oz,145.00 USD (x1),193.00 USD (x1),https://www.elmachetazo.com/agua-oxigenada-rigar8-oz-10271332/p
Farmacia,Omega III Aceite Pescado|Concentrado|100 Softgels|1000mg,1008.00 USD (x1),1832.00 USD (x1),https://www.elmachetazo.com/omega-iii-aceite-pescadoconcentrado100-softgels1000mg-10250106/p
Farmacia,Cloruro de Magnesio|500 ml,980.00 USD (x1),1633.00 USD (x1),https://www.elmachetazo.com/cloruro-de-magnesio500-ml-10729538/p
Farmacia,Agua Oxigenada Rigar|480 ml,220.00 USD (x1),293.00 USD (x1),https://www.elmachetazo.com/agua-oxigenada-rigar480-ml-10254043/p
Farmacia,Gripe-Kid Jarabe|90ml,349.00 USD (x1),465.00 USD (x1),https://www.elmachetazo.com/gripe-kid-jarabe90ml-10252826/p
Farmacia,Gel Antibacterial Stay Beautiful|Original|250ml,99.00 USD (x1),99.00 USD (x1),https://www.elmachetazo.com/gel-antibacterial-stay-beautifuloriginal250ml-10765075/p
Tecnologia,Olla Arrocera Multiusos Oster|1.8L|6029-013,2198.00 USD (x1),2998.00 USD (x1),https://www.elmachetazo.com/olla-arrocera-multiusos-oster18l6029-013-10115781/p
Tecnologia,"Televisor Sankey 50"" WebOS QLED",19595.00 USD (x1),22995.00 USD (x1),https://www.elmachetazo.com/televisor-sankey-50-webos-qled-11026483/p
Tecnologia,"Televisor Sankey WebOS 65"" |CLEDQ6",33995.00 USD (x1),41995.00 USD (x1),https://www.elmachetazo.com/televisor-sankey-webos-65-cledq6-11023799/p
Tecnologia,Telescopio Galaxy Tracker 50mm |125,5999.00 USD (x1),7499.00 USD (x1),https://www.elmachetazo.com/telescopio-galaxy-tracker-50mm-125-11011484/p
Tecnologia,Tablet Lenovo One Helio G8,15995.00 USD (x1),16995.00 USD (x1),https://www.elmachetazo.com/tablet-lenovo-one-helio-g8-11008310/p
Tecnologia,Parrilla Antiadherente Hamilton Beach,3995.00 USD (x1),4695.00 USD (x1),https://www.elmachetazo.com/parrilla-antiadherente-hamilton-beach-10794151/p
Tecnologia,Audifonos Inalámbricos JBL Endurance Peak 3,7895.00 USD (x1),9995.00 USD (x1),https://www.elmachetazo.com/audifonos-inalambricos-jbl-endurance-peak-3-10999175/p
Tecnologia,Audífono JBL Endurance Run2 Azul,2998.00 USD (x1),3995.00 USD (x1),https://www.elmachetazo.com/audifono-jbl-endurance-run2-azul-10999177/p
Tecnologia,Audífono JBL Vibe Buds 2,4595.00 USD (x1),5995.00 USD (x1),https://www.elmachetazo.com/audifono-jbl-vibe-buds-2-10999171/p
Tecnologia,Licuadora RCA 1.5L Negra 8 Velocidades,1995.00 USD (x1),2595.00 USD (x1),https://www.elmachetazo.com/licuadora-rca-15l-negra-8-velocidades-11009083/p
Tecnologia,Plancha a Vapor Proctor Silex Nonstick,1298.00 USD (x1),1995.00 USD (x1),https://www.elmachetazo.com/plancha-a-vapor-proctor-silex-nonstick-10189285/p
Tecnologia,"Televisor Premier 32"" SmartTV|HD|TV-9020SF32WHLW",8995.00 USD (x1),10995.00 USD (x1),https://www.elmachetazo.com/televisor-premier-32-smarttvhdtv-9020sf32whlw-10997189/p
Tecnologia,"Televisor Premier 58"" SmartTV|UHD|TV-9122SF58WKN",27995.00 USD (x1),32995.00 USD (x1),https://www.elmachetazo.com/televisor-premier-58-smarttvuhdtv-9122sf58wkn-11012168/p
Tecnologia,Máquina de Coser Brother de 17 Puntadas |SM1704,13995.00 USD (x1),15495.00 USD (x1),https://www.elmachetazo.com/maquina-de-coser-brother-de-17-puntadas-sm1704-10996401/p
Tecnologia,Refrigeradora Samsung Side By Side 23p³,85998.00 USD (x1),104995.00 USD (x1),https://www.elmachetazo.com/refrigeradora-samsung-side-by-side-23p-10917619/p
Tecnologia,Estufa a Gas Indurama Bilbao | 4 Quemadores | Acero,17995.00 USD (x1),17995.00 USD (x1),https://www.elmachetazo.com/estufa-a-gas-indurama-bilbao-4-quemadores-acero-inoxidable-11009101/p
Tecnologia,Laptop Lenovo IdeaPad Slim 3 | Intel Core i5 | 8GB RAM | 512GB SSD,43998.00 USD (x1),51995.00 USD (x1),https://www.elmachetazo.com/laptop-lenovo-ideapad-slim-3--intel-core-i5--8gb-ram--512gb-ssd-10971585/p
Tecnologia,"Abanico con Control FanBreeze 11"" |Recargable |Gris",6995.00 USD (x1),6995.00 USD (x1),https://www.elmachetazo.com/abanico-con-control-fan-breeze-11recargablegris-11013590/p
Tecnologia,Enfriador de Aire Honeywell |50L,17995.00 USD (x1),17995.00 USD (x1),https://www.elmachetazo.com/enfriador-de-aire-portatil-50l-honeywell-11013591/p
Tecnologia,"Estufa a Gas Mabe 20"" |4 Quemadores |Gris",15998.00 USD (x1),20995.00 USD (x1),https://www.elmachetazo.com/estufa-a-gas-mabe-20-pulgadas-4-quemadores-11001883/p
Tecnologia,Cafetera con Filtro Proctor Silex 12 Tazas,1995.00 USD (x1),2495.00 USD (x1),https://www.elmachetazo.com/cafetera-con-filtro-proctor-silex-12-tazas-10190074/p
Tecnologia,Vaporizador Portátil Singer 150W,2995.00 USD (x1),3995.00 USD (x1),https://www.elmachetazo.com/vaporizador-portatil-singer-150w-10960008/p
Tecnologia,Aspiradora Sankey |1200W,6595.00 USD (x1),6595.00 USD (x1),https://www.elmachetazo.com/aspiradora-sankey-1200w-11004537/p
Tecnologia,Lavadora Inverter Samsung 9kg Carga Superior,18995.00 USD (x1),22995.00 USD (x1),https://www.elmachetazo.com/lavadora-inverter-samsung-9kg-carga-superior-11009097/p
Tecnologia,"Estufa a Gas Samsung 24""| 4 Quemadores |Horno Integrado",27995.00 USD (x1),29995.00 USD (x1),https://www.elmachetazo.com/estufa-a-gas-samsung-24-4-quemadores-horno-integrado-11009099/p
Tecnologia,Combo de Mini Bocina y Audífono|Bluetooth,995.00 USD (x1),1295.00 USD (x1),https://www.elmachetazo.com/combo-de-mini-bocina-y-audifonobluetooth-11009167/p
Tecnologia,Horno Tostador Mystic|10L|MY-0V105B,2495.00 USD (x1),2495.00 USD (x1),https://www.elmachetazo.com/horno-tostador-mystic10lmy-0v105b-11013085/p
Tecnologia,Bocina con Karaoke|EL-1135,695.00 USD (x1),1595.00 USD (x1),https://www.elmachetazo.com/bocina-con-karaokeel-1135-10941965/p
Tecnologia,Refrigeradora LG Inverter |18p³ |GS51BPP,56998.00 USD (x1),66995.00 USD (x1),https://www.elmachetazo.com/refrigeradora-lg-inverter18pgs51bpp-11014181/p
Tecnologia,Celular BLU K20|256GB|Dual-SIM|Plateado,9995.00 USD (x1),12995.00 USD (x1),https://www.elmachetazo.com/celular-blu-k20-256gb-dual-simplateado-11013599/p
Tecnologia,Celular BLU G84|256GB|8GB RAM|Blanco,12995.00 USD (x1),15995.00 USD (x1),https://www.elmachetazo.com/celular-blu-g84-256gb-8gbram-blanco-11013608/p
Tecnologia,Celular BLU G84|256GB|8GB RAM|Azul,13995.00 USD (x1),15995.00 USD (x1),https://www.elmachetazo.com/celular-blu-g84256gb8gb-ramazul-11013607/p
Tecnologia,Celular BLU Tank Mega TS573|32GB|Dual-SIM|Orange,2998.00 USD (x1),3995.00 USD (x1),https://www.elmachetazo.com/celular-blu-tank-mega-ts57332gbdual-simorange-11014150/p
Tecnologia,Celular BLU K30|256GB|6GB RAM|Verde,12995.00 USD (x1),14995.00 USD (x1),https://www.elmachetazo.com/celular-blu-k30-256gb-6gbram-verde-11013600/p
Tecnologia,Licuadora Oster|3 Velocidades|Roja|BLST4126R,4598.00 USD (x1),6595.00 USD (x1),https://www.elmachetazo.com/licuadora-oster3-velocidadesrojablst4126r-10887690/p
Tecnologia,Multiolla Oster|5.7L|CKSTPCEC6801,11995.00 USD (x1),13998.00 USD (x1),https://www.elmachetazo.com/multiolla-oster57lckstpcec6801-10831237/p
Tecnologia,Olla Arrocera Multiusos Oster|7 Tazas|CKSTRC3103B,3295.00 USD (x1),3995.00 USD (x1),https://www.elmachetazo.com/olla-arrocera-multiusos-oster7-tazasckstrc3103b-11009001/p
Tecnologia,Licuadora Oster|Jarra de Vidrio|2 Velocidades|BLSTKAG-KPB,3495.00 USD (x1),4295.00 USD (x1),https://www.elmachetazo.com/licuadora-osterjarra-de-vidrio2-velocidadesblstkag-kpb-10887637/p
Tecnologia,Licuadora Oster|Jarra de Vidrio|2 Velocidades|BLSTKAG-RPB,3695.00 USD (x1),3995.00 USD (x1),https://www.elmachetazo.com/licuadora-osterjarra-de-vidrio2-velocidadesblstkag-rpb-10887638/p
Tecnologia,Licuadora Oster|8 Velocidades|BLSMG-W00,2698.00 USD (x1),2995.00 USD (x1),https://www.elmachetazo.com/licuadora-oster8-velocidadesblsmg-w00-10580075/p
Tecnologia,Máquina para Arepas Oster|127V|CKSTAM0513,3998.00 USD (x1),4495.00 USD (x1),https://www.elmachetazo.com/maquina-para-arepas-oster127vckstam0513-10782583/p
Tecnologia,Plancha de Ropa Oster|Suela antiadherente|GCSTBS5001,1995.00 USD (x1),1995.00 USD (x1),https://www.elmachetazo.com/plancha-de-ropa-ostersuela-antiadherentegcstbs5001-10887641/p
Tecnologia,Plancha de Ropa Oster|Suela antiadherente|GCSTBS6004,1995.00 USD (x1),1995.00 USD (x1),https://www.elmachetazo.com/plancha-de-ropa-ostersuela-antiadherentegcstbs6004-10887644/p
Tecnologia,Plancha de Ropa Oster|Suela antiadherente|Rosada|GCSTBS5053,1595.00 USD (x1),1995.00 USD (x1),https://www.elmachetazo.com/plancha-de-ropa-ostersuela-antiadherenterosadagcstbs5053-10956078/p
Tecnologia,Plancha de Ropa Oster|GCSTBS5004,1795.00 USD (x1),1795.00 USD (x1),https://www.elmachetazo.com/plancha-de-ropa-ostergcstbs5004-10855100/p
Tecnologia,Plancha de Ropa Oster|GCSTBS6003,1995.00 USD (x1),1995.00 USD (x1),https://www.elmachetazo.com/plancha-de-ropa-ostergcstbs6003-10855102/p
Tecnologia,Plancha de Ropa Oster|GCSTBS6005,2495.00 USD (x1),2495.00 USD (x1),https://www.elmachetazo.com/plancha-de-ropa-ostergcstbs6005-10855104/p
Tecnologia,Plancha de Ropa Oster|53861144308,1395.00 USD (x1),1395.00 USD (x1),https://www.elmachetazo.com/plancha-de-ropa-oster53861144308-10811933/p
Tecnologia,Plancha de Ropa Oster|GCSTBS5905,1298.00 USD (x1),1995.00 USD (x1),https://www.elmachetazo.com/plancha-de-ropa-ostergcstbs5905-10667417/p
Tecnologia,Plancha de Ropa Oster|Plateado-Negro|GCSTBS4801S,1098.00 USD (x1),1595.00 USD (x1),https://www.elmachetazo.com/plancha-de-ropa-osterplateado-negrogcstbs4801s-10580103/p
Tecnologia,Plancha de Ropa Oster|antiadherente|GCSTBS5003,1995.00 USD (x1),1995.00 USD (x1),https://www.elmachetazo.com/plancha-de-ropa-osterantiadherentegcstbs5003-10887643/p
Tecnologia,Plancha de Ropa Oster|Ligera|GCSTBS3803,1195.00 USD (x1),1695.00 USD (x1),https://www.elmachetazo.com/plancha-de-ropa-osterligeragcstbs3803-11009006/p
Tecnologia,Parrilla Sandwichera Oster|CKSTSM400,2195.00 USD (x1),2195.00 USD (x1),https://www.elmachetazo.com/parrilla-sandwichera-osterckstsm400-10976734/p
Tecnologia,Plancha de Ropa Inhalambrica Oster|GCSTCC5000,4595.00 USD (x1),4595.00 USD (x1),https://www.elmachetazo.com/plancha-de-ropa-inhalambrica-ostergcstcc5000-11009008/p
Tecnologia,Plancha de Ropa Oster|Ligera|GCSTBS3801,1195.00 USD (x1),1695.00 USD (x1),https://www.elmachetazo.com/plancha-de-ropa-osterligeragcstbs3801-11009005/p
Tecnologia,Procesador de Alimentos Oster|2 Velocidades|FPSTFP1455,7495.00 USD (x1),7495.00 USD (x1),https://www.elmachetazo.com/procesador-de-alimentos-oster2-velocidadesfpstfp1455-11009003/p
Tecnologia,Procesador de Alimentos Oster|10 Tazas|FPSTFP1355,6998.00 USD (x1),8495.00 USD (x1),https://www.elmachetazo.com/procesador-de-alimentos-oster10-tazasfpstfp1355-10631057/p
Tecnologia,Vaporizador de Ropa Oster|GCSTES-101,4995.00 USD (x1),4995.00 USD (x1),https://www.elmachetazo.com/vaporizador-de-ropa-ostergcstes-101-11009009/p
Tecnologia,Waflera 3 en 1 Oster|CG120W,6495.00 USD (x1),6495.00 USD (x1),https://www.elmachetazo.com/waflera-3-en-1-ostercg120w-10122794/p
Tecnologia,Batidora de Inmersión Oster|FPSTHB2615W,4995.00 USD (x1),4995.00 USD (x1),https://www.elmachetazo.com/batidora-de-inmersion-osterfpsthb2615w-10956076/p
Tecnologia,Cafetera Oster|12 Tazas|Jarra Inoxidable|BVSTDC4404,5695.00 USD (x1),6995.00 USD (x1),https://www.elmachetazo.com/cafetera-oster12-tazasjarra-inoxidablebvstdc4404-11005318/p
Tecnologia,Cafetera Programable Oster|12 Tazas|Panel Tactil|BVSTDC4403,4495.00 USD (x1),4495.00 USD (x1),https://www.elmachetazo.com/cafetera-programable-oster12-tazaspanel-tactilbvstdc4403-10938362/p
Tecnologia,Cafetera Oster Filtro Permanente 12 Tazas |BVSTDCS12BN,2595.00 USD (x1),3295.00 USD (x1),https://www.elmachetazo.com/cafetera-oster12-tazasfiltro-permanentebvstdcs12bn-10911595/p
Tecnologia,Horno Tostador Oster|42L|TSSTTVFDXL,17998.00 USD (x1),23599.00 USD (x1),https://www.elmachetazo.com/horno-tostador-oster42ltssttvfdxl-10855107/p
Tecnologia,Licuadora Oster|Jarra de Vidrio|2 Velocidades|BLSTBPST,5998.00 USD (x1),7495.00 USD (x1),https://www.elmachetazo.com/licuadora-osterjarra-de-vidrio2-velocidadesblstbpst-10887635/p
Tecnologia,Licuadora Oster|2 Velocidades|1.5L|Roja|53891138369,2998.00 USD (x1),3795.00 USD (x1),https://www.elmachetazo.com/licuadora-oster2-velocidades15lroja53891138369-10811921/p
Tecnologia,Licuadora Oster|2 Velocidades|1.5L|Negra|53891138352,3795.00 USD (x1),3795.00 USD (x1),https://www.elmachetazo.com/licuadora-oster2-velocidades15lnegra53891138352-10811919/p
Tecnologia,Licuadora Oster|Jarra Plástica|2 Velocidades|BLSTKAP-BRD,3595.00 USD (x1),4295.00 USD (x1),https://www.elmachetazo.com/licuadora-osterjarra-plastica2-velocidadesblstkap-brd-10956071/p
Tecnologia,Secador para Cabello Remington|1875W,2995.00 USD (x1),3995.00 USD (x1),https://www.elmachetazo.com/secador-para-cabello-remington1875w-11003591/p
Tecnologia,Rizador de Cabello Remington 2 en 1,3295.00 USD (x1),4995.00 USD (x1),https://www.elmachetazo.com/rizador-de-cabello-2-en-1-remington-11003584/p
Tecnologia,Audífono Inalámbrico Lucidsound|LS35X|Rosado-Dorado,2998.00 USD (x1),5995.00 USD (x1),https://www.elmachetazo.com/audifono-inalambrico-lucidsoundls35xrosado-dorado-10926718/p
Tecnologia,Audífono Gaming Razer|Negro-Azul,2998.00 USD (x1),4495.00 USD (x1),https://www.elmachetazo.com/audifono-gaming-razernegro-azul-10926715/p
Tecnologia,Nintendo Switch|Animal Crossing New Horizons,5999.00 USD (x1),5999.00 USD (x1),https://www.elmachetazo.com/nintendo-switchanimal-crossing-new-horizons-10877219/p
Tecnologia,Lavadora Secadora Mystic|WM-ACF1226-G,38995.00 USD (x1),40995.00 USD (x1),https://www.elmachetazo.com/lavadora-secadora-mysticwm-acf1226-g-10976805/p
Tecnologia,Bocina Sankey|PA-8DCC32M,5995.00 USD (x1),5995.00 USD (x1),https://www.elmachetazo.com/bocina-sankeypa-8dcc32m-11004524/p
Tecnologia,Bocina Portátil Charge 5 JBL|Negro,14995.00 USD (x1),17995.00 USD (x1),https://www.elmachetazo.com/bocina-portatil-charge-5-jblnegro-10833019/p
Tecnologia,Bocina Go 4 JBL|Azul,3995.00 USD (x1),4995.00 USD (x1),https://www.elmachetazo.com/bocina-go-4-jblazul-10999178/p
Tecnologia,Bocina Portátil Charge 5 JBL|Rojo,14995.00 USD (x1),17995.00 USD (x1),https://www.elmachetazo.com/bocina-portatil-charge-5-jblrojo-10999181/p
Tecnologia,Bocina Xtreme 4 JBL|Azul,27995.00 USD (x1),39995.00 USD (x1),https://www.elmachetazo.com/bocina-xtreme-4-jblazul-10999185/p
Tecnologia,Bocina Flip 6 JBL|Negro,9998.00 USD (x1),11995.00 USD (x1),https://www.elmachetazo.com/bocina-flip-6-jblnegro-10881510/p
Tecnologia,Bocina Kromatic Klip Xtreme,4498.00 USD (x1),5998.00 USD (x1),https://www.elmachetazo.com/bocina-kromatic-klip-xtreme-10656178/p
Tecnologia,Bocina Flip 6 JBL|Gris,9298.00 USD (x1),11995.00 USD (x1),https://www.elmachetazo.com/bocina-flip-6-jblgris-10905011/p
Tecnologia,Bocina Recargable Xtech con Micrófono|40W|Bluetooth,3998.00 USD (x1),4995.00 USD (x1),https://www.elmachetazo.com/bocina-recargable-xtech-con-microfono40wbluetooth-10730628/p
Tecnologia,Reloj Inteligente Argom Skeiwatch C60,4598.00 USD (x1),5995.00 USD (x1),https://www.elmachetazo.com/reloj-inteligente-argom-skeiwatch-c60-10968021/p
Tecnologia,Bocina Coaxial para Auto Sony|3 Vías,4998.00 USD (x1),4998.00 USD (x1),https://www.elmachetazo.com/bocina-coaxial-para-auto-sony3-vias-10842552/p
Tecnologia,Refrigeradora Sankey 16p³ con Dispensador,47995.00 USD (x1),56995.00 USD (x1),https://www.elmachetazo.com/refrigeradora-sankey-16-p3-dispensador-10957998/p
Tecnologia,Secador de Cabello Conair|1875 W|910AL,4995.00 USD (x1),4995.00 USD (x1),https://www.elmachetazo.com/secador-de-cabello-conair1875-w910al-10973670/p
Tecnologia,"Estufa a Gas Mabe|6 Quemadores|Negro|30""",27998.00 USD (x1),32995.00 USD (x1),https://www.elmachetazo.com/estufa-a-gas-mabe6-quemadoresnegro30-10876802/p
Tecnologia,Horno Microondas Winia|KOS-81HS,4995.00 USD (x1),7995.00 USD (x1),https://www.elmachetazo.com/horno-microondas-winiakos-81hs-10997461/p
Tecnologia,"Tambor Completo Rojo|14""",6995.00 USD (x1),6995.00 USD (x1),https://www.elmachetazo.com/tambor-completo-rojo14-10911328/p
Tecnologia,"Tambor Completo Rojo|12""",6995.00 USD (x1),6995.00 USD (x1),https://www.elmachetazo.com/tambor-completo-rojo12-10911326/p
Tecnologia,Tambor AP-3570,2998.00 USD (x1),4995.00 USD (x1),https://www.elmachetazo.com/tambor-ap-3570-10974640/p
Tecnologia,"Baston Mayor|46""",7995.00 USD (x1),7995.00 USD (x1),https://www.elmachetazo.com/baston-mayor46-10043130/p
Tecnologia,"Juego de Platillos|10""",4595.00 USD (x1),4595.00 USD (x1),https://www.elmachetazo.com/juego-de-platillo10-10081130/p
Tecnologia,"Tambor Blanco|10""",4295.00 USD (x1),4295.00 USD (x1),https://www.elmachetazo.com/tambor-blanco10-10082005/p
Tecnologia,"Batuta de Tulipan|28""",995.00 USD (x1),995.00 USD (x1),https://www.elmachetazo.com/batuta-de-tulipan28-10201711/p
Tecnologia,"Baston Mayor|30""",4995.00 USD (x1),4995.00 USD (x1),https://www.elmachetazo.com/baston-mayor30-10867407/p
Tecnologia,"Tambor|12""",3598.00 USD (x1),5995.00 USD (x1),https://www.elmachetazo.com/tambor12-10981167/p
Tecnologia,"Tambor Profesional de Metal|14x13""",16995.00 USD (x1),16995.00 USD (x1),https://www.elmachetazo.com/tambor-de-metal14-x-13-11008364/p
Tecnologia,"Cuero Doble Transparente|16""",1695.00 USD (x1),1695.00 USD (x1),https://www.elmachetazo.com/cuero-doble-transparente16-11008371/p
Tecnologia,"Cuero Doble|Negro|15""",1295.00 USD (x1),1295.00 USD (x1),https://www.elmachetazo.com/cuero-doble-negro15-11008374/p
Tecnologia,"Abanico de Techo Lea RCA|52""",4998.00 USD (x1),5995.00 USD (x1),https://www.elmachetazo.com/abanico-de-techo-lea-rca52-10927174/p
Tecnologia,"Abanico de Techo Sankey|18""",4995.00 USD (x1),4995.00 USD (x1),https://www.elmachetazo.com/abanico-de-techo-sankey18-10957657/p
Tecnologia,"Abanico de Techo Isabela RCA|52""",5998.00 USD (x1),6995.00 USD (x1),https://www.elmachetazo.com/abanico-de-techo-isabela-rca52-10927173/p
Tecnologia,"Abanico de Pedestal Sankey |16""",2995.00 USD (x1),2995.00 USD (x1),https://www.elmachetazo.com/abanico-de-pedestal-sankey16-10997632/p
Tecnologia,"Abanico de Pedestal Sankey 16"" |Blanco",2995.00 USD (x1),2995.00 USD (x1),https://www.elmachetazo.com/abanico-de-pedestal-sankeyblanco16-10910346/p
Tecnologia,Memoria USB Data Traveler Kingston|32 GB|Negro,395.00 USD (x1),795.00 USD (x1),https://www.elmachetazo.com/memoria-usb-data-traveler-kingston32-gbnegro-10823959/p
Tecnologia,Memoria USB Data Traveler Kingston|32 GB|Rojo,498.00 USD (x1),795.00 USD (x1),https://www.elmachetazo.com/memoria-usb-data-traveler-kingston32-gbrojo-10896085/p
Tecnologia,Disco Duro HDD Externo Adata|1 TB,5995.00 USD (x1),5995.00 USD (x1),https://www.elmachetazo.com/disco-duro-hdd-externo-adata1-tb-10973667/p
Tecnologia,Memoria SSD Externo Adata|500 GB,6995.00 USD (x1),6995.00 USD (x1),https://www.elmachetazo.com/memoria-ssd-externo-adata500-gb-10973666/p
Tecnologia,Memoria USB Adata|128 GB,1495.00 USD (x1),1495.00 USD (x1),https://www.elmachetazo.com/memoria-usb-adata128-gb-10973658/p
Tecnologia,Memoria USB Adata|32 GB,795.00 USD (x1),795.00 USD (x1),https://www.elmachetazo.com/memoria-usb-adata32-gb-10973656/p
Tecnologia,Memoria USB Adata|64 GB,995.00 USD (x1),995.00 USD (x1),https://www.elmachetazo.com/memoria-usb-adata64-gb-10973657/p
Tecnologia,Memoria USB-C Data Traveler Kingston|64 GB,995.00 USD (x1),995.00 USD (x1),https://www.elmachetazo.com/memoria-usb-c-data-traveler-kingston64-gb-10780403/p
Tecnologia,Memoria USB Data Traveler Kingston|32 GB|Verde,498.00 USD (x1),795.00 USD (x1),https://www.elmachetazo.com/memoria-usb-data-traveler-kingston32-gbverde-10896084/p
Tecnologia,Memoria USB Data Traveler Kingston|64 GB,995.00 USD (x1),995.00 USD (x1),https://www.elmachetazo.com/memoria-usb-data-traveler-kingston64-gb-10823963/p
Tecnologia,Memoria USB Data Traveler M Kingston|64 GB|Azul,995.00 USD (x1),995.00 USD (x1),https://www.elmachetazo.com/memoria-usb-data-traveler-m-kingston64-gbazul-10896080/p
Tecnologia,Memoria USB Data Traveler MicroDuo Kingston|64 GB,995.00 USD (x1),995.00 USD (x1),https://www.elmachetazo.com/memoria-usb-data-traveler-microduo-kingston64-gb-10991041/p
Tecnologia,Memoria USB Exodia Onyx Kingston|128 GB,1495.00 USD (x1),1495.00 USD (x1),https://www.elmachetazo.com/memoria-usb-exodia-onyx-kingston128-gb-10991039/p
Tecnologia,Memoria USB Exodia Onyx Kingston|256 GB,1995.00 USD (x1),1995.00 USD (x1),https://www.elmachetazo.com/memoria-usb-exodia-onyx-kingston256-gb-10991040/p
Tecnologia,Memoria USB Exodia Onyx Kingston|64 GB,995.00 USD (x1),995.00 USD (x1),https://www.elmachetazo.com/memoria-usb-exodia-onyx-kingston64-gb-10973655/p
Tecnologia,Memoria USB-C Adata|128 GB,2495.00 USD (x1),2495.00 USD (x1),https://www.elmachetazo.com/memoria-usb-c-adata128-gb-10973662/p
Tecnologia,Bocina Coaxial Sony para Auto|230W,6995.00 USD (x1),6995.00 USD (x1),https://www.elmachetazo.com/bocina-coaxial-sony-para-auto230w-10958890/p
Tecnologia,Bocina Subwoofer Sony Xplod|1880W,5495.00 USD (x1),5495.00 USD (x1),https://www.elmachetazo.com/bocina-subwoofer-sony-xplod1880w-10958885/p
Tecnologia,Memoria USB Kingston|64 GB,598.00 USD (x1),995.00 USD (x1),https://www.elmachetazo.com/memoria-usb-kingston64-gb-10823957/p
Tecnologia,Memoria USB-C Adata|32 GB,795.00 USD (x1),795.00 USD (x1),https://www.elmachetazo.com/memoria-usb-c-adata32-gb-10973660/p
Tecnologia,Memoria USB-C Adata|64 GB,995.00 USD (x1),995.00 USD (x1),https://www.elmachetazo.com/memoria-usb-c-adata64-gb-10973661/p
Tecnologia,Bocina Inalambrica Maxell BTS B13|Color Negro,695.00 USD (x1),1095.00 USD (x1),https://www.elmachetazo.com/bocina-inalambrica-maxell-bts-b13color-negro-10982391/p
Tecnologia,Bocina Portátil Maxell Trek Bluetooth 5W|Color Azul,795.00 USD (x1),1995.00 USD (x1),https://www.elmachetazo.com/bocina-portatil-maxell-trek-bluetooth-5wcolor-azul-11009042/p
Tecnologia,Bocina Portátil Maxell Trek Bluetooth 5W|Color Negro,795.00 USD (x1),1995.00 USD (x1),https://www.elmachetazo.com/bocina-portatil-maxell-trek-bluetooth-5wcolor-negro-11009043/p
Tecnologia,Bocina Portátil Maxell Trek Bluetooth 5W|Color Púrpura,795.00 USD (x1),1995.00 USD (x1),https://www.elmachetazo.com/bocina-portatil-maxell-trek-bluetooth-5wcolor-purpura-11009040/p
Tecnologia,Bocina Portátil Maxell Trek Bluetooth 5W|Color Rojo,795.00 USD (x1),1995.00 USD (x1),https://www.elmachetazo.com/bocina-portatil-maxell-trek-bluetooth-5wcolor-rojo-11009039/p
Tecnologia,Bocina Inalambrica Maxell BTS B13|Color Turquesa,695.00 USD (x1),1095.00 USD (x1),https://www.elmachetazo.com/bocina-inalambrica-maxell-bts-b13color-turquesa-10982390/p
Tecnologia,Bocina Portátil Maxell Trek Bluetooth 5W|Color Gris,795.00 USD (x1),1995.00 USD (x1),https://www.elmachetazo.com/bocina-portatil-maxell-trek-bluetooth-5wcolor-gris-11009041/p
Tecnologia,Bocina Subwoofer Pioneer Serie Champion|1600W,6995.00 USD (x1),7995.00 USD (x1),https://www.elmachetazo.com/bocina-subwoofer-pioneer-serie-champion1600w-10958739/p
Tecnologia,Reloj Inteligente Skeiwatch|C70,5998.00 USD (x1),6995.00 USD (x1),https://www.elmachetazo.com/reloj-inteligente-skeiwatchc70-10968023/p
Tecnologia,Reloj Inteligente|LW-244,3498.00 USD (x1),5495.00 USD (x1),https://www.elmachetazo.com/reloj-inteligentelw-244-10972992/p
Tecnologia,Bocina Subwoofer BLG Doble|2000W,19998.00 USD (x1),28995.00 USD (x1),https://www.elmachetazo.com/bocina-subwoofer-blg-doble2000w-10616726/p
Tecnologia,Bocina JBL Pulse 5,21995.00 USD (x1),24995.00 USD (x1),https://www.elmachetazo.com/bocina-jbl-pulse-5-10999183/p
Tecnologia,Bocina Portátil JBL Xtreme 4|,27995.00 USD (x1),39995.00 USD (x1),https://www.elmachetazo.com/bocina-portatil-jbl-xtreme-4-10999184/p
Tecnologia,Combo Polaroid|Teclado Mouse y Bocinas,998.00 USD (x1),1795.00 USD (x1),https://www.elmachetazo.com/combo-polaroidteclado-mouse-y-bocinas-10665382/p
Tecnologia,Tira de Luz LED|10 Pies|Control Bluetooth,998.00 USD (x1),1395.00 USD (x1),https://www.elmachetazo.com/tira-de-luz-led10-piescontrol-bluetooth-10926957/p
Tecnologia,Audífonos Maxell para Gaming,4995.00 USD (x1),4995.00 USD (x1),https://www.elmachetazo.com/audifonos-maxell-para-gaming-10751535/p
Tecnologia,Aro de Luz LED con Tripode,1498.00 USD (x1),1995.00 USD (x1),https://www.elmachetazo.com/aro-de-luz-led-con-tripode-10903645/p
Tecnologia,Barras de Luces LED Bytech Multicolor|6 Pies|3 Piezas,1898.00 USD (x1),2695.00 USD (x1),https://www.elmachetazo.com/barras-de-luces-led-bytech-multicolor6-pies3-piezas-10926956/p
Tecnologia,Cafetera|12 Tazas,1695.00 USD (x1),1695.00 USD (x1),https://www.elmachetazo.com/cafetera12-tazas-10791897/p
Tecnologia,Sandwichera,1295.00 USD (x1),1295.00 USD (x1),https://www.elmachetazo.com/sandwichera-10887034/p
Tecnologia,"Televisor Smart Sankey|55""",27998.00 USD (x1),32995.00 USD (x1),https://www.elmachetazo.com/televisor-smart-sankey55-10970363/p
Tecnologia,Sandwichera Sankey,1195.00 USD (x1),1195.00 USD (x1),https://www.elmachetazo.com/sandwichera-sankey-10971028/p
Tecnologia,Sandwichera,1295.00 USD (x1),1295.00 USD (x1),https://www.elmachetazo.com/sandwichera-10939481/p
Tecnologia,Secadora De Cabello Sankey,1995.00 USD (x1),1995.00 USD (x1),https://www.elmachetazo.com/secadora-de-cabello-sankey-10957999/p
Tecnologia,Aire Acondicionado Sankey Split Inverter|24000 BTU,49995.00 USD (x1),54995.00 USD (x1),https://www.elmachetazo.com/aire-acondicionado-split-inverter24000-btu-10936892/p
Tecnologia,Aire Acondicionado Split GPlus |12000 BTU |220V,20995.00 USD (x1),23995.00 USD (x1),https://www.elmachetazo.com/aire-acondicionado-gplus-split-12000-btu-220v-10991043/p
Tecnologia,Horno de Convección GPlus|Gas y Eléctrico|110V|GP-25HG6ONE,30995.00 USD (x1),32995.00 USD (x1),https://www.elmachetazo.com/horno-de-conveccion-gplusgas-y-electrico110vgp-25hg6one-10877097/p
Tecnologia,Baquetas para Redoblante|Punta de Madera,195.00 USD (x1),195.00 USD (x1),https://www.elmachetazo.com/baquetas-para-redoblante-10974620/p
Tecnologia,Baquetas para Redoblante|Punta de Nylon,295.00 USD (x1),295.00 USD (x1),https://www.elmachetazo.com/baquetas-para-redoblante-10981166/p
Tecnologia,Melódica de 22 Teclas,1995.00 USD (x1),1995.00 USD (x1),https://www.elmachetazo.com/melodica-10974598/p
Tecnologia,Pandereta de Plástico,898.00 USD (x1),1495.00 USD (x1),https://www.elmachetazo.com/maraca-de-plastico-10941971/p
Tecnologia,Pandereta de Madera,1098.00 USD (x1),1098.00 USD (x1),https://www.elmachetazo.com/maraca-de-madera-10941972/p
Tecnologia,"Bongo|7""+8""",4598.00 USD (x1),5995.00 USD (x1),https://www.elmachetazo.com/bongo78-10942837/p
Tecnologia,Soporte de Guitarra para Pared|2 Piezas,495.00 USD (x1),495.00 USD (x1),https://www.elmachetazo.com/gancho-de-guitarra2-piezas-10942820/p
Tecnologia,"Forro para Guitarra|24""",998.00 USD (x1),998.00 USD (x1),https://www.elmachetazo.com/forro-para-guitarra24-10974622/p
Tecnologia,"Ukelele|23""",1298.00 USD (x1),1795.00 USD (x1),https://www.elmachetazo.com/ukelele23-10974627/p
Tecnologia,"Ukelele|24""",1098.00 USD (x1),1995.00 USD (x1),https://www.elmachetazo.com/ukelele24-10974628/p
Tecnologia,Violin Electronico,6998.00 USD (x1),8998.00 USD (x1),https://www.elmachetazo.com/violin-electronico-10974631/p
Tecnologia,Piano Electrónico|61 Teclas,5998.00 USD (x1),8998.00 USD (x1),https://www.elmachetazo.com/piano-electronico61-teclas-10981171/p
Tecnologia,Bongo Acrílico Transparente 6+7,4598.00 USD (x1),5995.00 USD (x1),https://www.elmachetazo.com/bongo-acrilico-transparente-67-10942836/p
Tecnologia,Adaptador De Corriente Casio,1795.00 USD (x1),1795.00 USD (x1),https://www.elmachetazo.com/adaptador-de-corriente-casio-10968011/p
Tecnologia,Piano Electrónico Casio S200|Blanco,14998.00 USD (x1),14998.00 USD (x1),https://www.elmachetazo.com/piano-electronico-casio-s200-blanco-10968013/p
Tecnologia,Banquito para Piano Casio,1998.00 USD (x1),2995.00 USD (x1),https://www.elmachetazo.com/banquito-para-piano-casio-10968014/p
Tecnologia,Piano Electrónico Casio|S100,14995.00 USD (x1),14995.00 USD (x1),https://www.elmachetazo.com/piano-electronico-casio-s100-10968073/p
Tecnologia,Horno Microondas Whirpool|20L|WM1807W,4995.00 USD (x1),5995.00 USD (x1),https://www.elmachetazo.com/horno-microondas-whirpool20lwm1807w-10805868/p
Tecnologia,Aire Acondicionado Split Inverter Mystic|12000BTU,22595.00 USD (x1),30995.00 USD (x1),https://www.elmachetazo.com/aire-acondicionado-split-mystic12000btuinvert220v-60hzkitmy-inv1263-10778247/p
Tecnologia,"Televisor Mystic 32""|GoogleTV|HD|HDR|MY-32107",9895.00 USD (x1),11995.00 USD (x1),https://www.elmachetazo.com/televisor-mystic-32googletvhdhdrmy-32107-10976797/p
Tecnologia,"Bocina Mystic 120W|Woofer 12""|MY-PS2000FL",25995.00 USD (x1),29995.00 USD (x1),https://www.elmachetazo.com/bocina-mystic-120wwoofer-de-12my-ps2000fl-10976802/p
Tecnologia,Aire Acondicionado de Ventana Mystic |5000 BTU,11995.00 USD (x1),13995.00 USD (x1),https://www.elmachetazo.com/aire-acondicionado-mystic-5000-btu-ventana-10966823/p
Tecnologia,"Bocina Mystic|Bass10""x2|50W|MY-PS1015T",14995.00 USD (x1),15995.00 USD (x1),https://www.elmachetazo.com/bocina-mysticbass10x250wmy-ps1015t-10943570/p
Tecnologia,Acer Aspire 5|Intel Core i5|512GB|SSD|8GB Ram|Windows 11|NXKN3AL,47995.00 USD (x1),56995.00 USD (x1),https://www.elmachetazo.com/acer-aspire-5intel-core-i5512gbssd8gb-ramwindows-11nxkn3al-10986926/p
Tecnologia,Notebook Lenovo,39998.00 USD (x1),49995.00 USD (x1),https://www.elmachetazo.com/notebook-lenovo-10953877/p
Tecnologia,"Laptop Acer|15""",37895.00 USD (x1),37895.00 USD (x1),https://www.elmachetazo.com/laptop-acer15-10958850/p
Tecnologia,Impresora Multifuncional Epson EcoTank|L4260,22995.00 USD (x1),25995.00 USD (x1),https://www.elmachetazo.com/impresora-multifuncional-epson-ecotank-l4260-10935564/p
Tecnologia,Impresora Multifuncional Canon de Tinta Recargable|Wi-Fi|G3160,17595.00 USD (x1),18595.00 USD (x1),https://www.elmachetazo.com/impresora-multifuncional-canon-de-tinta-recargablewi-fig3160-10803927/p
Tecnologia,Piano Electrónico Casio CT-S200|61 Teclas|Rojo,14998.00 USD (x1),14998.00 USD (x1),https://www.elmachetazo.com/teclado-casio-10968012/p
Tecnologia,Piano Electrónico Casio SA80,7498.00 USD (x1),7498.00 USD (x1),https://www.elmachetazo.com/piano-electronico-casio-sa-80-10968017/p
Tecnologia,Piano Electrónico Casio SA-51,5998.00 USD (x1),5998.00 USD (x1),https://www.elmachetazo.com/piano-electronico-casio-sa-51-10968016/p
Tecnologia,Mouse Inalámbrico|Jaguar Wild Edition,1595.00 USD (x1),1595.00 USD (x1),https://www.elmachetazo.com/mouse-inalambricojaguar-wild-edition-10981463/p
Tecnologia,Televisor LED Sankey 70 Smart|WebOS|70DW9,46998.00 USD (x1),51998.00 USD (x1),https://www.elmachetazo.com/televisor-led-sankey-70-smartwebos70dw9-10917907/p
Tecnologia,Teclado Gamer,1998.00 USD (x1),3998.00 USD (x1),https://www.elmachetazo.com/teclado-gamer-10925903/p
Tecnologia,Drone E88,2998.00 USD (x1),3998.00 USD (x1),https://www.elmachetazo.com/drone-e88-10970132/p
Tecnologia,Drone Q6,3998.00 USD (x1),4998.00 USD (x1),https://www.elmachetazo.com/drone-q6-10970133/p
Tecnologia,Proyector de Luces de Navidad,998.00 USD (x1),998.00 USD (x1),https://www.elmachetazo.com/proyector-de-luces-de-navidad-10970161/p
Tecnologia,Juego S10B,1098.00 USD (x1),1795.00 USD (x1),https://www.elmachetazo.com/juego-s10b-10972108/p
Tecnologia,Nintendo Switch|Controles Joy-Con|L-R|Neon Rosa y Amarillo,7998.00 USD (x1),9995.00 USD (x1),https://www.elmachetazo.com/control-joy-con-nintendorosa-y-amarillo-10933400/p
Tecnologia,Control de Nintendo Switch Alambrico|Mario Kart Rojo,2798.00 USD (x1),3995.00 USD (x1),https://www.elmachetazo.com/control-de-nintendo-switch-alambricomario-kart-rojo-10911630/p
Tecnologia,Control de Nintendo Switch Alambrico|Battle Ready Link,3995.00 USD (x1),3995.00 USD (x1),https://www.elmachetazo.com/control-de-nintendo-switch-alambricobattle-ready-link-10933397/p
Tecnologia,Celular Redmi A3|3Gb+64Gb|Verde,7995.00 USD (x1),7995.00 USD (x1),https://www.elmachetazo.com/celular-redmi-a33gb64gbverde-10958712/p
Tecnologia,Celular G43 G0950|Gris,6595.00 USD (x1),7995.00 USD (x1),https://www.elmachetazo.com/celular-g43-g0950gris-10963598/p
Tecnologia,Audifonos Bluetooth,698.00 USD (x1),895.00 USD (x1),https://www.elmachetazo.com/audifonos-bluetooth-10959693/p
Tecnologia,Audifonos Bluetooth,598.00 USD (x1),998.00 USD (x1),https://www.elmachetazo.com/audifonos-bluetooth-10959695/p
Tecnologia,Audifonos Bluetooth,995.00 USD (x1),1495.00 USD (x1),https://www.elmachetazo.com/audifonos-bluetooth-10959697/p
Tecnologia,Camara de Videovigilancia|P6,5998.00 USD (x1),5998.00 USD (x1),https://www.elmachetazo.com/camara-de-videoviliganciap6-10973071/p
Tecnologia,Camara de Videovigilancia|V111,3998.00 USD (x1),4595.00 USD (x1),https://www.elmachetazo.com/camara-de-videoviliganciav111-10973070/p
Tecnologia,Cámara de Videovigilancia|A8P,1798.00 USD (x1),2995.00 USD (x1),https://www.elmachetazo.com/camara-de-videovigilancia-a8p-10973069/p
Tecnologia,Audífonos Compactos Bluetooth|Blanco,4995.00 USD (x1),5995.00 USD (x1),https://www.elmachetazo.com/audifonos-compactos-bluetoothblanco-10969752/p
Tecnologia,Audífonos Compactos Bluetooth|Amarillo,4995.00 USD (x1),5995.00 USD (x1),https://www.elmachetazo.com/audifonos-compactos-bluetoothamarillo-10969754/p
Tecnologia,Audífono Inalámbrico|Wh-Ch520|Blanco,3995.00 USD (x1),5995.00 USD (x1),https://www.elmachetazo.com/audifono-inalambricowh-ch520blanco-10975055/p
Tecnologia,Altavoz con Megafono,1298.00 USD (x1),1998.00 USD (x1),https://www.elmachetazo.com/altavoz-con-megafono-10970058/p
Tecnologia,Altavoz con Megafono,3998.00 USD (x1),3998.00 USD (x1),https://www.elmachetazo.com/altavoz-con-megafono-10970060/p
Tecnologia,Altavoz con Megafono,4998.00 USD (x1),4998.00 USD (x1),https://www.elmachetazo.com/altavoz-con-megafono-10970062/p
Tecnologia,Bocina Portátil Inalámbrica,9995.00 USD (x1),12995.00 USD (x1),https://www.elmachetazo.com/bocina-portatil-inalambrica-10969747/p
Tecnologia,Bocina Portátil Inalámbrica,9995.00 USD (x1),12995.00 USD (x1),https://www.elmachetazo.com/bocina-portatil-inalambrica-10969748/p
Tecnologia,Bocina Portátil Inalámbrica,9995.00 USD (x1),12995.00 USD (x1),https://www.elmachetazo.com/bocina-portatil-inalambrica-10969750/p
Tecnologia,Microondas Inverter Panasonic,19995.00 USD (x1),21995.00 USD (x1),https://www.elmachetazo.com/microondas-inverter-panasonic-10965262/p
Tecnologia,Licuadora Personal Single Serve Blender|Morado,1695.00 USD (x1),1995.00 USD (x1),https://www.elmachetazo.com/licuadora-personal-single-serve-blendermorado-10514060/p
Tecnologia,Lavadora Automática Mabe|Blanca,36995.00 USD (x1),39995.00 USD (x1),https://www.elmachetazo.com/lavadora-automatica-mabeblanca-10876790/p
Tecnologia,Impresora Multifuncional Canon Pixma|G3170,16995.00 USD (x1),22495.00 USD (x1),https://www.elmachetazo.com/impresora-multifuncional-canon-pixmag3170-10939296/p
Tecnologia,Guitarra Electrica con Amplificador,14998.00 USD (x1),14998.00 USD (x1),https://www.elmachetazo.com/guitarra-electrica-con-amplificador-10945357/p
Tecnologia,"Televisor LED RCA Smart 50""|UHD|APP 4K-RC50S4T2-4",23995.00 USD (x1),29995.00 USD (x1),https://www.elmachetazo.com/televisor-led-rca-smart-50uhdapp-4k-rc50s4t2-4-10966792/p
Tecnologia,"Televisor LED RCA Smart 43""|APP 4K-RC43S4T2-F",16995.00 USD (x1),19295.00 USD (x1),https://www.elmachetazo.com/televisor-led-rca-smart-43app-4k-rc43s4t2-f-10966791/p
Tecnologia,"Televisor 65"" Sankey|Smart|WebOS|CLED65D",38498.00 USD (x1),38498.00 USD (x1),https://www.elmachetazo.com/televisor-65-sankeysmartweboscled65d-10964412/p
Tecnologia,Minicomponente Xboom|CK57|12100 W,24998.00 USD (x1),32995.00 USD (x1),https://www.elmachetazo.com/minicomponente-xboomck5712100-w-10910856/p
Tecnologia,Mouse Pad Maxell,1095.00 USD (x1),1095.00 USD (x1),https://www.elmachetazo.com/mouse-pad-maxell-10582082/p
Tecnologia,Router Inalámbrico Rabbit|2T2R-1200AC,4598.00 USD (x1),5999.00 USD (x1),https://www.elmachetazo.com/router-inalambrico-rabbit2t2r-1200ac-10777281/p
Tecnologia,Audífonos Ultraliviano Maxell|Verde,595.00 USD (x1),595.00 USD (x1),https://www.elmachetazo.com/audifonos-ultraliviano-maxellverde-10801641/p
Tecnologia,Audífonos Un Solo Lado Maxell,1095.00 USD (x1),1095.00 USD (x1),https://www.elmachetazo.com/audifonos-un-solo-lado-maxell-10824095/p
Tecnologia,Audífonos Ultralivianos Maxell|Azul,595.00 USD (x1),595.00 USD (x1),https://www.elmachetazo.com/audifonos-ultralivianos-maxellazul-10801645/p
Tecnologia,Audífonos con Micrófono Maxell,995.00 USD (x1),995.00 USD (x1),https://www.elmachetazo.com/audifonos-con-microfono-maxell-10945134/p
Tecnologia,Audífonos Maxell|SMS-10|Gris,1995.00 USD (x1),1995.00 USD (x1),https://www.elmachetazo.com/audifonos-maxellsms-10gris-10669466/p
Tecnologia,Audífonos Bluetooth con Microfono Maxell,1695.00 USD (x1),1695.00 USD (x1),https://www.elmachetazo.com/audifonos-bluetooth-con-microfono-maxell-10945306/p
Tecnologia,Equipo de Sonido Xboom|RNC9|3600 W,29898.00 USD (x1),43995.00 USD (x1),https://www.elmachetazo.com/equipo-de-sonido-xboomrnc93600-w-10910859/p
Tecnologia,Equipo de Sonido Xboom|RNC5|300 W,24995.00 USD (x1),24995.00 USD (x1),https://www.elmachetazo.com/equipo-de-sonido-xboomrnc5300-w-10910861/p
Tecnologia,Barra de Sonido Con Subwoofer|SN4|300 W,15998.00 USD (x1),22995.00 USD (x1),https://www.elmachetazo.com/barra-de-sonido-con-subwoofersn4300-w-10910858/p
Tecnologia,Horno Microondas Panasonic| 0.7p³|Negro|NN-SB25JBRUH,5995.00 USD (x1),9995.00 USD (x1),https://www.elmachetazo.com/horno-microondas-panasonic-0-7p--negro-nn-sb25jbruhnegro-10943349/p
Tecnologia,Calculadora Científica Casio|FX-95MS-2,1495.00 USD (x1),1495.00 USD (x1),https://www.elmachetazo.com/calculadora-cientifica-casiofx-95ms-2-10837697/p
Tecnologia,Secador de Cabello Conair|1875 W|146DGNB,1798.00 USD (x1),1998.00 USD (x1),https://www.elmachetazo.com/secador-de-cabello-conair1875-w146dgnb-10917569/p
Tecnologia,Máquina de Coser Singer|12 Puntadas|1412,12995.00 USD (x1),14995.00 USD (x1),https://www.elmachetazo.com/maquina-de-coser-singer12-puntadas1412-10605879/p
Tecnologia,"Mochila Targus City Laptop Intellect Essentials|15.6""|Negra",1798.00 USD (x1),1798.00 USD (x1),https://www.elmachetazo.com/mochila-targus-city-laptop-intellect-essentials156negra-10953866/p
Tecnologia,"Mochila para Laptop Targus Intellect |15.6""|Negra",1798.00 USD (x1),1798.00 USD (x1),https://www.elmachetazo.com/mochila-para-laptop-targus-intellect-156negra-10953867/p
Tecnologia,"Maletín para Laptop Targus|14""|Negra",1495.00 USD (x1),1495.00 USD (x1),https://www.elmachetazo.com/maletin-para-laptop-targus14negra-10953868/p
Tecnologia,"Mochila Targus City Laptop|15.6""|Negra",1998.00 USD (x1),1998.00 USD (x1),https://www.elmachetazo.com/mochila-targus-city-laptop156negra-10681363/p
Tecnologia,Licuadora Personal Hamilton Beach|HB51101|Blanca,1695.00 USD (x1),1995.00 USD (x1),https://www.elmachetazo.com/licuadora-personal-hamilton-beachhb51101blanca-10425257/p
Tecnologia,Máquina de Coser Simple|2263,14998.00 USD (x1),16995.00 USD (x1),https://www.elmachetazo.com/maquina-de-coser-simple2263-10346855/p
Tecnologia,Calculadora Científica Casio|FX-991ES Plus,2495.00 USD (x1),2495.00 USD (x1),https://www.elmachetazo.com/calculadora-cientifica-casiofx-991es-plus-10895536/p
Tecnologia,Memoria Micro SD|32 GB|Clase 10,795.00 USD (x1),795.00 USD (x1),https://www.elmachetazo.com/memoria-micro-sd32-gbclase-10-10614727/p
Tecnologia,Calculadora Científica Casio|FX-991LACW,2998.00 USD (x1),2998.00 USD (x1),https://www.elmachetazo.com/calculadora-cientifica-casiofx-991lacw-10895537/p
Tecnologia,Mouse Inalámbrico Maxell|2.4 GHz,1095.00 USD (x1),1095.00 USD (x1),https://www.elmachetazo.com/mouse-inalambrico-maxell24-ghz-10568029/p
Tecnologia,Calculadora Científica Casio|FX-85MS-2,1495.00 USD (x1),1495.00 USD (x1),https://www.elmachetazo.com/calculadora-cientifica-casiofx-85ms-2-10818303/p
Tecnologia,Calculadora Científica Casio|FX-82ES PLUS,1495.00 USD (x1),1495.00 USD (x1),https://www.elmachetazo.com/calculadora-cientifica-casiofx-82es-plus-10895532/p
Tecnologia,Tablet Lenovo Tab M10|4 GB RAM|64 GB,18995.00 USD (x1),21495.00 USD (x1),https://www.elmachetazo.com/tablet-lenovo-tab-m10-4gb-64gb-10939293-machetazo/p
Tecnologia,Sandwichera Doble|SW-39|Negra,2495.00 USD (x1),2495.00 USD (x1),https://www.elmachetazo.com/sandwichera-doblesw-39negra-10711192/p
Tecnologia,"Mochila para Laptop de 15.4""|Negra",2995.00 USD (x1),2995.00 USD (x1),https://www.elmachetazo.com/mochila-para-laptop-de-154negra-10945132/p
Tecnologia,Secador de Cabello|2000 W|HD-1812,1995.00 USD (x1),1995.00 USD (x1),https://www.elmachetazo.com/secador-de-cabello2000-whd-1812-10936894/p
Tecnologia,Máquina para Cortar Cabello|Set 9 Piezas,1998.00 USD (x1),1998.00 USD (x1),https://www.elmachetazo.com/maquina-para-cortar-cabelloset-9-piezas-10887830/p
Tecnologia,Teclado Portátil Yamaha|DM0019527|61 Teclas,11998.00 USD (x1),13995.00 USD (x1),https://www.elmachetazo.com/teclado-portatil-yamahadm001952761-teclas-10937452/p
Tecnologia,Reloj Inteligente Cubitt Viva|Rosado|CT-VIVA5,6995.00 USD (x1),6995.00 USD (x1),https://www.elmachetazo.com/reloj-inteligente-cubitt-vivarosadoct-viva5-10945331/p
Tecnologia,Secador de Cabello Conair|1875 W|984-CO209BCX,2498.00 USD (x1),2498.00 USD (x1),https://www.elmachetazo.com/secador-de-cabello-conair1875-w984-co209bcx-10110333/p
Tecnologia,Cable de Carga|Tipo C,198.00 USD (x1),250.00 USD (x1),https://www.elmachetazo.com/cable-de-cargatipo-c-10895356/p
Tecnologia,Cable para iPhone|2 metros|Tipo C|Fibra Carbono,995.00 USD (x1),995.00 USD (x1),https://www.elmachetazo.com/cable-para-iphone2-metrostipo-cfibra-carbono-10883451/p
Tecnologia,Cable para iPhone|Lightning,195.00 USD (x1),195.00 USD (x1),https://www.elmachetazo.com/cable-para-iphonelightning-10945416/p
Tecnologia,Cable de Carga|Micro USB,195.00 USD (x1),195.00 USD (x1),https://www.elmachetazo.com/cable-de-cargamicro-usb-10945412/p
Tecnologia,Cargador completo|Micro USB,295.00 USD (x1),295.00 USD (x1),https://www.elmachetazo.com/cargador-completomicro-usb-10945420/p
Tecnologia,Plancha Para Cabello|S30-012,1098.00 USD (x1),1098.00 USD (x1),https://www.elmachetazo.com/plancha-para-cabellos30-012-10765697/p
Tecnologia,Licuadora Portátil|500 ml|Negra|HB51101B,1695.00 USD (x1),1995.00 USD (x1),https://www.elmachetazo.com/licuadora-portatil500-mlnegrahb51101b-10425249/p
Tecnologia,Olla Arrocera Hamilton Beach|20 Tazas|HB37532,2695.00 USD (x1),3295.00 USD (x1),https://www.elmachetazo.com/olla-arrocera-hamilton-beach20-tazashb37532-10143852/p
Tecnologia,Calculadora Científica Casio|FX-85ES PLUS,1895.00 USD (x1),1895.00 USD (x1),https://www.elmachetazo.com/calculadora-cientifica-casiofx-85es-plus-10895535/p
Tecnologia,Guitarra Eléctrica|ATL-100,18995.00 USD (x1),18995.00 USD (x1),https://www.elmachetazo.com/guitarra-electricaatl-100-10856611/p
Tecnologia,Cepillo Secador para Cabello|2 en 1|984-COBC116,3998.00 USD (x1),3998.00 USD (x1),https://www.elmachetazo.com/cepillo-secador-para-cabello2-en-1984-cobc116-10812354/p
Tecnologia,Bocina Inalámbrica|SPBT6,798.00 USD (x1),1295.00 USD (x1),https://www.elmachetazo.com/bocina-inalambricaspbt6-10927142/p
Tecnologia,Bocina Panasonic TMax15|300W|Bluetooth|SC-TMAX15PUK,16995.00 USD (x1),22995.00 USD (x1),https://www.elmachetazo.com/bocina-panasonic-tmax15-300w-bluetoothsc-tmax15puk-10942697/p
Tecnologia,Bocina Transparente|Luces LED|BC-AU-BS-233-BK,1598.00 USD (x1),2495.00 USD (x1),https://www.elmachetazo.com/bocina-transparenteluces-ledbc-au-bs-233-bk-10926958/p
Tecnologia,Bocina Recargable|500W|Bluetooth| RD JET4-RD,795.00 USD (x1),1095.00 USD (x1),https://www.elmachetazo.com/bocina-recargable500wbluetooth-rd-jet4-rd-10903651/p
Tecnologia,Equipo de Sonido Panasonic|300W|SC-UA30PU-K,16995.00 USD (x1),19995.00 USD (x1),https://www.elmachetazo.com/equipo-de-sonido-panasonic300wsc-ua30pu-k-10885092/p
Tecnologia,Equipo de Sonido Panasonic|450W|SC-AKX320PNK,12595.00 USD (x1),16995.00 USD (x1),https://www.elmachetazo.com/equipo-de-sonido-panasonic450wsc-akx320pnk-10885089/p
Tecnologia,Equipo de Sonido Panasonic|300W|SC-AKX110,9995.00 USD (x1),12495.00 USD (x1),https://www.elmachetazo.com/equipo-de-sonido-panasonic300wsc-akx110-10885088/p
Tecnologia,Bocina Recargable|500W|Bluetooth|JET4-BL,795.00 USD (x1),1095.00 USD (x1),https://www.elmachetazo.com/bocina-recargable500wbluetoothjet4-bl-10903650/p
Tecnologia,Bocina Inalámbrica|Color Negro,898.00 USD (x1),1295.00 USD (x1),https://www.elmachetazo.com/bocina-inalambricacolor-negro-10927305/p
Tecnologia,Reloj Analogo Dama|KCASLTP-2088D1A2,6995.00 USD (x1),6995.00 USD (x1),https://www.elmachetazo.com/reloj-analogo-damakcasltp-2088d1a2-10842185/p
Tecnologia,Reloj Digital Casio|Estilo Vintage|KCASDB-380G-1D,4498.00 USD (x1),4498.00 USD (x1),https://www.elmachetazo.com/reloj-digital-casioestilo-vintagekcasdb-380g-1d-10842170/p
Tecnologia,Reloj Casio Tough Solar Illuminator|KCASAQ-S810WC-4A,3998.00 USD (x1),3998.00 USD (x1),https://www.elmachetazo.com/reloj-casio-tough-solar-illuminatorkcasaq-s810wc-4a-10842161/p
Tecnologia,Plancha Alisadora de Cerámica Revlon Smooth,2495.00 USD (x1),2495.00 USD (x1),https://www.elmachetazo.com/plancha-alisadora-de-ceramica-revlon-smooth-10936929/p
Tecnologia,Rizador Revlon Master Jumbo,3495.00 USD (x1),3495.00 USD (x1),https://www.elmachetazo.com/rizador-revlon-master-jumbo-10936927/p
Tecnologia,Cepillo Volumizador Secado Revlon Pro,4995.00 USD (x1),4995.00 USD (x1),https://www.elmachetazo.com/cepillo-volumizador-secado-revlon-pro-10782236/p
Tecnologia,Cepillo Volumizador Secado Revlon One Step,4595.00 USD (x1),4595.00 USD (x1),https://www.elmachetazo.com/cepillo-volumizador-secado-revlon-one-step-10936926/p
Tecnologia,Tablet Frozen|32GB|Purple|MNB607,7498.00 USD (x1),9995.00 USD (x1),https://www.elmachetazo.com/tablet-frozen32gbpurplemnb607-10935561/p
Tecnologia,"Estufa a Gas Mabe 20"" |Silver |EM5043BFIS0",14998.00 USD (x1),15998.00 USD (x1),https://www.elmachetazo.com/estufa-a-gas-mabe20silverem5043bfis0-10876785/p
Tecnologia,Reloj Casio|Análogo|B300M-2A,4998.00 USD (x1),4998.00 USD (x1),https://www.elmachetazo.com/reloj-casioanalogob300m-2a-10842215/p
Tecnologia,Reloj Casio Dama|Análogo|KCASLTP-2089D-2A,4998.00 USD (x1),4998.00 USD (x1),https://www.elmachetazo.com/reloj-casio-damaanalogokcasltp-2089d-2a-10842186/p
Tecnologia,Reloj Casio Dama|Análogo|MTP-B300M-2A,4998.00 USD (x1),4998.00 USD (x1),https://www.elmachetazo.com/reloj-casio-damaanalogomtp-b300m-2a-10842182/p
Tecnologia,Reloj Digital Casio|Dama|690WEMB1B,3998.00 USD (x1),3998.00 USD (x1),https://www.elmachetazo.com/reloj-digital-casiodama690wemb1b-10842176/p
Tecnologia,Reloj Inteligente Cubitt|Negro|CT4G-11,10995.00 USD (x1),10995.00 USD (x1),https://www.elmachetazo.com/reloj-inteligente-cubittnegroct4g-11-10881853/p
Tecnologia,Reloj Inteligente Cubitt|Gris|CT4-88,8995.00 USD (x1),8995.00 USD (x1),https://www.elmachetazo.com/reloj-inteligente-cubittgrisct4-88-10881852/p
Tecnologia,Parrilla Eléctrica Hamilton Beach,5998.00 USD (x1),7995.00 USD (x1),https://www.elmachetazo.com/parrilla-electrica-hamilton-beach-10886950/p
Tecnologia,Celular Samsung A15|6.5 6+128GB|Blue BL,12995.00 USD (x1),12995.00 USD (x1),https://www.elmachetazo.com/celular-samsung-a1565-6128gbblue-bl-10942387/p
Tecnologia,UPS y Regulador de Voltaje|500V,4995.00 USD (x1),4995.00 USD (x1),https://www.elmachetazo.com/ups-y-regulador-de-voltaje500v-10882785/p
Tecnologia,Regulador de Voltaje|4 Tomas,1895.00 USD (x1),1895.00 USD (x1),https://www.elmachetazo.com/regulador-de-voltaje4-tomas-10647279/p
Tecnologia,Protector de Voltaje para Equipos Domésticos|1800V,1695.00 USD (x1),1695.00 USD (x1),https://www.elmachetazo.com/protector-de-voltaje-para-equipos-domesticos1800v-10101683/p
Tecnologia,Protector de Voltaje para Equipos de Audio y Video,1695.00 USD (x1),1695.00 USD (x1),https://www.elmachetazo.com/protector-de-voltaje-para-equipos-de-audio-y-video-10322969/p
Tecnologia,Protector de Voltaje para Refrigerador|1800V,1595.00 USD (x1),1595.00 USD (x1),https://www.elmachetazo.com/protector-de-voltaje-para-refrigerador1800v-10322968/p
Tecnologia,Supresor de Sobrevoltaje para Equipos Electrónicos,1695.00 USD (x1),1695.00 USD (x1),https://www.elmachetazo.com/supresor-de-sobrevoltaje-para-equipos-electronicos-10472076/p
Tecnologia,Tablet Kid Pad Avengers|32GB|MNB602,9995.00 USD (x1),9995.00 USD (x1),https://www.elmachetazo.com/tablet-kid-pad-avengers32gbmnb602-10935560/p
Tecnologia,Tablet Kid Pad|32GB|Rosado|MNB607,8995.00 USD (x1),8995.00 USD (x1),https://www.elmachetazo.com/tablet-kid-pad32gbrosadomnb607-10935563/p
Tecnologia,Tenaza Revlon Perfect Heat Curling,1995.00 USD (x1),1995.00 USD (x1),https://www.elmachetazo.com/tenaza-revlon-perfect-heat-curling-10766751/p
Tecnologia,Licuadora Oster|Jarra Vidrio|8 Velocidades|BLSTMG-M150cz,2995.00 USD (x1),2995.00 USD (x1),https://www.elmachetazo.com/licuadora-osterjarra-vidrio8-velocidadesblstmg-m150cz-10812321/p
Tecnologia,Licuadora Oster Monterrey|Jarra Vidrio|8 Velocidades|BLSTMG-RD0,2995.00 USD (x1),2995.00 USD (x1),https://www.elmachetazo.com/licuadora-oster-monterreyjarra-vidrio8-velocidadesblstmg-rd0-10812322/p
Tecnologia,Audifono Beam JBL Vibe Blanco|MM110JBL57,5495.00 USD (x1),5495.00 USD (x1),https://www.elmachetazo.com/audifono-beam-jbl-vibe-blancomm110jbl57-10905015/p
Tecnologia,Audifono Beam JBL Vibe Negro|MM110JBL57,5495.00 USD (x1),5495.00 USD (x1),https://www.elmachetazo.com/audifono-beam-jbl-vibe-negromm110jbl57-10905014/p
Tecnologia,Olla Arrocera Multifuncional Black+Decker,4998.00 USD (x1),4998.00 USD (x1),https://www.elmachetazo.com/olla-arrocera-multifuncional-blackdecker-10917579/p
Tecnologia,Refrigeradora LG Inverter Smart Omega |11p³,59995.00 USD (x1),59995.00 USD (x1),https://www.elmachetazo.com/refrigeradora-lg-inverter-smart-omega-11-pies-cubicos-10865493/p
Tecnologia,Refrigeradora Comercial RCA|14p³|No Frost,41998.00 USD (x1),44998.00 USD (x1),https://www.elmachetazo.com/refrigeradora-comercial-rca-14p3-no-frost-10915175/p
Tecnologia,Videojuego Mario Party Superstars Nintendo Switch,5999.00 USD (x1),5999.00 USD (x1),https://www.elmachetazo.com/videojuego-mario-party-superstars-nintendo-switch-10877221/p
Tecnologia,Nintendo Switch|Luigi's Mansion 3,5995.00 USD (x1),5995.00 USD (x1),https://www.elmachetazo.com/nintendo-switch-luigis-mansion-3-10837703/p
Tecnologia,Olla de Presión Universal|10 Litros,8699.00 USD (x1),8699.00 USD (x1),https://www.elmachetazo.com/olla-de-presion-universal10-litros-10181301/p
Tecnologia,Tostadora Eléctrica Oster|TSSTTR500,4995.00 USD (x1),4995.00 USD (x1),https://www.elmachetazo.com/tostadora-electrica-oster-tssttr500-10889281/p
Tecnologia,Bateria Alcalina Duracell|Tipo AAA|4 Piezas,390.00 USD (x1),390.00 USD (x1),https://www.elmachetazo.com/bateria-alcalina-duracelltipo-aaa4-piezas-10300301/p
Tecnologia,Bateria Alcalina Duracell|Tipo AA|4 Piezas,390.00 USD (x1),390.00 USD (x1),https://www.elmachetazo.com/bateria-alcalina-duracelltipo-aa4-piezas-10300300/p
Tecnologia,Cafetera Programable Front Fill Deluxe Hamilton Beach|12 Tazas|46321,5995.00 USD (x1),5995.00 USD (x1),https://www.elmachetazo.com/cafetera-programable-front-fill-deluxe-hamilton-beach12-tazas46321-10917559/p
Tecnologia,Equipo de Sonido Panasonic|2000W|SC-AKX730PUK,31995.00 USD (x1),31995.00 USD (x1),https://www.elmachetazo.com/equipo-de-sonido-panasonic-2000w-10885091/p
Tecnologia,"Televisor LG 75""|LED|SmartTV|UHD|ThinQ AI|UR78 4K|75UR7800PSB",115995.00 USD (x1),115995.00 USD (x1),https://www.elmachetazo.com/televisor-lg-75ledsmarttvuhdthinq-aiur78-4k75ur7800psb-10906132/p
Tecnologia,"Televisor LG 55"" HDMI |4K |Wi-Fi |55UP7710PSB",52995.00 USD (x1),52995.00 USD (x1),https://www.elmachetazo.com/televisor--55-lg4kuhdhdmiusbwi-fibluetoothdvbt55up7710psb-10882787/p
Tecnologia,Router Mercusys|Alta Potencia|300Mbps|MW330,3995.00 USD (x1),3995.00 USD (x1),https://www.elmachetazo.com/router-mercusysalta-potencia300mbpsmw330-10800413/p
Tecnologia,Impresora Multifuncional Canon Pixma Maxify GX6010,46895.00 USD (x1),46895.00 USD (x1),https://www.elmachetazo.com/impresora-multifuncional-canon-pixma-maxify-gx6010-10850126/p
Tecnologia,Cartucho de Tinta Epson 196 Magenta,1395.00 USD (x1),1395.00 USD (x1),https://www.elmachetazo.com/cartucho-de-tinta-epson-196-magenta-10450302/p
Tecnologia,Cartucho de Tinta Canon Pixma|Color 141 XL,3495.00 USD (x1),3495.00 USD (x1),https://www.elmachetazo.com/cartucho-de-tinta-canon-pixmacolor-141-xl-10814530/p
Tecnologia,Router Sistema Mercusys WiFi Mesh S3|2 pack,4995.00 USD (x1),4995.00 USD (x1),https://www.elmachetazo.com/router-sistema-mercusys-wifi-mesh-s32-pack-10851777/p
Tecnologia,Router Mini TP-Link|WiFi Portable|Inalambrico|150Mbps,2995.00 USD (x1),2995.00 USD (x1),https://www.elmachetazo.com/router-mini-tp-linkwifi-portableinalambrico150mbps-10800409/p
Tecnologia,Router Mercusys AC1200|Dual Band|AC12G,3498.00 USD (x1),3498.00 USD (x1),https://www.elmachetazo.com/router-mercusys-ac1200dual-bandac12g-10800416/p
Tecnologia,Mercusys Router AC1200|1200 MBps|AC12,4995.00 USD (x1),4995.00 USD (x1),https://www.elmachetazo.com/mercusys-router-ac12001200-mbpsac12-10800415/p
Tecnologia,Router TP Link|N|300Mbps|TL-MR3420,4995.00 USD (x1),4995.00 USD (x1),https://www.elmachetazo.com/router-tp-linkn300mbpstl-mr3420-10800407/p
Tecnologia,Router Mercusys N|Multimodo|NW302,1498.00 USD (x1),1498.00 USD (x1),https://www.elmachetazo.com/router-mercusys-nmultimodonw302-10800412/p
Tecnologia,Router TP Link N|300Mbps|TL-WR840N,2995.00 USD (x1),2995.00 USD (x1),https://www.elmachetazo.com/router-tp-link-n300mbpstl-wr840n-10607510/p
Tecnologia,Router Mercusys 300Mbps|MW305R,2495.00 USD (x1),2495.00 USD (x1),https://www.elmachetazo.com/router-mercusys-300mbpsmw305r-10766457/p
Tecnologia,Router Mercusys|300Mbps|MW325R,2995.00 USD (x1),2995.00 USD (x1),https://www.elmachetazo.com/router-mercusys300mbpsmw325r-10781182/p
Tecnologia,Router Adaptador Mercusys 150US N150 Nano|WiFi|USB,1995.00 USD (x1),1995.00 USD (x1),https://www.elmachetazo.com/router-adaptador-mercusys-150us-n150-nanowifiusb-10800411/p
Tecnologia,Router Mercusys AC1200 Dual Band,4595.00 USD (x1),4595.00 USD (x1),https://www.elmachetazo.com/router-mercusys-ac1200-dual-band-10800414/p
Tecnologia,Router Mercusys 300 Mbps 2 Antenas WiFi,2495.00 USD (x1),2495.00 USD (x1),https://www.elmachetazo.com/router-mercusys-300-mbps-2-antenas-wifi-10766456/p
Tecnologia,Bocina JBL Bluetooth GO3|Color Rojo,4995.00 USD (x1),4995.00 USD (x1),https://www.elmachetazo.com/bocina-jbl-bluetooth-go3color-rojo-10881508/p
Tecnologia,Bocina JBL Bluetooth GO3|Color Azul,3995.00 USD (x1),3995.00 USD (x1),https://www.elmachetazo.com/bocina-jbl-bluetooth-go3color-azul-10833014/p
Tecnologia,Control Alámbrico Mario Pop Art Nintendo Switch,3995.00 USD (x1),3995.00 USD (x1),https://www.elmachetazo.com/control-alambrico-mario-pop-art-nintendo-switch-10877230/p
Tecnologia,Licuadora Personal Oster|OSBLSTPB220-01,3495.00 USD (x1),3495.00 USD (x1),https://www.elmachetazo.com/licuadora-personal-osterosblstpb220-01-10841083/p
Tecnologia,Audifono Inalambrico Kidz Maxell|Bluetooth|86dB|Rojo-Azul,1999.00 USD (x1),1999.00 USD (x1),https://www.elmachetazo.com/audifono-inalambrico-kidz-maxellbluetooth86dbrojo-azul-10777286/p
Tecnologia,Impresora Multifuncional HP Smart Tank 720|Wi-Fi|Smart App Dúplex |6UU46A,27595.00 USD (x1),27595.00 USD (x1),https://www.elmachetazo.com/impresora-multifuncional-hp-smart-tank-720wi-fismart-app-duplex-6uu46a-10866554/p
Tecnologia,Impresora Multifuncional HP Smart Tank 750|Tinta Continua Color|Wi-Fi Smart App Dúplex ADF|Alimentador Automático|6UU47A,34995.00 USD (x1),34995.00 USD (x1),https://www.elmachetazo.com/impresora-multifuncional-hp-smart-tank-750tinta-continua-colorwi-fi-smart-app-duplex-adfalimentador-automatico6uu47a-10866556/p
Tecnologia,Exprimidor de Jugos Nisato|NEJ-3001DL,1295.00 USD (x1),1295.00 USD (x1),https://www.elmachetazo.com/exprimidor-de-jugos-nisatonej-3001dl-10754392/p
Tecnologia,Hornilla Eléctrica RCA|Dos Quemadores|RCBU11,1995.00 USD (x1),1995.00 USD (x1),https://www.elmachetazo.com/hornilla-electrica-rcados-quemadoresrcbu11-10341763/p
Tecnologia,Batidora de Mano Nisato|120W|NBAM-120WDL,898.00 USD (x1),898.00 USD (x1),https://www.elmachetazo.com/batidora-de-mano-nisato120wnbam-120wdl-10868720/p
Tecnologia,Recortador de Barba y Cabello Panasonic|5 Niveles de Cortes|ER2403K551,2495.00 USD (x1),2495.00 USD (x1),https://www.elmachetazo.com/recortador-de-barba-y-cabello-panasonic5-niveles-de-corteser2403k551-10301007/p
Tecnologia,Mini Proyector Digital Power|DP-PR2,14995.00 USD (x1),14995.00 USD (x1),https://www.elmachetazo.com/mini-proyector-digital-powerdp-pr2-10904063/p
Tecnologia,Mini Proyector Digital Power|DP-PR1,14995.00 USD (x1),14995.00 USD (x1),https://www.elmachetazo.com/mini-proyector-digital-powerdp-pr1-10904060/p
Tecnologia,Teclado Microsoft 600,2595.00 USD (x1),2595.00 USD (x1),https://www.elmachetazo.com/teclado-microsoft-600-10283504/p
Tecnologia,Teclado Estandar en Español|XTK-092S-XTK-0,795.00 USD (x1),795.00 USD (x1),https://www.elmachetazo.com/teclado-estandar-en-espanolxtk-092s-xtk-0-10899781/p
Tecnologia,Combo Teclado-Mouse Logitech| MK120,2295.00 USD (x1),2295.00 USD (x1),https://www.elmachetazo.com/combo-teclado-mouse-logitech-mk120-10848787/p
Tecnologia,Teclado Gaming|CA-MKB,4999.00 USD (x1),4999.00 USD (x1),https://www.elmachetazo.com/teclado-gamingca-mkb-10871913/p
Tecnologia,Teclado Gaming Maxell|CA-KB-1200,3995.00 USD (x1),3995.00 USD (x1),https://www.elmachetazo.com/teclado-gaming-maxellca-kb-1200-10751536/p
Tecnologia,Combo Mouse-Teclado Multimedia en Español|XTK301S,1495.00 USD (x1),1495.00 USD (x1),https://www.elmachetazo.com/combo-mouse-teclado-multimedia-en-espanolxtk301s-10820577/p
Tecnologia,Teclado Gaming Magnavox Rainbow|MGA5309-MO,1995.00 USD (x1),1995.00 USD (x1),https://www.elmachetazo.com/teclado-gaming-magnavox-rainbowmga5309-mo-10832017/p
Tecnologia,Mouse Alpha Gaming Bandit Programable,1498.00 USD (x1),2499.00 USD (x1),https://www.elmachetazo.com/mouse-alpha-gaming-bandit-programable-10772303/p
Tecnologia,Mouse Gaming Optico Polaroid|PGZ-600 PRO/G,898.00 USD (x1),898.00 USD (x1),https://www.elmachetazo.com/mouse-gaming-optico-polaroidpgz-600-prog-10643885/p
Tecnologia,Soporte para Audífono Maxell Gaming,1895.00 USD (x1),1895.00 USD (x1),https://www.elmachetazo.com/soporte-para-audifono-maxell-gaming-10824094/p
Tecnologia,Impresora Multifuncional Epson Ecotank|EP-L3250,18395.00 USD (x1),21295.00 USD (x1),https://www.elmachetazo.com/impresora-multifuncional-epson-ecotankep-l3250-10887633/p
Tecnologia,"Estufa a Gas 30"" Nisato|6 Quemadores|NE-7615RBPHFMS",18998.00 USD (x1),18998.00 USD (x1),https://www.elmachetazo.com/estufa-a-gas-nisato-30-pulgadas-6-quemadores-blanca-10804506/p
Tecnologia,"Estufa a Gas 30"" Nisato |5 Quemadores |NPX-3063RLPHF",25998.00 USD (x1),25998.00 USD (x1),https://www.elmachetazo.com/estufa-a-gas-nisato-30-pulgadas-5-quemadores-10791914/p
Tecnologia,Horno Microondas Whirpool|30 Litros-1.1 Pies Cubicos| S-11-WM1811B,9998.00 USD (x1),9998.00 USD (x1),https://www.elmachetazo.com/horno-microondas-whirpool30-litros-11-pies-cubicos-s-11-wm1811b-10885562/p
Tecnologia,Horno Microondas Panasonic|36L-1.3 Pies Cubicos|1.100W|NN-SU64MBRUH,10995.00 USD (x1),10995.00 USD (x1),https://www.elmachetazo.com/horno-microondas-panasonic36l-13-pies-cubicos1100wnn-su64mbruh-10885227/p
Tecnologia,Horno Microondas Inverter Panasonic|1.1p³|NN-SF564MRPH,19995.00 USD (x1),19995.00 USD (x1),https://www.elmachetazo.com/horno-microondas-inverter-panasonic-1-1p-nn-sf564mrph-10521885/p
Tecnologia,Estufa a Gas RCA 20'' |4 Quemadores |Negro |RCCR22,10995.00 USD (x1),11998.00 USD (x1),https://www.elmachetazo.com/estufa-a-gas-rca-20-pulgadas-4-quemadores-negro-10820630/p
Tecnologia,"Estufa a Gas Hotline 20"" |4 Quemadores |HLGRA472",8995.00 USD (x1),8995.00 USD (x1),https://www.elmachetazo.com/estufa-a-gas-hotline-20-pulgadas-4-quemadores-hlgra472-10895715/p
Tecnologia,Mouse Microsoft Bluetooth Óptico|Negro|U7Z-00001,1295.00 USD (x1),1295.00 USD (x1),https://www.elmachetazo.com/mouse-microsoft-bluetooth-opticonegrou7z-00001-10627078/p
Tecnologia,Mouse Inalámbrico Maxell|MOWL-100 1200 DPI|Azul,1195.00 USD (x1),1195.00 USD (x1),https://www.elmachetazo.com/mouse-inalambrico-maxellmowl-100-1200-dpiazul-10751530/p
Tecnologia,Mouse Microsoft Bluetooth Óptico|Azul|ID015MSR73,1895.00 USD (x1),1895.00 USD (x1),https://www.elmachetazo.com/mouse-microsoft-bluetooth-opticoazulid015msr73-10804479/p
Tecnologia,Mouse Optico Microsoft Bluetooth|Negro|RJN-0001,1795.00 USD (x1),1995.00 USD (x1),https://www.elmachetazo.com/mouse-optico-microsoft-bluetoothnegrorjn-0001-10791989/p
Tecnologia,Mouse Optico Inalambrico Básico|MOWL-100,1195.00 USD (x1),1195.00 USD (x1),https://www.elmachetazo.com/mouse-optico-inalambrico-basicomowl-100-10770932/p
Tecnologia,Mouse Optico Maxell 5 Botones|Negro|348416,695.00 USD (x1),695.00 USD (x1),https://www.elmachetazo.com/mouse-optico-maxell-5-botonesnegro348416-10797170/p
Tecnologia,Mouse Microsoft Bluetooth Óptico|Verde Menta|RJN-00025,1795.00 USD (x1),1995.00 USD (x1),https://www.elmachetazo.com/mouse-microsoft-bluetooth-opticoverde-mentarjn-00025-10791990/p
Tecnologia,"Mouse Alámbrico Galet|
KMO-120BK",795.00 USD (x1),795.00 USD (x1),https://www.elmachetazo.com/mouse-alambrico-galetkmo-120bk-10667700/p
Tecnologia,Mouse Microsoft Bluetooth Óptico|Peach|RJN-00037,1795.00 USD (x1),1995.00 USD (x1),https://www.elmachetazo.com/mouse-microsoft-bluetooth-opticopeachrjn-00037-10791991/p
Tecnologia,Mouse Microsoft Bluetooth Óptico|Glacier|RJN-00061,1795.00 USD (x1),1995.00 USD (x1),https://www.elmachetazo.com/mouse-microsoft-bluetooth-opticoglacierrjn-00061-10791992/p
Tecnologia,Mouse Gaming Samurai Series Versión MXG,1999.00 USD (x1),1999.00 USD (x1),https://www.elmachetazo.com/mouse-gaming-samurai-series-version-mxg-10871914/p
Tecnologia,Lavadora Semi Automática Mabe 13 Kg|LMDX3123PBAB0,13995.00 USD (x1),13995.00 USD (x1),https://www.elmachetazo.com/lavadora-semi-automatica-mabe-13-kglmdx3123pbab0-10876801/p
Tecnologia,Aire Acondicionado Premier Split 24000 BTU |R410,50998.00 USD (x1),50998.00 USD (x1),https://www.elmachetazo.com/aire-acondicionado-premier-split-24000-btu-7339p-10877129/p
Tecnologia,Aire Acondicionado Inverter Mystic|18000 BTU|MY-INV1863,42998.00 USD (x1),42998.00 USD (x1),https://www.elmachetazo.com/aire-acondicionado-inverter-mystic18000-btumy-inv1863-10802902/p
Tecnologia,Aire Acondicionado Split Nisato|12000 BTU|NAS-12LT,27995.00 USD (x1),27995.00 USD (x1),https://www.elmachetazo.com/aire-acondicionado-split-nisato12000-btunas-12lt-10868227/p
Tecnologia,Aire Acondicionado Inverter Nisato|12000 BTU|NAS-12FIINVUA,29998.00 USD (x1),29998.00 USD (x1),https://www.elmachetazo.com/aire-acondicionado-inverter-nisato12000-btunas-12fiinvua-10616097/p
Tecnologia,Aire Acondicionado Premier Inverter 9000BTU,25998.00 USD (x1),25998.00 USD (x1),https://www.elmachetazo.com/aire-acondicionado-premier-9000-btu-inverter-10910525/p
Tecnologia,Aire Acondicionado Inverter Split Nisato|12000 BTU,29995.00 USD (x1),29995.00 USD (x1),https://www.elmachetazo.com/aire-acondicionado-inverter-split-nisato12000-btu-10868228/p
Tecnologia,Aire Acondicionado RCA Split Inverter|18000 BTU,38998.00 USD (x1),38998.00 USD (x1),https://www.elmachetazo.com/aire-acondicionado-split-inverter18000-btu-rca18inv-10828730/p
Tecnologia,Aire Acondicionado Premier Split Inverter |12000 BTU,34995.00 USD (x1),34995.00 USD (x1),https://www.elmachetazo.com/aire-acondicionado-premier-split-inverter-12000-btu-10877128/p
Tecnologia,Argom Mouse Optico Cable Retráctil,498.00 USD (x1),998.00 USD (x1),https://www.elmachetazo.com/argom-mouse-optico-cable-retractil-10772308/p
Tecnologia,Estación de Carga Multipuerto,1095.00 USD (x1),1095.00 USD (x1),https://www.elmachetazo.com/estacion-de-carga-multipuerto-10905649/p
Tecnologia,Combo Gaming|Mouse|Mousepad|5209,1995.00 USD (x1),1995.00 USD (x1),https://www.elmachetazo.com/combo-gamingmousemousepad5209-10832011/p
Tecnologia,Horno Rostizador Hamilton Beach|HB31103|Capacidad Grande,16995.00 USD (x1),16995.00 USD (x1),https://www.elmachetazo.com/horno-rostizador-hamilton-beachhb31103capacidad-grande-10841076/p
Tecnologia,Horno con Freidora de Aire Oster|22L|TSSTTVMAF1,19995.00 USD (x1),19995.00 USD (x1),https://www.elmachetazo.com/horno-con-freidora-de-aire-oster-22l-tssttvmaf1-10855095/p
Tecnologia,Bongo Tamaño Pequeño,7995.00 USD (x1),7995.00 USD (x1),https://www.elmachetazo.com/bongo-tamano-pequeno-10202508/p
Tecnologia,Bongo Tamaño Grande,6995.00 USD (x1),6995.00 USD (x1),https://www.elmachetazo.com/bongo-tamano-grande-10089590/p
Tecnologia,Multiguiro Shaker,1495.00 USD (x1),1495.00 USD (x1),https://www.elmachetazo.com/multiguiro-shaker-10314332/p
Tecnologia,"Campana Metal de 6""",1595.00 USD (x1),1595.00 USD (x1),https://www.elmachetazo.com/campana-metal-de-6-10203302/p
Tecnologia,"Juego de Platillo|14""",7995.00 USD (x1),7995.00 USD (x1),https://www.elmachetazo.com/juego-de-platillo-14-10201704/p
Tecnologia,"Tenor Completo de 14""",6995.00 USD (x1),6995.00 USD (x1),https://www.elmachetazo.com/tenor-completo-de-14-10200851/p
Tecnologia,"Tenor Plateado|10""",4995.00 USD (x1),4995.00 USD (x1),https://www.elmachetazo.com/tenor-completo-de-10-10630837/p
Tecnologia,"Redoblante de Madera de 14""",5995.00 USD (x1),5995.00 USD (x1),https://www.elmachetazo.com/redoblante-de-madera-de-14-10200845/p
Tecnologia,Set de Maracas de Plástico,1495.00 USD (x1),1495.00 USD (x1),https://www.elmachetazo.com/set-de-maracas-de-plastico-10086095/p
Tecnologia,Armónica Tipo Trémolo de 40 Agujeros,795.00 USD (x1),795.00 USD (x1),https://www.elmachetazo.com/armonica-tipo-tremolo-de-40-agujeros-10048365/p
Tecnologia,Armónica Tipo Trémolo de 40 Agujeros,395.00 USD (x1),395.00 USD (x1),https://www.elmachetazo.com/armonica-tipo-tremolo-de-40-agujeros-10048364/p
Tecnologia,Guitarra Valencia ¾|Modelo VC103K,14995.00 USD (x1),14995.00 USD (x1),https://www.elmachetazo.com/guitarra-valencia-modelo-vc103k-10855167/p
Tecnologia,Piano Electrónico Yamaha E273|61 Teclas|Negro,14995.00 USD (x1),19995.00 USD (x1),https://www.elmachetazo.com/teclado-portatil-yamaha-psr-e27361-teclas401-voces143-estiloscon-adaptador-10855160/p
Tecnologia,Máquina de Coser Singer Simple|21 Puntadas,14995.00 USD (x1),14995.00 USD (x1),https://www.elmachetazo.com/maquina-de-coser-singer-simple21-puntadas-10765688/p
Tecnologia,Máquina de Coser Singer Start 1306,12995.00 USD (x1),12995.00 USD (x1),https://www.elmachetazo.com/maquina-de-coser-singer-start-1306-10567701/p
Tecnologia,Máquina de Coser Singer M1505|6 Puntadas|4 Pasos,10995.00 USD (x1),11995.00 USD (x1),https://www.elmachetazo.com/maquina-de-coser-singer-m15056-puntadas4-pasos-10769554/p
Tecnologia,Ukelele Soprano Serie Kahiko Mahalo|Color Caramelo,3995.00 USD (x1),3995.00 USD (x1),https://www.elmachetazo.com/ukelele-soprano-serie-kahiko-mahalocolor-caramelo-10688978/p
Tecnologia,Ukelele Soprano Serie Kahiko Mahalo|Color Chocolate,3995.00 USD (x1),3995.00 USD (x1),https://www.elmachetazo.com/ukelele-soprano-serie-kahiko-mahalocolor-chocolate-10688977/p
Tecnologia,Máquina de Coser Singer Simple|10 Puntadas,13995.00 USD (x1),13995.00 USD (x1),https://www.elmachetazo.com/maquina-de-coser-singer-simple10-puntadas-10540357/p
Tecnologia,Flauta Dulce Transparente Verde Yamaha,898.00 USD (x1),1295.00 USD (x1),https://www.elmachetazo.com/flauta-dulce-transparente-verde-yamaha-10580002/p
Tecnologia,Equipo de Sonido Sony Alta Potencia|Bluetooth|V83D,68995.00 USD (x1),68995.00 USD (x1),https://www.elmachetazo.com/equipo-de-sonido-sony-alta-potenciabluetoothv83d-10882534/p
Tecnologia,Equipo de Sonido Sony Alta Potencia|Bluetooth|V73D,55898.00 USD (x1),55898.00 USD (x1),https://www.elmachetazo.com/equipo-de-sonido-sony-alta-potenciabluetoothv73d-10882533/p
Tecnologia,Equipo de Sonido Sony Alta Potencia|Bluetooth|V13,23995.00 USD (x1),23995.00 USD (x1),https://www.elmachetazo.com/equipo-de-sonido-sony-alta-potenciabluetoothv13-10792238/p
Tecnologia,Equipo de Sonido Sony Alta Potencia|Bluetooth|V02,18998.00 USD (x1),18998.00 USD (x1),https://www.elmachetazo.com/equipo-de-sonido-sony-alta-potenciabluetoothv02-10739384/p
Tecnologia,"Televisor Sankey 55""|Smart TV|Web OS|CLED55DW8",33995.00 USD (x1),33995.00 USD (x1),https://www.elmachetazo.com/televisor-sankey-55smart-tvweb-oscled55dw8-10868211/p
Tecnologia,Mini Calculadora Compacta Color Rosado,795.00 USD (x1),795.00 USD (x1),https://www.elmachetazo.com/mini-calculadora-compacta-color-rosado-10729215/p
Tecnologia,Mini Calculadora Compacta Color Rosa,795.00 USD (x1),795.00 USD (x1),https://www.elmachetazo.com/mini-calculadora-compacta-color-rosa-10729216/p
Tecnologia,Calculadora Científica,1995.00 USD (x1),1995.00 USD (x1),https://www.elmachetazo.com/calculadora-cientifica-10718612/p
Tecnologia,Mini Calculadora con Impresora,3495.00 USD (x1),3495.00 USD (x1),https://www.elmachetazo.com/mini--calculadora-con-impresora-10710205/p
Tecnologia,Mini Calculadora Compacta Color Blanco,1095.00 USD (x1),1095.00 USD (x1),https://www.elmachetazo.com/mini-calculadora-compacta-color-blanco-10667576/p
Tecnologia,Mini Calculadora Compacta Color Azul,1095.00 USD (x1),1095.00 USD (x1),https://www.elmachetazo.com/mini-calculadora-compacta-color-azul-10667566/p
Tecnologia,Calculadora Compacta con Impresora,6995.00 USD (x1),6995.00 USD (x1),https://www.elmachetazo.com/calculadora-compacta-con-impresora-10616071/p
Tecnologia,Calculadora Compacta,595.00 USD (x1),595.00 USD (x1),https://www.elmachetazo.com/calculadora-compacta-10591555/p
Tecnologia,Mini Calculadora Compacta,695.00 USD (x1),695.00 USD (x1),https://www.elmachetazo.com/mini-calculadora-compacta-10591553/p
Tecnologia,Calculadora de Bolsillo|Color Blanco,395.00 USD (x1),395.00 USD (x1),https://www.elmachetazo.com/calculadora-de-bolsillocolor-blanco-10233889/p
Tecnologia,Calculadora Científica Plus-2,1495.00 USD (x1),1495.00 USD (x1),https://www.elmachetazo.com/calculadora-cientifica-plus-2-10855656/p
Tecnologia,Calculadora de Bolsillo,395.00 USD (x1),395.00 USD (x1),https://www.elmachetazo.com/calculadora-de-bolsillo-10233886/p
Tecnologia,Calculadora de Bolsillo|Color Blanco,395.00 USD (x1),395.00 USD (x1),https://www.elmachetazo.com/calculadora-de-bolsillocolor-blanco-10224258/p
Tecnologia,Calculadora de Bolsillo,495.00 USD (x1),495.00 USD (x1),https://www.elmachetazo.com/calculadora-de-bolsillo-10224255/p
Tecnologia,Calculadora Mini Compacta|Color Blanco,595.00 USD (x1),595.00 USD (x1),https://www.elmachetazo.com/calculadora-mini-compactacolor-blanco-10223438/p
Tecnologia,Calculadora Mini Compacta,595.00 USD (x1),595.00 USD (x1),https://www.elmachetazo.com/calculadora-mini-compacta-10222621/p
Tecnologia,Calculadora de Bolsillo|Color Blanco,349.00 USD (x1),349.00 USD (x1),https://www.elmachetazo.com/calculadora-de-bolsillocolor-blanco-10222617/p
Tecnologia,"Pentaton de Marcha Tamaños: 6""|8""|10""|11""|12""",21995.00 USD (x1),21995.00 USD (x1),https://www.elmachetazo.com/pentaton-de-marcha-tamanos-68101112-10867409/p
Tecnologia,"Batería Triple de Marcha Tamaños: 10""|11""|12""",15995.00 USD (x1),15995.00 USD (x1),https://www.elmachetazo.com/bateria-triple-de-marcha-tamanos-101112-10084474/p
Tecnologia,"Bombo de 24""",11995.00 USD (x1),11995.00 USD (x1),https://www.elmachetazo.com/bombo-de-24-10312771/p
Tecnologia,"Tambor de Metal 14""|18 Muelas",9995.00 USD (x1),9995.00 USD (x1),https://www.elmachetazo.com/tambor-de-metal-1418-muelas-10082003/p
Tecnologia,"Redoblante Metal 14""",6995.00 USD (x1),6995.00 USD (x1),https://www.elmachetazo.com/redoblante-metal-14-10200846/p
Tecnologia,"Tenor de 10"" Sin Correa",4995.00 USD (x1),4995.00 USD (x1),https://www.elmachetazo.com/tenor-de-10-sin-correa-10082012/p
Tecnologia,"Bastón Mayor 36""",5495.00 USD (x1),5495.00 USD (x1),https://www.elmachetazo.com/baston-mayor-36-10201712/p
Tecnologia,Macetín para Tenor|Aluminio,1595.00 USD (x1),1595.00 USD (x1),https://www.elmachetazo.com/macetin-para-tenoraluminio-10045712/p
Tecnologia,Baquetas 7A de Madera para Redoblante,395.00 USD (x1),395.00 USD (x1),https://www.elmachetazo.com/bolillos-de-madera-7a-10358892/p
Tecnologia,Correa para Tambor,895.00 USD (x1),895.00 USD (x1),https://www.elmachetazo.com/correa-para-tambor-10083659/p
Tecnologia,Bateria Alcalina Energizer MAX|Tipo 9V,405.00 USD (x1),405.00 USD (x1),https://www.elmachetazo.com/bateria-alcalina-energizer-maxtipo-9v-10183815/p
Tecnologia,Bateria Alcalina Energizer MAX|Tipo AAA4,390.00 USD (x1),390.00 USD (x1),https://www.elmachetazo.com/bateria-alcalina-energizer-maxtipo-aaa4-10184625/p
Tecnologia,Bateria Alcalina Energizer MAX|Tipo AA4,390.00 USD (x1),390.00 USD (x1),https://www.elmachetazo.com/bateria-alcalina-energizer-maxtipo-aa4-10183810/p
Tecnologia,Bateria Alcalina Energizer MAX|Tipo AAA2,265.00 USD (x1),265.00 USD (x1),https://www.elmachetazo.com/bateria-alcalina-energizer-maxtipo-aaa2-10184619/p
Tecnologia,Bateria Alcalina Energizer MAX|Tipo AA2,265.00 USD (x1),265.00 USD (x1),https://www.elmachetazo.com/bateria-alcalina-energizer-maxtipo-aa2-10184620/p
Tecnologia,Bateria Alcalina Energizer MAX|Tipo C2,405.00 USD (x1),405.00 USD (x1),https://www.elmachetazo.com/bateria-alcalina-energizer--maxtipo-c2-10183811/p
Tecnologia,Nintendo Switch|The Legend of Zelda: Breath of the Wild,5999.00 USD (x1),5999.00 USD (x1),https://www.elmachetazo.com/nintendo-switch-the-legend-of-zelda-breath-of-the-wild-10612383/p
Tecnologia,Consola Nintendo Switch Lite Color Coral,19998.00 USD (x1),27995.00 USD (x1),https://www.elmachetazo.com/consola-nintendo-switch-lite-color-coral-10824155/p
Tecnologia,Bocina Portátil XBOOM Go PL5|Bluetooth|LED|Sonido Meridian,9995.00 USD (x1),9995.00 USD (x1),https://www.elmachetazo.com/bocina-portatil-xboom-go-pl5bluetoothledsonido-meridian-10859072/p
Tecnologia,Audífono Sony ExtraBass|XB550AP,4995.00 USD (x1),4995.00 USD (x1),https://www.elmachetazo.com/audifono-sony-cerrado-dinamico-extrabassmicrofono-incorporadoxb550ap-10649348/p
Tecnologia,Audífono Sony Interno Ligeros|Micrófono Incorporado|EX15AP,1095.00 USD (x1),1095.00 USD (x1),https://www.elmachetazo.com/audifono-sony-interno-ligerosmicrofono-incorporadoex15ap-10792255/p
Tecnologia,Audífono Sony|Interno Ligero|Micrófono Incorporado|EX15AP,1095.00 USD (x1),1095.00 USD (x1),https://www.elmachetazo.com/audifono-sonyinterno-ligeromicrofono-incorporadoex15ap-10792253/p
Tecnologia,Audífono Sony Interno|Inalámbrico|WI-C310,3999.00 USD (x1),3999.00 USD (x1),https://www.elmachetazo.com/audifono-sony-internoinalambricowi-c310-10792262/p
Tecnologia,Bocina Sony Inalámbrica para Exterior|GTK-PG10,21998.00 USD (x1),21998.00 USD (x1),https://www.elmachetazo.com/bocina-sony-inalambrica-para-exteriorgtk-pg10-10739382/p
Tecnologia,Audífono Sony Interno|Inalámbrico|WI-C310,3999.00 USD (x1),3999.00 USD (x1),https://www.elmachetazo.com/audifono-sony-internoinalambricowi-c310-10766407/p
Tecnologia,Audífono Sony Interno|Inalámbrico|WI-C310,3999.00 USD (x1),3999.00 USD (x1),https://www.elmachetazo.com/audifono-sony-internoinalambricowi-c310-10766408/p
Tecnologia,Audífono Sony Interno|Inalámbrico|WI-C310,3999.00 USD (x1),3999.00 USD (x1),https://www.elmachetazo.com/audifono-sony-internoinalambricowi-c310-10829263/p
Tecnologia,Audífono Sony Interno Inalámbrico|WI-C200W,3499.00 USD (x1),3499.00 USD (x1),https://www.elmachetazo.com/audifono-sony-interno-inalambricowi-c200w-10766410/p
Tecnologia,Audífono Sony Interno|Inalámbrico|WI-C200,3499.00 USD (x1),3499.00 USD (x1),https://www.elmachetazo.com/audifono-sony-internoinalambricowi-c200-10766409/p
Tecnologia,Audífono Sony Plegable|MDR-ZX310|Microfono Incorporado,2199.00 USD (x1),2199.00 USD (x1),https://www.elmachetazo.com/audifono-sony-plegablemdr-zx310microfono-incorporado-10820991/p
Tecnologia,Equipo de Sonido Sony|Alta Potencia|V43D|Bluetooth,34998.00 USD (x1),34998.00 USD (x1),https://www.elmachetazo.com/sistema-de-audio-sonyalta-potenciav43dtecnologia-bluetooth-10798558/p
Tecnologia,Audífono Sony Extra Bass|Rojo|XB550AP,1998.00 USD (x1),4995.00 USD (x1),https://www.elmachetazo.com/audifono-sony-cerrado-dinamico-extra-bassmicrofono-incorporadoxb550ap-10649350/p
Tecnologia,Audífono Sony Plegable|MDR-ZX310|Microfono Incorporado,2199.00 USD (x1),2199.00 USD (x1),https://www.elmachetazo.com/audifono-sony-plegablemdr-zx310microfono-incorporado-10557263/p
Tecnologia,Audífono Sony Plegable|MDR-ZX310|Microfono Incorporado,1798.00 USD (x1),2199.00 USD (x1),https://www.elmachetazo.com/audifono-sony-plegablemdr-zx310microfono-incorporado-10558168/p
Tecnologia,Audífono Sony Plegable|MDR-ZX310|Microfono Incorporado,2199.00 USD (x1),2199.00 USD (x1),https://www.elmachetazo.com/audifono-sony-plegablemdr-zx310microfono-incorporado-10558170/p
Tecnologia,Audífono Sony|Tipo Banda para la Cabeza|MDR-ZX110|WCUC,1499.00 USD (x1),1499.00 USD (x1),https://www.elmachetazo.com/audifono-sonytipo-banda-para-la-cabezamdr-zx110wcuc-10489136/p
Tecnologia,Audífono Sony|Tipo Banda para la Cabeza|ZX110,1499.00 USD (x1),1499.00 USD (x1),https://www.elmachetazo.com/audifono-sonytipo-banda-para-la-cabezazx110-10489135/p
Tecnologia,Limpiador Facial de Poros|PG8000-WHT,998.00 USD (x1),998.00 USD (x1),https://www.elmachetazo.com/limpiador-facial-de-porospg8000-wht-10796144/p
Tecnologia,Olla Arrocera Multiusos Oster|7 Tazas|1.2L|4728-12,3395.00 USD (x1),3395.00 USD (x1),https://www.elmachetazo.com/olla-arrocera-multiusos-oster-7-tazas-1-2l-472812-10125175/p
Tecnologia,Olla Arrocera Multiusos Oster|10 Tazas|4729-012,3695.00 USD (x1),3695.00 USD (x1),https://www.elmachetazo.com/olla-arrocera-multiusos-oster-10-tazas-4729012-10125176/p
Tecnologia,Audífono para Niñas KZ-13 KIDZ,1295.00 USD (x1),1295.00 USD (x1),https://www.elmachetazo.com/audifono-para-ninas-kz-13-kidz-10751534/p
Tecnologia,Depiladora de Precisión para Dama|PGV026|Color Menta,498.00 USD (x1),698.00 USD (x1),https://www.elmachetazo.com/depiladora-de-precision-para-damapgv026color-menta-10796138/p
Tecnologia,Depilador de Cejas|Menta|PGVO29MINT,998.00 USD (x1),1598.00 USD (x1),https://www.elmachetazo.com/depilador-de-cejasmentapgvo29mint-10796149/p
Tecnologia,Depiladora de Vello Corporal Vivitar para Dama|PGV057,998.00 USD (x1),998.00 USD (x1),https://www.elmachetazo.com/depiladora-de-vello-corporal-vivitar-para-damapgv057-10796133/p
Tecnologia,Depilador de Vello en Brazos y Piernas|PG-V047-PNK,998.00 USD (x1),1298.00 USD (x1),https://www.elmachetazo.com/depilador-de-vello-en-brazos-y-piernaspg-v047-pnk-10796145/p
Tecnologia,Audífono Maxell Kidz|KZ-13,1295.00 USD (x1),1295.00 USD (x1),https://www.elmachetazo.com/audifono-maxell-kidzkz-13-10751533/p
Tecnologia,"Laptop HP 14"" Intel Core i5|Memoria RAM 8GB|Disco Duro 1TB|14-CF3021LA",54898.00 USD (x1),54898.00 USD (x1),https://www.elmachetazo.com/laptop-hp-14-intel-core-i5memoria-ram-8gbdisco-duro-1tb14-cf3021la-10812199/p
Tecnologia,Depilador de Cejas|Luz LED|Edición Limitada|PGV039-RAS,998.00 USD (x1),1598.00 USD (x1),https://www.elmachetazo.com/depilador-de-cejasluz-lededicion-limitadapgv039-ras-10796148/p
Tecnologia,Removedor de Vello Vivitar|Luz LED|PG-V027-PK,998.00 USD (x1),1298.00 USD (x1),https://www.elmachetazo.com/removedor-de-vello-vivitarluz-ledpg-v027-pk-10796141/p
Tecnologia,Removedor de Vello Vivitar|Luz LED|PG-V027-WHT,998.00 USD (x1),1298.00 USD (x1),https://www.elmachetazo.com/removedor-de-vello-vivitarluz-ledpg-v027-wht-10796140/p
Tecnologia,Removedor de Vello|Luz LED|Vivitar|PG-V027-BLK,798.00 USD (x1),1298.00 USD (x1),https://www.elmachetazo.com/removedor-de-velloluz-ledvivitarpg-v027-blk-10796143/p
Tecnologia,Olla Arrocera Black+Decker|Multiusos|24 Tazas|RC860,3498.00 USD (x1),3995.00 USD (x1),https://www.elmachetazo.com/olla-arrocera-blackdeckermultiusos24-tazasrc860-10301012/p
Tecnologia,Olla Arrocera Multiusos Oster|1.8L|10 Tazas|CKSTRC1700W,3995.00 USD (x1),3995.00 USD (x1),https://www.elmachetazo.com/olla-arrocera-multiusos-oster-1-8l-10-tazas-ckstrc1700w-10631051/p
Tecnologia,Freidora de Aire Puryfry Black+Decker|2 Litros|BDHF100WD,6998.00 USD (x1),6998.00 USD (x1),https://www.elmachetazo.com/freidora-de-aire-puryfry-blackdecker2-litrosbdhf100wd-10841082/p
Tecnologia,Plancha de Vapor Black+Decker|Quick‘n Easy|IRBD100,1495.00 USD (x1),1495.00 USD (x1),https://www.elmachetazo.com/plancha-de-vapor-blackdeckerquickn-easyirbd100-10841093/p
Tecnologia,Licuadora Jarra Plastica| 12 Velocidades|BWJB220W,1798.00 USD (x1),1798.00 USD (x1),https://www.elmachetazo.com/licuadora-jarra-plastica-12-velocidadesbwjb220w-10812324/p
Tecnologia,Plancha de Ropa a Vapor|ST1008,1298.00 USD (x1),1298.00 USD (x1),https://www.elmachetazo.com/plancha-de-ropa-a-vaporst1008-10817242/p
Tecnologia,Plancha de Ropa a Vapor|R1000,1598.00 USD (x1),1598.00 USD (x1),https://www.elmachetazo.com/plancha-de-ropa-a-vaporr1000-10817236/p
Tecnologia,Plancha Eléctrica Black+Decker|Tamaño Familiar,5995.00 USD (x1),5995.00 USD (x1),https://www.elmachetazo.com/plancha-electrica-blackdeckertamano-familiar-10426886/p
Tecnologia,Horno Tostador Black+Decker|EvenToast|TO1342W,4695.00 USD (x1),4695.00 USD (x1),https://www.elmachetazo.com/horno-tostador-blackdeckereventoastto1342w-10841095/p
Tecnologia,Licuadora Oster Edición Limitada|3 Velocidades|BSE75,6595.00 USD (x1),6595.00 USD (x1),https://www.elmachetazo.com/licuadora-oster-edicion-limitad-3-velocidades-bse75-10831242/p
Tecnologia,Parrilla Electrica Antiadherente|HSG1030,2998.00 USD (x1),2998.00 USD (x1),https://www.elmachetazo.com/parrilla-electrica-antiadherentehsg1030-10817217/p
Tecnologia,Sandwichera Doble Black+Decker|SM1000|700W,1995.00 USD (x1),1995.00 USD (x1),https://www.elmachetazo.com/sandwichera-doble-blackdeckersm1000700w-10841091/p
Tecnologia,Licuadora Durapro Black+Decker|10 Velocidades,3495.00 USD (x1),3495.00 USD (x1),https://www.elmachetazo.com/licuadora-durapro-blackdecker10-velocidades-10841104/p
Tecnologia,Sandwichera Compacta 2 Rebanadas|CKSTSM2885,2495.00 USD (x1),2495.00 USD (x1),https://www.elmachetazo.com/sandwichera-compacta-2-rebanadasckstsm2885-10841050/p
Tecnologia,Sandwichera Black+Decker|Relleno Profundo|2 Porciones,2995.00 USD (x1),2995.00 USD (x1),https://www.elmachetazo.com/sandwichera-blackdeckerrelleno-profundo2-porciones-10841058/p
Tecnologia,Batidora de Mano Black+Decker|5 Velocidades|1500W|BDMX,1995.00 USD (x1),1995.00 USD (x1),https://www.elmachetazo.com/batidora-de-mano-blackdecker5-velocidades1500wbdmx-10841089/p
Tecnologia,Batidora de Mano Proctor Silex|5 Velocidades|62509RY,1495.00 USD (x1),1495.00 USD (x1),https://www.elmachetazo.com/batidora-de-mano-proctor-silex5-velocidades62509ry-10190077/p
Tecnologia,"Laptop Ideapad D330|10.1"" HD|Celeron N4020|4GB|64GB",23998.00 USD (x1),23998.00 USD (x1),https://www.elmachetazo.com/laptop-ideapad-d330101-hdceleron-n40204gb64gb-10850132/p
Tecnologia,Audifono JBL T510|1472,4999.00 USD (x1),4999.00 USD (x1),https://www.elmachetazo.com/audifono-jbl-t5101472-10833009/p
Tecnologia,Audifono JBL Bluetooth|T110,2498.00 USD (x1),2498.00 USD (x1),https://www.elmachetazo.com/audifono-jbl-bluetootht110-10768920/p
Tecnologia,Audifono Bluetooth JBL|1313,2498.00 USD (x1),2498.00 USD (x1),https://www.elmachetazo.com/audifono-bluetooth-jbl1313-10833007/p
Tecnologia,Guitarra Valencia Clásica Natural |VC104K,11998.00 USD (x1),11998.00 USD (x1),https://www.elmachetazo.com/guitarra-valencia-clasica-natural-vc104k-10855169/p
Tecnologia,Guitarra Clásica Valencia|VC104,10995.00 USD (x1),10995.00 USD (x1),https://www.elmachetazo.com/guitarra-clasica-valenciavc104-10855168/p
Tecnologia,Guitarra Acústica Cuerdas de Nylon,6495.00 USD (x1),6495.00 USD (x1),https://www.elmachetazo.com/guitarra-acustica-cuerdas-de-nylon-10312862/p
Tecnologia,Licuadora de 10 Velocidades|500 W|HB50128|Frasco Plastico,2995.00 USD (x1),2995.00 USD (x1),https://www.elmachetazo.com/licuadora-de-10-velocidades500-whb50128frasco-plastico-10676482/p
Tecnologia,Televisor LG 70''|UHD|AI ThinQ|4K|Smart TV|WebOS|Procesador Inteligente|α5 Gen5|Magic Remote,89995.00 USD (x1),97998.00 USD (x1),https://www.elmachetazo.com/televisor-lg-70uhdai-thinq4ksmart-tvwebosprocesador-inteligente5-gen5magic-remote-10859082/p
Tecnologia,Equipo de Sonido LG XBOOM|Torre RN9|Karaoke Star|DJ App y DJ Pad|Super Bass Boost|Multi Bluetooth,37995.00 USD (x1),37995.00 USD (x1),https://www.elmachetazo.com/torre-de-sonido-lg-xboom-rn9karaoke-stardj-app-y-dj-padsuper-bass-boostmulti-bluetooth-10859068/p
Tecnologia,Minicomponente LG XBOOM|2900W|CL88,39995.00 USD (x1),39995.00 USD (x1),https://www.elmachetazo.com/minicomponente-lg-xboom2900wcl88-10859057/p
Tecnologia,Equipo de Sonido Xboom LG|RN7|Karaoke Star|DJ App y DJ Pad|Super Bass Boost|Multi Bluetooth,27995.00 USD (x1),27995.00 USD (x1),https://www.elmachetazo.com/torre-de-sonido-lg-xboom-rn7karaoke-stardj-app-y-dj-padsuper-bass-boostmulti-bluetooth-10859069/p
Tecnologia,Equipo de Sonido LG XBOOM|Torre RN5|Karaoke Star|Super Bass Boost|Multi Bluetooth,21995.00 USD (x1),21995.00 USD (x1),https://www.elmachetazo.com/torre-de-sonido-lg-xboom-rn5karaoke-stardj-app-y-dj-padsuper-bass-boostmulti-bluetooth-10859070/p
Tecnologia,Bocina Portátil LG XBOOMGo|5W|Batería de 10 Horas|PL2.DPANLLK LGV,5995.00 USD (x1),5995.00 USD (x1),https://www.elmachetazo.com/bocina-portatil-lg-xboomgo5wbateria-de-10-horaspl2dpanllk-lgv-10859073/p
Tecnologia,Mini Componente LG XBOOM|720W|Multi Bluetooth|TV Sound Sync|Karaoke|CJ45,24995.00 USD (x1),24995.00 USD (x1),https://www.elmachetazo.com/mini-componente-lg-xboom720wmulti-bluetoothtv-sound-synckaraokecj45-10631082/p
Tecnologia,Mini Componente LG XBOOM|CK43,13995.00 USD (x1),13995.00 USD (x1),https://www.elmachetazo.com/mini-componente-lg-xboomck43-10754039/p
Tecnologia,Barra de Sonido LG 300W|SL4|2.1 Canales|Subwoofer Inalámbrico,17995.00 USD (x1),17995.00 USD (x1),https://www.elmachetazo.com/barra-de-sonido-lg-300wsl421-canalessubwoofer-inalambrico-10859058/p
Tecnologia,"Monitor LG|Ergo IPS LED QHD HDR10 de 27""|27QN880B|AMD FreeSync|MaxxAudio",48995.00 USD (x1),48995.00 USD (x1),https://www.elmachetazo.com/monitor-lgergo-ips-led-qhd-hdr10-de-2727qn880bamd-freesyncmaxxaudio-10850232/p
Tecnologia,"Monitor LG 29""|29WL500-B Full HD UltraWide|Garantía De 3 Años",25498.00 USD (x1),25498.00 USD (x1),https://www.elmachetazo.com/monitor-lg-2929wl500-b-full-hd-ultrawidegarantia-de-3-anos-10851978/p
Tecnologia,"Monitor LG 23.8""|24GN600-B |UltraGear|Full HD IPS de 1 ms (GtG)",22498.00 USD (x1),22498.00 USD (x1),https://www.elmachetazo.com/monitor-lg-23824gn600-b-ultragearfull-hd-ips-de-1-ms-gtg-10850235/p
Tecnologia,Televisor LG 50''|UHD|AI ThinQ|UP75|4K Smart TV|α5 AI Processor|50UP7500PSF,42995.00 USD (x1),42995.00 USD (x1),https://www.elmachetazo.com/televisor-lg-50uhdai-thinqup754k-smart-tv5-ai-processor50up7500psf-10833021/p
Tecnologia,"Televisor LG 43""|Full HD TV|AI|Procesador QuadCore|Virtual Surround Plus|LM6370PDB",39995.00 USD (x1),39995.00 USD (x1),https://www.elmachetazo.com/televisor-lg-43full-hd-tvaiprocesador-quadcorevirtual-surround-pluslm6370pdb-10850701/p
Tecnologia,Televisor LG FHD TV 32''|ThinQ AI|Procesador α5|Virtual Surround Plus|LM637BPDB,26995.00 USD (x1),26995.00 USD (x1),https://www.elmachetazo.com/televisor-lg-fhd-tv-32thinq-aiprocesador-5virtual-surround-pluslm637bpdb-10833016/p
Tecnologia,"Monitor LG 20""|20MK400B-H|Dynamic Action Sync",11998.00 USD (x1),11998.00 USD (x1),https://www.elmachetazo.com/monitor-lg-2020mk400b-hdynamic-action-sync-10850241/p
Tecnologia,Olla de Presión Eléctrica Quick Pro 5 L,5998.00 USD (x1),5998.00 USD (x1),https://www.elmachetazo.com/olla-de-presion-electrica-quick-pro-5-l-10841027/p
Tecnologia,Televisor Sankey 58''|Ultra Slim|Smart TDT|CLED58SDV2,35998.00 USD (x1),35998.00 USD (x1),https://www.elmachetazo.com/televisor-sankey-58ultra-slimsmart-tdtcled58sdv2-10816778/p
Tecnologia,Celular LG K52|6.6'' HD+|Quad Cámara|64GB,20995.00 USD (x1),20995.00 USD (x1),https://www.elmachetazo.com/celular-lg-k5266-hdquad-camara64gb-10808906/p
Tecnologia,Nintendo Switch|New Super Mario Bros. U Deluxe,5999.00 USD (x1),5999.00 USD (x1),https://www.elmachetazo.com/nintendo-switch-new-super-mario-bros-u-deluxe-10721345/p
Tecnologia,Nintendo Switch|Super Mario Odyssey,5995.00 USD (x1),5995.00 USD (x1),https://www.elmachetazo.com/nintendo-switch-super-mario-odyssey-10652650/p
Tecnologia,Nintendo Switch|Mario Kart 8 Deluxe,5995.00 USD (x1),5995.00 USD (x1),https://www.elmachetazo.com/nintendo-switchmario-kart-8-deluxe-10621137/p
Tecnologia,Nintendo Switch|Super Smash Bros. Ultimate,5995.00 USD (x1),5995.00 USD (x1),https://www.elmachetazo.com/nintendo-switchsuper-smash-bros-ultimate-10824157/p
Tecnologia,Videojuego Nintendo Switch|Super Mario 3D World,5995.00 USD (x1),5995.00 USD (x1),https://www.elmachetazo.com/videojuego-super-mario-3d-worldbowsers-furynintendo-switch-10824158/p
Tecnologia,Audifono Gaming Red Dragon Scylla|H901,2498.00 USD (x1),2498.00 USD (x1),https://www.elmachetazo.com/audifono-gaming-red-dragon-scyllah901-10780426/p
Tecnologia,Audifono Microsoft LifeChat|LX-3000|Digital USB,2995.00 USD (x1),2995.00 USD (x1),https://www.elmachetazo.com/audifono-microsoft-lifechatlx-3000digital-usb-10606088/p
Tecnologia,Mouse Optico Microsoft Inalambrico|1850|Negro,1295.00 USD (x1),1295.00 USD (x1),https://www.elmachetazo.com/mouse-optico-microsoft-inalambrico1850negro-10627081/p
Tecnologia,"Televisor Samsung 40""|N5200|Class HD|Smart TV|UN40N5200AFXZA",18998.00 USD (x1),18998.00 USD (x1),https://www.elmachetazo.com/televisor-samsung-40n5200class-hdsmart-tvun40n5200afxza-10820631/p
Tecnologia,"Laptop Lenovo Ideapad 5|14""|AMD Ryzen 7 4700U|16GB|512GB SSD",78998.00 USD (x1),78998.00 USD (x1),https://www.elmachetazo.com/laptop-lenovo-ideapad-514amd-ryzen-7-4700u16gb512gb-ssd-10815726/p
Tecnologia,"Laptop Lenovo 14""|FHD Táctil Chromebook|AMD A6-9220C|4GB|Radeon R5|32GB|Gris|S345-14AST",35998.00 USD (x1),35998.00 USD (x1),https://www.elmachetazo.com/laptop-lenovo-14fhd-tactil-chromebookamd-a6-9220c4gbradeon-r532gbgriss345-14ast-10824480/p
Tecnologia,Estufa Samsung a Gas Gran Capacidad|5.8p³,49995.00 USD (x1),58998.00 USD (x1),https://www.elmachetazo.com/estufa-samsung-a-gasnx58n3315ssapgran-capacidad-58-pies-cubicosnx58n3315ss-10774994/p
Tecnologia,Laptop Lenovo Thinkpad Edge|E545SPA|5.6|A6-5350M|4GB RAM|320GB HDD,47995.00 USD (x1),47995.00 USD (x1),https://www.elmachetazo.com/laptop-lenovo-thinkpad-edgee545spa56a6-5350m4gb-ram320gb-hdd-10527975/p
Tecnologia,Horno Microondas Samsung|23 Litros-0.8 Pies Cubicos|750W|MS23J5133AM/AP,8498.00 USD (x1),8498.00 USD (x1),https://www.elmachetazo.com/horno-microondas-samsung23-litros-08-pies-cubicos750wms23j5133amap-10681694/p
Tecnologia,Laptop IP3 Core i3|15.6″ HD|4GB RAM|128GB SSD|81WE0016USR,27998.00 USD (x1),27998.00 USD (x1),https://www.elmachetazo.com/laptop-ip3-core-i3156-hd4gb-ram128gb-ssd81we0016usr-10812055/p
Tecnologia,"Laptop Lenovo 14""|AMD A6-9220C|4GB|64GB|81MQ000JUS",29998.00 USD (x1),29998.00 USD (x1),https://www.elmachetazo.com/laptop-lenovo-14amd-a6-9220c4gb64gb81mq000jus-10808102/p
Tecnologia,Impresora Multifuncional HP Smart Tank 530|Tinta Continua Color|Wi-Fi Smart App|4SB24A,25995.00 USD (x1),25995.00 USD (x1),https://www.elmachetazo.com/impresora-multifuncional-hp-smart-tank-530tinta-continua-colorwi-fi-smart-app4sb24a-10815702/p
Tecnologia,Cartucho de Tinta HP Original|60 Tricolor,2595.00 USD (x1),2595.00 USD (x1),https://www.elmachetazo.com/cartucho-de-tinta-hp-original60-tricolor-10214150/p
Tecnologia,"Laptop HP 250G7|15.6""|1TB HDD|Intel Core I3-1005G1|4GB RAM",39995.00 USD (x1),39995.00 USD (x1),https://www.elmachetazo.com/laptop-hp-250g71561tb-hddintel-core-i3-1005g14gb-ram-10812739/p
Tecnologia,Cartucho de Tinta HP Original|122 Tricolor,1595.00 USD (x1),1595.00 USD (x1),https://www.elmachetazo.com/cartucho-de-tinta-hp-original122-tricolor-10162502/p
Tecnologia,Cafetera Oster|5 Tazas|Filtro Permanente|BVSTDC05,2495.00 USD (x1),2495.00 USD (x1),https://www.elmachetazo.com/cafetera-oster-5-tazas-filtro-permanente-bvstdc05-10796420/p
Tecnologia,Licuadora Oster|Motor Reversible|2 Velocidades|BEST02-E01,6495.00 USD (x1),6495.00 USD (x1),https://www.elmachetazo.com/licuadora-oster-motor-reversible-600w--jarra-de-vidrio-10804260/p
Tecnologia,Cafetera Eléctrica Oster|35 Tazas|BVSTDC3390,6995.00 USD (x1),6995.00 USD (x1),https://www.elmachetazo.com/cafetera-electrica-35-tazas-bvstdc3390-oster-10115788/p
Tecnologia,Cafetera Programable Oster|12 Tazas|Auto Apagado|BVSTDCP12B,4495.00 USD (x1),4495.00 USD (x1),https://www.elmachetazo.com/cafetera-programable-oster-12-tazas-auto-apagado-bvstdcp12b-10804256/p
Tecnologia,Licuadora Oster|2 Velocidades|1.25L|BLSTKAP-WPB,3795.00 USD (x1),3795.00 USD (x1),https://www.elmachetazo.com/licuadora-oster-2-velocidaes-1-25l-blstkapwpb-10804258/p
Tecnologia,Botella de Tinta Polaroid Negra|135ml,695.00 USD (x1),695.00 USD (x1),https://www.elmachetazo.com/botella-de-tinta-polaroid-negra135ml-10623777/p
Tecnologia,Tinta Epson 504 Negro|127ml,1195.00 USD (x1),1195.00 USD (x1),https://www.elmachetazo.com/tinta-epson-504-negro127ml-10677533/p
Tecnologia,Tinta Epson 504 Cyan|70ml,1195.00 USD (x1),1195.00 USD (x1),https://www.elmachetazo.com/tinta-epson-504-cyan70ml-10677535/p
Tecnologia,Tinta Epson 504 Magenta|70ml,1195.00 USD (x1),1195.00 USD (x1),https://www.elmachetazo.com/tinta-epson-504-magenta70ml-10677536/p
Tecnologia,Tinta Epson 664 Amarillo|70ml,1195.00 USD (x1),1195.00 USD (x1),https://www.elmachetazo.com/tinta-epson-664-amarillo70ml-10369004/p
Tecnologia,Cartucho de Tinta Polaroid|Tricolor 664C XL,1995.00 USD (x1),1995.00 USD (x1),https://www.elmachetazo.com/cartucho-de-tinta-polaroidtricolor-664c-xl-10661836/p
Tecnologia,Cartucho de Tinta HP Original|21 Negro,1799.00 USD (x1),1799.00 USD (x1),https://www.elmachetazo.com/cartucho-de-tinta-hp-original21-negro-10199404/p
Tecnologia,Celular LG Q51,9998.00 USD (x1),9998.00 USD (x1),https://www.elmachetazo.com/celular-lg-q51-10802624/p
Tecnologia,Celular LG K61|Octa Core|128GB,17998.00 USD (x1),17998.00 USD (x1),https://www.elmachetazo.com/celular-lg-k61octa-core128gb-10798760/p
Tecnologia,"Laptop HP Chromebook 11.6""|Intel N3060|2GB|16GB|eMMC|Chrome OS",34998.00 USD (x1),34998.00 USD (x1),https://www.elmachetazo.com/laptop-hp-chromebook-116intel-n30602gb16gbemmcchrome-os-10793306/p
Tecnologia,"Laptop HP 15-GW0024LA|AMD Ryzen 5 3450U|4GB RAM|256GB SSD|15""",46998.00 USD (x1),46998.00 USD (x1),https://www.elmachetazo.com/laptop-hp-15-gw0024laamd-ryzen-5-3450u4gb-ram256gb-ssd15-10800497/p
Tecnologia,"Laptop HP 14-CF2074LA (29B26LA)|Intel CORE I5-10210U|8GB RAM|256GB SSD|14""",54898.00 USD (x1),54898.00 USD (x1),https://www.elmachetazo.com/laptop-hp-14-cf2074la-29b26laintel-core-i5-10210u8gb-ram256gb-ssd14-10796216/p
Tecnologia,Audifono Negro,498.00 USD (x1),498.00 USD (x1),https://www.elmachetazo.com/audifono-negro-10792980/p
Tecnologia,Audifono Azul,498.00 USD (x1),498.00 USD (x1),https://www.elmachetazo.com/audifono-azul-10792979/p
Tecnologia,"Laptop HP 14"" HD1|A480UA-ABA|Ryzen 3|4GB RAM|128GB SSD",46998.00 USD (x1),46998.00 USD (x1),https://www.elmachetazo.com/laptop-hp-14-hd1a480ua-abaryzen-34gb-ram128gb-ssd-10793297/p
Tecnologia,Audifono Bluetooth Fit Active Jet3 Sport,898.00 USD (x1),898.00 USD (x1),https://www.elmachetazo.com/audifono-bluetooth-fit-active-jet3-sport-10769542/p
Tecnologia,Audifono Azul 10mm,598.00 USD (x1),598.00 USD (x1),https://www.elmachetazo.com/audifono-azul-10mm-10763373/p
Tecnologia,Audifono,250.00 USD (x1),250.00 USD (x1),https://www.elmachetazo.com/audifono-10751871/p
Tecnologia,Enfriador de Aire Portátil Honeywell |9L,7995.00 USD (x1),7995.00 USD (x1),https://www.elmachetazo.com/enfriador-de-aire-portatil-honeywell-9l-10768628/p
Tecnologia,Soporte para Audifonos Gaming Alpha,1998.00 USD (x1),1998.00 USD (x1),https://www.elmachetazo.com/audifono-headset-alpha-gaming-10772299/p
Tecnologia,Audifono Ergonómico,398.00 USD (x1),398.00 USD (x1),https://www.elmachetazo.com/audifono-ergonomico-10769205/p
Tecnologia,Audifono Maxell Negro,295.00 USD (x1),295.00 USD (x1),https://www.elmachetazo.com/audifono-maxell-negro-10543231/p
Tecnologia,Audifono AthletikV,2498.00 USD (x1),2498.00 USD (x1),https://www.elmachetazo.com/audifono-athletikv-10769274/p
Tecnologia,Audífono Sony Interno|E9LP,595.00 USD (x1),595.00 USD (x1),https://www.elmachetazo.com/audifono-sony-internoe9lp-10473248/p
Tecnologia,Audífono Sony|Tipo Banda para la Cabeza|ZX110AP|Microfono Integrado|Blanco,1598.00 USD (x1),1999.00 USD (x1),https://www.elmachetazo.com/audifono-sonytipo-banda-para-la-cabezazx110apmicrofono-integradoblanco-10597310/p
Tecnologia,Audífono Tipo Banda para la Cabeza|ZX110AP|Microfono Integrado|Color Negro,1999.00 USD (x1),1999.00 USD (x1),https://www.elmachetazo.com/audifono-tipo-banda-para-la-cabezazx110apmicrofono-integradocolor-negro-10597309/p
Tecnologia,Audífono Sony Interno Ligero|EX15LP,799.00 USD (x1),799.00 USD (x1),https://www.elmachetazo.com/audifono-sony-interno-ligeroex15lp-10521878/p
Tecnologia,Audífono Sony Interno|E9LP,595.00 USD (x1),595.00 USD (x1),https://www.elmachetazo.com/audifono-sony-internoe9lp-10358478/p
Tecnologia,Audífono Sony Interno Ligero|EX15LP,799.00 USD (x1),799.00 USD (x1),https://www.elmachetazo.com/audifono-sony-interno-ligeroex15lp-10521879/p
Tecnologia,Audífono Sony Interno|E9LP,595.00 USD (x1),595.00 USD (x1),https://www.elmachetazo.com/audifono-sony-internoe9lp-10358473/p
Tecnologia,Audífono Sony Interno Ligeros|EX15LP,799.00 USD (x1),799.00 USD (x1),https://www.elmachetazo.com/audifono-sony-interno-ligerosex15lp-10521874/p
Tecnologia,Audífono Maxell One Mobile,1598.00 USD (x1),1598.00 USD (x1),https://www.elmachetazo.com/audifono-maxell-one-mobile-10611250/p
Tecnologia,Audifono Deportivo Klip Xtreme Yellow,1698.00 USD (x1),1698.00 USD (x1),https://www.elmachetazo.com/audifono-deportivo-klip-xtreme-yellow-10769272/p
Tecnologia,Celular LG L Fino,6998.00 USD (x1),6998.00 USD (x1),https://www.elmachetazo.com/celular-lg-l-fino-10795551/p
Tecnologia,Procesador de Alimentos Black+Decker|Multifuncional|8 Tazas,4998.00 USD (x1),4998.00 USD (x1),https://www.elmachetazo.com/procesador-de-alimentos-blackdeckermultifuncional8-tazas-10775650/p
Tecnologia,Procesador de AlimentosBlack+Decker|8 Tazas|Blanco,4995.00 USD (x1),4995.00 USD (x1),https://www.elmachetazo.com/procesador-de-alimentosblackdecker8-tazasblanco-10769046/p
Tecnologia,Campana Extractora de Grasa|Chimenea Rectangular|75 cm|GP-CAMR75T,19995.00 USD (x1),19995.00 USD (x1),https://www.elmachetazo.com/campana-extractora-de-grasachimenea-rectangular75-cmgp-camr75t-10751662/p
Tecnologia,Campana Extractora de Grasa|90 cm|GP-CAMR90T,21995.00 USD (x1),21995.00 USD (x1),https://www.elmachetazo.com/campana-extractora-de-grasa90-cmgp-camr90t-10647486/p
Tecnologia,Campana Extractora de Grasa GPlus|Chimenea Rectangular|60 cm|GP-CAMR60T,13995.00 USD (x1),13995.00 USD (x1),https://www.elmachetazo.com/campana-extractora-de-grasa-gpluschimenea-rectangular60-cmgp-camr60t-10751661/p
Tecnologia,Bateria Alcalina Duracell AAA|2 Piezas,295.00 USD (x1),295.00 USD (x1),https://www.elmachetazo.com/bateria-alcalina-duracell-aaa2-piezas-10119555/p
Tecnologia,Audifono Maxell Blue,3995.00 USD (x1),3995.00 USD (x1),https://www.elmachetazo.com/audifono-maxell-blue-10777285/p
Tecnologia,Audifono Maxwell Blancos|Bluetooth,3995.00 USD (x1),3995.00 USD (x1),https://www.elmachetazo.com/audifono-maxwell-blancosbluetooth-10777284/p
Tecnologia,Bateria Duracell Tipo C|2 Piezas,443.00 USD (x1),443.00 USD (x1),https://www.elmachetazo.com/bateria-duracell-tipo-c2-piezas-10119552/p
Tecnologia,Bateria Duracell|Tipo AAA|Promo Pack 6,507.00 USD (x1),507.00 USD (x1),https://www.elmachetazo.com/bateria-duracelltipo-aaapromo-pack-6-10107691/p
Tecnologia,Router Inalámbrico Maxell|802.11N|300Mbps,2999.00 USD (x1),2999.00 USD (x1),https://www.elmachetazo.com/router-inalambrico-maxell-802-11n-300--mbps/p
Tecnologia,Bateria Duracell|Tipo D,533.00 USD (x1),533.00 USD (x1),https://www.elmachetazo.com/bateria-duracelltipo-d-10119551/p
Tecnologia,Audifono Coby,998.00 USD (x1),998.00 USD (x1),https://www.elmachetazo.com/audifono-coby-10773435/p
Tecnologia,Audifono Alpha Gaming Red T7,1298.00 USD (x1),1298.00 USD (x1),https://www.elmachetazo.com/audifono-alpha-gaming-red-t7-10772301/p
Tecnologia,Bateria Duracell|AA|2 Piezas,295.00 USD (x1),295.00 USD (x1),https://www.elmachetazo.com/bateria-duracellaa2-piezas-10119553/p
Tecnologia,Bateria Duracell Tipo AA|Promo Pack 6,507.00 USD (x1),507.00 USD (x1),https://www.elmachetazo.com/bateria-duracell-tipo-aapromo-pack-6-10107690/p
Tecnologia,Audifono Alpha Gaming Rocket Negro,1498.00 USD (x1),1498.00 USD (x1),https://www.elmachetazo.com/audifono-alpha-gaming-rocket-negro-10772305/p
Tecnologia,Audifono,195.00 USD (x1),195.00 USD (x1),https://www.elmachetazo.com/audifono-10751855/p
Tecnologia,Flauta Dulce Soprano Yamaha,498.00 USD (x1),695.00 USD (x1),https://www.elmachetazo.com/flauta-dulce-soprano-yamaha-10340829/p
Tecnologia,Audifono,195.00 USD (x1),195.00 USD (x1),https://www.elmachetazo.com/audifono-10751851/p
Tecnologia,Audifono Deportivo Bluetooth|Passion Negro,698.00 USD (x1),698.00 USD (x1),https://www.elmachetazo.com/audifono-deportivo-bluetoothpassion-negro-10773428/p
Tecnologia,Audifono Aiwa|Bluetooth,1298.00 USD (x1),1298.00 USD (x1),https://www.elmachetazo.com/audifono-aiwabluetooth-10769207/p
Hogar,Armario Grande Barú Rimax|Taupe,11999.00 USD (x1),11999.00 USD (x1),https://www.elmachetazo.com/armario-grande-baru-rimaxtaupe-10799726/p
Hogar,Luces Navideñas a Batería,199.00 USD (x1),199.00 USD (x1),https://www.elmachetazo.com/luces-navidenas-a-bateria-10953530/p
Hogar,Cascanueces con Luces Led |39.5 cm,1099.00 USD (x1),1099.00 USD (x1),https://www.elmachetazo.com/cascanueces-led395-cm-11014512/p
Hogar,Vela Roja Cristo Rey 7 Días,262.00 USD (x1),262.00 USD (x1),https://www.elmachetazo.com/vela-roja-cristo-rey-7-dias-10469376/p
Hogar,Vela en Vaso Virgen Maria 7 Días,199.00 USD (x1),229.00 USD (x1),https://www.elmachetazo.com/vela-en-vaso-virgen-maria-7-dias-10920843/p
Hogar,Vela en Vaso Sagrada Familia 7 Días,199.00 USD (x1),229.00 USD (x1),https://www.elmachetazo.com/vela-en-vaso-sagrada-familia-7-dias-10920848/p
Hogar,Vela Larga Blanca 8 Unidades,139.00 USD (x1),139.00 USD (x1),https://www.elmachetazo.com/vela-larga-blanca-8-unidades-10767636/p
Hogar,Botella Térmica Contigo|32 oz|Negro,699.00 USD (x1),1299.00 USD (x1),https://www.elmachetazo.com/botella-termica-contigo32-oznegro-10948090/p
Hogar,Estrella Navideña Plateada|83cm,399.00 USD (x1),399.00 USD (x1),https://www.elmachetazo.com/estrella-navidena-plateada83cm-11014521/p
Hogar,Mantel Redondo Ángel|120gsm,499.00 USD (x1),799.00 USD (x1),https://www.elmachetazo.com/mantel-redondo-angel-120-gsm-11014553/p
Hogar,Mantel Redondo Esferas de Navidad|120gsm,499.00 USD (x1),799.00 USD (x1),https://www.elmachetazo.com/mantel-redondo-esferas-de-navidad-120-gsm-11014554/p
Hogar,Mantel Navideño Muérdago|120 gsm,499.00 USD (x1),699.00 USD (x1),https://www.elmachetazo.com/mantel-navideno-muerdago-120gsm-11014555/p
Hogar,Mantel Navideño Poinsettia|120gsm,499.00 USD (x1),699.00 USD (x1),https://www.elmachetazo.com/mantel-navideno-poinsettial-120gsm-11014556/p
Hogar,Mantel Navideño Ángel|120gsm,499.00 USD (x1),699.00 USD (x1),https://www.elmachetazo.com/mantel-navideno-angel-120gsm-11014557/p
Hogar,Mantel Navideño |120gsm,499.00 USD (x1),699.00 USD (x1),https://www.elmachetazo.com/mantel-navideno-esferas-de-navidad-120gsm-11014558/p
Hogar,Camino de Mesa Poinsettia,249.00 USD (x1),249.00 USD (x1),https://www.elmachetazo.com/camino-de-mesa-poinsettia-11014560/p
Hogar,Estrella Navideña Dorada|60cm,299.00 USD (x1),299.00 USD (x1),https://www.elmachetazo.com/estrella-navidena-dorada60cm-11014522/p
Hogar,Estrella Navideña Verde|60cm,299.00 USD (x1),299.00 USD (x1),https://www.elmachetazo.com/estrella-navidena-verde60cm-11014523/p
Hogar,Estrella Navideña Rojo|60cm,299.00 USD (x1),299.00 USD (x1),https://www.elmachetazo.com/estrella-navidena-rojo60cm-11014524/p
Hogar,Estrella Navideña Plateada|60cm,299.00 USD (x1),299.00 USD (x1),https://www.elmachetazo.com/estrella-navidena-plateada60cm-11014525/p
Hogar,Camino de Mesa Ángel,249.00 USD (x1),249.00 USD (x1),https://www.elmachetazo.com/camino-de-mesa-angel-11014561/p
Hogar,Ornamento Bastones de Caramelo|Rojo-Verde,99.00 USD (x1),99.00 USD (x1),https://www.elmachetazo.com/ornamento-bastones-de-caramelorojo-verde-11014596/p
Hogar,Ornamento Navideño Estrella|Rojo-Verde,79.00 USD (x1),79.00 USD (x1),https://www.elmachetazo.com/ornamento-navideno-estrella-rojo-verde-11014594-machetazo/p
Hogar,Ornamento Navideño Estrella|Rojo-Blanco,79.00 USD (x1),79.00 USD (x1),https://www.elmachetazo.com/ornamento-navideno-estrellarojo-blanco-11014595/p
Hogar,Mantel Navideño Muérdago|Largo|120gsm,499.00 USD (x1),799.00 USD (x1),https://www.elmachetazo.com/mantel-navideno-muerdago-largo-120gsm-11014547/p
Hogar,Mantel Navideño Poinsettia|Largo|120gsm,499.00 USD (x1),799.00 USD (x1),https://www.elmachetazo.com/mantel-navideno-poinsettia-largo-120gsm-11014548/p
Hogar,Mantel Navideño Ángel|Largo|120 gsm,499.00 USD (x1),799.00 USD (x1),https://www.elmachetazo.com/mantel-navideno-angel-largo-120gsm-11014549/p
Hogar,Figura Reno Navideño Plateado|34cm,1299.00 USD (x1),1999.00 USD (x1),https://www.elmachetazo.com/figura-reno-navideno-plateado34cm-11017582/p
Hogar,Figura Reno Navideño Plateado|26.5cm,1099.00 USD (x1),1699.00 USD (x1),https://www.elmachetazo.com/figura-reno-navideno-plateado265cm-11017583/p
Hogar,Figura Reno Navideño|25x51x13cm,699.00 USD (x1),2499.00 USD (x1),https://www.elmachetazo.com/figura-reno-navideno25x51x13cm-11017584/p
Hogar,Porta Plato Dorado|33x33x1.8cm,199.00 USD (x1),199.00 USD (x1),https://www.elmachetazo.com/porta-plato-dorado33x33x18cm-11017570/p
Hogar,Porta Plato Verde|33x33x1.8cm,299.00 USD (x1),299.00 USD (x1),https://www.elmachetazo.com/porta-plato-verde33x33x18cm-11017571/p
Hogar,Almohada Navideña Roja|60cm,1099.00 USD (x1),1699.00 USD (x1),https://www.elmachetazo.com/almohada-navidena-roja60cm-11017574/p
Hogar,Almohada Navideña Roja|50cm,1099.00 USD (x1),1699.00 USD (x1),https://www.elmachetazo.com/almohada-navidena-roja50cm-11017572/p
Hogar,Almohada Navideña Poinsettia|40cm,1099.00 USD (x1),1699.00 USD (x1),https://www.elmachetazo.com/almohada-navidena-poinsettia40cm-11017576/p
Hogar,Botella Navideña|Surtido|23cm,399.00 USD (x1),399.00 USD (x1),https://www.elmachetazo.com/botella-navidenasurtido23cm-11017551/p
Hogar,Arbolito Decorativo con Base |19x8.5x43cm,999.00 USD (x1),999.00 USD (x1),https://www.elmachetazo.com/arbolito-decorativo-con-base19x85x43cm-11017556/p
Hogar,Esferas Navideñas|25x25x25cm,1999.00 USD (x1),1999.00 USD (x1),https://www.elmachetazo.com/esferas-navidenas25x25x25cm-11017554/p
Hogar,Mantel Navideño Esferas de Navidad|Largo|120gsm,499.00 USD (x1),799.00 USD (x1),https://www.elmachetazo.com/mantel-navideno-esferas-de-navidad-largo-120gsm-11014550/p
Hogar,Mantel Redondo Muérdago|120gsm,499.00 USD (x1),799.00 USD (x1),https://www.elmachetazo.com/mantel-redondo-muerdago-120gsm-11014551/p
Hogar,Mantel Redondo Poinsettia|120gsm,499.00 USD (x1),799.00 USD (x1),https://www.elmachetazo.com/mantel-redondo-poinsettia-120gsm-11014552/p
Hogar,Gorro Navideño|28x36cm,149.00 USD (x1),149.00 USD (x1),https://www.elmachetazo.com/gorro-navideno28x36cm-10965893/p
Hogar,Gorro Navideño Multicolor|28x38cm,199.00 USD (x1),199.00 USD (x1),https://www.elmachetazo.com/gorro-navideno-multicolor28x38cm-10965915/p
Hogar,Gorro Navideño|Surtido|28x40cm,199.00 USD (x1),199.00 USD (x1),https://www.elmachetazo.com/gorro-navidenosurtido28x40cm-11014514/p
Hogar,Estrella Navideña Verde|83cm,399.00 USD (x1),399.00 USD (x1),https://www.elmachetazo.com/estrella-navidena-verde83cm-11014519/p
Hogar,Estrella Navideña Rojo|83cm,399.00 USD (x1),399.00 USD (x1),https://www.elmachetazo.com/estrella-navidena-rojo83cm-11014520/p
Hogar,Figura Navideña Nacimiento|18.5x11cm,999.00 USD (x1),1499.00 USD (x1),https://www.elmachetazo.com/figura-navidena-nacimiento185x11cm-11017568/p
Hogar,Figura Navideña Nacimiento Natural|17x14cm,999.00 USD (x1),1299.00 USD (x1),https://www.elmachetazo.com/figura-navidena-nacimiento-natural17x14cm-11017567/p
Hogar,Esferas Navideñas|17x17x30cm,1299.00 USD (x1),1299.00 USD (x1),https://www.elmachetazo.com/esferas-navidenas17x17x30cm-11017555/p
Hogar,Figura Sagrada Familia|23x12x41cm,2999.00 USD (x1),2999.00 USD (x1),https://www.elmachetazo.com/figura-sagrada-familia23x12x41cm-11017566/p
Hogar,Figuras para Nacimiento|7 Piezas|6.3cm,499.00 USD (x1),599.00 USD (x1),https://www.elmachetazo.com/figuras-para-nacimiento7-piezas63cm-11017565/p
Hogar,Figuras para Nacimiento|11 Piezas|3.6cm,699.00 USD (x1),999.00 USD (x1),https://www.elmachetazo.com/figuras-para-nacimiento11-piezas36cm-11017562/p
Hogar,Figuras para Nacimiento|9 Piezas|6.9cm,699.00 USD (x1),899.00 USD (x1),https://www.elmachetazo.com/figuras-para-nacimiento9-piezas69cm-11017563/p
Hogar,Arbolito Decorativo Dorado|16x70cm,1299.00 USD (x1),1299.00 USD (x1),https://www.elmachetazo.com/arbolito-decorativo-dorado16x70cm-11017578/p
Hogar,Arbolito Decorativo Dorado|12x58cm,899.00 USD (x1),899.00 USD (x1),https://www.elmachetazo.com/arbolito-decorativo-dorado12x58cm-11017577/p
Hogar,Base Redonda para Árbol|Roja,1999.00 USD (x1),3999.00 USD (x1),https://www.elmachetazo.com/base-redonda-para-arbolroja-11017552/p
Hogar,Base para Árbol Navideño|40x45x40cm,3499.00 USD (x1),3499.00 USD (x1),https://www.elmachetazo.com/base-para-arbol-navideno40x45x40cm-11017558/p
Hogar,Figura Reno Navideño|31cm,999.00 USD (x1),1999.00 USD (x1),https://www.elmachetazo.com/figura-reno-navideno31cm-11017580/p
Hogar,Esferas Navideñas|21x21x22cm,1699.00 USD (x1),1699.00 USD (x1),https://www.elmachetazo.com/esferas-navidenas21x21x22cm-11017553/p
Hogar,Nacimiento 10 Piezas |12cm,999.00 USD (x1),1499.00 USD (x1),https://www.elmachetazo.com/juego-de-nacimiento10-piezas12cm-11017559/p
Hogar,Figura Sagrada Familia|6.7x4.6x8.3cm,299.00 USD (x1),299.00 USD (x1),https://www.elmachetazo.com/figura-sagrada-familia67x46x83cm-11017561/p
Hogar,Figura Navideña Oso|17x18x40cm,1999.00 USD (x1),1999.00 USD (x1),https://www.elmachetazo.com/figura-navidena-oso17x18x40cm-11018014/p
Hogar,Figura Navideña Oso|16x19x25cm,999.00 USD (x1),999.00 USD (x1),https://www.elmachetazo.com/figura-navidena-oso16x19x25cm-11018013/p
Hogar,Adorno Globo Navideño|16x16x45cm,1499.00 USD (x1),1499.00 USD (x1),https://www.elmachetazo.com/adorno-globo-navideno16x16x45cm-11018020/p
Hogar,Cascanueces Músical|38cm|Surtido,1499.00 USD (x1),1499.00 USD (x1),https://www.elmachetazo.com/cascanueces-musical38cmsurtido-11018003/p
Hogar,Adorno de Ángel Plateado|29.5x21x60.5cm,3299.00 USD (x1),3299.00 USD (x1),https://www.elmachetazo.com/adorno-de-angel-plateado295x21x605cm-11018001/p
Hogar,Linterna LED Navideña|14x38cm,1499.00 USD (x1),1499.00 USD (x1),https://www.elmachetazo.com/linterna-led-navidena14x38cm-11017994/p
Hogar,Linterna LED Navideña|14x25.5cm,799.00 USD (x1),1299.00 USD (x1),https://www.elmachetazo.com/linterna-led-navidena14x255cm-11017995/p
Hogar,Linterna LED Navideña|14x30.5cm,999.00 USD (x1),999.00 USD (x1),https://www.elmachetazo.com/linterna-led-navidena14x305cm-11017996/p
Hogar,Figura Navideña LED|13cm|Surtido,499.00 USD (x1),699.00 USD (x1),https://www.elmachetazo.com/figura-navidena-led13cmsurtido-11018031/p
Hogar,Porta Plato Navideño Rojo,249.00 USD (x1),249.00 USD (x1),https://www.elmachetazo.com/porta-plato-navideno-rojo-11018021/p
Hogar,Cinta Navideña|12cm x 5yds,699.00 USD (x1),699.00 USD (x1),https://www.elmachetazo.com/cinta-navidena12cm-x-5yds-11018033/p
Hogar,Figura Navideña Reno|20x37x11cm,499.00 USD (x1),1499.00 USD (x1),https://www.elmachetazo.com/figura-navidena-reno20x37x11cm-11018010/p
Hogar,Figura Navideña LED|12.8cm|Surtido,499.00 USD (x1),799.00 USD (x1),https://www.elmachetazo.com/figura-navidena-led128cmsurtido-11018032/p
Hogar,Arbolito Navideño Rojo|50cm,2499.00 USD (x1),2499.00 USD (x1),https://www.elmachetazo.com/arbolito-navideno-rojo50cm-11018016/p
Hogar,Figura Navideña Ardilla|24cm,899.00 USD (x1),1699.00 USD (x1),https://www.elmachetazo.com/figura-navidena-ardilla24cm-11018018/p
Hogar,Figura Navideña Oso Polar|27cm,3499.00 USD (x1),3499.00 USD (x1),https://www.elmachetazo.com/figura-navidena-oso-polar27cm-11018000/p
Hogar,Linterna LED Navideña|30.5cm,1299.00 USD (x1),2299.00 USD (x1),https://www.elmachetazo.com/linterna-led-navidena305cm-11018027/p
Hogar,Figura Navideña Reno|Blanco-Dorado,699.00 USD (x1),1299.00 USD (x1),https://www.elmachetazo.com/figura-navidena-renoblanco-dorado-11018011/p
Hogar,Figura Navideña Reno|Blanco-Dorado,499.00 USD (x1),999.00 USD (x1),https://www.elmachetazo.com/figura-navidena-renoblanco-dorado-11018012/p
Hogar,Linterna LED Blanca|14.9cm,699.00 USD (x1),699.00 USD (x1),https://www.elmachetazo.com/linterna-led-blanca149cm-11018007/p
Hogar,Arbolito Dorado Decorativo|22.8cm,999.00 USD (x1),999.00 USD (x1),https://www.elmachetazo.com/arbolito-dorado-decorativo228cm-11018009/p
Hogar,Figura Navideña Reno|Plateado-Blanco,1299.00 USD (x1),2999.00 USD (x1),https://www.elmachetazo.com/figura-navidena-renoplateado-blanco-11018004/p
Hogar,Figura Navideña Reno|Plateado-Blanco,999.00 USD (x1),2299.00 USD (x1),https://www.elmachetazo.com/figura-navidena-renoplateado-blanco-11018005/p
Hogar,Mini Arbolito Nevado Decorativo |33cm,899.00 USD (x1),899.00 USD (x1),https://www.elmachetazo.com/arbolito-nevado-decorativo33cm-11017997/p
Hogar,Porta Plato|Verde-Dorado,249.00 USD (x1),249.00 USD (x1),https://www.elmachetazo.com/porta-platoverde-dorado-11018026/p
Hogar,Bola Navideña Verde Brillante |20cm,499.00 USD (x1),499.00 USD (x1),https://www.elmachetazo.com/adorno-navideno-esfera-brillante-20-cm-10916594-machetazo/p
Hogar,Juego de Adornos Navideños|4 Esferas|10cm,299.00 USD (x1),299.00 USD (x1),https://www.elmachetazo.com/juego-de-adornos-navidenos-4-esferas-10cm-10959994-machetazo/p
Hogar,Juego de Adornos Navideños|12 Esferas|8cm,399.00 USD (x1),399.00 USD (x1),https://www.elmachetazo.com/juego-de-adornos-navidenos12-esferas8cm-11010457/p
Hogar,Juego de Adornos Navideños|12 Esferas|8cm,399.00 USD (x1),399.00 USD (x1),https://www.elmachetazo.com/juego-de-adornos-navidenos-12-esferas-8cm-11010459-machetazo/p
Hogar,Juego de Adornos Navideños|5 Pastillas|13cm,299.00 USD (x1),299.00 USD (x1),https://www.elmachetazo.com/juego-de-adornos-navidenos-5-pastillas-13cm-11010461-machetazo/p
Hogar,Juego de Adornos Navideños|4 Esferas|10cm,299.00 USD (x1),299.00 USD (x1),https://www.elmachetazo.com/juego-de-adornos-navidenos-4-esferas-10cm-11010462-machetazo/p
Hogar,Adorno Navideño Guirnalda de Esferas|180cm,499.00 USD (x1),499.00 USD (x1),https://www.elmachetazo.com/adorno-navideno-guirnalda-de-esferas-180cm-11010466-machetazo/p
Hogar,Juego de Adornos Navideños|12 Esferas|6cm,199.00 USD (x1),349.00 USD (x1),https://www.elmachetazo.com/juego-de-adornos-navidenos-12-esferas-6cm-11010470-machetazo/p
Hogar,Juego de Adornos Navideños|3 Esferas|15cm,499.00 USD (x1),499.00 USD (x1),https://www.elmachetazo.com/juego-de-adornos-navidenos-3-esferas-15cm-11010484-machetazo/p
Hogar,Cuadro Decorativo Estilo Pop Art,2499.00 USD (x1),2499.00 USD (x1),https://www.elmachetazo.com/cuadro-decorativo-estilo-pop-art-10993491-machetazo/p
Hogar,Cuadro Decorativo|Surtido,599.00 USD (x1),599.00 USD (x1),https://www.elmachetazo.com/cuadro-decorativo-surtido-10993493-machetazo/p
Hogar,Cuadro Decorativo,1699.00 USD (x1),1699.00 USD (x1),https://www.elmachetazo.com/cuadro-decorativo-10993494-machetazo/p
Hogar,Cuadro Decorativo,1699.00 USD (x1),1699.00 USD (x1),https://www.elmachetazo.com/cuadro-decorativo-10993495-machetazo/p
Hogar,Cuadro Decorativo con Detalles 3D,1699.00 USD (x1),1699.00 USD (x1),https://www.elmachetazo.com/cuadro-decorativo-con-detalles-3d-10993497-machetazo/p
Hogar,Cuadro Decorativo de Super Mario|Surtido,699.00 USD (x1),699.00 USD (x1),https://www.elmachetazo.com/cuadro-decorativo-de-super-mario-surtido-11008771-machetazo/p
Hogar,Cuadro Decorativo de Sonic|Surtido,1099.00 USD (x1),1099.00 USD (x1),https://www.elmachetazo.com/cuadro-decorativo-de-sonic-surtido-11008768-machetazo/p
Hogar,Cuadro Decorativo de Sonic,1999.00 USD (x1),1999.00 USD (x1),https://www.elmachetazo.com/cuadro-decorativo-de-sonic-11008774-machetazo/p
Hogar,Cuadro Decorativo de Super Mario|Surtido,1999.00 USD (x1),1999.00 USD (x1),https://www.elmachetazo.com/cuadro-decorativo-de-super-mario-surtido-11008775-machetazo/p
Hogar,Figura Santa y Hombre de Nieve|Chocolate,799.00 USD (x1),799.00 USD (x1),https://www.elmachetazo.com/figura-santa-y-hombre-de-nievechocolate-11013610/p
Hogar,Figura Santa y Sra. Claus|Dorado,1299.00 USD (x1),1299.00 USD (x1),https://www.elmachetazo.com/figura-santa-y-sra-clausdorado-11013611/p
Hogar,Candelabro Navideño Dorado-Plateado|38cm,1299.00 USD (x1),1299.00 USD (x1),https://www.elmachetazo.com/candelabro-navideno-dorado-plateado38cm-11013680/p
Hogar,Arreglo Navideño Dorado-Plateado|66cm,1199.00 USD (x1),1199.00 USD (x1),https://www.elmachetazo.com/arreglo-navideno-dorado-plateado66cm-11013682/p
Hogar,Corona Navideña Blanca|45cm,999.00 USD (x1),999.00 USD (x1),https://www.elmachetazo.com/corona-navidena-blanca45cm-11013683/p
Hogar,Corona Adviento Blanca|35cm,1299.00 USD (x1),1299.00 USD (x1),https://www.elmachetazo.com/corona-adviento-blanca35cm-11013684/p
Hogar,Figura Santa Claus|27.94cm,1299.00 USD (x1),1699.00 USD (x1),https://www.elmachetazo.com/figura-santa-claus2794cm-11013688/p
Hogar,Figura Santa Claus|Música y Movimientos,1699.00 USD (x1),1699.00 USD (x1),https://www.elmachetazo.com/figura-santa-clausmusica-y-movimientos-11013689/p
Hogar,Almohada Plateada con Relleno|35x35cm,799.00 USD (x1),799.00 USD (x1),https://www.elmachetazo.com/almohada-plateada-con-relleno-35x35cm-11013690-machetazo/p
Hogar,Almohada Roja con Relleno|35x35cm,599.00 USD (x1),799.00 USD (x1),https://www.elmachetazo.com/almohada-roja-con-relleno35x35cm-11013691/p
Hogar,Figura Santa y Hombre de Nieve|Rojo-Verde,499.00 USD (x1),499.00 USD (x1),https://www.elmachetazo.com/figura-santa-y-hombre-de-nieverojo-verde-11013614/p
Hogar,Figura Santa y Hombre de Nieve|Plateado,499.00 USD (x1),499.00 USD (x1),https://www.elmachetazo.com/figura-santa-y-hombre-de-nieveplateado-11013615/p
Hogar,Figura Santa y Sra. Claus|Dorado,499.00 USD (x1),499.00 USD (x1),https://www.elmachetazo.com/figura-santa-y-sra-claus-dorado-11013616-machetazo/p
Hogar,Figura Santa y Hombre de Nieve|Rojo-Verde,699.00 USD (x1),699.00 USD (x1),https://www.elmachetazo.com/figura-santa-y-hombre-de-nieverojo-verde-11013618/p
Hogar,Figura Santa y Sra. Claus|Dorado,699.00 USD (x1),699.00 USD (x1),https://www.elmachetazo.com/figura-santa-y-sra-clausdorado-11013620/p
Hogar,Almohada Santa y Hombre de Nieve|Rojo-Verde,899.00 USD (x1),899.00 USD (x1),https://www.elmachetazo.com/almohada-santa-y-hombre-de-nieverojo-verde-11013624/p
Hogar,Almohada Santa y Sra. Claus|Dorado,899.00 USD (x1),899.00 USD (x1),https://www.elmachetazo.com/almohada-santa-y-sra-clausdorado-11013626/p
Hogar,Falda para Árbol de Navidad|Rojo-Verde|106cm,1999.00 USD (x1),1999.00 USD (x1),https://www.elmachetazo.com/falda-para-arbol-de-navidadrojo-verde106cm-11013628/p
Hogar,Falda para Árbol de Navidad|Dorado|106cm,1999.00 USD (x1),1999.00 USD (x1),https://www.elmachetazo.com/falda-para-arbol-de-navidaddorado106cm-11013630/p
Hogar,Figura Santa y Hombre de Nieve|Plateado,799.00 USD (x1),799.00 USD (x1),https://www.elmachetazo.com/figura-santa-y-hombre-de-nieveplateado-11013632/p
Hogar,Figura Santa y Sra. Claus|Dorado,799.00 USD (x1),799.00 USD (x1),https://www.elmachetazo.com/figura-santa-y-sra-clausdorado-11013633/p
Hogar,Casa Navideña LED Dorada|17cm,999.00 USD (x1),1299.00 USD (x1),https://www.elmachetazo.com/casa-navidena-led-dorada17cm-11013638/p
Hogar,Ángel Blanco para Árbol|30cm,1099.00 USD (x1),1099.00 USD (x1),https://www.elmachetazo.com/angel-blanco-para-arbol-30cm-11013694-machetazo/p
Hogar,Ángel Dorado para Árbol|30cm,1099.00 USD (x1),1099.00 USD (x1),https://www.elmachetazo.com/angel-dorado-para-arbol-30cm-11013695-machetazo/p
Hogar,Falda para Árbol de Navidad|Dorado|107cm,1899.00 USD (x1),1899.00 USD (x1),https://www.elmachetazo.com/falda-para-arbol-de-navidaddorado107cm-11013696/p
Hogar,Figura Santa Claus Sentado|27cm,1799.00 USD (x1),1799.00 USD (x1),https://www.elmachetazo.com/figura-santa-claus-sentado27cm-11013701/p
Hogar,Casa Navideña LED Blanca|17cm,899.00 USD (x1),1199.00 USD (x1),https://www.elmachetazo.com/casa-navidena-led-blanca17cm-11013639/p
Hogar,Casa Navideña LED Dorada|20cm,899.00 USD (x1),1199.00 USD (x1),https://www.elmachetazo.com/casa-navidena-led-dorada20cm-11013640/p
Hogar,Casa Navideña LED Blanca|20cm,999.00 USD (x1),1199.00 USD (x1),https://www.elmachetazo.com/casa-navidena-led-blanca20cm-11013641/p
Hogar,Casa Navideña LED Blanca|27cm,699.00 USD (x1),999.00 USD (x1),https://www.elmachetazo.com/casa-navidena-led-blanca27cm-11013643/p
Hogar,Casa Navideña LED Dorada|41cm,1299.00 USD (x1),1999.00 USD (x1),https://www.elmachetazo.com/casa-navidena-led-dorada41cm-11013646/p
Hogar,Arreglo Navideño Natural|60cm,899.00 USD (x1),899.00 USD (x1),https://www.elmachetazo.com/arreglo-navideno-natural60cm-11013655/p
Hogar,Ramo Decorativo Plateado|49cm,199.00 USD (x1),199.00 USD (x1),https://www.elmachetazo.com/ramo-decorativo-plateado49cm-11013662/p
Hogar,Fogata LED para Nacimiento|Surtido|10.2cm,299.00 USD (x1),399.00 USD (x1),https://www.elmachetazo.com/fogata-led-para-nacimientosurtido102cm-11017779/p
Hogar,Corona Navideña|90cm,1699.00 USD (x1),1699.00 USD (x1),https://www.elmachetazo.com/corona-navidena90cm-11017749/p
Hogar,Corona Navideña|120cm,2999.00 USD (x1),2999.00 USD (x1),https://www.elmachetazo.com/corona-navidena120cm-11017750/p
Hogar,Disfraz Navideño para Mascota|21x47cm,399.00 USD (x1),399.00 USD (x1),https://www.elmachetazo.com/disfraz-navideno-para-mascota-21x47cm-11017753-machetazo/p
Hogar,Pastillero Navideño|Surtido|11x22cm,399.00 USD (x1),399.00 USD (x1),https://www.elmachetazo.com/pastillero-navideno-surtido-11x22cm-11017764-machetazo/p
Hogar,Pastillero Navideño Dorado-Plateado|11x22cm,399.00 USD (x1),399.00 USD (x1),https://www.elmachetazo.com/pastillero-navideno-dorado-plateado11x22cm-11017767/p
Hogar,Nacimiento con Pesebre|8 Piezas|3.8cm,699.00 USD (x1),899.00 USD (x1),https://www.elmachetazo.com/nacimiento-con-pesebre8-piezas38cm-11017772/p
Hogar,Figuras para Nacimiento|Surtido|10.2cm,299.00 USD (x1),399.00 USD (x1),https://www.elmachetazo.com/figuras-para-nacimientosurtido102cm-11017775/p
Hogar,Figura Santa Claus con Regalos|27cm,1699.00 USD (x1),1699.00 USD (x1),https://www.elmachetazo.com/figura-santa-claus-con-regalos27cm-11013702/p
Hogar,Camino de Mesa Dorado|30x182cm,1099.00 USD (x1),1099.00 USD (x1),https://www.elmachetazo.com/camino-de-mesa-dorado-30x182cm-11013703-machetazo/p
Hogar,Candelabro Navideño Plateado|38cm,1299.00 USD (x1),1299.00 USD (x1),https://www.elmachetazo.com/candelabro-navideno-plateado38cm-11013675/p
Hogar,Arreglo Navideño Plateado|60cm,899.00 USD (x1),899.00 USD (x1),https://www.elmachetazo.com/arreglo-navideno-plateado60cm-11013677/p
Hogar,Villa Navideña LED|USB|21cm,2499.00 USD (x1),3999.00 USD (x1),https://www.elmachetazo.com/villa-navidena-ledusb21cm-11017666/p
Hogar,Inflable Santa Claus LED|210cm|110V,5999.00 USD (x1),7999.00 USD (x1),https://www.elmachetazo.com/inflable-santa-claus-led210cm110v-11017719/p
Hogar,Inflable Esferas Navideñas|150cm|110V,3999.00 USD (x1),5699.00 USD (x1),https://www.elmachetazo.com/inflable-esferas-navidenas150cm110v-11017720/p
Hogar,Adorno Navideño Ciervo|38cm,1699.00 USD (x1),2999.00 USD (x1),https://www.elmachetazo.com/adorno-navideno-ciervo38cm-11017639/p
Hogar,Porta Vela Dorado|9x27x9cm,899.00 USD (x1),899.00 USD (x1),https://www.elmachetazo.com/porta-vela-dorado9x27x9cm-11017726/p
Hogar,Bola Navideña Dorada |15cm,699.00 USD (x1),699.00 USD (x1),https://www.elmachetazo.com/esfera-navidena-dorada15cm-11017711/p
Hogar,Figura Santa Claus LED|31.5m,1899.00 USD (x1),1899.00 USD (x1),https://www.elmachetazo.com/figura-santa-claus-led315m-11017658/p
Hogar,Figuras Navideñas LED|Surtido,1699.00 USD (x1),1699.00 USD (x1),https://www.elmachetazo.com/figuras-navidenas-ledsurtido-11017656/p
Hogar,Figura Santa Claus LED|24.5cm,1899.00 USD (x1),1899.00 USD (x1),https://www.elmachetazo.com/figura-santa-claus-led245cm-11017657/p
Hogar,Cinta Navideña Dorada|6cm x 10yds,599.00 USD (x1),599.00 USD (x1),https://www.elmachetazo.com/cinta-navidena-dorada6cm-x-10yds-11017710/p
Hogar,Cinta Navideña Chocolate|6cm x 10yds,399.00 USD (x1),399.00 USD (x1),https://www.elmachetazo.com/cinta-navidena-chocolate6cm-x-10yds-11017649/p
Hogar,Juego de Tren LED|11 Piezas|90cm,1299.00 USD (x1),1999.00 USD (x1),https://www.elmachetazo.com/juego-de-tren-led11-piezas90cm-11017732/p
Hogar,Juego de Tren LED|12 Piezas|90cm,1699.00 USD (x1),2699.00 USD (x1),https://www.elmachetazo.com/juego-de-tren-led12-piezas90cm-11017733/p
Hogar,Juego de Tren LED|22 Piezas|70cm,1299.00 USD (x1),1999.00 USD (x1),https://www.elmachetazo.com/juego-de-tren-led22-piezas70cm-11017734/p
Hogar,Bola de Vidrio Santa Claus|25cm,1999.00 USD (x1),1999.00 USD (x1),https://www.elmachetazo.com/bola-de-vidrio-santa-claus25cm-11017670/p
Hogar,Bola de Vidrio Santa Claus|17cm,1499.00 USD (x1),1499.00 USD (x1),https://www.elmachetazo.com/bola-de-vidrio-santa-claus17cm-11017669/p
Hogar,Adorno Navideño|Surtido|33x61cm,1699.00 USD (x1),1699.00 USD (x1),https://www.elmachetazo.com/adorno-navidenosurtido33x61cm-11017640/p
Hogar,Flores Navideñas Rojas|3 Piezas,399.00 USD (x1),399.00 USD (x1),https://www.elmachetazo.com/flores-navidenas-rojas3-piezas-11017717/p
Hogar,Flores Navideñas Plateadas|3 Piezas,399.00 USD (x1),399.00 USD (x1),https://www.elmachetazo.com/flores-navidenas-plateadas3-piezas-11017718/p
Hogar,Adorno Globo Navideño|21x21x60cm,1999.00 USD (x1),1999.00 USD (x1),https://www.elmachetazo.com/adorno-globo-navideno21x21x60cm-11017659/p
Hogar,Individual para Mesa|Surtido,249.00 USD (x1),249.00 USD (x1),https://www.elmachetazo.com/individual-para-mesasurtido-11017705/p
Hogar,Individual de Mesa|Surtido|38cm,149.00 USD (x1),149.00 USD (x1),https://www.elmachetazo.com/individual-de-mesasurtido38cm-11017704/p
Hogar,Esferas Navideñas Doradas|3 Piezas|6cm,199.00 USD (x1),199.00 USD (x1),https://www.elmachetazo.com/esferas-navidenas-doradas3-piezas6cm-11017706/p
Hogar,Cortina de Baño Navideña Roja|20x23cm,799.00 USD (x1),799.00 USD (x1),https://www.elmachetazo.com/cortina-de-bano-navidena-roja20x23cm-11017694/p
Hogar,Estrella Decorativa Dorada|100cm,2299.00 USD (x1),2299.00 USD (x1),https://www.elmachetazo.com/estrella-decorativa-dorada100cm-11017707/p
Hogar,Lampara LED Dorada|110V|194cm,8999.00 USD (x1),11999.00 USD (x1),https://www.elmachetazo.com/lampara-led-dorada110v194cm-11017683/p
Hogar,Porta Plato Blanco|33x33x2cm,249.00 USD (x1),249.00 USD (x1),https://www.elmachetazo.com/porta-plato-blanco33x33x2cm-11017679/p
Hogar,Figura Decorativa Navideña|Surtido|40.46cm,2299.00 USD (x1),2299.00 USD (x1),https://www.elmachetazo.com/figura-decorativa-navidena-surtido-40-46-cm-11017681-machetazo/p
Hogar,Villa Navideña Parque Santa |19x22cm,2999.00 USD (x1),3999.00 USD (x1),https://www.elmachetazo.com/parque-led-navideno19x22cm-11017668/p
Hogar,Adorno Navideño con Luces,499.00 USD (x1),499.00 USD (x1),https://www.elmachetazo.com/adorno-navideno-con-luces-11017587-machetazo/p
Hogar,Adorno Navideño de Santa con Luces,499.00 USD (x1),499.00 USD (x1),https://www.elmachetazo.com/adorno-navideno-de-santa-con-luces-11017588-machetazo/p
Hogar,Adorno Navideño Cortina de Luces|3m,1299.00 USD (x1),1299.00 USD (x1),https://www.elmachetazo.com/adorno-navideno-cortina-de-luces-3m-11017589-machetazo/p
Hogar,Luces Led en Forma de Santa|110V,2499.00 USD (x1),2499.00 USD (x1),https://www.elmachetazo.com/luces-led-en-forma-de-santa-110v-11017591-machetazo/p
Hogar,Nacimiento Navideño|11 Piezas|61cm,39999.00 USD (x1),39999.00 USD (x1),https://www.elmachetazo.com/nacimiento-navideno-11-piezas-61cm-10399925-machetazo/p
Hogar,Figura Sagrada Familia |8.5cm,399.00 USD (x1),399.00 USD (x1),https://www.elmachetazo.com/figura-navidena-sagrada-familia85cm-11017536/p
Hogar,Figuras para Nacimiento|11 Piezas|9.5cm,1299.00 USD (x1),1499.00 USD (x1),https://www.elmachetazo.com/figuras-para-nacimiento11-piezas-95cm-11017537/p
Hogar,Bota Navideña|Surtido|45cm,199.00 USD (x1),199.00 USD (x1),https://www.elmachetazo.com/bota-navidenasurtido45cm-10965897/p
Hogar,Bota Navideña|21x42cm,299.00 USD (x1),299.00 USD (x1),https://www.elmachetazo.com/bota-navidena-21x42cm-11017607-machetazo/p
Hogar,Aldeanos para Nacimiento|11 Piezas|13cm,2499.00 USD (x1),3999.00 USD (x1),https://www.elmachetazo.com/aldeanos-para-nacimiento11-piezas13cm-10697741/p
Hogar,Juego de Cocina Navideño|3 Piezas,349.00 USD (x1),349.00 USD (x1),https://www.elmachetazo.com/juego-de-cocina-navideno3-piezas-10921349/p
Hogar,Toallas Navideñas de Cocina|2 Piezas,299.00 USD (x1),299.00 USD (x1),https://www.elmachetazo.com/toallas-navidenas-de-cocina2-piezas-11017550/p
Hogar,Cinta Navideña Blanca|6cm x 10yds,399.00 USD (x1),399.00 USD (x1),https://www.elmachetazo.com/cinta-navidena-blanca6cm-x-10yds-11017631/p
Hogar,Campana Navideña Plateada|48cm,2499.00 USD (x1),3999.00 USD (x1),https://www.elmachetazo.com/campana-navidena-plateada48cm-11017621/p
Hogar,Campana Navideña Roja|38cm,1699.00 USD (x1),2999.00 USD (x1),https://www.elmachetazo.com/campana-navidena-roja38cm-11017624/p
Hogar,Campana Navideña Dorada|48cm,2499.00 USD (x1),3999.00 USD (x1),https://www.elmachetazo.com/campana-navidena-dorada48cm-11017625/p
Hogar,Adorno Arbolito Navideño Plateado |20x38cm,999.00 USD (x1),999.00 USD (x1),https://www.elmachetazo.com/adorno-arbol-navideno-plateado20x38cm-11017637/p
Hogar,Juego de Cocina Navideño|3 Piezas,349.00 USD (x1),349.00 USD (x1),https://www.elmachetazo.com/juego-de-cocina-navideno3-piezas-11017598/p
Hogar,Toallas de Cocina Navideñas|2 Piezas,399.00 USD (x1),399.00 USD (x1),https://www.elmachetazo.com/toallas-de-cocina-navidenas2-piezas-11017599/p
Hogar,Toallas de Cocina Navideñas|2 Piezas,399.00 USD (x1),399.00 USD (x1),https://www.elmachetazo.com/toallas-de-cocina-navidenas2-piezas-11017600/p
Hogar,Toalla de Cocina Santa Claus|38x60cm,199.00 USD (x1),199.00 USD (x1),https://www.elmachetazo.com/toalla-de-cocina-santa-claus38x60cm-11017601/p
Hogar,Juego de Cocina Navideño|2 Piezas,149.00 USD (x1),299.00 USD (x1),https://www.elmachetazo.com/juego-de-cocina-navideno2-piezas-11017603/p
Hogar,Juego de Cocina Navideño|2 Piezas,149.00 USD (x1),299.00 USD (x1),https://www.elmachetazo.com/juego-de-cocina-navideno2-piezas-11017604/p
Hogar,Arbolito LED Transparente |19x19x43cm,3999.00 USD (x1),3999.00 USD (x1),https://www.elmachetazo.com/arbol-led-transparante19x19x43cm-11017633/p
Hogar,Lámpara LED Turquesa|110V|194cm,8999.00 USD (x1),11999.00 USD (x1),https://www.elmachetazo.com/lampara-led-turquesa110v194cm-11017638/p
Hogar,Nacimiento Navideño|7 Piezas|12.7cm,1299.00 USD (x1),1699.00 USD (x1),https://www.elmachetazo.com/nacimiento-navideno7-piezas127cm-10976077/p
Hogar,Nacimiento Navideño|7 Piezas|15.24cm,1299.00 USD (x1),1999.00 USD (x1),https://www.elmachetazo.com/nacimiento-navideno7-piezas1524cm-10976079/p
Hogar,Nacimiento Navideño|9 Piezas|3.8cm,499.00 USD (x1),699.00 USD (x1),https://www.elmachetazo.com/nacimiento-navideno9-piezas38cm-10976080/p
Hogar,Porta Plato Rojo|33x33x2cm,249.00 USD (x1),249.00 USD (x1),https://www.elmachetazo.com/porta-plato-rojo33x33x2cm-11017629/p
Hogar,Cesto de Basura Rimax|50L,1699.00 USD (x1),1699.00 USD (x1),https://www.elmachetazo.com/cesto-de-basura-rimax-50l-10799739-machetazo/p
Hogar,Organizador Rimax|3 Niveles,1299.00 USD (x1),1299.00 USD (x1),https://www.elmachetazo.com/organizador-rimax3-niveles-10961895/p
Hogar,Portarrollos Triple Rimax|Blanco,599.00 USD (x1),599.00 USD (x1),https://www.elmachetazo.com/portarrollos-triple-rimaxblanco-10921816/p
Hogar,Carrito para Compras|Surtido,599.00 USD (x1),1299.00 USD (x1),https://www.elmachetazo.com/carrito-para-comprassurtido-10877298/p
Hogar,Silla Plástica Samba|Blanca,799.00 USD (x1),999.00 USD (x1),https://www.elmachetazo.com/silla-plastica-samba-blanca-10885403-machetazo/p
Hogar,Cesta para Ropa Rimax|Blanca,799.00 USD (x1),799.00 USD (x1),https://www.elmachetazo.com/cesta-para-ropa-rimax-blanca-10798552-machetazo/p
Hogar,Papelera 3 Galones|Transparente,399.00 USD (x1),399.00 USD (x1),https://www.elmachetazo.com/papelera-3-galonestransparente-10552778/p
Hogar,Caja de Almacenamiento Sterilite|28L,999.00 USD (x1),999.00 USD (x1),https://www.elmachetazo.com/caja-de-almacenamiento-sterilite28l-10231589/p
Hogar,Set de 3 Bowl Plástico Sterilite|Azul|20 oz,199.00 USD (x1),199.00 USD (x1),https://www.elmachetazo.com/set-de-3-bowl-plastico-steriliteazul20-oz-10944859/p
Hogar,Cesto de Basura Sterilite|25L,1099.00 USD (x1),1099.00 USD (x1),https://www.elmachetazo.com/cesto-de-basura-sterilite25l-10529118/p
Hogar,Papelera Sterilite |28L,1099.00 USD (x1),1099.00 USD (x1),https://www.elmachetazo.com/papelera-sterilite-28-litros-10421490/p
Hogar,Bowl Plástico Sterilite|5.7L,199.00 USD (x1),199.00 USD (x1),https://www.elmachetazo.com/bowl-plastico-sterilite-57l-10944856-machetazo/p
Hogar,Corona Candelabro de Adviento|31x30cm,1799.00 USD (x1),1799.00 USD (x1),https://www.elmachetazo.com/corona-candelabro-de-adviento31x30cm-11011517/p
Hogar,Porta Vela Natural|Rojo|16x16x9cm,999.00 USD (x1),999.00 USD (x1),https://www.elmachetazo.com/porta-vela-naturalrojo16x16x9cm-11011518/p
Hogar,Corona Candelabro|Chocolate,1799.00 USD (x1),1799.00 USD (x1),https://www.elmachetazo.com/corona-candelabrochocolate-11011519/p
Hogar,Ramo Decorativo|Chocolate|5x50x110cm,999.00 USD (x1),999.00 USD (x1),https://www.elmachetazo.com/ramo-decorativochocolate5x50x110cm-11011520/p
Hogar,Rama de Pino Decorativa|62x20x4cm,399.00 USD (x1),399.00 USD (x1),https://www.elmachetazo.com/rama-de-pino-decorativa62x20x4cm-11011523/p
Hogar,Rama de Pino Decorativa|Chocolate|60cm,199.00 USD (x1),199.00 USD (x1),https://www.elmachetazo.com/rama-de-pino-decorativachocolate60cm-11011525/p
Hogar,Corona Decorativa con Pinos|46cm,899.00 USD (x1),899.00 USD (x1),https://www.elmachetazo.com/corona-decorativa-con-pinos-46cm-11011526-machetazo/p
Hogar,Cascanueces Figura 30 cm|Surtido,1099.00 USD (x1),1099.00 USD (x1),https://www.elmachetazo.com/cascanueces-30cm-11011527/p
Hogar,Cascanueces Figura 61 cm|Surtido,3999.00 USD (x1),3999.00 USD (x1),https://www.elmachetazo.com/cascanueces3-piezas61cm-11011529/p
Hogar,Gavetero Plástico|4 niveles,6999.00 USD (x1),6999.00 USD (x1),https://www.elmachetazo.com/gavetero-plastico4-niveles-11011239/p
Hogar,Gavetero Plástico Raymi|4 Niveles,4999.00 USD (x1),4999.00 USD (x1),https://www.elmachetazo.com/gavetero-plastico-raymi4-niveles-11011240/p
Hogar,Cascanueces Figura 38 cm|Surtido,1299.00 USD (x1),1699.00 USD (x1),https://www.elmachetazo.com/cascanueces-38cm-11011528/p
Hogar,Cascanueces Blanco|10x7.9x38cm,999.00 USD (x1),1699.00 USD (x1),https://www.elmachetazo.com/cascanueces-blanco10x79x38cm-11011531/p
Hogar,Porta Vela a Batería Verde|10.7x9.2x46cm,699.00 USD (x1),699.00 USD (x1),https://www.elmachetazo.com/porta-vela-a-bateria-verde107x92x46cm-11011533/p
Hogar,Porta Vela a Batería Rojo|10.7x9.2x38cm,599.00 USD (x1),599.00 USD (x1),https://www.elmachetazo.com/porta-vela-a-bateria-rojo107x92x38cm-11011534/p
Hogar,Linternas Navideñas|2 Piezas|28x28x45cm,4999.00 USD (x1),8499.00 USD (x1),https://www.elmachetazo.com/linternas-navidenas2-piezas28x28x45cm-11011538/p
Hogar,Base para Árbol Navideño |35x35x23cm,2999.00 USD (x1),2999.00 USD (x1),https://www.elmachetazo.com/base-para-arbolito-navideno35x35x23cm-11011539/p
Hogar,Decoración Sagrada Familia|9.6x6.2x7.4cm,399.00 USD (x1),399.00 USD (x1),https://www.elmachetazo.com/decoracion-sagrada-familia96x62x74cm-11011541/p
Hogar,Jabonera Plástica|300ml,49.00 USD (x1),49.00 USD (x1),https://www.elmachetazo.com/jabonera-plastica300ml-11000744/p
Hogar,Escurridor de Vasos|Rojo,199.00 USD (x1),199.00 USD (x1),https://www.elmachetazo.com/escurridor-de-vasos-rojo-10993485/p
Hogar,"Maleta de Viaje Negra|24""",2499.00 USD (x1),3699.00 USD (x1),https://www.elmachetazo.com/maleta-de-viaje-negra24-11007256/p
Hogar,"Maleta de Viaje Negro|28""",2999.00 USD (x1),3999.00 USD (x1),https://www.elmachetazo.com/maleta-de-viaje-negro28-11007255/p
Hogar,Tapa Plana Umco para Olla No.30,499.00 USD (x1),499.00 USD (x1),https://www.elmachetazo.com/tapa-plana-umco-para-olla-no-30-10397621/p
Hogar,Tapa Plana Umco para Olla No.40,899.00 USD (x1),899.00 USD (x1),https://www.elmachetazo.com/tapa-plana-umco-para-olla-no-40-10397627/p
Hogar,Juego de Vajilla|Azul|16 Piezas,699.00 USD (x1),1499.00 USD (x1),https://www.elmachetazo.com/juego-de-vajillaazul16-piezas-11012211/p
Hogar,Juego de Vajilla|20 Piezas,699.00 USD (x1),1699.00 USD (x1),https://www.elmachetazo.com/juego-de-vajilla20-piezas-11012212/p
Hogar,Olla Ovalada de Aluminio Umco|26cm,1299.00 USD (x1),1299.00 USD (x1),https://www.elmachetazo.com/olla-ovalada-de-aluminio-umco26cm-10105728/p
Hogar,Tapa Plana Umco para Olla No.34,699.00 USD (x1),699.00 USD (x1),https://www.elmachetazo.com/tapa-plana-umco-para-olla-no34-10397623/p
Hogar,Tapa Plana Umco para Olla No.36,799.00 USD (x1),799.00 USD (x1),https://www.elmachetazo.com/tapa-plana-umco-para-olla-no36-10397625/p
Hogar,Vasos de Vidrio|6 Piezas,199.00 USD (x1),399.00 USD (x1),https://www.elmachetazo.com/vasos-de-vidrio6-piezas-11008499/p
Hogar,Vasos de Vidrio|6 Piezas,199.00 USD (x1),399.00 USD (x1),https://www.elmachetazo.com/vasos-de-vidrio6-piezas-11008502/p
Hogar,Vasos de Vidrio|6 Piezas,199.00 USD (x1),399.00 USD (x1),https://www.elmachetazo.com/vasos-de-vidrio6-piezas-11008503/p
Hogar,Juego de Comedor Chocolate|5 Piezas,6999.00 USD (x1),9999.00 USD (x1),https://www.elmachetazo.com/juego-de-comedor-chocolate-5-piezas-11011144/p
Hogar,Juego de Comedor|Crema|5 Piezas,6999.00 USD (x1),9999.00 USD (x1),https://www.elmachetazo.com/juego-de-comedorcrema5-piezas-11011143/p
Hogar,Sofá Reversible|Azul,24999.00 USD (x1),39999.00 USD (x1),https://www.elmachetazo.com/sofa-reversibleazul-10967213/p
Hogar,Tapa Plana Umco para Olla No.20,229.00 USD (x1),229.00 USD (x1),https://www.elmachetazo.com/tapa-plana-umco-para-olla-no20-10397615/p
Hogar,Olla con Tapa y Colador|4 qt,1499.00 USD (x1),2499.00 USD (x1),https://www.elmachetazo.com/olla-con-tapa-y-colador4-qt-10862841/p
Hogar,Juego de Ollas|7 Piezas|Rojo,1699.00 USD (x1),2899.00 USD (x1),https://www.elmachetazo.com/juego-de-ollas7-piezasrojo-10905480/p
Hogar,Olla Ovalada de Aluminio Umco|16cm,599.00 USD (x1),599.00 USD (x1),https://www.elmachetazo.com/olla-ovalada-de-aluminio-umco16cm-10105731/p
Hogar,Olla Ovalada de Aluminio Umco|18cm,799.00 USD (x1),799.00 USD (x1),https://www.elmachetazo.com/olla-ovalada-de-aluminio-umco-18cm-10105732-machetazo/p
Hogar,Olla Ovalada de Aluminio Umco|20cm,899.00 USD (x1),899.00 USD (x1),https://www.elmachetazo.com/olla-ovalada-de-aluminio-umco20cm-10105733/p
Hogar,Olla Ovalada de Aluminio Umco|22cm,1099.00 USD (x1),1099.00 USD (x1),https://www.elmachetazo.com/olla-ovalada-de-aluminio-umco22cm-10105734/p
Hogar,Olla Ovalada de Aluminio Umco|24cm,1199.00 USD (x1),1199.00 USD (x1),https://www.elmachetazo.com/olla-ovalada-de-aluminio-umco-24cm-10105735-machetazo/p
Hogar,Olla de Aluminio Umco con Tapa|16cm,449.00 USD (x1),449.00 USD (x1),https://www.elmachetazo.com/olla-de-aluminio-umco-con-tapa-16cm-10105736/p
Hogar,Olla de Aluminio Umco con Tapa|18cm,549.00 USD (x1),549.00 USD (x1),https://www.elmachetazo.com/olla-de-aluminio-umco-con-tapa18cm-10106559/p
Hogar,Sartén Milano con Tapa de Vidrio|20cm,999.00 USD (x1),999.00 USD (x1),https://www.elmachetazo.com/sarten-milano-con-tapa-de-vidrio20cm-10107407/p
Hogar,"Maleta de Viaje Negra con Ruedas|28""",2999.00 USD (x1),3999.00 USD (x1),https://www.elmachetazo.com/maleta-de-viaje-negra-con-ruedas28-11007264/p
Hogar,"Maleta de Viaje Negra con Ruedas|24""",2499.00 USD (x1),3699.00 USD (x1),https://www.elmachetazo.com/maleta-de-viaje-negra-con-ruedas24-11007259/p
Hogar,"Esferas Navideñas Inflable|3.5""",4499.00 USD (x1),6499.00 USD (x1),https://www.elmachetazo.com/esferas-navidenas-inflable35-10998646/p
Hogar,"Santa con Regalo Inflable|6""",3499.00 USD (x1),4999.00 USD (x1),https://www.elmachetazo.com/santa-con-regalo-inflable6-10998648/p
Hogar,"Santa Inflable|8""",5499.00 USD (x1),5499.00 USD (x1),https://www.elmachetazo.com/santa-inflable8-10998649/p
Hogar,"Muñeco de Nieve Inflable de Ventana|3""",1999.00 USD (x1),2499.00 USD (x1),https://www.elmachetazo.com/muneco-de-nieve-inflable-de-ventana3-10998630/p
Hogar,"Duende Navideño Inflable de Ventana|3""",1999.00 USD (x1),2499.00 USD (x1),https://www.elmachetazo.com/duende-navideno-inflable-de-ventana3-10998631/p
Hogar,"Santa Inflable de Ventana|3""",1999.00 USD (x1),2499.00 USD (x1),https://www.elmachetazo.com/santa-inflable-de-ventana3-10998632/p
Hogar,"Venado Inflable de Ventana|3""",1999.00 USD (x1),2499.00 USD (x1),https://www.elmachetazo.com/venado-inflable-de-ventana3-10998633/p
Hogar,"Muñeco de Nieve Redondo Inflable|3""",1999.00 USD (x1),2699.00 USD (x1),https://www.elmachetazo.com/muneco-de-nieve-redondo-inflable3-10998634/p
Hogar,"Santa Redondo Inflable|3""",1999.00 USD (x1),2699.00 USD (x1),https://www.elmachetazo.com/santa-redondo-inflable3-10998635/p
Hogar,"Santa y Muñeco de Nieve Inflable Doble|6""",2499.00 USD (x1),3999.00 USD (x1),https://www.elmachetazo.com/santa-y-muneco-de-nieve-inflable-doble6-10998637/p
Hogar,"Pastillas de Menta Inflable|5""",2999.00 USD (x1),3999.00 USD (x1),https://www.elmachetazo.com/pastillas-de-menta-inflable5-10998638/p
Hogar,"Bastones de Menta Inflable|6""",4499.00 USD (x1),6499.00 USD (x1),https://www.elmachetazo.com/bastones-de-menta-inflable6-10998639/p
Hogar,"Pingüino Inflable|4""",1999.00 USD (x1),2499.00 USD (x1),https://www.elmachetazo.com/pingino-inflable4-10998641/p
Hogar,"Hombre de Nieve Inflable|4""",1999.00 USD (x1),2499.00 USD (x1),https://www.elmachetazo.com/hombre-de-nieve-inflable4-10998643/p
Hogar,"Gnomo Navideño Inflable|4""",1999.00 USD (x1),2499.00 USD (x1),https://www.elmachetazo.com/gnomo-navideno-inflable4-10998645/p
Hogar,Cucharón con Ranuras Oster,249.00 USD (x1),249.00 USD (x1),https://www.elmachetazo.com/cucharon-con-ranuras-oster-11005692/p
Hogar,Espátula de Nylon con Ranuras Oster,249.00 USD (x1),249.00 USD (x1),https://www.elmachetazo.com/espatula-de-nylon-con-ranuras-oster-11005691/p
Hogar,Juego de Cuchillos Oster|4 Piezas,1199.00 USD (x1),1199.00 USD (x1),https://www.elmachetazo.com/juego-de-cuchillos-oster4-piezas-11005711/p
Hogar,Wok Antiadherente Oster|4.1 qt,1499.00 USD (x1),1499.00 USD (x1),https://www.elmachetazo.com/wok-antiadherente-oster41-qt-10923136/p
Hogar,Juego de Ollas Oster|10 Piezas,5999.00 USD (x1),5999.00 USD (x1),https://www.elmachetazo.com/juego-de-ollas-oster10-piezas-11005695/p
Hogar,Sartén con Tapa Oster|Antiadherente,1699.00 USD (x1),1699.00 USD (x1),https://www.elmachetazo.com/sarten-con-tapa-oster-antiadherente-10923116/p
Hogar,Bubba Vaso Térmico con Carrizo|24 oz,699.00 USD (x1),899.00 USD (x1),https://www.elmachetazo.com/bubba-vaso-termico-con-carrizo24-oz-10997985/p
Hogar,Vasos de Vidrio|440ml|3 Piezas,199.00 USD (x1),399.00 USD (x1),https://www.elmachetazo.com/vasos-de-vidrio440ml3-piezas-11005505/p
Hogar,Vasos de Vidrio|440ml|3 Piezas,199.00 USD (x1),399.00 USD (x1),https://www.elmachetazo.com/vasos-de-vidrio440ml3-piezas-11005507/p
Hogar,Sartén Milano con Cucharón|26cm,1299.00 USD (x1),1299.00 USD (x1),https://www.elmachetazo.com/sarten-milano-con-cucharon26cm-10988660/p
Hogar,Caldero Cuadrado con Tapa de Aluminio|20cm,1699.00 USD (x1),1699.00 USD (x1),https://www.elmachetazo.com/caldero-cuadrado-con-tapa-de-aluminio20cm-10988662/p
Hogar,Caldero Cuadrado con Tapa|30cm,3199.00 USD (x1),3199.00 USD (x1),https://www.elmachetazo.com/caldero-cuadrado-con-tapa30cm-10988665/p
Hogar,Caldero con Tapa de Aluminio|22cm,1699.00 USD (x1),1699.00 USD (x1),https://www.elmachetazo.com/caldero-con-tapa-de-aluminio22cm-10821140/p
Hogar,Accesorios para Baño|Blanco y Dorado|4 Piezas,399.00 USD (x1),699.00 USD (x1),https://www.elmachetazo.com/accesorios-para-banoblanco-y-dorado4-piezas-11005918/p
Hogar,Accesorios para Baño|Chocolate|3 Piezas,399.00 USD (x1),699.00 USD (x1),https://www.elmachetazo.com/accesorios-para-banochocolate3-piezas-11005920/p
Hogar,Accesorios para Baño|3 Piezas,199.00 USD (x1),499.00 USD (x1),https://www.elmachetazo.com/accesorios-para-bano3-piezas-11005932/p
Hogar,Alfombra de Área|Azul|100X150,699.00 USD (x1),1699.00 USD (x1),https://www.elmachetazo.com/alfombra-de-areaazul100x150-11003484/p
Hogar,Alfombra de Área|Negro|80X120,499.00 USD (x1),1499.00 USD (x1),https://www.elmachetazo.com/alfombra-de-areanegro80x120-11003485/p
Hogar,Organizador para Baño|Blanco|4 Piezas,199.00 USD (x1),399.00 USD (x1),https://www.elmachetazo.com/organizador-para-banoblanco4-piezas-10853427/p
Hogar,Organizador para Baño|Arcoíris|4 Piezas,199.00 USD (x1),399.00 USD (x1),https://www.elmachetazo.com/organizador-para-banoarcoiris4-piezas-10986545/p
Hogar,Accesorios para Baño|Azul|3 Piezas,399.00 USD (x1),699.00 USD (x1),https://www.elmachetazo.com/accesorios-para-banoazul3-piezas-11005922/p
Hogar,Accesorios para Baño|Blanco|4 Piezas,399.00 USD (x1),699.00 USD (x1),https://www.elmachetazo.com/accesorios-para-banoblanco4-piezas-11005925/p
Hogar,Cortina de Sala|Crema|54X90,299.00 USD (x1),699.00 USD (x1),https://www.elmachetazo.com/cortina-de-salacrema54x90-10883846/p
Hogar,Almohada con Aroma de Rosas,499.00 USD (x1),899.00 USD (x1),https://www.elmachetazo.com/almohada-con-aroma-de-rosas-10986312/p
Hogar,Almohada con Infusión|Lavanda|Queen,499.00 USD (x1),899.00 USD (x1),https://www.elmachetazo.com/almohada-con-infusionlavandaqueen-10986315/p
Hogar,Almohada con Infusión|Eucalipto,499.00 USD (x1),899.00 USD (x1),https://www.elmachetazo.com/almohada-con-infusioneucalipto-10986316/p
Hogar,Envases Plásticos|7 Piezas,199.00 USD (x1),499.00 USD (x1),https://www.elmachetazo.com/envases-plasticos7-piezas-11001904/p
Hogar,Sábana Full|4 Piezas|Surtido,599.00 USD (x1),1499.00 USD (x1),https://www.elmachetazo.com/sabana-full4-piezassurtido-11006210/p
Hogar,Protector para Almohada|King,199.00 USD (x1),199.00 USD (x1),https://www.elmachetazo.com/protector-para-almohadaking-11003674/p
Hogar,Protector para Almohada|Standard,149.00 USD (x1),149.00 USD (x1),https://www.elmachetazo.com/protector-para-almohadastandard-11003675/p
Hogar,Sábana Twin|3 Piezas|Surtido,1299.00 USD (x1),1299.00 USD (x1),https://www.elmachetazo.com/sabana-twin3-piezassurtido-11006174/p
Hogar,Sábana Full|4 Piezas|Surtido,1499.00 USD (x1),1499.00 USD (x1),https://www.elmachetazo.com/sabana-full4-piezassurtido-11006176/p
Hogar,Sábana King|4 Piezas|Surtido,1999.00 USD (x1),1999.00 USD (x1),https://www.elmachetazo.com/sabana-king4-piezassurtido-11006178/p
Hogar,Sábana Twin|3 Piezas|Surtido,499.00 USD (x1),1299.00 USD (x1),https://www.elmachetazo.com/sabana-twin3-piezassurtido-11006209/p
Hogar,Sábana Twin|3 Piezas|Surtido,999.00 USD (x1),999.00 USD (x1),https://www.elmachetazo.com/sabana-twin3-piezassurtido-11003662/p
Hogar,Sábana Queen|4 Piezas|Surtido,1499.00 USD (x1),1499.00 USD (x1),https://www.elmachetazo.com/sabana-queen4-piezassurtido-11003664/p
Hogar,Sábana Full|4 Piezas|Surtido,1299.00 USD (x1),1299.00 USD (x1),https://www.elmachetazo.com/sabana-full4-piezassurtido-11003665/p
Hogar,Sábana Full|4 Piezas|Surtido,1299.00 USD (x1),1299.00 USD (x1),https://www.elmachetazo.com/sabana-full4-piezassurtido-11003667/p
Hogar,Sábana Queen|4 Piezas|Surtido,1499.00 USD (x1),1499.00 USD (x1),https://www.elmachetazo.com/sabana-queen4-piezassurtido-11003668/p
Hogar,Sábana Twin|3 Piezas|Surtido,1099.00 USD (x1),1099.00 USD (x1),https://www.elmachetazo.com/sabana-twin3-piezassurtido-11003670/p
Hogar,Sábana Full|4 Piezas|Surtido,1299.00 USD (x1),1299.00 USD (x1),https://www.elmachetazo.com/sabana-full4-piezassurtido-11003671/p
Hogar,Sábana Queen|4 Piezas|Surtido,1499.00 USD (x1),1499.00 USD (x1),https://www.elmachetazo.com/sabana-queen4-piezassurtido-11003672/p
Hogar,Sábana King|4 Piezas|Surtido,1699.00 USD (x1),1699.00 USD (x1),https://www.elmachetazo.com/sabana-king4-piezassurtido-11003673/p
Hogar,Molde para Pan Baker's Secret,299.00 USD (x1),299.00 USD (x1),https://www.elmachetazo.com/molde-para-pan-bakers-secret-10960526/p
Hogar,Molde para Cupcakes Baker's Secret|12 Porciones,599.00 USD (x1),599.00 USD (x1),https://www.elmachetazo.com/molde-para-cupcakes-bakers-secret12-porciones-10960533/p
Hogar,Bandeja para Asar Backer's Secret,1299.00 USD (x1),1299.00 USD (x1),https://www.elmachetazo.com/bandeja-para-asar-backers-secret-10960555/p
Hogar,Juego de Cuchillo|2 Piezas,599.00 USD (x1),599.00 USD (x1),https://www.elmachetazo.com/juego-de-cuchillo2-piezas-10862867/p
Hogar,Juego de Cuchillo Santoku|2 Piezas,699.00 USD (x1),699.00 USD (x1),https://www.elmachetazo.com/juego-de-cuchillo-santoku2-piezas-10539422/p
Hogar,Hacha con Mango de Madera,499.00 USD (x1),499.00 USD (x1),https://www.elmachetazo.com/hacha-con-mango-de-madera-10539041/p
Hogar,Sartén Paladium|26cm,1899.00 USD (x1),1899.00 USD (x1),https://www.elmachetazo.com/sarten-paladium-26-cm-10107410-machetazo/p
Hogar,Sartén Paladium|20cm,1399.00 USD (x1),1399.00 USD (x1),https://www.elmachetazo.com/sarten-paladium-20-cm-10095020-machetazo/p
Hogar,Sarten Milano|16 Cm,799.00 USD (x1),799.00 USD (x1),https://www.elmachetazo.com/sarten-milano-16-cm-10988657-machetazo/p
Hogar,Sartén Práctico|24cm,899.00 USD (x1),899.00 USD (x1),https://www.elmachetazo.com/sarten-practico-24-cm-10107406-machetazo/p
Hogar,Sartén Milano con Tapa de Vidrio|28cm,1699.00 USD (x1),1699.00 USD (x1),https://www.elmachetazo.com/sarten-milano-con-tapa-de-vidrio-28-cm-10988667-machetazo/p
Hogar,Sartén Milano|20cm,999.00 USD (x1),999.00 USD (x1),https://www.elmachetazo.com/sarten-milano-20-cm-10988658-machetazo/p
Hogar,Sartén Milano|24cm,1099.00 USD (x1),1099.00 USD (x1),https://www.elmachetazo.com/sarten-milano-24-cm-10988659-machetazo/p
Hogar,Sartén Freidora,1099.00 USD (x1),1099.00 USD (x1),https://www.elmachetazo.com/sarten-freidora-10367363-machetazo/p
Hogar,Jarra Chocolatera|2L,899.00 USD (x1),899.00 USD (x1),https://www.elmachetazo.com/jarra-chocolatera-2-litros-10814137-machetazo/p
Hogar,Cucharón,649.00 USD (x1),649.00 USD (x1),https://www.elmachetazo.com/cucharon-10106563-machetazo/p
Hogar,Sartén New Paladium Gourmet|28cm,2799.00 USD (x1),2799.00 USD (x1),https://www.elmachetazo.com/sarten-new-paladium-gourmet-28-cm-10837862-machetazo/p
Hogar,Juego de Cuchillos|4 Piezas,149.00 USD (x1),149.00 USD (x1),https://www.elmachetazo.com/juego-de-cuchillos4-piezas-10539131/p
Hogar,Vajilla|16 Piezas,2399.00 USD (x1),2399.00 USD (x1),https://www.elmachetazo.com/vajilla-16-piezas-10592478-machetazo/p
Hogar,Juego de Ollas|7 Piezas,1499.00 USD (x1),2299.00 USD (x1),https://www.elmachetazo.com/juego-de-ollas7-piezas-10968593/p
Hogar,Set de Sarten y Plancha|2 Piezas,699.00 USD (x1),999.00 USD (x1),https://www.elmachetazo.com/set-de-sarten-y-plancha2-piezas-10667020/p
Hogar,Set de Cuchillo|4 Piezas,699.00 USD (x1),699.00 USD (x1),https://www.elmachetazo.com/set-de-cuchillo4-piezas-10770921/p
Hogar,Set de Ollas|8 Piezas,2999.00 USD (x1),3999.00 USD (x1),https://www.elmachetazo.com/set-de-ollas8-piezas-10905483/p
Hogar,"Cuchillo Carnicero Oster|7""",599.00 USD (x1),599.00 USD (x1),https://www.elmachetazo.com/cuchillo-carnicero-oster-7-pulgadas-10879891/p
Hogar,Termo|23 oz,1099.00 USD (x1),1099.00 USD (x1),https://www.elmachetazo.com/termo23-oz-10899504/p
Hogar,Set de Cubiertos|20 Piezas,1299.00 USD (x1),2199.00 USD (x1),https://www.elmachetazo.com/set-de-cubiertos20-piezas-10951405/p
Hogar,Cucharas|6 Piezas,199.00 USD (x1),199.00 USD (x1),https://www.elmachetazo.com/cucharas6-piezas-10830078/p
Hogar,Cuchara de Nylon,249.00 USD (x1),249.00 USD (x1),https://www.elmachetazo.com/cuchara-de-nylon-10923122/p
Hogar,Papel Decorativo Adhesivo,169.00 USD (x1),169.00 USD (x1),https://www.elmachetazo.com/papel-decorativo-adhesivo-10774865/p
Hogar,Papel Decorativo Adhesivo,169.00 USD (x1),169.00 USD (x1),https://www.elmachetazo.com/papel-decorativo-adhesivo-10744302/p
Hogar,Papel Decorativo Adhesivo,169.00 USD (x1),169.00 USD (x1),https://www.elmachetazo.com/papel-decorativo-adhesivo-10907912/p
Hogar,Papel Decorativo Adhesivo,169.00 USD (x1),169.00 USD (x1),https://www.elmachetazo.com/papel-decorativo-adhesivo-10940981/p
Hogar,Canasta para Ropa,279.00 USD (x1),279.00 USD (x1),https://www.elmachetazo.com/canasta-para-ropa-10809238/p
Hogar,Set de Ganchos para Ropa|5 Piezas,299.00 USD (x1),299.00 USD (x1),https://www.elmachetazo.com/set-de-ganchos-para-ropa5-piezas-10760016/p
Hogar,Envase para Alimento|1500 ml,699.00 USD (x1),699.00 USD (x1),https://www.elmachetazo.com/envase-para-alimento1500-ml-10804444/p
Hogar,Envase para Alimento|630 ml,299.00 USD (x1),299.00 USD (x1),https://www.elmachetazo.com/envase-para-alimento630-ml-10768510/p
Hogar,Cojín Decorativo,399.00 USD (x1),399.00 USD (x1),https://www.elmachetazo.com/cojin-decorativo-10978994/p
Hogar,Cojín Decorativo,399.00 USD (x1),399.00 USD (x1),https://www.elmachetazo.com/cojin-decorativo-10978987/p
Hogar,Cojín Decorativo,299.00 USD (x1),299.00 USD (x1),https://www.elmachetazo.com/cojin-decorativo-10978988/p
Hogar,Cojín Decorativo,399.00 USD (x1),399.00 USD (x1),https://www.elmachetazo.com/cojin-decorativo-10978995/p
Hogar,Cojín Decorativo,299.00 USD (x1),299.00 USD (x1),https://www.elmachetazo.com/cojin-decorativo-10978997/p
Hogar,Cojín Decorativo,399.00 USD (x1),399.00 USD (x1),https://www.elmachetazo.com/cojin-decorativo-10978998/p
Hogar,Toalla de Mano|Rosa Claro,149.00 USD (x1),149.00 USD (x1),https://www.elmachetazo.com/toalla-de-manorosa-claro-10861617/p
Hogar,Toalla de Mano|Azul Electrico,149.00 USD (x1),149.00 USD (x1),https://www.elmachetazo.com/toalla-de-manoazul-electrico-10754170/p
Hogar,Toalla de Mano|Coral,149.00 USD (x1),149.00 USD (x1),https://www.elmachetazo.com/toalla-de-manocoral-10754166/p
Hogar,Toalla de Mano|Taupe,149.00 USD (x1),149.00 USD (x1),https://www.elmachetazo.com/toalla-de-manotaupe-10754165/p
Hogar,Toalla de Mano|Rosado,149.00 USD (x1),149.00 USD (x1),https://www.elmachetazo.com/toalla-de-manorosado-10798866/p
Hogar,Toalla de Mano|Turquesa,149.00 USD (x1),149.00 USD (x1),https://www.elmachetazo.com/toalla-de-mano-turquesa-10754172/p
Hogar,Toalla de Baño|Aqua,499.00 USD (x1),499.00 USD (x1),https://www.elmachetazo.com/toalla-de-banoaqua-10798865/p
Hogar,Toalla de Baño|Crema,499.00 USD (x1),499.00 USD (x1),https://www.elmachetazo.com/toalla-de-banocrema-10754150/p
Hogar,Toalla de Baño|Roja,499.00 USD (x1),499.00 USD (x1),https://www.elmachetazo.com/toalla-de-banoroja-10754158/p
Hogar,Toalla de Baño|Coral,499.00 USD (x1),499.00 USD (x1),https://www.elmachetazo.com/toalla-de-banocoral-10754154/p
Hogar,Toalla de Baño|Azul Electrico,499.00 USD (x1),499.00 USD (x1),https://www.elmachetazo.com/toalla-de-banoazul-electrico-10754160/p
Hogar,Toalla de Baño|Rojo Vino,499.00 USD (x1),499.00 USD (x1),https://www.elmachetazo.com/toalla-de-banorojo-vino-10861613/p
Hogar,Toalla de Baño|Rosado,499.00 USD (x1),499.00 USD (x1),https://www.elmachetazo.com/toalla-de-banorosado-10798864/p
Hogar,Toalla de Baño|Gris Claro,499.00 USD (x1),499.00 USD (x1),https://www.elmachetazo.com/toalla-de-banogris-claro-10865776/p
Hogar,Toalla de Baño|Crema,899.00 USD (x1),899.00 USD (x1),https://www.elmachetazo.com/toalla-de-banocrema-10865779/p
Hogar,Toalla de Baño|Blanco,899.00 USD (x1),899.00 USD (x1),https://www.elmachetazo.com/toalla-de-banoblanco-10865778/p
Hogar,Cubos Blancos|3 Piezas,1699.00 USD (x1),1699.00 USD (x1),https://www.elmachetazo.com/cubos-blancos3-piezas-10905343/p
Hogar,Cubos Negros|3 Piezas,1299.00 USD (x1),1699.00 USD (x1),https://www.elmachetazo.com/cubos-negros3-piezas-10905344/p
Hogar,Soporte Repisa Colonial Negro|20 cm,249.00 USD (x1),249.00 USD (x1),https://www.elmachetazo.com/soporte-repisa-colonial-negro20-cm-10905374/p
Hogar,"Maleta de Viaje|24""",3999.00 USD (x1),3999.00 USD (x1),https://www.elmachetazo.com/maleta-de-viaje24-10969733/p
Hogar,"Maleta de Viaje|12""",1699.00 USD (x1),1699.00 USD (x1),https://www.elmachetazo.com/maleta-de-viaje12-10969724/p
Hogar,"Maleta de Viaje|24""",3499.00 USD (x1),3499.00 USD (x1),https://www.elmachetazo.com/maleta-de-viaje24-10969726/p
Hogar,Juego de Sabanas Gris|Twin|4 Piezas,999.00 USD (x1),999.00 USD (x1),https://www.elmachetazo.com/juego-de-sabanas-gristwin4-piezas-10982077/p
Hogar,Repisa Recorte de Vidrio Petro,999.00 USD (x1),999.00 USD (x1),https://www.elmachetazo.com/repisa-recorte-de-vidrio-petro-10648202/p
Hogar,Repisa Recorte Tendenza|Corta,2495.00 USD (x1),2495.00 USD (x1),https://www.elmachetazo.com/repisa-recorte-tendenzacorta-10648217/p
Hogar,Almohada Micro|Cool Touch S,399.00 USD (x1),399.00 USD (x1),https://www.elmachetazo.com/almohada-microcool-touch-s-10748058/p
Hogar,Almohada Micro|Embossed Firm Sleep Q,599.00 USD (x1),599.00 USD (x1),https://www.elmachetazo.com/almohada-microembossed-firm-sleep-q-10834722/p
Hogar,Almohada Micro|Estampada T Comfort S,499.00 USD (x1),499.00 USD (x1),https://www.elmachetazo.com/almohada-microestampada-t-comfort-s-10834723/p
Hogar,Almohada Color Mix|Estandar,399.00 USD (x1),399.00 USD (x1),https://www.elmachetazo.com/almohada-color-mixestandar-10870362/p
Hogar,"Maleta de Viaje Verde Tornasol|28""",4999.00 USD (x1),4999.00 USD (x1),https://www.elmachetazo.com/maleta-de-viaje-verde-tornasol28-10969716/p
Hogar,"Maleta de Viaje Roja|24""",4799.00 USD (x1),4799.00 USD (x1),https://www.elmachetazo.com/maleta-de-viaje-roja24-10984840/p
Hogar,"Maleta de Viaje Turquesa|24""",4999.00 USD (x1),4999.00 USD (x1),https://www.elmachetazo.com/maleta-de-viaje-turquesa24-10984843/p
Hogar,"Maleta de Viaje Turquesa|28""",5999.00 USD (x1),5999.00 USD (x1),https://www.elmachetazo.com/maleta-de-viaje-turquesa28-10984844/p
Hogar,Candelabro de Madera|Chico,999.00 USD (x1),999.00 USD (x1),https://www.elmachetazo.com/candelabro-de-maderachico-10933533/p
Hogar,Candelabro con Luz|Grande,1199.00 USD (x1),1199.00 USD (x1),https://www.elmachetazo.com/candelabro-con-luzgrande-10950279/p
Hogar,Florero Decorativo,1499.00 USD (x1),1499.00 USD (x1),https://www.elmachetazo.com/florero-decorativo-10975673/p
Hogar,Adorno Decorativo Welcome,799.00 USD (x1),799.00 USD (x1),https://www.elmachetazo.com/adorno-decorativo-welcome-10966803/p
Hogar,Cuadro Decorativo Playero,199.00 USD (x1),499.00 USD (x1),https://www.elmachetazo.com/cuadro-decorativo-playero-10965191-machetazo/p
Hogar,Figura Decorativa Dama Morena,1249.00 USD (x1),2499.00 USD (x1),https://www.elmachetazo.com/figura-decorativa-dama-morena-10981680/p
Hogar,Figura Decorativa Toro|Blanco y Negro,849.00 USD (x1),1699.00 USD (x1),https://www.elmachetazo.com/figura-decorativa-toroblanco-y-negro-10981666/p
Hogar,Figura Decorativa Yoga|Dorado,449.00 USD (x1),899.00 USD (x1),https://www.elmachetazo.com/figura-decorativa-yogadorado-10975709/p
Hogar,Figura Decorativa Yoga|Dorado,449.00 USD (x1),899.00 USD (x1),https://www.elmachetazo.com/figura-decorativa-yogadorado-10975710/p
Hogar,Figura Decorativa Busto,549.00 USD (x1),1099.00 USD (x1),https://www.elmachetazo.com/figura-decorativa-busto-10975658/p
Hogar,Florero Dorado,449.00 USD (x1),899.00 USD (x1),https://www.elmachetazo.com/florero-dorado-10975671/p
Hogar,Figura Decorativa,749.00 USD (x1),1499.00 USD (x1),https://www.elmachetazo.com/figura-decorativa-10975655/p
Hogar,Portavelas Negro,999.00 USD (x1),999.00 USD (x1),https://www.elmachetazo.com/portavelas-negro-10975708/p
Hogar,Florero Verde,499.00 USD (x1),499.00 USD (x1),https://www.elmachetazo.com/florero-verde-10975633/p
Hogar,Gancho de Metal Blanco|10 Piezas,99.00 USD (x1),99.00 USD (x1),https://www.elmachetazo.com/gancho-de-metal-blanco10-piezas-10852504/p
Hogar,Gancho de Metal Plateado|10 Piezas,99.00 USD (x1),99.00 USD (x1),https://www.elmachetazo.com/gancho-de-metal-plateado10-piezas-10852505/p
Hogar,Cortina de Sala|Marrón Claro,599.00 USD (x1),599.00 USD (x1),https://www.elmachetazo.com/cortina-de-salamarron-claro-10956351/p
Hogar,Cortina de Sala|Rojo Vino,599.00 USD (x1),599.00 USD (x1),https://www.elmachetazo.com/cortina-de-salarojo-vino-10956355/p
Hogar,Envase para Alimento|5 Piezas,799.00 USD (x1),1499.00 USD (x1),https://www.elmachetazo.com/envase-para-alimento5-piezas-10887870/p
Hogar,Envase para Alimento|6 Piezas,1299.00 USD (x1),1999.00 USD (x1),https://www.elmachetazo.com/envase-para-alimento6-piezas-10887714/p
Hogar,Envase para Alimento|6 Piezas,799.00 USD (x1),1499.00 USD (x1),https://www.elmachetazo.com/envase-para-alimento6-piezas-10959902/p
Hogar,Botella de Agua|32 oz,499.00 USD (x1),499.00 USD (x1),https://www.elmachetazo.com/botella-de-agua32-oz-10965260/p
Hogar,Cojín Estampado|Chocolate,299.00 USD (x1),699.00 USD (x1),https://www.elmachetazo.com/cojin-estampadochocolate-10975728/p
Hogar,Cojín Estampado|Blanco y Negro,299.00 USD (x1),599.00 USD (x1),https://www.elmachetazo.com/cojin-estampadoblanco-y-negro-10975718/p
Hogar,Molde para Hornear|Circular,299.00 USD (x1),299.00 USD (x1),https://www.elmachetazo.com/molde-para-hornearcircular-10960528/p
Hogar,Toalla de Playa,899.00 USD (x1),1199.00 USD (x1),https://www.elmachetazo.com/toalla-de-playa-10897188/p
Hogar,Envase para Alimento,149.00 USD (x1),149.00 USD (x1),https://www.elmachetazo.com/envase-para-alimento-10806415/p
Hogar,Cortina de Sala|Celeste,299.00 USD (x1),299.00 USD (x1),https://www.elmachetazo.com/cortina-de-salaceleste-10897513/p
Hogar,Petate|Surtido,299.00 USD (x1),299.00 USD (x1),https://www.elmachetazo.com/petatesurtido-10947684/p
Hogar,Set de Contenedores de Comida,499.00 USD (x1),499.00 USD (x1),https://www.elmachetazo.com/set-de-contenedores-de-comida-10965569-machetazo/p
Hogar,Cortina Blackout|Estampado Naranja,699.00 USD (x1),699.00 USD (x1),https://www.elmachetazo.com/cortina-blackoutestampado-naranja-10979714/p
Hogar,Cortina Blackout|Estampado Rojo,699.00 USD (x1),699.00 USD (x1),https://www.elmachetazo.com/cortina-blackoutestampado-rojo-10979713/p
Hogar,Cortina de Sala|Gris,499.00 USD (x1),799.00 USD (x1),https://www.elmachetazo.com/cortina-de-salagris-10942971/p
Hogar,Botella de Agua|3.78 L,699.00 USD (x1),699.00 USD (x1),https://www.elmachetazo.com/botella-de-agua378-l-10965294/p
Hogar,Cortina de Sala|Rosa,499.00 USD (x1),799.00 USD (x1),https://www.elmachetazo.com/cortina-de-salarosa-10965728/p
Hogar,Cortina de Sala|Beige,299.00 USD (x1),299.00 USD (x1),https://www.elmachetazo.com/cortina-de-salabeige-10884023/p
Hogar,Cortina de Sala|Beige,299.00 USD (x1),299.00 USD (x1),https://www.elmachetazo.com/cortina-de-salabeige-10943022/p
Hogar,Cortina de Sala|Turquesa,299.00 USD (x1),299.00 USD (x1),https://www.elmachetazo.com/cortina-de-salaturquesa-10943018/p
Hogar,Cortina de Sala|Rosa,299.00 USD (x1),299.00 USD (x1),https://www.elmachetazo.com/cortina-de-salarosa-10943017/p
Hogar,Cortina de Sala|Celeste,299.00 USD (x1),299.00 USD (x1),https://www.elmachetazo.com/cortina-de-salaceleste-10943023/p
Hogar,Cortina de Sala|Blanca,299.00 USD (x1),299.00 USD (x1),https://www.elmachetazo.com/cortina-de-salablanca-10943019/p
Hogar,Cojines Verde|2 Piezas,999.00 USD (x1),1499.00 USD (x1),https://www.elmachetazo.com/cojines-verde2-piezas-10978342/p
Hogar,Caja Organizadora Sterilite|38L,1299.00 USD (x1),1299.00 USD (x1),https://www.elmachetazo.com/caja-organizadora-sterilite-38l-10231587-machetazo/p
Hogar,Caja Organizadora Sterilite|30L,1099.00 USD (x1),1099.00 USD (x1),https://www.elmachetazo.com/caja-organizadora-sterilite-30l-10603165-machetazo/p
Hogar,Caja Organizadora Sterilite|68L,1699.00 USD (x1),1699.00 USD (x1),https://www.elmachetazo.com/caja-organizadora-68-lt-sterilite-10649479-machetazo/p
Hogar,Caja Organizadora Sterilite|56L,1099.00 USD (x1),1099.00 USD (x1),https://www.elmachetazo.com/caja-organizadora-56l-sterilite-10851313-machetazo/p
Hogar,Gavetero Plástico|3 Cajones,2699.00 USD (x1),2699.00 USD (x1),https://www.elmachetazo.com/gavetero-plastico-3-cajones-10749753-machetazo/p
Hogar,Portarretrato|5 x 7,299.00 USD (x1),299.00 USD (x1),https://www.elmachetazo.com/portarretrato5-x-7-10965204/p
Hogar,Spray de Olor|Merry Wishes,199.00 USD (x1),199.00 USD (x1),https://www.elmachetazo.com/spray-de-olormerry-wishes-10925655/p
Hogar,Difusor Jardín de Bambú|100 ml,399.00 USD (x1),599.00 USD (x1),https://www.elmachetazo.com/difusor-jardin-de-bambu100-ml-10966995/p
Hogar,Difusor Jasmín|100 ml,399.00 USD (x1),599.00 USD (x1),https://www.elmachetazo.com/difusor-jasmin100-ml-10966997/p
Hogar,Difusor Summer Paradise|100 ml,399.00 USD (x1),599.00 USD (x1),https://www.elmachetazo.com/difusor-summer-paradise100-ml-10966999/p
Hogar,Quemador de Aceite|Mediano,199.00 USD (x1),199.00 USD (x1),https://www.elmachetazo.com/quemador-de-aceitemediano-10967002/p
Hogar,"Cornisa Surtida|28-48""|Surtido",899.00 USD (x1),899.00 USD (x1),https://www.elmachetazo.com/cornisa-surtida28-48surtido-10978348/p
Hogar,"Cornisa Surtida|48-84""|Surtido",1099.00 USD (x1),1099.00 USD (x1),https://www.elmachetazo.com/cornisa-surtida48-84surtido-10978355/p
Hogar,"Cornisa Surtida|84-120""|Surtido",1299.00 USD (x1),1299.00 USD (x1),https://www.elmachetazo.com/cornisa-surtida84-120surtido-10978356/p
Hogar,Bandeja de Aluminio Wyda|7 Litros|D70,125.00 USD (x1),125.00 USD (x1),https://www.elmachetazo.com/bandeja-de-aluminio-wyda7-litrosd70-10879219/p
Hogar,Vaso Bristol|340 ml,99.00 USD (x1),99.00 USD (x1),https://www.elmachetazo.com/vaso-bristol340-ml-10759978/p
Hogar,Copa Floripa|300ml,149.00 USD (x1),149.00 USD (x1),https://www.elmachetazo.com/copa-floripa-300-ml-10841858-machetazo/p
Hogar,Copa|210 ml,179.00 USD (x1),179.00 USD (x1),https://www.elmachetazo.com/copa210-ml-10812830/p
Hogar,Copa Barone|190 ml,149.00 USD (x1),149.00 USD (x1),https://www.elmachetazo.com/copa-barone190-ml-10797335/p
Hogar,Vazo Oca|300 ml,99.00 USD (x1),99.00 USD (x1),https://www.elmachetazo.com/vazo-oca300-ml-10760062/p
Hogar,Copa Windsor|250 ml,169.00 USD (x1),169.00 USD (x1),https://www.elmachetazo.com/copa-windsor250-ml-10835469/p
Hogar,Copa Windsor|355 ml,199.00 USD (x1),199.00 USD (x1),https://www.elmachetazo.com/copa-windsor355-ml-10759989/p
Hogar,Set De Bandejas Para Hornear|3 Piezas,999.00 USD (x1),999.00 USD (x1),https://www.elmachetazo.com/set-de-bandejas-para-hornear3-piezas-10905460/p
Hogar,Sarten Oster|Antiadherente,999.00 USD (x1),999.00 USD (x1),https://www.elmachetazo.com/sarten-osterantiadherente-10923134/p
Hogar,Cuchara de Madera con Ranuras Oster,299.00 USD (x1),299.00 USD (x1),https://www.elmachetazo.com/cuchara-de-madera-con-ranuras-oster-10830114/p
Hogar,Set de Cuchillo|2 Piezas,599.00 USD (x1),599.00 USD (x1),https://www.elmachetazo.com/set-de-cuchillo2-piezas-10770922/p
Hogar,Botella Termica|38 Oz,1499.00 USD (x1),1499.00 USD (x1),https://www.elmachetazo.com/botella-termica38-oz-10905461/p
Hogar,Espátula de Madera con Ranuras Oster,299.00 USD (x1),299.00 USD (x1),https://www.elmachetazo.com/espatula-de-madera-con-ranuras-oster-10830112/p
Hogar,Cucharón para Pasta de Nylon Oster,249.00 USD (x1),249.00 USD (x1),https://www.elmachetazo.com/cucharon-para-pasta-de-nylon-oster-10923121/p
Hogar,Cuchara de Madera Oster,299.00 USD (x1),299.00 USD (x1),https://www.elmachetazo.com/cuchara-de-madera-10830113-machetazo/p
Hogar,Sarten Oster Antiadherente,799.00 USD (x1),799.00 USD (x1),https://www.elmachetazo.com/sarten-oster-antiadherente-10923133/p
Hogar,Espátula de Nylon Oster,249.00 USD (x1),249.00 USD (x1),https://www.elmachetazo.com/espatula-de-nylon-oster-10923118/p
Hogar,"Sartén Oster|12""",1499.00 USD (x1),1499.00 USD (x1),https://www.elmachetazo.com/sarten-oster12-10830099/p
Hogar,"Sartén Oster|9.5""",1099.00 USD (x1),1099.00 USD (x1),https://www.elmachetazo.com/sarten-oster95-10777489/p
Hogar,Cacerola Oster con Tapa,1199.00 USD (x1),1199.00 USD (x1),https://www.elmachetazo.com/cacerola-oster-con-tapa-10830105/p
Hogar,"Sartén Oster|Antiadherente|12""",1199.00 USD (x1),1199.00 USD (x1),https://www.elmachetazo.com/sarten-oster-antiadherente-12-10923135/p
Hogar,"Sartén Oster con Tapa|12""",2399.00 USD (x1),2399.00 USD (x1),https://www.elmachetazo.com/sarten-oster-con-tapa12-10777493/p
Hogar,"Vaporera Oster|10.6""",799.00 USD (x1),799.00 USD (x1),https://www.elmachetazo.com/vaporera-oster106-10830109/p
Hogar,Sartén Oster|Antiadherente|28cm,1699.00 USD (x1),1699.00 USD (x1),https://www.elmachetazo.com/sarten-oster-antiadherente28cm-10830101/p
Hogar,Cacerola Oster con Tapa|2.5 qt,1499.00 USD (x1),1499.00 USD (x1),https://www.elmachetazo.com/cacerola-oster-con-tapa-2-5qt-10830106/p
Hogar,Espátula de Madera Oster,299.00 USD (x1),299.00 USD (x1),https://www.elmachetazo.com/espatula-de-madera-oster-10830111/p
Hogar,"Sartén de Aluminio Oster|8""",899.00 USD (x1),899.00 USD (x1),https://www.elmachetazo.com/sarten-de-aluminio-oster8-10830098/p
Hogar,Ropero 2 Puertas|Marrón,19999.00 USD (x1),19999.00 USD (x1),https://www.elmachetazo.com/ropero-2-puertasmarron-10937279/p
Hogar,Ropero 2 Puertas|Blanco,11999.00 USD (x1),19999.00 USD (x1),https://www.elmachetazo.com/ropero-2-puertasblanco-10937265/p
Hogar,Juego de Comedor|4 Puestos,29999.00 USD (x1),59999.00 USD (x1),https://www.elmachetazo.com/juego-de-comedor4-puestos-10937464/p
Hogar,Gabinete para Sala,8999.00 USD (x1),8999.00 USD (x1),https://www.elmachetazo.com/gabinete-para--sala-10969657/p
Hogar,Gavetero|Beige,4999.00 USD (x1),5999.00 USD (x1),https://www.elmachetazo.com/gaveterobeige-10969656/p
Hogar,Gavetero|Marrón,4999.00 USD (x1),8999.00 USD (x1),https://www.elmachetazo.com/gaveteromarron-10969654/p
Hogar,Comedor|7 Puestos,24999.00 USD (x1),34999.00 USD (x1),https://www.elmachetazo.com/comedor7-puestos-10970949/p
Hogar,Mesita de Centro,7999.00 USD (x1),7999.00 USD (x1),https://www.elmachetazo.com/mesita-de-centro-10970423/p
Hogar,Copa|Roja,199.00 USD (x1),199.00 USD (x1),https://www.elmachetazo.com/coparoja-10981159/p
Hogar,Gavetero,8999.00 USD (x1),14999.00 USD (x1),https://www.elmachetazo.com/gavetero-10937269/p
Hogar,Mesas|2 Piezas|Negro,1999.00 USD (x1),3499.00 USD (x1),https://www.elmachetazo.com/mesas2-piezasnegro-10950154/p
Hogar,Zapatero Con Espejo,4999.00 USD (x1),4999.00 USD (x1),https://www.elmachetazo.com/zapatero-con-espejo-10955330/p
Hogar,Lámpara de Noche,2499.00 USD (x1),3999.00 USD (x1),https://www.elmachetazo.com/lampara-de-noche-10965185/p
Hogar,Comedor|7 Puestos,24999.00 USD (x1),39999.00 USD (x1),https://www.elmachetazo.com/comedor7-puestos-10967206/p
Hogar,Comedor|4 Puestos,16999.00 USD (x1),24999.00 USD (x1),https://www.elmachetazo.com/comedor4-puestos-10967207/p
Hogar,Mesa Rectangular Plegable|1.21 x 0.60 m,4999.00 USD (x1),4999.00 USD (x1),https://www.elmachetazo.com/mesa-rectangular-plegable121-x-060-m-10471970/p
Hogar,Mesa Redonda Plegable,6999.00 USD (x1),6999.00 USD (x1),https://www.elmachetazo.com/mesa-redonda-plegable-10519235/p
Hogar,Mesa Pequeña Plegable|0.66 x 0.46 x 0.06 m,2199.00 USD (x1),2499.00 USD (x1),https://www.elmachetazo.com/mesa-pequena-plegable066-x-046-x-006-m-10567336/p
Hogar,Set de Cortina de Baño|Blanco,799.00 USD (x1),799.00 USD (x1),https://www.elmachetazo.com/set-de-cortina-de-banoblanco-10966063/p
Hogar,Set de Cortina de Baño|Verde y Blanco,799.00 USD (x1),799.00 USD (x1),https://www.elmachetazo.com/set-de-cortina-de-banoverde-y-blanco-10966065/p
Hogar,Set de Cortina de Baño|Celeste y Blanco,799.00 USD (x1),799.00 USD (x1),https://www.elmachetazo.com/set-de-cortina-de-banoceleste-y-blanco-10966066/p
Hogar,Caldero con Tapa de Aluminio|18 cm,1399.00 USD (x1),1399.00 USD (x1),https://www.elmachetazo.com/caldero-con-tapa-de-aluminio18-cm-10821137/p
Hogar,Caldero con Tapa de Aluminio|20 cm,1499.00 USD (x1),1499.00 USD (x1),https://www.elmachetazo.com/caldero-con-tapa-de-aluminio20-cm-10821138/p
Hogar,Caldero con Tapa de Aluminio|26 cm,2499.00 USD (x1),2499.00 USD (x1),https://www.elmachetazo.com/caldero-con-tapa-de-aluminio26-cm-10821143/p
Hogar,Caldero con Tapa de Aluminio|36 cm,4299.00 USD (x1),4299.00 USD (x1),https://www.elmachetazo.com/caldero-con-tapa-de-aluminio36--cm-10821145/p
Hogar,Caldero con Tapa de Aluminio|42 cm,5799.00 USD (x1),5799.00 USD (x1),https://www.elmachetazo.com/caldero-con-tapa-de-aluminio42-cm-10821146/p
Hogar,Árbol Navideño Artificial con Luces |8 Pies,9599.00 USD (x1),11999.00 USD (x1),https://www.elmachetazo.com/arbolito-navideno-con-luces8-pies-10953540/p
Hogar,Set de Cortina de Baño|Crema y Blanco,799.00 USD (x1),799.00 USD (x1),https://www.elmachetazo.com/set-de-cortina-de-banocrema-y-blanco-10966064/p
Hogar,Arreglo de Flores|25 cm,299.00 USD (x1),299.00 USD (x1),https://www.elmachetazo.com/arreglo-de-flores25-cm-10927440/p
Hogar,Arreglo de Flores|25 cm,399.00 USD (x1),399.00 USD (x1),https://www.elmachetazo.com/arreglo-de-flores25-cm-10927445/p
Hogar,Ramo de Rosas Artificiales|Surtido,399.00 USD (x1),399.00 USD (x1),https://www.elmachetazo.com/ramo-de-rosas-artificialessurtido-10856891/p
Hogar,Ramo de Flores Artificiales|32 cm,99.00 USD (x1),249.00 USD (x1),https://www.elmachetazo.com/ramo-de-flores-artificiales32-cm-10881622/p
Hogar,Ramo de Girasoles Artificiales|58 cm,499.00 USD (x1),499.00 USD (x1),https://www.elmachetazo.com/ramo-de-girasoles-artificiales58-cm-10925884/p
Hogar,Ramo de Rosas Artificiales,149.00 USD (x1),149.00 USD (x1),https://www.elmachetazo.com/ramo-de-rosas-artificiales-10875889/p
Hogar,Ramo de Rosas Artificiales|Surtido,149.00 USD (x1),149.00 USD (x1),https://www.elmachetazo.com/ramo-de-rosas-artificialessurtido-10925886/p
Hogar,Canasta para Arreglos|Grande,499.00 USD (x1),499.00 USD (x1),https://www.elmachetazo.com/canasta-para-arreglosgrande-10927509/p
Hogar,Canasta para Arreglos|Mediano,399.00 USD (x1),399.00 USD (x1),https://www.elmachetazo.com/canasta-para-arreglosmediano-10927510/p
Hogar,Canasta para Arreglos|Mediano,399.00 USD (x1),399.00 USD (x1),https://www.elmachetazo.com/canasta-para-arreglosmediano-10927507/p
Hogar,Canasta para Arreglos|Grande,499.00 USD (x1),499.00 USD (x1),https://www.elmachetazo.com/canasta-para-arreglosgrande-10927506/p
Hogar,Bandeja de Aluminio|10 Unidades|19 x 14 x 5.5 cm,289.00 USD (x1),289.00 USD (x1),https://www.elmachetazo.com/bandeja-de-aluminio10-unidades19-x-14-x-55-cm-10922013/p
Hogar,Inflable de Nacimiento|4 Pies,2999.00 USD (x1),4499.00 USD (x1),https://www.elmachetazo.com/inflable-de-nacimiento4-pies-10953522/p
Hogar,Inflable de Arco Navideño|10 Pies,7999.00 USD (x1),10999.00 USD (x1),https://www.elmachetazo.com/inflable-de-arco-navideno10-pies-10953523/p
Hogar,Inflable de Esfera Navideña|3 Pies,1699.00 USD (x1),2999.00 USD (x1),https://www.elmachetazo.com/inflable-de-esfera-navidena3-pies-10953546/p
Hogar,"Flor Navideña con Luces|32""",1999.00 USD (x1),4999.00 USD (x1),https://www.elmachetazo.com/flor-navidena-con-luces32-10953526/p
Hogar,Bombillos Navideños Multicolor|25 Piezas,899.00 USD (x1),899.00 USD (x1),https://www.elmachetazo.com/bombillos-navidenos-multicolor-25-piezas-10953529/p
Hogar,Bombillo Navideño Multicolor|5 Watts|6 Piezas,199.00 USD (x1),199.00 USD (x1),https://www.elmachetazo.com/bombillo-navideno-multicolor-5-watts-6-piezas-10953531/p
Hogar,Árbol Navideño Artificial Slim |7 Pies,4799.00 USD (x1),5999.00 USD (x1),https://www.elmachetazo.com/arbolito-navideno-slim-7-pies-10953537/p
Hogar,Arbolito Navideño Blanco|7 Pies,4239.00 USD (x1),5299.00 USD (x1),https://www.elmachetazo.com/arbolito-navideno-blanco7-pies-10953538/p
Hogar,Guirnalda Navideña,999.00 USD (x1),999.00 USD (x1),https://www.elmachetazo.com/guirnalda-navidena-10953542/p
Hogar,Luces para Jardín |5 Piezas,999.00 USD (x1),1299.00 USD (x1),https://www.elmachetazo.com/luces-para-jardin-5-piezas-10953535/p
Hogar,Base para Arbol de Navidad|Grande,699.00 USD (x1),999.00 USD (x1),https://www.elmachetazo.com/base-para-arbol-de-navidad-grande-10953544/p
Hogar,Cortina de Sala|Blanco y Negro,999.00 USD (x1),999.00 USD (x1),https://www.elmachetazo.com/cortina-de-salablanco-y-negro-10966056/p
Hogar,Cortina de Sala|Blanco y Menta,999.00 USD (x1),999.00 USD (x1),https://www.elmachetazo.com/cortina-de-salablanco-y-menta-10966057/p
Hogar,Cortina de Sala|Blanco y Rojo,999.00 USD (x1),999.00 USD (x1),https://www.elmachetazo.com/cortina-de-salablanco-y-rojo-10966060/p
Hogar,Cortina de Sala|Blanco y Azul Marino,999.00 USD (x1),999.00 USD (x1),https://www.elmachetazo.com/cortina-de-salablanco-y-azul-marino-10966062/p
Hogar,"Cortina Crema|52"" x 90""",999.00 USD (x1),999.00 USD (x1),https://www.elmachetazo.com/cortina-crema52-x--90-10962555/p
Hogar,"Cortina Azul Marino|52"" x 90""",999.00 USD (x1),999.00 USD (x1),https://www.elmachetazo.com/cortina-azul-marino52-x--90-10962556/p
Hogar,"Cortina Chocolate Claro|52"" x 90""",999.00 USD (x1),999.00 USD (x1),https://www.elmachetazo.com/cortina-chocolate-claro52-x--90-10962558/p
Hogar,"Cortina Gris|52"" x 90""",999.00 USD (x1),999.00 USD (x1),https://www.elmachetazo.com/cortina-gris52-x--90-10962564/p
Hogar,"Cortina Verde|52"" x 90""",999.00 USD (x1),999.00 USD (x1),https://www.elmachetazo.com/cortina-verde52-x--90-10962565/p
Hogar,Cortina de Sala|Gris y Negro,499.00 USD (x1),999.00 USD (x1),https://www.elmachetazo.com/cortina-de-salagris-y-negro-10926031/p
Hogar,Cortina de Sala|Gris,499.00 USD (x1),999.00 USD (x1),https://www.elmachetazo.com/cortina-de-salagris-10926032/p
Hogar,Cortina de Sala|Gris Estampado,499.00 USD (x1),999.00 USD (x1),https://www.elmachetazo.com/cortina-de-salagris-estampado-10926035/p
Hogar,Cortina de Sala|Blanca,799.00 USD (x1),999.00 USD (x1),https://www.elmachetazo.com/cortina-de-salablanca-10926040/p
Hogar,Cortina de Sala|Celeste,499.00 USD (x1),999.00 USD (x1),https://www.elmachetazo.com/cortina-de-salaceleste-10963212/p
Hogar,Cortina de Sala|Celeste Estampado,499.00 USD (x1),999.00 USD (x1),https://www.elmachetazo.com/cortina-de-salaceleste-estampado-10963216/p
Hogar,Cortina de Sala|Crema,499.00 USD (x1),999.00 USD (x1),https://www.elmachetazo.com/cortina-de-salacrema-10963218/p
Hogar,Cortina de Sala|Crema Estampada,499.00 USD (x1),1299.00 USD (x1),https://www.elmachetazo.com/cortina-de-salacrema-estampada-10916458/p
Hogar,Cortina de Sala|Negra Estampada,499.00 USD (x1),1299.00 USD (x1),https://www.elmachetazo.com/cortina-de-salanegra-estampada-10916461/p
Hogar,Planta Artificial|82.5 cm,299.00 USD (x1),1299.00 USD (x1),https://www.elmachetazo.com/planta-artificial-82-5-cm-total-home-design-10881537-machetazo/p
Hogar,Planta Artificial|81 cm,299.00 USD (x1),1299.00 USD (x1),https://www.elmachetazo.com/planta-artificial-81-cm-total-home-design-10881539-machetazo/p
Hogar,Planta Artificial|81 cm,299.00 USD (x1),1299.00 USD (x1),https://www.elmachetazo.com/planta-artificial-81-cm-total-home-design-10881540-machetazo/p
Hogar,Planta Artificial|81 cm,299.00 USD (x1),1299.00 USD (x1),https://www.elmachetazo.com/planta-artificial-81-cm-total-home-design-10881544-machetazo/p
Hogar,Planta Artificial|81 cm,299.00 USD (x1),1299.00 USD (x1),https://www.elmachetazo.com/planta-artificial-81-cm-total-home-design-10881545-machetazo/p
Hogar,Ramo de Rosas Artificial|Rojas,399.00 USD (x1),399.00 USD (x1),https://www.elmachetazo.com/ramo-de-rosas-artificialrojas-10901686/p
Hogar,Figura Sagrada Familia Nacimiento|25cm,1999.00 USD (x1),3999.00 USD (x1),https://www.elmachetazo.com/figura-sagrada-familia-nacimiento25cm-10897307/p
Hogar,Cinta Navideña|6 cm x 10 yds|Surtido,399.00 USD (x1),399.00 USD (x1),https://www.elmachetazo.com/cinta-navidena-6-cm-x-10-yds-surtido-10965995-machetazo/p
Hogar,Malla Decorativa |Rojo-Blanco,399.00 USD (x1),699.00 USD (x1),https://www.elmachetazo.com/malla-decorativarojo-blanco-10964631/p
Hogar,Malla Decorativa |Rojo-Blanco,399.00 USD (x1),399.00 USD (x1),https://www.elmachetazo.com/malla-decorativarojo-blanco-10964632/p
Hogar,Cinta Navideña|6 cm x 10 yds|Surtido,399.00 USD (x1),399.00 USD (x1),https://www.elmachetazo.com/cinta-navidena-6-cm-x-10-yds-surtido-10965996-machetazo/p
Hogar,Porta Plato Navideño|Plateado,199.00 USD (x1),199.00 USD (x1),https://www.elmachetazo.com/portaplato-navidenoplateado-10965969/p
Hogar,Pastillero Navideño Dorado|Surtido,449.00 USD (x1),449.00 USD (x1),https://www.elmachetazo.com/pastillero-navideño-dorado-surtido-10965775/p
Hogar,Ornamento Navideño Dorado |20x53cm,1499.00 USD (x1),2299.00 USD (x1),https://www.elmachetazo.com/ornamento-navideño-dorado-20-x-53-cm-10965790/p
Hogar,Villa Navideña Parque con Luces |22 x 18 x 22 cm,1999.00 USD (x1),3999.00 USD (x1),https://www.elmachetazo.com/pista-led22-x-18-x-22-cm-10965856/p
Hogar,"Corona de Adviento 12""|100 Puntas",299.00 USD (x1),299.00 USD (x1),https://www.elmachetazo.com/corona-de-adviento-12-pulgadas-100-puntas-10738653-machetazo/p
Hogar,"Corona Navideña 20""|160 Puntas",699.00 USD (x1),699.00 USD (x1),https://www.elmachetazo.com/corona-navidena-20-pulgadas-160-puntas-10916454-machetazo/p
Hogar,Vela LED Dorada|26.7cm,1299.00 USD (x1),1299.00 USD (x1),https://www.elmachetazo.com/vela-led-dorada267-cm-10965769/p
Hogar,Bola Navideña Dorada |20x28.5 cm,999.00 USD (x1),1299.00 USD (x1),https://www.elmachetazo.com/esfera-navidenadorado20-x-285-cm-10965791/p
Hogar,Adorno de Arbolito Plateado|Pequeño,799.00 USD (x1),799.00 USD (x1),https://www.elmachetazo.com/adorno-de-arbolitoplateado-10965797/p
Hogar,Adorno Arbolito Plateado |Grande,1299.00 USD (x1),1299.00 USD (x1),https://www.elmachetazo.com/adorno-de-arbolitoplateado-10965798/p
Hogar,Ornamento Navideño Plateado|20x53cm,1499.00 USD (x1),2299.00 USD (x1),https://www.elmachetazo.com/ornamento-navideño-plateado-20-x-53-cm-10965811/p
Hogar,Farolito LED Navideño|Surtido,599.00 USD (x1),599.00 USD (x1),https://www.elmachetazo.com/farolito-led-navideño|surtido/p
Hogar,Villa Navideña Play Land con Luces LED |20 x 20 cm,2499.00 USD (x1),3499.00 USD (x1),https://www.elmachetazo.com/adorno-taza-led26-x-20-x-20-cm-10965860/p
Hogar,Villa Navideña con luces LED |28.5 x 22 x 18 cm,2699.00 USD (x1),3699.00 USD (x1),https://www.elmachetazo.com/villa-led285-x-22-x-18-cm-10965863/p
Hogar,Juego de Candelabro|Dorado|3 Piezas,999.00 USD (x1),1599.00 USD (x1),https://www.elmachetazo.com/juego-de-candelabrodorado3-piezas-10962835/p
Hogar,Taza Navideña|11 oz,199.00 USD (x1),199.00 USD (x1),https://www.elmachetazo.com/taza-navidena11-oz-10962778/p
Hogar,Portavasos Navideños |4 Piezas,399.00 USD (x1),549.00 USD (x1),https://www.elmachetazo.com/juego-de-portavaso4-piezas-10962779/p
Hogar,Bola Navideña Peppermint|4 Piezas,499.00 USD (x1),999.00 USD (x1),https://www.elmachetazo.com/bola-navidena-peppermint4-piezas-10962691/p
Hogar,Plato Decorativo|Dorado,299.00 USD (x1),299.00 USD (x1),https://www.elmachetazo.com/plato-decorativodorado-10962786/p
Hogar,Portavela|Rojo,499.00 USD (x1),499.00 USD (x1),https://www.elmachetazo.com/portavelarojo-10962798/p
Hogar,Portavela|Rojo,499.00 USD (x1),699.00 USD (x1),https://www.elmachetazo.com/portavelarojo-10962799/p
Hogar,Portavela|Plateado,449.00 USD (x1),449.00 USD (x1),https://www.elmachetazo.com/portavelaplateado-10962801/p
Hogar,Portavela|Plateado,299.00 USD (x1),499.00 USD (x1),https://www.elmachetazo.com/portavelaplateado-10962802/p
Hogar,Portavela|Dorado,499.00 USD (x1),499.00 USD (x1),https://www.elmachetazo.com/portaveladorado-10962805/p
Hogar,Esfera Rosada con Luz,299.00 USD (x1),549.00 USD (x1),https://www.elmachetazo.com/esfera-rosada-con-luz-10962820/p
Hogar,Taza Navideña |11 oz |Diseño Surtido,199.00 USD (x1),199.00 USD (x1),https://www.elmachetazo.com/taza-navidena11-oz-10962776/p
Hogar,Base Natural para Arbolito,1699.00 USD (x1),3299.00 USD (x1),https://www.elmachetazo.com/base-natural-para-arbolito-10962837/p
Hogar,Malla Navideña|Rojo-Dorado,399.00 USD (x1),399.00 USD (x1),https://www.elmachetazo.com/malla-navidenarojo-dorado-10962985/p
Hogar,Bola Navideña|Rojo,499.00 USD (x1),999.00 USD (x1),https://www.elmachetazo.com/bola-navidenarojo-10962687/p
Hogar,Bola Navideña|Dorada,499.00 USD (x1),999.00 USD (x1),https://www.elmachetazo.com/bola-navidenadorada-10962688/p
Hogar,Portavela Natural,899.00 USD (x1),899.00 USD (x1),https://www.elmachetazo.com/portavela-natural-10962700/p
Hogar,Portavela Natural,1499.00 USD (x1),1499.00 USD (x1),https://www.elmachetazo.com/portavela-natural-10962701/p
Hogar,Flor Navideña|Dorado,199.00 USD (x1),299.00 USD (x1),https://www.elmachetazo.com/flor-navidenadorado-10962703/p
Hogar,Rama Decorativa|Negro,199.00 USD (x1),199.00 USD (x1),https://www.elmachetazo.com/rama-decorativanegro-10962704/p
Hogar,Flor Navideña|Plateado,199.00 USD (x1),249.00 USD (x1),https://www.elmachetazo.com/flor-navidenaplateado-10962709/p
Hogar,Flor Navideña|Plateado,79.00 USD (x1),79.00 USD (x1),https://www.elmachetazo.com/flor-navidenaplateado-10962713/p
Hogar,Flor Navideña|Rojo,199.00 USD (x1),299.00 USD (x1),https://www.elmachetazo.com/flor-navidenarojo-10962714/p
Hogar,Relleno Natural Decorativo,199.00 USD (x1),299.00 USD (x1),https://www.elmachetazo.com/relleno-natural-decorativo-10962716/p
Hogar,Relleno Natural Decorativo,299.00 USD (x1),299.00 USD (x1),https://www.elmachetazo.com/relleno-natural-decorativo-10962717/p
Hogar,Flor Navideña|Rosada,199.00 USD (x1),299.00 USD (x1),https://www.elmachetazo.com/flor-navidenarosada-10962719/p
Hogar,Flor Navideña|Rojo,199.00 USD (x1),299.00 USD (x1),https://www.elmachetazo.com/flor-navidenarojo-10962720/p
Hogar,Relleno Decorativo|Verde,199.00 USD (x1),249.00 USD (x1),https://www.elmachetazo.com/relleno-decorativoverde-10962728/p
Hogar,Relleno Natural Decorativa,199.00 USD (x1),399.00 USD (x1),https://www.elmachetazo.com/relleno-natural-decorativa-10962729/p
Hogar,Relleno Natural Decorativo,399.00 USD (x1),449.00 USD (x1),https://www.elmachetazo.com/relleno-natural-decorativo-10962731/p
Hogar,Relleno Natural Decorativo,199.00 USD (x1),249.00 USD (x1),https://www.elmachetazo.com/relleno-natural-decorativo-10962732/p
Hogar,Rama Decorativa|Dorado,69.00 USD (x1),99.00 USD (x1),https://www.elmachetazo.com/rama-decorativadorado-10962747/p
Hogar,Relleno Decorativo|Dorado,325.00 USD (x1),325.00 USD (x1),https://www.elmachetazo.com/relleno-decorativodorado-10962755/p
Hogar,Relleno Decorativo|Plateado,199.00 USD (x1),279.00 USD (x1),https://www.elmachetazo.com/relleno-decorativoplateado-10962757/p
Hogar,Relleno Decorativo|Dorado,225.00 USD (x1),225.00 USD (x1),https://www.elmachetazo.com/relleno-decorativodorado-10962759/p
Hogar,Portavela Rojo,2799.00 USD (x1),2799.00 USD (x1),https://www.elmachetazo.com/portavela-rojo-10962761/p
Hogar,Cascanueces Rojo,999.00 USD (x1),1499.00 USD (x1),https://www.elmachetazo.com/cascanueces-rojo-10962682/p
Hogar,Bandeja Navideña|Arbolito Dorado,99.00 USD (x1),199.00 USD (x1),https://www.elmachetazo.com/bandeja-navidenaarbolito-dorado-10962792/p
Hogar,Base para Árbol de Navidad|Blanca,3499.00 USD (x1),3499.00 USD (x1),https://www.elmachetazo.com/base-para-arbol-de-navidadblanca-10962838/p
Hogar,Vela con Aroma Cinnamon |Grande,599.00 USD (x1),599.00 USD (x1),https://www.elmachetazo.com/vela-con-aromacanelagrande-10825425/p
Hogar,Vela con Aroma Pino Navideño |Grande,599.00 USD (x1),599.00 USD (x1),https://www.elmachetazo.com/vela-con-aromapino-navidenogrande-10825426/p
Hogar,Figura de Nacimiento Jesus |15 cm,699.00 USD (x1),999.00 USD (x1),https://www.elmachetazo.com/bebe-jesus-con-aureola15-cm-10919432/p
Hogar,Vela con Aroma Vainilla |Grande,599.00 USD (x1),599.00 USD (x1),https://www.elmachetazo.com/vela-con-aromavainillagrande-10919439/p
Hogar,Bandeja Navideña|Arbolito Verde,199.00 USD (x1),199.00 USD (x1),https://www.elmachetazo.com/bandeja-navidenaarbolito-verde-10962794/p
Hogar,Portaplato|Dorado,199.00 USD (x1),299.00 USD (x1),https://www.elmachetazo.com/portaplatodorado-10962795/p
Hogar,Portaplato|Rose Gold,299.00 USD (x1),299.00 USD (x1),https://www.elmachetazo.com/portaplatorose-gold-10962797/p
Hogar,Portavela|Plateado,399.00 USD (x1),699.00 USD (x1),https://www.elmachetazo.com/portavelaplateado-10962803/p
Hogar,Portavela|Dorado,449.00 USD (x1),449.00 USD (x1),https://www.elmachetazo.com/portaveladorado-10962804/p
Hogar,Cascanueces Dorado|Mediano,999.00 USD (x1),1599.00 USD (x1),https://www.elmachetazo.com/cascanueces-doradomediano-10962809/p
Hogar,Cascanueces Dorado|Grande,1499.00 USD (x1),3299.00 USD (x1),https://www.elmachetazo.com/cascanueces-doradogrande-10962810/p
Hogar,Campana Decorativa,2199.00 USD (x1),2199.00 USD (x1),https://www.elmachetazo.com/campana-decorativa-10962811/p
Hogar,Base para Árbol de Navidad|Roja,3499.00 USD (x1),3499.00 USD (x1),https://www.elmachetazo.com/base-para-arbol-de-navidadroja-10962839/p
Hogar,Nacimiento con Luz,1299.00 USD (x1),1999.00 USD (x1),https://www.elmachetazo.com/nacimiento-con-luz-10962684/p
Hogar,Bola Decorativa|Dorada,1299.00 USD (x1),1299.00 USD (x1),https://www.elmachetazo.com/bola-decorativadorada-10962686/p
Hogar,Individual Navideño para Mesa |Rojo,199.00 USD (x1),199.00 USD (x1),https://www.elmachetazo.com/individual-para-mesarojo-10962768/p
Hogar,Adorno Navideño Mini Nacimiento,199.00 USD (x1),299.00 USD (x1),https://www.elmachetazo.com/adorno-bola-de-aguanacimiento-10962814/p
Hogar,Portavela Navideño |Rojo-Dorado,399.00 USD (x1),399.00 USD (x1),https://www.elmachetazo.com/portavelarojo-dorado-10962816/p
Hogar,Vela con Aroma |Pino Navideño,399.00 USD (x1),499.00 USD (x1),https://www.elmachetazo.com/vela-con-aromapino-navideno-10962817/p
Hogar,Esfera Rosada con Luz,299.00 USD (x1),499.00 USD (x1),https://www.elmachetazo.com/esfera-rosada-con-luz-10962819/p
Hogar,Vela con Aroma|Naranja y Canela|510 ml,299.00 USD (x1),449.00 USD (x1),https://www.elmachetazo.com/vela-con-aromanaranja-y-canela510-ml-10962822/p
Hogar,Vela con Aroma|Naranja y Canela|250 ml,199.00 USD (x1),249.00 USD (x1),https://www.elmachetazo.com/vela-con-aromanaranja-y-canela250-ml-10962823/p
Hogar,Portaplato Navideño Dorado,299.00 USD (x1),299.00 USD (x1),https://www.elmachetazo.com/portaplatodorado-10962824/p
Hogar,Portaplato Navideño |Dorado,299.00 USD (x1),299.00 USD (x1),https://www.elmachetazo.com/portaplatodorado-10962826/p
Hogar,Portaplato Navideño |Rojo,299.00 USD (x1),299.00 USD (x1),https://www.elmachetazo.com/portaplatorojo-10962828/p
Hogar,Mini Arbolito Navideño Pequeño |Rosado,399.00 USD (x1),599.00 USD (x1),https://www.elmachetazo.com/arbol-navideno-pequenorosado-10962829/p
Hogar,Corona Navideña|Rosada,999.00 USD (x1),1099.00 USD (x1),https://www.elmachetazo.com/corona-navidenarosada-10962830/p
Hogar,Portaplato Navideño Plateado,249.00 USD (x1),249.00 USD (x1),https://www.elmachetazo.com/portaplatoplateado-10962772/p
Hogar,Portaplato Navideño Dorado,199.00 USD (x1),249.00 USD (x1),https://www.elmachetazo.com/portaplato-navidenodorado-10962773/p
Hogar,Bandeja Decorativa|Roja,999.00 USD (x1),999.00 USD (x1),https://www.elmachetazo.com/bandeja-decorativaroja-10962780/p
Hogar,Mini Arbolito Navideño Decorativo,699.00 USD (x1),1099.00 USD (x1),https://www.elmachetazo.com/arbol-navideno-decorativo-10962832/p
Hogar,Plato Decorativo Circular|Dorado,599.00 USD (x1),599.00 USD (x1),https://www.elmachetazo.com/plato-decorativo-circulardorado-10962787/p
Hogar,Bandeja Navideña Rectangular,99.00 USD (x1),199.00 USD (x1),https://www.elmachetazo.com/bandeja-navidena-rectangular-10962789/p
Hogar,Nacimiento Navideño |11 Piezas,6999.00 USD (x1),10999.00 USD (x1),https://www.elmachetazo.com/juego-de-nacimiento11-piezas-10054723/p
Hogar,Nacimiento Figuras de Aldeanos |2 Piezas,699.00 USD (x1),1999.00 USD (x1),https://www.elmachetazo.com/aldeanos-para-nacimiento2-piezas-10330882/p
Hogar,Macetero de Mimbre|Mediano,899.00 USD (x1),899.00 USD (x1),https://www.elmachetazo.com/macetero-de-mimbremediano-10957752/p
Hogar,Macetero de Mimbre|Mediano,799.00 USD (x1),799.00 USD (x1),https://www.elmachetazo.com/macetero-de-mimbremediano-10957747/p
Hogar,Canasta de Mimbre|Grande,499.00 USD (x1),499.00 USD (x1),https://www.elmachetazo.com/canasta-de-mimbregrande-10957749/p
Hogar,Canasta de Algodón|Crema,249.00 USD (x1),249.00 USD (x1),https://www.elmachetazo.com/canasta-de-algodoncrema-10954722/p
Hogar,Canasta de Algodón|Blanco y Negro,249.00 USD (x1),249.00 USD (x1),https://www.elmachetazo.com/canasta-de-algodonblanco-y-negro-10954772/p
Hogar,Florero Decorativo Blanco,499.00 USD (x1),499.00 USD (x1),https://www.elmachetazo.com/florero-decorativo-blanco-10957741/p
Hogar,Florero Decorativo Blanco,499.00 USD (x1),499.00 USD (x1),https://www.elmachetazo.com/florero-decorativo-blanco-10957736/p
Hogar,Figura de Rostro|Blanco,1149.00 USD (x1),2299.00 USD (x1),https://www.elmachetazo.com/figura-de-rostroblanco-10909873/p
Hogar,Placa de Espejos Decorativo,1199.00 USD (x1),1199.00 USD (x1),https://www.elmachetazo.com/placa-de-espejos-decorativo-10942676/p
Hogar,Florero Amarillo,799.00 USD (x1),799.00 USD (x1),https://www.elmachetazo.com/florero-amarillo-10957730/p
Hogar,Placa Decorativa,1599.00 USD (x1),1599.00 USD (x1),https://www.elmachetazo.com/placa-decorativa-10954719/p
Hogar,Adorno Be Yourself,349.00 USD (x1),699.00 USD (x1),https://www.elmachetazo.com/adorno-be-yourself-10929572/p
Hogar,Florero de Vidrio|Tornasol,1299.00 USD (x1),1299.00 USD (x1),https://www.elmachetazo.com/florero-de-vidriotornasol-10954666/p
Hogar,Florero|Dorado-Plateado,1499.00 USD (x1),1499.00 USD (x1),https://www.elmachetazo.com/florerodorado-plateado-10954675/p
Hogar,Florero|Dorado-Plateado,699.00 USD (x1),699.00 USD (x1),https://www.elmachetazo.com/florerodorado-plateado-10954676/p
Hogar,Florero|Dorado-Plateado,499.00 USD (x1),499.00 USD (x1),https://www.elmachetazo.com/florerodorado-plateado-10954677/p
Hogar,Florero|Gris,799.00 USD (x1),799.00 USD (x1),https://www.elmachetazo.com/florerogris-10954679/p
Hogar,Juego de Búhos Decorativos,1499.00 USD (x1),1499.00 USD (x1),https://www.elmachetazo.com/juego-de-buhos-decorativos-10954724/p
Hogar,Juego De Sujeta Libros,749.00 USD (x1),1499.00 USD (x1),https://www.elmachetazo.com/juego-de-sujeta-libros-10954690/p
Hogar,Florero|Blanco-Negro,799.00 USD (x1),799.00 USD (x1),https://www.elmachetazo.com/floreroblanco-negro-10954691/p
Hogar,Florero|Dorado|10.5 x 29.5 x 20 cm,2999.00 USD (x1),2999.00 USD (x1),https://www.elmachetazo.com/florerodorado105-x-295-x-20-cm-10900081/p
Hogar,Figura Decorativa|Negra|12.5 x 12.5 x 35 cm,749.00 USD (x1),1499.00 USD (x1),https://www.elmachetazo.com/figura-decorativanegra125-x-125-x-35-cm-10900089/p
Hogar,Florero|Negro-Transparente|13 x 30 cm,999.00 USD (x1),1699.00 USD (x1),https://www.elmachetazo.com/floreronegro-transparente13-x-30-cm-10900092/p
Hogar,Florero|Crema|17.2 x 7.2 x 17 cm,899.00 USD (x1),899.00 USD (x1),https://www.elmachetazo.com/florerocrema172-x-72-x-17-cm-10900105/p
Hogar,Florero|Transparente|15.7 x 7.7 x 14.3 cm,799.00 USD (x1),799.00 USD (x1),https://www.elmachetazo.com/florerotransparente157-x-77-x-143-cm-10900113/p
Hogar,Florero|Azul-Blanco,899.00 USD (x1),899.00 USD (x1),https://www.elmachetazo.com/floreroazul-blanco-10954698/p
Hogar,Florero|13 x 9 x 25 cm,999.00 USD (x1),999.00 USD (x1),https://www.elmachetazo.com/florero13-x-9-x-25-cm-10957740/p
Hogar,Candelabro|Crema|20 x 16 x 20 cm,2999.00 USD (x1),2999.00 USD (x1),https://www.elmachetazo.com/candelabrocrema20-x-16-x-20-cm-10900136/p
Hogar,Figura Dama,599.00 USD (x1),1199.00 USD (x1),https://www.elmachetazo.com/figura-dama-10929554/p
Hogar,Figura Decorativa,999.00 USD (x1),1999.00 USD (x1),https://www.elmachetazo.com/figura-decorativa-10929561/p
Hogar,Figura Elefante|Crema,749.00 USD (x1),1499.00 USD (x1),https://www.elmachetazo.com/figura-elefantecrema-10929563/p
Hogar,Figura Tigre|11.5 x 16.8 x 23 cm,1299.00 USD (x1),1299.00 USD (x1),https://www.elmachetazo.com/figura-tigre115-x-168-x-23-cm-10900141/p
Hogar,Figura Músico|Dorado,1099.00 USD (x1),1099.00 USD (x1),https://www.elmachetazo.com/figura-musicodorado-10909906/p
Hogar,Macetero|Dorado-Crema,899.00 USD (x1),899.00 USD (x1),https://www.elmachetazo.com/maceterodorado-crema-10954672/p
Hogar,Macetero|Dorado-Crema,499.00 USD (x1),499.00 USD (x1),https://www.elmachetazo.com/maceterodorado-crema-10954673/p
Hogar,Macetero|Dorado-Crema,699.00 USD (x1),699.00 USD (x1),https://www.elmachetazo.com/maceterodorado-crema-10954674/p
Hogar,Florero|Dorado,999.00 USD (x1),999.00 USD (x1),https://www.elmachetazo.com/florerodorado-10954680/p
Hogar,Maquina de Moler Maiz|Tolva Baja,3999.00 USD (x1),3999.00 USD (x1),https://www.elmachetazo.com/maquina-de-moler-maiztolva-baja-10177606/p
Hogar,Olla a Presión|6 L,6399.00 USD (x1),6399.00 USD (x1),https://www.elmachetazo.com/olla-a-presion6-l-10182032/p
Hogar,Molde para Dulce|Redondo|24cm,899.00 USD (x1),899.00 USD (x1),https://www.elmachetazo.com/molde-para-dulceredondo-24-cm-10095019-machetazo/p
Hogar,Sartén Paladium|24cm,1699.00 USD (x1),1699.00 USD (x1),https://www.elmachetazo.com/sarten-paladium-24-cm-10095021-machetazo/p
Hogar,Rallador de Acero|4 Caras|25 cm,899.00 USD (x1),899.00 USD (x1),https://www.elmachetazo.com/rallador-de-acero4-caras25-cm-10792078/p
Hogar,Juego de Vajilla|Estampado|12 Piezas,1899.00 USD (x1),1899.00 USD (x1),https://www.elmachetazo.com/juego-de-vajillaestampado12-piezas-10951403/p
Hogar,Juego de Vajilla|Estampado|12 Piezas,1499.00 USD (x1),1499.00 USD (x1),https://www.elmachetazo.com/juego-de-vajillaestampado12-piezas-10951404/p
Hogar,Juego de Vajilla|Blanco|16 Piezas,2999.00 USD (x1),2999.00 USD (x1),https://www.elmachetazo.com/juego-de-vajillablanco16-piezas-10592479/p
Hogar,Sobrecama|Twin|2 Piezas,899.00 USD (x1),1999.00 USD (x1),https://www.elmachetazo.com/sobrecamatwin2-piezas-10953672/p
Hogar,Sobrecama|Full|3 Piezas,899.00 USD (x1),1999.00 USD (x1),https://www.elmachetazo.com/sobrecamafull3-piezas-10953673/p
Hogar,Sobrecama|King|3 Piezas,899.00 USD (x1),1999.00 USD (x1),https://www.elmachetazo.com/sobrecamaking3-piezas-10953675/p
Hogar,Juego De Ollas Y Utensilios|Rosado|12 Piezas,999.00 USD (x1),1299.00 USD (x1),https://www.elmachetazo.com/juego-de-ollas-y-utensiliosrosado12-piezas-10941422/p
Hogar,Envase Plástico|2 Piezas,299.00 USD (x1),299.00 USD (x1),https://www.elmachetazo.com/envase-plastico2-piezas-10903130/p
Hogar,Cubiertos|16 Piezas,899.00 USD (x1),1499.00 USD (x1),https://www.elmachetazo.com/cubiertos16-piezas-10927826/p
Hogar,Armario Barú Rimax|Gris,9999.00 USD (x1),16999.00 USD (x1),https://www.elmachetazo.com/armario-baru-rimax-gris-10921814-machetazo/p
Hogar,Alfombra y Cortina de Baño,399.00 USD (x1),799.00 USD (x1),https://www.elmachetazo.com/alfombra-y-cortina-de-bano-10942969/p
Hogar,Colchón Semi-Ortopédico Dr.Dream|Queen|,9999.00 USD (x1),20999.00 USD (x1),https://www.elmachetazo.com/colchon-semi-ortopedico-drdreamqueen-10285746/p
Hogar,"Colchón Ortopédico Dr.Dream|Full|⁴⁄₆""",12999.00 USD (x1),23499.00 USD (x1),https://www.elmachetazo.com/colchon-ortopedico-drdreamfull-10094900/p
Hogar,Colchón Imperial Buen Sueño|Twin|¾,7999.00 USD (x1),7999.00 USD (x1),https://www.elmachetazo.com/colchon-imperial-buen-suenotwin-10285749/p
Hogar,"Colchón Imperial Buen Sueño|⁴⁄₆""",9999.00 USD (x1),9999.00 USD (x1),https://www.elmachetazo.com/colchon-imperial-buen-sueno-10918747/p
Hogar,Molde para Hornear Desechable|6 Piezas,199.00 USD (x1),199.00 USD (x1),https://www.elmachetazo.com/molde-para-hornear-desechable6-piezas-10955209/p
Hogar,Molde para Hornear Desechable|6 Piezas,199.00 USD (x1),199.00 USD (x1),https://www.elmachetazo.com/molde-para-hornear-desechable6-piezas-10955212/p
Hogar,Molde para Hornear|Rectangular|4 Piezas,149.00 USD (x1),149.00 USD (x1),https://www.elmachetazo.com/molde-para-hornearrectangular4-piezas-10955210/p
Hogar,Molde para Hornear Desechable|Cuadrado|10 Piezas,249.00 USD (x1),249.00 USD (x1),https://www.elmachetazo.com/molde-para-hornear-desechablecuadrado10-piezas-10955213/p
Hogar,Molde para Hornear Desechable|Cuadrado|3 Piezas,199.00 USD (x1),199.00 USD (x1),https://www.elmachetazo.com/molde-para-hornear-desechablecuadrado3-piezas-10955215/p
Hogar,Bandeja para Hornear|Rectangular,125.00 USD (x1),125.00 USD (x1),https://www.elmachetazo.com/bandeja-para-hornearrectangular-10768569/p
Hogar,Bandeja para Hornear|Circular,149.00 USD (x1),149.00 USD (x1),https://www.elmachetazo.com/bandeja-para-hornearcircular-10900289/p
Hogar,Bandeja para Hornear|Rectangular,169.00 USD (x1),169.00 USD (x1),https://www.elmachetazo.com/bandeja-para-hornearrectangular-10846364/p
Hogar,Bandeja Para Hornear|Rectangular,249.00 USD (x1),249.00 USD (x1),https://www.elmachetazo.com/bandeja-para-hornearrectangular-10900290/p
Hogar,Ambientador para Baño|Flor Cítrica|10 ml |2 Piezas,499.00 USD (x1),499.00 USD (x1),https://www.elmachetazo.com/ambientador-para-banoflor-citrica10-ml-2-piezas-10949436/p
Hogar,Ambientador para Baño|Lavanda|10 ml |2 Piezas,499.00 USD (x1),499.00 USD (x1),https://www.elmachetazo.com/ambientador-para-banolavanda10-ml-2-piezas-10949437/p
Hogar,Ambientador para Baño|Limón Bergamota|10 ml|2 Piezas,499.00 USD (x1),499.00 USD (x1),https://www.elmachetazo.com/ambientador-para-banolimon-bergamota10-ml2-piezas-10949440/p
Hogar,Ambientador para Baño|Salvia Mediterránea|10 ml|2 Piezas,499.00 USD (x1),499.00 USD (x1),https://www.elmachetazo.com/ambientador-para-banosalvia-mediterranea10-ml2-piezas-10949443/p
Hogar,Ambientador para Baño|Ducha Matutina|10 ml|2 Piezas,499.00 USD (x1),499.00 USD (x1),https://www.elmachetazo.com/ambientador-para-banoducha-matutina10-ml2-piezas-10949448/p
Hogar,Ambientador|Black Frost|30 ml,249.00 USD (x1),249.00 USD (x1),https://www.elmachetazo.com/ambientadorblack-frost30-ml-10925660/p
Hogar,Ambientador|Campos de Lavanda|30 ml,249.00 USD (x1),249.00 USD (x1),https://www.elmachetazo.com/ambientadorcampos-de-lavanda30-ml-10856019/p
Hogar,Aceite aromatico|Lino Fresco|30 ml,199.00 USD (x1),199.00 USD (x1),https://www.elmachetazo.com/aceite-aromaticolino-fresco30-ml-10855962/p
Hogar,Aceite Aromatico|Eucalipto|30 ml,199.00 USD (x1),199.00 USD (x1),https://www.elmachetazo.com/aceite-aromaticoeucalipto30-ml-10855972/p
Hogar,Aceite Aromatico|Lavanda Vainilla|30 ml,199.00 USD (x1),199.00 USD (x1),https://www.elmachetazo.com/aceite-aromaticolavanda-vainilla30-ml-10855983/p
Hogar,Aceite Aromatico|Miel Rosa|30 ml,199.00 USD (x1),199.00 USD (x1),https://www.elmachetazo.com/aceite-aromaticomiel-rosa30-ml-10855978/p
Hogar,Ambientador|Cabernet Sauvigñon|30 ml,249.00 USD (x1),249.00 USD (x1),https://www.elmachetazo.com/ambientadorcabernet-sauvignon30-ml-10925661/p
Hogar,Ambientador|Cereza|30 ml,249.00 USD (x1),249.00 USD (x1),https://www.elmachetazo.com/ambientadorcereza30-ml-10925659/p
Hogar,Incienso Talco de Bebe|20 Piezas,149.00 USD (x1),149.00 USD (x1),https://www.elmachetazo.com/incienso-talco-de-bebe20-piezas-10925648/p
Hogar,Incienso Vainilla|20 Piezas,149.00 USD (x1),149.00 USD (x1),https://www.elmachetazo.com/incienso-vainilla20-piezas-10925652/p
Hogar,Aceite Aromatico|Campos de Lavanda|30 ml,199.00 USD (x1),199.00 USD (x1),https://www.elmachetazo.com/aceite-aromaticocampos-de-lavanda30-ml-10855960/p
Hogar,Aceite Aromatico|Jazmin Italiano|30 ml,199.00 USD (x1),199.00 USD (x1),https://www.elmachetazo.com/aceite-aromaticojazmin-italiano30-ml-10855964/p
Hogar,Aceite Aromatico|Cielo de Vainilla|30 ml,199.00 USD (x1),199.00 USD (x1),https://www.elmachetazo.com/aceite-aromaticocielo-de-vainilla30-ml-10855969/p
Hogar,Colchón Flex Relax|Full|¾,9599.00 USD (x1),9599.00 USD (x1),https://www.elmachetazo.com/colchon-flex-relaxfull-10229369/p
Hogar,Box Spring Relax Flex|Twin|¾,9599.00 USD (x1),9599.00 USD (x1),https://www.elmachetazo.com/box-spring-relax-flextwin-10229374/p
Hogar,Box Spring Relax Flex|Full,10999.00 USD (x1),10999.00 USD (x1),https://www.elmachetazo.com/box-spring-relax-flexfull-10229373/p
Hogar,Colchón Twin Flex|Semi-Ortopédico|¾,13999.00 USD (x1),13999.00 USD (x1),https://www.elmachetazo.com/colchon-twin-flexsemi-ortopedico-10228623/p
Hogar,Colchón Full Flex|Semi-Ortopédico,15999.00 USD (x1),15999.00 USD (x1),https://www.elmachetazo.com/colchon-full-flexsemi-ortopedico-10228622/p
Hogar,Colchón Queen Flex|Semi-Ortopédico,19999.00 USD (x1),19999.00 USD (x1),https://www.elmachetazo.com/colchon-queen-flexsemi-ortopedico-10228621/p
Hogar,"Colchón Flex de Resortes para Cuna|27"" x 51.5""",5499.00 USD (x1),5499.00 USD (x1),https://www.elmachetazo.com/cuna-de-resortes27-x-515-10274248/p
Hogar,Canapé Tubular Flex|¾,13999.00 USD (x1),13999.00 USD (x1),https://www.elmachetazo.com/canape-tubular-flex-10230142/p
Hogar,Colchón King Flex Semi-Ortopédico,33499.00 USD (x1),33499.00 USD (x1),https://www.elmachetazo.com/colchon-king-flex-semi-ortopedico-10453790/p
Hogar,Caldero|Tapa Metálica|TYPS20,599.00 USD (x1),899.00 USD (x1),https://www.elmachetazo.com/calderotapa-metalicatyps20-10781985/p
Hogar,Caldero|Tapa de Vidrio|TYPS38G,1699.00 USD (x1),2199.00 USD (x1),https://www.elmachetazo.com/calderotapa-de-vidriotyps38g-10781984/p
Hogar,Caldero|Tapa de Vidrio|TYPS20G,599.00 USD (x1),899.00 USD (x1),https://www.elmachetazo.com/calderotapa-de-vidriotyps20g-10781978/p
Hogar,Caldero|Tapa de Vidrio|TYPS24G,799.00 USD (x1),1099.00 USD (x1),https://www.elmachetazo.com/calderotapa-de-vidriotyps24g-10781979/p
Hogar,Caja de Almacenamiento Sterilite|61L,1299.00 USD (x1),1299.00 USD (x1),https://www.elmachetazo.com/caja-de-almacenamiento-61l-10603166-machetazo/p
Hogar,Juego de Ollas con Tapa|10 Piezas,1699.00 USD (x1),2299.00 USD (x1),https://www.elmachetazo.com/juego-de-ollas-con-tapa-10-piezas-10927328-machetazo/p
Hogar,Juego de Ollas|10 Piezas,1699.00 USD (x1),2299.00 USD (x1),https://www.elmachetazo.com/juego-de-ollas10-piezas-10927329/p
Hogar,Sabana Tamaño Queen|8 Piezas,1499.00 USD (x1),2299.00 USD (x1),https://www.elmachetazo.com/sabana-tamano-queen8-piezas-10916481/p
Hogar,Vasos de Vidrio|16 oz|3 Piezas,199.00 USD (x1),299.00 USD (x1),https://www.elmachetazo.com/vasos-de-vidrio16-oz3-piezas-10927611/p
Hogar,Vasos de Vidrio|16 oz|3 Piezas,199.00 USD (x1),299.00 USD (x1),https://www.elmachetazo.com/vasos-de-vidrio16-oz3-piezas-10927608/p
Hogar,Vasos de Vidrio|16 oz|3 Piezas,199.00 USD (x1),299.00 USD (x1),https://www.elmachetazo.com/vasos-de-vidrio16-oz3-piezas-10927607/p
Hogar,Vasos de Vidrio|12 oz|4 Piezas,199.00 USD (x1),299.00 USD (x1),https://www.elmachetazo.com/vasos-de-vidrio12-oz4-piezas-10927743/p
Hogar,Vasos de Vidrio|12 oz|4 Piezas,199.00 USD (x1),299.00 USD (x1),https://www.elmachetazo.com/vasos-de-vidrio12-oz4-piezas-10927605/p
Hogar,Vasos de Vidrio|12 oz|4 Piezas,199.00 USD (x1),299.00 USD (x1),https://www.elmachetazo.com/vasos-de-vidrio12-oz4-piezas-10927606/p
Hogar,Mesa|Set de 3 Piezas,1499.00 USD (x1),2499.00 USD (x1),https://www.elmachetazo.com/mesaset-de-3-piezas-10937268/p
Hogar,Mueble de Madera,4999.00 USD (x1),7999.00 USD (x1),https://www.elmachetazo.com/mueble-de-madera-10925844/p
Hogar,Estante Tipo Escalera,2999.00 USD (x1),5699.00 USD (x1),https://www.elmachetazo.com/estante-tipo-escalera-10925842/p
Hogar,Mesa de Madera,3499.00 USD (x1),5999.00 USD (x1),https://www.elmachetazo.com/mesa-de-madera-10925854/p
Hogar,Mueble de Madera,6999.00 USD (x1),9999.00 USD (x1),https://www.elmachetazo.com/mueble-de-madera-10925852/p
Hogar,Mueble de Madera,4999.00 USD (x1),9999.00 USD (x1),https://www.elmachetazo.com/mueble-de-madera-10925850/p
Hogar,Mueble de Madera,4999.00 USD (x1),9999.00 USD (x1),https://www.elmachetazo.com/mueble-de-madera-10925849/p
Hogar,Mueble para TV|Acabado Cherry,12999.00 USD (x1),12999.00 USD (x1),https://www.elmachetazo.com/mueble-para-tvacabado-cherry-10925838/p
Hogar,Mesa de Noche,5999.00 USD (x1),5999.00 USD (x1),https://www.elmachetazo.com/mesa-de-noche-10926043/p
Hogar,Lámpara,1699.00 USD (x1),2999.00 USD (x1),https://www.elmachetazo.com/lampara-10925857/p
Hogar,Juego de Sábanas Twin|3 Piezas,699.00 USD (x1),699.00 USD (x1),https://www.elmachetazo.com/juego-de-sabanas-twin3-piezas-10926415/p
Hogar,"Maleta de Viaje|Color Azul Marino|19""",2699.00 USD (x1),2699.00 USD (x1),https://www.elmachetazo.com/maleta-de-viajecolor-azul-marino19-10921691/p
Hogar,"Maleta de Viaje|Color Negro|19""",2499.00 USD (x1),2499.00 USD (x1),https://www.elmachetazo.com/maleta-de-viajecolor-negro19-10748893/p
Hogar,Vajilla Gibson|Palladine|16 Piezas,2999.00 USD (x1),2999.00 USD (x1),https://www.elmachetazo.com/vajilla-gibsonpalladine16-piezas-10905477/p
Hogar,Sillón Reclinable Color Gris Oscuro|793-0036,19999.00 USD (x1),19999.00 USD (x1),https://www.elmachetazo.com/sillon-reclinable-color-gris-oscuro793-0036-10907378/p
Hogar,Sillón Reclinable Color Beige|793-0035,19999.00 USD (x1),19999.00 USD (x1),https://www.elmachetazo.com/sillon-reclinable-color-beige793-0035-10907377/p
Hogar,Cojín Decorativo,299.00 USD (x1),299.00 USD (x1),https://www.elmachetazo.com/cojin-decorativo-10918119/p
Hogar,Cojin Decorativo,299.00 USD (x1),299.00 USD (x1),https://www.elmachetazo.com/cojin-decorativo-10918115/p
Hogar,Caldero|Tapa Metálica|TYPS34,1299.00 USD (x1),1999.00 USD (x1),https://www.elmachetazo.com/calderotapa-metalicatyps34-10781989/p
Hogar,Caldero|Tapa Metálica|TYPS30,1099.00 USD (x1),1699.00 USD (x1),https://www.elmachetazo.com/calderotapa-metalicatyps30-10781988/p
Hogar,Caldero|Tapa Metálica|TYPS26,899.00 USD (x1),1299.00 USD (x1),https://www.elmachetazo.com/calderotapa-metalicatyps26-10781987/p
Hogar,Caldero|Tapa de Vidrio|TYPS30G,1099.00 USD (x1),1499.00 USD (x1),https://www.elmachetazo.com/calderotapa-de-vidriotyps30g-10781981/p
Hogar,Caldero|Tapa de Vidrio|TYPS26G,899.00 USD (x1),1299.00 USD (x1),https://www.elmachetazo.com/calderotapa-de-vidriotyps26g-10781980/p
Hogar,Inflable Navideño Muñeco de Nieve |4',1999.00 USD (x1),2999.00 USD (x1),https://www.elmachetazo.com/inflable-navideno-muneco-de-nieve4-10860777/p
Hogar,Árbol Navideño Artificial Slim |6 Pies,3599.00 USD (x1),4499.00 USD (x1),https://www.elmachetazo.com/arbolito-navideno-artificial-slim-6-pies-10903014/p
Hogar,Inflable Navideño de Santa |4',1999.00 USD (x1),2499.00 USD (x1),https://www.elmachetazo.com/inflable-navideno-de-santa4-10860773/p
Hogar,Inflable Nacimiento Navideño |6',7999.00 USD (x1),9999.00 USD (x1),https://www.elmachetazo.com/inflable-nacimiento-navideno6-10903285/p
Hogar,Árbol Navideño Artificial |8 Pies,4399.00 USD (x1),5499.00 USD (x1),https://www.elmachetazo.com/arbolito-navideno-artificial-8-pies-10903012/p
Hogar,Luz Navideña Brillante Tipo Cascada,499.00 USD (x1),899.00 USD (x1),https://www.elmachetazo.com/luz-navidena-brillante-tipo-cascada-10809579/p
Hogar,Familia de Renos Navideños con Luces |3 Piezas,999.00 USD (x1),4499.00 USD (x1),https://www.elmachetazo.com/familia-de-renos-navidenos3-piezasluces-10903289/p
Hogar,"Adorno Arbol Navideño|Base de Henequen|12""",99.00 USD (x1),199.00 USD (x1),https://www.elmachetazo.com/adorno-arbol-navidenobase-de-henequen12-10903013/p
Hogar,Luces Navideñas Copos de Nieve,199.00 USD (x1),499.00 USD (x1),https://www.elmachetazo.com/luces-navidenas-copos-de-nieve10-luces-10860741/p
Hogar,Bombillos Navideños Transparentes|25 Piezas,899.00 USD (x1),899.00 USD (x1),https://www.elmachetazo.com/bombillos-navidenos-transparentes25piezas-10903009/p
Hogar,Bombillos Transparentes|25 Piezas|UL C9,1699.00 USD (x1),1699.00 USD (x1),https://www.elmachetazo.com/bombillos-transparentes-25-piezas-ul-c9-10903008/p
Hogar,Molde para Cupcake Mediano 100ml|100 Piezas,399.00 USD (x1),399.00 USD (x1),https://www.elmachetazo.com/molde-para-cupcake-mediano-100ml100-piezas-10911320/p
Hogar,Molde Grande para Cupcake 140ml|100 Piezas,475.00 USD (x1),475.00 USD (x1),https://www.elmachetazo.com/molde-grande-para-cupcake-140ml100-piezas-10911321/p
Hogar,Caja de Almacenamiento Sterilite|24L,799.00 USD (x1),799.00 USD (x1),https://www.elmachetazo.com/caja-de-almacenamiento-24l-sterilite-10603164-machetazo/p
Hogar,Figura Navideña Decorativa|Reno|40cm,899.00 USD (x1),1499.00 USD (x1),https://www.elmachetazo.com/figura-navidena-decorativareno40cm-10859572/p
Hogar,Figura Navideña Decorativa|Muñeco de Nieve|57cm,699.00 USD (x1),1699.00 USD (x1),https://www.elmachetazo.com/figura-navidena-decorativamuneco-de-nieve57cm-10859568/p
Hogar,Figura Navideña Decorativa|Muñeco de Nieve|57cm,899.00 USD (x1),1299.00 USD (x1),https://www.elmachetazo.com/figura-navidena-decorativamuneco-de-nieve57cm-10859567/p
Hogar,Figura Navideña Decorativa|Santa|68cm,499.00 USD (x1),1299.00 USD (x1),https://www.elmachetazo.com/figura-navidena-decorativasanta68cm-10859565/p
Hogar,Cojin Navideño,299.00 USD (x1),1299.00 USD (x1),https://www.elmachetazo.com/cojin-navideno-10859664/p
Hogar,Porta Vela Navideño,299.00 USD (x1),999.00 USD (x1),https://www.elmachetazo.com/porta-vela-navideno-10859478/p
Hogar,Velas para Corona de Adviento,149.00 USD (x1),149.00 USD (x1),https://www.elmachetazo.com/velas-para-corona-de-adviento-10825522/p
Hogar,Adorno Regalo Navideño|9.5cm,299.00 USD (x1),299.00 USD (x1),https://www.elmachetazo.com/adorno-regalo-navideno95cm-10859724/p
Hogar,Regalo Navideño 9.5cm,99.00 USD (x1),299.00 USD (x1),https://www.elmachetazo.com/regalo-navideno-95cm-10859721/p
Hogar,Regalo Navideño|14cm,199.00 USD (x1),599.00 USD (x1),https://www.elmachetazo.com/regalo-navideno14cm-10859719/p
Hogar,Arbolito con Luz|20cm|Batería,199.00 USD (x1),599.00 USD (x1),https://www.elmachetazo.com/arbolito-con-luz20cmbateria-10859713/p
Hogar,Arbolito con Luz|30cm|Batería,599.00 USD (x1),599.00 USD (x1),https://www.elmachetazo.com/arbolito-con-luz30cmbateria-10859712/p
Hogar,Gorro Navideño y Bufanda de Mascota,99.00 USD (x1),399.00 USD (x1),https://www.elmachetazo.com/gorro-navideno-y-bufanda-de-mascota-10859710/p
Hogar,Gnomo Navideño|48cm,499.00 USD (x1),1099.00 USD (x1),https://www.elmachetazo.com/gnomo-navideno48cm-10859612/p
Hogar,Cojin Navideño Santa|36x36x13cm,499.00 USD (x1),1699.00 USD (x1),https://www.elmachetazo.com/cojin-navideno-santa36x36x13cm-10859607/p
Hogar,Gnomo Navideño|8cm,199.00 USD (x1),699.00 USD (x1),https://www.elmachetazo.com/gnomo-navideno8cm-10859604/p
Hogar,Figura Navideña|Santa|16cm,49.00 USD (x1),349.00 USD (x1),https://www.elmachetazo.com/figura-navidenasanta16cm-10859598/p
Hogar,Letrero Navideño Luces LED,399.00 USD (x1),1299.00 USD (x1),https://www.elmachetazo.com/letrero-navideno-luces-led-10859481/p
Hogar,Falda Navideña|116x116cm,499.00 USD (x1),1999.00 USD (x1),https://www.elmachetazo.com/falda-navidena116x116cm-10859651/p
Hogar,Falda Navideña|122x122cm,699.00 USD (x1),2299.00 USD (x1),https://www.elmachetazo.com/falda-navidena122x122cm-10859631/p
Hogar,Santa Navideño Musical|40.5cm,499.00 USD (x1),1999.00 USD (x1),https://www.elmachetazo.com/santa-navideno-musical405cm-10859629/p
Hogar,Gnomo Navideño|8cm,199.00 USD (x1),399.00 USD (x1),https://www.elmachetazo.com/gnomo-navideno8cm-10859625/p
Hogar,Figura Navideña Decorativa|Muñeco de Nieve|31cm,99.00 USD (x1),599.00 USD (x1),https://www.elmachetazo.com/figura-navidena-decorativamuneco-de-nieve31cm-10859564/p
Hogar,Figura Navideña Decorativa|Santa|37cm,99.00 USD (x1),599.00 USD (x1),https://www.elmachetazo.com/figura-navidena-decorativasanta37cm-10859563/p
Hogar,Ornamento Navideño Colgante|Muñeco de Nieve,99.00 USD (x1),299.00 USD (x1),https://www.elmachetazo.com/ornamento-navideno-colgantemuneco-de-nieve-10859562/p
Hogar,Ornamento Navideño Colgante|Santa,49.00 USD (x1),299.00 USD (x1),https://www.elmachetazo.com/ornamento-navideno-colgantesanta-10859561/p
Hogar,Figura Decorativa|Reno Musical|32cm,499.00 USD (x1),1999.00 USD (x1),https://www.elmachetazo.com/figura-decorativareno-musical32cm-10859542/p
Hogar,Porta Vela Navideño,699.00 USD (x1),1299.00 USD (x1),https://www.elmachetazo.com/porta-vela-navideno-10859496/p
Hogar,Porta Vela Navideño,299.00 USD (x1),1199.00 USD (x1),https://www.elmachetazo.com/porta-vela-navideno-10859474/p
Hogar,Porta Vela Navideño,99.00 USD (x1),599.00 USD (x1),https://www.elmachetazo.com/porta-vela-navideno-10859459/p
Hogar,Corona Navideña con Porta Vela,699.00 USD (x1),1099.00 USD (x1),https://www.elmachetazo.com/corona-navidena-con-porta-vela-10859458/p
Hogar,Gorro Navideño para Mascota,99.00 USD (x1),199.00 USD (x1),https://www.elmachetazo.com/gorro-navideno-para-mascota-10859709/p
Hogar,Cascanueces|30cm,999.00 USD (x1),1199.00 USD (x1),https://www.elmachetazo.com/cascanueces30cm-10859695/p
Hogar,Cascanueces|30cm,1499.00 USD (x1),1499.00 USD (x1),https://www.elmachetazo.com/cascanueces30cm-10859693/p
Hogar,Taza Navideña|11oz,49.00 USD (x1),199.00 USD (x1),https://www.elmachetazo.com/taza-navidena11oz-10859665/p
Hogar,Taza Navideña|11oz,49.00 USD (x1),199.00 USD (x1),https://www.elmachetazo.com/taza-navidena11oz-10778163/p
Hogar,Figura Navideña|Santa|65cm,499.00 USD (x1),1299.00 USD (x1),https://www.elmachetazo.com/figura-navidenasanta65cm-10859587/p
Hogar,Ornamento de Santa para Arbolito,49.00 USD (x1),299.00 USD (x1),https://www.elmachetazo.com/ornamento-de-santa-para-arbolito-10859585/p
Hogar,Relleno de Muñeco de Nieve|43cm,199.00 USD (x1),599.00 USD (x1),https://www.elmachetazo.com/relleno-de-muneco-de-nieve43cm-10859582/p
Hogar,Relleno de Santa|52cm,199.00 USD (x1),599.00 USD (x1),https://www.elmachetazo.com/relleno-de-santa52cm-10859581/p
Hogar,Santa Navideño|67cm,499.00 USD (x1),1999.00 USD (x1),https://www.elmachetazo.com/santa-navideno67cm-10859579/p
Hogar,Base para Árbol de 6 pies,1099.00 USD (x1),1099.00 USD (x1),https://www.elmachetazo.com/base-para-arbol-de-6-pies-10580448/p
Hogar,Árbol de Navidad 7 Pies|500 Luces,15999.00 USD (x1),15999.00 USD (x1),https://www.elmachetazo.com/arbol-de-navidad-7-pies500-luces-10784116/p
Hogar,Alfombra Navideña|43x71cm,1099.00 USD (x1),1099.00 USD (x1),https://www.elmachetazo.com/alfombra-navidena43x71cm-10784110/p
Hogar,Alfombra Navideña|43x71cm,1099.00 USD (x1),1099.00 USD (x1),https://www.elmachetazo.com/alfombra-navidena43x71cm-10784108/p
Hogar,Adorno Colgante Navideño,100.00 USD (x1),100.00 USD (x1),https://www.elmachetazo.com/adorno-colgante-navideno-10731910/p
Hogar,Adorno Navideño,125.00 USD (x1),125.00 USD (x1),https://www.elmachetazo.com/adorno-navideno-10684916/p
Hogar,Adorno Colgante Navideño,195.00 USD (x1),195.00 USD (x1),https://www.elmachetazo.com/adorno-colgante-navideno-10731888/p
Hogar,Adorno Colgante Navideño,199.00 USD (x1),199.00 USD (x1),https://www.elmachetazo.com/adorno-colgante-navideno-10731880/p
Hogar,Adorno Colgante Navideño,299.00 USD (x1),299.00 USD (x1),https://www.elmachetazo.com/adorno-colgante-navideno-10731797/p
Hogar,Adorno Colgante Navideño 2 Piezas,269.00 USD (x1),269.00 USD (x1),https://www.elmachetazo.com/adorno-colgante-navideno-2-piezas-10731796/p
Hogar,Villa Navideña Aldeanos|13cm,2499.00 USD (x1),2499.00 USD (x1),https://www.elmachetazo.com/villa-navidena-aldeanos13cm-10172472/p
Hogar,Villa Navideña Juego Nacimiento 15cm|11 Piezas,2499.00 USD (x1),2499.00 USD (x1),https://www.elmachetazo.com/villa-navidena-juego-nacimiento-15cm11-piezas-10331028/p
Hogar,Villa Navideña Accesorios Decorativos|23cm|2 Piezas,1699.00 USD (x1),1699.00 USD (x1),https://www.elmachetazo.com/villa-navidena-accesorios-decorativos23cm2-piezas-10126917/p
Hogar,Poinsetia Negra,225.00 USD (x1),225.00 USD (x1),https://www.elmachetazo.com/poinsetia-negra-10669002/p
Hogar,Relleno Decorativo Navidad,295.00 USD (x1),295.00 USD (x1),https://www.elmachetazo.com/relleno-decorativo-navidad-10625431/p
Hogar,Mini Luces Navideñas|100 Color Verde,395.00 USD (x1),395.00 USD (x1),https://www.elmachetazo.com/mini-luces-navidenas100-color-verde-10321557/p
Hogar,Mini Luces Navideñas|100 Color Azul,395.00 USD (x1),395.00 USD (x1),https://www.elmachetazo.com/mini-luces-navidenas100-color-azul-10321554/p
Hogar,Base para Árbol|12 pies,5999.00 USD (x1),5999.00 USD (x1),https://www.elmachetazo.com/base-para-arbol12-pies-10580450/p
Hogar,Adorno Colgante Navideño,150.00 USD (x1),150.00 USD (x1),https://www.elmachetazo.com/adorno-colgante-navideno-10731790/p
Hogar,Adorno Colgante Navideño,125.00 USD (x1),125.00 USD (x1),https://www.elmachetazo.com/adorno-colgante-navideno-10686944/p
Hogar,Adorno Colgante Navideño,125.00 USD (x1),125.00 USD (x1),https://www.elmachetazo.com/adorno-colgante-navideno-10686937/p
Hogar,Villa Navideña Pastor y Ovejas 15cm|5 Piezas,1999.00 USD (x1),1999.00 USD (x1),https://www.elmachetazo.com/villa-navidena-pastor-y-ovejas-15cm5-piezas-10331030/p
Hogar,"Villa Navideña Aldeanos|8.25""",9999.00 USD (x1),9999.00 USD (x1),https://www.elmachetazo.com/villa-navidena-aldeanos825-10778093/p
Hogar,"Villa Navideña Nacimiento 8""|11 Piezas",7499.00 USD (x1),7499.00 USD (x1),https://www.elmachetazo.com/villa-navidena-nacimiento-811-piezas-10778086/p
Hogar,"Juego de Aldeanos 6""|3 Piezas",2499.00 USD (x1),2499.00 USD (x1),https://www.elmachetazo.com/juego-de-aldeanos-63-piezas-10728856/p
Hogar,Villa Navideña Barriles 12cm|2 Piezas,2999.00 USD (x1),2999.00 USD (x1),https://www.elmachetazo.com/villa-navidena-barriles-12cm2-piezas-10728852/p
Hogar,Villa Navideña Aldeanos 13cm|2 Piezas,1699.00 USD (x1),1699.00 USD (x1),https://www.elmachetazo.com/villa-navidena-aldeanos-13cm2-piezas-10505358/p
Hogar,Villa Navideña Ovejas 8cm|4 Piezas,699.00 USD (x1),699.00 USD (x1),https://www.elmachetazo.com/villa-navidena-ovejas-8cm4-piezas-10505334/p
Hogar,Villa Navideña Nacimiento 11.5cm|11 Piezas,3499.00 USD (x1),3499.00 USD (x1),https://www.elmachetazo.com/villa-navidena-nacimiento-115cm11-piezas-10054720/p
Hogar,Villa Navideña Sagrada Familia|19cm,2299.00 USD (x1),2299.00 USD (x1),https://www.elmachetazo.com/villa-navidena-sagrada-familia19cm-10133246/p
Hogar,Villa Navideña Nacimiento 9cm|10 Piezas,4999.00 USD (x1),4999.00 USD (x1),https://www.elmachetazo.com/villa-navidena-nacimiento-9cm10-piezas-10505406/p
Hogar,Ardilla Navideña Decorativa|15x9x25cm,2999.00 USD (x1),2999.00 USD (x1),https://www.elmachetazo.com/ardilla-navidena-decorativa15x9x25cm-10778191/p
Hogar,Árbol Navideño 30-40-50cm|3 Piezas,2999.00 USD (x1),2999.00 USD (x1),https://www.elmachetazo.com/arbol-navideno-30-40-50cm3-piezas-10778189/p
Hogar,Santa con Grabadora|15x15x28cm,4999.00 USD (x1),4999.00 USD (x1),https://www.elmachetazo.com/santa-con-grabadora15x15x28cm-10778069/p
Hogar,Hombre de Nieve con Música|15x10x30cm,3999.00 USD (x1),3999.00 USD (x1),https://www.elmachetazo.com/hombre-de-nieve-con-musica15x10x30cm-10778067/p
Hogar,Cono Decorativo Navideño|9x9x27cm,1099.00 USD (x1),1099.00 USD (x1),https://www.elmachetazo.com/cono-decorativo-navideno9x9x27cm-10778219/p
Hogar,Decoración Navideña Cono|12x12x50cm,1699.00 USD (x1),1699.00 USD (x1),https://www.elmachetazo.com/decoracion-navidena-cono12x12x50cm-10778218/p
Hogar,Hombre de Nieve|38cm,2999.00 USD (x1),2999.00 USD (x1),https://www.elmachetazo.com/hombre-de-nieve38cm-10778099/p
Hogar,Hombre de Nieve|13.5x8cm,1999.00 USD (x1),1999.00 USD (x1),https://www.elmachetazo.com/hombre-de-nieve135x8cm-10778078/p
Hogar,Árbol Decorativo de Mesa|13x13x40cm,2499.00 USD (x1),2499.00 USD (x1),https://www.elmachetazo.com/arbol-decorativo-de-mesa13x13x40cm-10778275/p
Hogar,Figura de Santa con Luz Led 25.5x12.5x36cm,4999.00 USD (x1),4999.00 USD (x1),https://www.elmachetazo.com/figura-de-santa-con-luz-led-255x125x36cm-10778269/p
Hogar,Hombre de Nieve|54cm,3499.00 USD (x1),3499.00 USD (x1),https://www.elmachetazo.com/hombre-de-nieve54cm-10778122/p
Hogar,Bota Navideña|22x50cm,1999.00 USD (x1),1999.00 USD (x1),https://www.elmachetazo.com/bota-navidena22x50cm-10778118/p
Hogar,Bota Navideña|50cm,1999.00 USD (x1),1999.00 USD (x1),https://www.elmachetazo.com/bota-navidena50cm-10778108/p
Hogar,Adorno Colgante|30cm,1499.00 USD (x1),1499.00 USD (x1),https://www.elmachetazo.com/adorno-colgante30cm-10778106/p
Hogar,Hombre de Nieve|53cm,3499.00 USD (x1),3499.00 USD (x1),https://www.elmachetazo.com/hombre-de-nieve53cm-10778103/p
Hogar,Santa Decorativo Navideño|53cm,3499.00 USD (x1),3499.00 USD (x1),https://www.elmachetazo.com/santa-decorativo-navideno53cm-10778102/p
Hogar,Hombre de Nieve|50cm,2699.00 USD (x1),2699.00 USD (x1),https://www.elmachetazo.com/hombre-de-nieve50cm-10778101/p
Hogar,Santa Decorativo Navideño|50cm,2699.00 USD (x1),2699.00 USD (x1),https://www.elmachetazo.com/santa-decorativo-navideno50cm-10778100/p
Hogar,Camino de Mesa Plateado|32×180cm,599.00 USD (x1),599.00 USD (x1),https://www.elmachetazo.com/camino-de-mesa-plateado32180cm-10778288/p
Hogar,Mantel Plástico Navideño|140×180cm,1699.00 USD (x1),1699.00 USD (x1),https://www.elmachetazo.com/mantel-plastico-navideno140180cm-10779207/p
Hogar,Cajas de Regalo Decorativas|3 Piezas,4999.00 USD (x1),4999.00 USD (x1),https://www.elmachetazo.com/cajas-de-regalo-decorativas3-piezas-10778285/p
Hogar,Cajas de Regalo Decorativas|3 Piezas,3999.00 USD (x1),3999.00 USD (x1),https://www.elmachetazo.com/cajas-de-regalo-decorativas3-piezas-10778284/p
Hogar,Árbol NavideñoDecorativo|39cm,999.00 USD (x1),999.00 USD (x1),https://www.elmachetazo.com/arbol-navidenodecorativo39cm-10778187/p
Hogar,"Hombre de Nieve 20x25x40""",3299.00 USD (x1),3299.00 USD (x1),https://www.elmachetazo.com/hombre-de-nieve-20x25x40-10778216/p
Hogar,"Decoración Navideña Cono 15x15x63""",2499.00 USD (x1),2499.00 USD (x1),https://www.elmachetazo.com/decoracion-navidena-cono-15x15x63-10778213/p
Hogar,Porta Vela Navideño Diámetro|11X15cm,1699.00 USD (x1),1699.00 USD (x1),https://www.elmachetazo.com/porta-vela-navideno-diametro11x15cm-10778209/p
Hogar,Porta Vela Navideño Diámetro|13x18cm,1999.00 USD (x1),1999.00 USD (x1),https://www.elmachetazo.com/porta-vela-navideno-diametro13x18cm-10778208/p
Hogar,Decoración Navideña Santa|38cm,2699.00 USD (x1),2699.00 USD (x1),https://www.elmachetazo.com/decoracion-navidena-santa38cm-10778098/p
Hogar,"Cojin Decorativo Navideño|14x14""",2499.00 USD (x1),2499.00 USD (x1),https://www.elmachetazo.com/cojin-decorativo-navideno14x14-10778079/p
Hogar,Vela Navideña|7.5x7.5cm,299.00 USD (x1),299.00 USD (x1),https://www.elmachetazo.com/vela-navidena75x75cm-10778658/p
Hogar,Árbol Navideño de Mesa|16x16x50cm,3499.00 USD (x1),3499.00 USD (x1),https://www.elmachetazo.com/arbol-navideno-de-mesa16x16x50cm-10778273/p
Hogar,Juego Decorativo para Auto|3 Piezas,799.00 USD (x1),799.00 USD (x1),https://www.elmachetazo.com/juego-decorativo-para-auto3-piezas-10737944/p
Hogar,Bandeja Navideña|Diseño Santa|48.5x29x2.5cm,899.00 USD (x1),899.00 USD (x1),https://www.elmachetazo.com/bandeja-navidenadiseno-santa485x29x25cm-10778180/p
Hogar,Bombonera Navideña|11.2x18.5cm,1299.00 USD (x1),1299.00 USD (x1),https://www.elmachetazo.com/bombonera-navidena112x185cm-10778170/p
Hogar,Bombonera Navideña|11.2x19.2cm,1299.00 USD (x1),1299.00 USD (x1),https://www.elmachetazo.com/bombonera-navidena112x192cm-10778168/p
Hogar,Plato Navideño|4 Piezas,1599.00 USD (x1),1599.00 USD (x1),https://www.elmachetazo.com/plato-navideno4-piezas-10778167/p
Hogar,Flor Navideña|21x40cm,699.00 USD (x1),699.00 USD (x1),https://www.elmachetazo.com/flor-navidena21x40cm-10779205/p
Hogar,Porta Vela Navideño|25cm,1699.00 USD (x1),1699.00 USD (x1),https://www.elmachetazo.com/porta-vela-navideno25cm-10778040/p
Hogar,Falda para Arbol Navideño|120cm,999.00 USD (x1),999.00 USD (x1),https://www.elmachetazo.com/falda-para-arbol-navideno120cm-10778298/p
Hogar,Individual Set de 4 Piezas|30x40cm,899.00 USD (x1),899.00 USD (x1),https://www.elmachetazo.com/individual-set-de-4-piezas30x40cm-10778297/p
Hogar,Falda Navideña para Arbol|122cm,4999.00 USD (x1),4999.00 USD (x1),https://www.elmachetazo.com/falda-navidena-para-arbol122cm-10778143/p
Hogar,Figura Decorativa Santa Claus|30.5cm,1999.00 USD (x1),1999.00 USD (x1),https://www.elmachetazo.com/figura-decorativa-santa-claus305cm-10778139/p
Hogar,Árbol Hombre de Nieve|21cm,3499.00 USD (x1),3499.00 USD (x1),https://www.elmachetazo.com/arbol-hombre-de-nieve21cm-10778126/p
Hogar,Hombre de Nieve|20x10cm,3999.00 USD (x1),3999.00 USD (x1),https://www.elmachetazo.com/hombre-de-nieve20x10cm-10778075/p
Hogar,Individuales 30×40cm|Set de 4 Piezas,899.00 USD (x1),899.00 USD (x1),https://www.elmachetazo.com/individuales-3040cmset-de-4-piezas-10778293/p
Hogar,Cojín Navideño|45x45cm,1999.00 USD (x1),1999.00 USD (x1),https://www.elmachetazo.com/cojin-navideno45x45cm-10778124/p
Hogar,Camino de Mesa Dorado|32×180cm,999.00 USD (x1),999.00 USD (x1),https://www.elmachetazo.com/camino-de-mesa-dorado32180cm-10778291/p
Hogar,Árbol Navideño Decorativo|50cm,1999.00 USD (x1),1999.00 USD (x1),https://www.elmachetazo.com/arbol-navideno-decorativo50cm-10778188/p
Hogar,Hombre de Nieve|30x15x25cm,2499.00 USD (x1),2499.00 USD (x1),https://www.elmachetazo.com/hombre-de-nieve30x15x25cm-10778222/p
Hogar,Decoración Navideña Santa|12x12x49cm,2499.00 USD (x1),2499.00 USD (x1),https://www.elmachetazo.com/decoracion-navidena-santa12x12x49cm-10778221/p
Hogar,Decoración Navideña Santa 15x15x61cm,3499.00 USD (x1),3499.00 USD (x1),https://www.elmachetazo.com/decoracion-navidena-santa-15x15x61cm-10778220/p
Hogar,"Hombre de Nieve 15x8x45""",1999.00 USD (x1),1999.00 USD (x1),https://www.elmachetazo.com/hombre-de-nieve-15x8x45-10778217/p
Hogar,"Adorno Colgante Navideño|9X6""",699.00 USD (x1),699.00 USD (x1),https://www.elmachetazo.com/adorno-colgante-navideno9x6-10778082/p
Hogar,"Adorno Colgante Navideño|9x6""",699.00 USD (x1),699.00 USD (x1),https://www.elmachetazo.com/adorno-colgante-navideno9x6-10778081/p
Hogar,Vela Aromática Navideña|Canela|10cm,399.00 USD (x1),399.00 USD (x1),https://www.elmachetazo.com/vela-aromatica-navidenacanela10cm-10778010/p
Hogar,Vela LED|Set 6 Piezas,499.00 USD (x1),499.00 USD (x1),https://www.elmachetazo.com/vela-ledset-6-piezas-10669886/p
Hogar,Porta Vela Navideño 60cm,4499.00 USD (x1),4499.00 USD (x1),https://www.elmachetazo.com/porta-vela-navideno-60cm-10778062/p
Hogar,Porta Vela Navideño|60cm,4499.00 USD (x1),4499.00 USD (x1),https://www.elmachetazo.com/porta-vela-navideno60cm-10778047/p
Hogar,Flor Navideña Decorativa|72.5cm,399.00 USD (x1),399.00 USD (x1),https://www.elmachetazo.com/flor-navidena-decorativa725cm-10778045/p
Hogar,Rama Navideña Decorativa|64cm,899.00 USD (x1),899.00 USD (x1),https://www.elmachetazo.com/rama-navidena-decorativa64cm-10778034/p
Hogar,Figura de Santa Decorativo|30.5cm,1999.00 USD (x1),1999.00 USD (x1),https://www.elmachetazo.com/figura-de-santa-decorativo305cm-10778146/p
Hogar,Figura Hombre de Nieve|30cm,3999.00 USD (x1),3999.00 USD (x1),https://www.elmachetazo.com/figura-hombre-de-nieve30cm-10778128/p
Hogar,Figura Navideña Santa|30cm,3999.00 USD (x1),3999.00 USD (x1),https://www.elmachetazo.com/figura-navidena-santa30cm-10778127/p
Hogar,Decoración Navideña Cono|40cm,4999.00 USD (x1),4999.00 USD (x1),https://www.elmachetazo.com/decoracion-navidena-cono40cm-10779514/p
Hogar,Falda para Arbol Navideño|122cm,1699.00 USD (x1),1699.00 USD (x1),https://www.elmachetazo.com/falda-para-arbol-navideno122cm-10778294/p
Hogar,Árbol Navideño Santa|21cm,2999.00 USD (x1),2999.00 USD (x1),https://www.elmachetazo.com/arbol-navideno-santa21cm-10778125/p
Hogar,Jarra Medidora Imusa,899.00 USD (x1),899.00 USD (x1),https://www.elmachetazo.com/jarra-medidora-imusa-10548385/p
Hogar,Jarra Chocolatera|1L,799.00 USD (x1),799.00 USD (x1),https://www.elmachetazo.com/jarra-chocolatera-1-litro-10814136-machetazo/p
Hogar,Comforter Queen Joanne|Set de 4 Piezas|Texturizado,3999.00 USD (x1),3999.00 USD (x1),https://www.elmachetazo.com/comforter-queen-joanneset-de-4-piezastexturizado-10862283/p
Hogar,Cortina Infantil 54x90,799.00 USD (x1),799.00 USD (x1),https://www.elmachetazo.com/cortina-infantil-54x90-10862562/p
Hogar,Cortina Infantil 54x90,799.00 USD (x1),799.00 USD (x1),https://www.elmachetazo.com/cortina-infantil-54x90-10862560/p
Hogar,Molde de Metal Mediano,899.00 USD (x1),899.00 USD (x1),https://www.elmachetazo.com/molde-de-metal-mediano-10785806/p
Hogar,Molde de Metal Cuadrado Gris,799.00 USD (x1),799.00 USD (x1),https://www.elmachetazo.com/molde-de-metal--cuadrado-gris-10785801/p
Hogar,Molde de 3 Piezas Gris,1699.00 USD (x1),1699.00 USD (x1),https://www.elmachetazo.com/molde-de-3-piezas-gris-10785814/p
Hogar,Molde de Metal Grande con Relieve,899.00 USD (x1),899.00 USD (x1),https://www.elmachetazo.com/molde-de-metal-grande-con-relieve-10785809/p
Hogar,Bola Navideña Roja Escarchada |20cm,499.00 USD (x1),499.00 USD (x1),https://www.elmachetazo.com/adorno-navideno-esfera-escarchada-20cm-10813215-machetazo/p
Hogar,Bola Navideña Roja Brillante |20cm,599.00 USD (x1),599.00 USD (x1),https://www.elmachetazo.com/adorno-navideno-esfera-brillante-20cm-10813205-machetazo/p
Hogar,Esfera Navideña Escarchada Roja|15cm,249.00 USD (x1),249.00 USD (x1),https://www.elmachetazo.com/esfera-navidena-escarchada-roja15cm-10813203/p
Hogar,Silla Rimax Modelo Eterna|Color Wengué,1199.00 USD (x1),1199.00 USD (x1),https://www.elmachetazo.com/silla-rimax-modelo-eterna-color-wengue-10825978-machetazo/p
Hogar,Silla con Brazo Modelo Baru|Color Wengue,1799.00 USD (x1),1799.00 USD (x1),https://www.elmachetazo.com/silla-con-brazo-modelo-barucolor-wengue-10859324/p
Hogar,Silla Rimax Modelo Barú|Color Mocca,1799.00 USD (x1),1799.00 USD (x1),https://www.elmachetazo.com/silla-con-brazo-modelo-baru-color-mocca-10859322-machetazo/p
Hogar,Silla con Brazo Modelo Baru|Color Gris,1799.00 USD (x1),1799.00 USD (x1),https://www.elmachetazo.com/silla-con-brazo-modelo-barucolor-gris-10859151/p
Hogar,Gabinete para Baño con Espejo|Blanco,2499.00 USD (x1),2499.00 USD (x1),https://www.elmachetazo.com/gabinete-para-bano-con-espejo-blanco-10748875/p
Hogar,Esquinero de Baño Rimax|Blanco,349.00 USD (x1),349.00 USD (x1),https://www.elmachetazo.com/esquinero-de-bano-rimax-blanco-10798554-machetazo/p
Hogar,Armario Grande Rattan|Color Wengué,11999.00 USD (x1),11999.00 USD (x1),https://www.elmachetazo.com/armario-grande-rattan-color-wengue-10799728-machetazo/p
Hogar,Armario Grande Barú Rimax|Gris,11999.00 USD (x1),11999.00 USD (x1),https://www.elmachetazo.com/armario-grande-baru-rimax-gris-10799725-machetazo/p
Hogar,"Toalla de Baño LOL 24""x40""",399.00 USD (x1),399.00 USD (x1),https://www.elmachetazo.com/toalla-de-bano-lol-24x40-10866814/p
Hogar,"Toalla de Baño Hot Wheels 24""x40""",399.00 USD (x1),399.00 USD (x1),https://www.elmachetazo.com/toalla-de-bano-hot-wheels-24x40-10866812/p
Hogar,"Toalla de Baño Barbie 24""x42""",399.00 USD (x1),399.00 USD (x1),https://www.elmachetazo.com/toalla-de-bano-barbie-24x42-10866811/p
Hogar,"Toalla de Baño Spiderman 24""x40""",399.00 USD (x1),399.00 USD (x1),https://www.elmachetazo.com/toalla-de-bano-spiderman-24x40-10866831/p
Hogar,"Toalla de Baño Minnie 24""x40""",399.00 USD (x1),399.00 USD (x1),https://www.elmachetazo.com/toalla-de-bano-minnie-24x40-10866821/p
Hogar,"Toalla de Baño Ligthyear 24""x40""",399.00 USD (x1),399.00 USD (x1),https://www.elmachetazo.com/toalla-de-bano-ligthyear-24x40-10866819/p
Hogar,Sabana Full Set de 4 Piezas,1499.00 USD (x1),1499.00 USD (x1),https://www.elmachetazo.com/sabana-full-set-de-4-piezas-10862646/p
Hogar,Sabana Full Set de 4 Piezas,1499.00 USD (x1),1499.00 USD (x1),https://www.elmachetazo.com/sabana-full-set-de-4-piezas-10862668/p
Hogar,Cortina Infantil Castillos y Unicornios 54x90'',799.00 USD (x1),799.00 USD (x1),https://www.elmachetazo.com/cortina-infantil-castillos-y-unicornios-54x90-10862567/p
Hogar,Sabana Twin Set de 3 Piezas,1299.00 USD (x1),1299.00 USD (x1),https://www.elmachetazo.com/sabana-twin-set-de-3-piezas-10862666/p
Hogar,Sabana Full Set de 4 Piezas,1499.00 USD (x1),1499.00 USD (x1),https://www.elmachetazo.com/sabana-full-set-de-4-piezas-10862663/p
Hogar,Sabana Twin Set de 3 Piezas,1299.00 USD (x1),1299.00 USD (x1),https://www.elmachetazo.com/sabana-twin-set-de-3-piezas-10862662/p
Hogar,Sabana Full Set de 4 Piezas,1499.00 USD (x1),1499.00 USD (x1),https://www.elmachetazo.com/sabana-full-set-de-4-piezas-10862660/p
Hogar,Sabana Full Set de 4 Piezas,1499.00 USD (x1),1499.00 USD (x1),https://www.elmachetazo.com/sabana-full-set-de-4-piezas-10862658/p
Hogar,Sabana Twin Set de 3 Piezas,1299.00 USD (x1),1299.00 USD (x1),https://www.elmachetazo.com/sabana-twin-set-de-3-piezas-10862656/p
Hogar,Sabana Full Set de 4 Piezas,1499.00 USD (x1),1499.00 USD (x1),https://www.elmachetazo.com/sabana-full-set-de-4-piezas-10862654/p
Hogar,Frasco de Vidrio 600 ml,599.00 USD (x1),599.00 USD (x1),https://www.elmachetazo.com/frasco-de-vidrio-600-ml-10853112/p
Hogar,Cortador de Galletas Set de 5 piezas,499.00 USD (x1),499.00 USD (x1),https://www.elmachetazo.com/cortador-de-galletas-set-de-5-piezas-10853091/p
Hogar,Pesa de Cocina 45x20x35cm,699.00 USD (x1),699.00 USD (x1),https://www.elmachetazo.com/pesa-de-cocina--45x20x35cm-10846366/p
Hogar,"Molde para Hornear Antiadherente 9""",699.00 USD (x1),699.00 USD (x1),https://www.elmachetazo.com/molde-para-hornear-antiadherente-9-10787317/p
Hogar,Utensilio de Cocina 28x3cm,349.00 USD (x1),349.00 USD (x1),https://www.elmachetazo.com/utensilio-de-cocina--28x3cm-10777097/p
Hogar,Molde para Hornear 7.5x3cm,1299.00 USD (x1),1299.00 USD (x1),https://www.elmachetazo.com/molde-para-hornear--75x3cm-10772047/p
Hogar,Cuchillo y Tabla de Picar|Set 5 Piezas,699.00 USD (x1),699.00 USD (x1),https://www.elmachetazo.com/cuchillo-y-tabla-de-picarset-5-piezas-10817097/p
Hogar,Banco Plástico Infantil,299.00 USD (x1),299.00 USD (x1),https://www.elmachetazo.com/banco-plastico-infantil-10799138/p
Hogar,Envase de Vidrio,269.00 USD (x1),269.00 USD (x1),https://www.elmachetazo.com/envase-de-vidrio-10858178/p
Hogar,Envase de Vidrio 370ml,199.00 USD (x1),199.00 USD (x1),https://www.elmachetazo.com/envase-de-vidrio-370ml-10858177/p
Hogar,Envase de Vidrio 380ml,225.00 USD (x1),225.00 USD (x1),https://www.elmachetazo.com/envase-de-vidrio-380ml-10858176/p
Hogar,Cortina Sala Tranquility Estampado Crema,1299.00 USD (x1),1299.00 USD (x1),https://www.elmachetazo.com/cortina-sala-tranquility-estampado-crema-10852637/p
Hogar,Cortina Sala Tranquility Estampado Mixto,1299.00 USD (x1),1299.00 USD (x1),https://www.elmachetazo.com/cortina-sala-tranquility-estampado-mixto-10852636/p
Hogar,Cortina Sala Tranquility Rosado,1299.00 USD (x1),1299.00 USD (x1),https://www.elmachetazo.com/cortina-sala-tranquility-rosado-10852633/p
Hogar,Cortina Sala Tranquility Taupe,1299.00 USD (x1),1299.00 USD (x1),https://www.elmachetazo.com/cortina-sala-tranquility-taupe-10852631/p
Hogar,Cortina Sala Tranquility Gris,1299.00 USD (x1),1299.00 USD (x1),https://www.elmachetazo.com/cortina-sala-tranquility-gris-10852628/p
Hogar,Cortina Sala Tranquility Celeste,1299.00 USD (x1),1299.00 USD (x1),https://www.elmachetazo.com/cortina-sala-tranquility-celeste-10852623/p
Hogar,Cortina Sala Karter Rosado,1299.00 USD (x1),1299.00 USD (x1),https://www.elmachetazo.com/cortina-sala-karter-rosado-10852609/p
Hogar,Cortina Sala Karter Gris,1299.00 USD (x1),1299.00 USD (x1),https://www.elmachetazo.com/cortina-sala-karter-gris-10852605/p
Hogar,Cortina Sala Karter Beige,1299.00 USD (x1),1299.00 USD (x1),https://www.elmachetazo.com/cortina-sala-karter-beige-10852601/p
Hogar,Cortina Sala Bylor Neutral,1299.00 USD (x1),1299.00 USD (x1),https://www.elmachetazo.com/cortina-sala-bylor-neutral-10852579/p
Hogar,Cortina Sala Bylor Champagne,1299.00 USD (x1),1299.00 USD (x1),https://www.elmachetazo.com/cortina-sala-bylor-champagne-10852576/p
Hogar,Cortina Sala Arlo Amarillo,1299.00 USD (x1),1299.00 USD (x1),https://www.elmachetazo.com/cortina-sala-arlo-amarillo-10829995/p
Hogar,Escalesilla Beige,1099.00 USD (x1),1099.00 USD (x1),https://www.elmachetazo.com/escalesilla-beige-10859331/p
Hogar,Escalesilla Azul,1099.00 USD (x1),1099.00 USD (x1),https://www.elmachetazo.com/escalesilla-azul-10859189/p
Hogar,Escalesilla Gris,1099.00 USD (x1),1099.00 USD (x1),https://www.elmachetazo.com/escalesilla-gris-10859185/p
Hogar,Canasta Fique 30L Gris,699.00 USD (x1),699.00 USD (x1),https://www.elmachetazo.com/canasta-fique-30l-gris-10859328/p
Hogar,Canasta Organizadora Rimax|Gris,1699.00 USD (x1),2699.00 USD (x1),https://www.elmachetazo.com/canasta-organizadora-rimax-gris-10844029-machetazo/p
Hogar,Canasta Organizadora Mocca,2699.00 USD (x1),2699.00 USD (x1),https://www.elmachetazo.com/canasta-organizadora-mocca-10859327/p
Hogar,Macetero Plástico Negro Pequeño,105.00 USD (x1),105.00 USD (x1),https://www.elmachetazo.com/macetero-plastico-negro-pequeno-10360570/p
Escolar,Biblia Dios Habla Hoy,1495.00 USD (x1),1495.00 USD (x1),https://www.elmachetazo.com/biblia-dios-habla-hoy-10859382/p
Escolar,Mochila Colors|Grande|Beige,899.00 USD (x1),1295.00 USD (x1),https://www.elmachetazo.com/mochila-colorsgrandebeige-10955295/p
Escolar,Mi Patria Panamá 5,2350.00 USD (x1),2350.00 USD (x1),https://www.elmachetazo.com/mi-patria-panama-5-10937892/p
Escolar,Escalímetro,395.00 USD (x1),395.00 USD (x1),https://www.elmachetazo.com/escalimetro-10707579/p
Escolar,Pizarrón 50x70cm,1495.00 USD (x1),1495.00 USD (x1),https://www.elmachetazo.com/pizarron-50x70cm-10755345/p
Escolar,Matemática 3,1800.00 USD (x1),1800.00 USD (x1),https://www.elmachetazo.com/matematica-3-10450144/p
Escolar,Lonchera Peach Super Mario,1695.00 USD (x1),1695.00 USD (x1),https://www.elmachetazo.com/lonchera-peach-super-mario-10734743/p
Escolar,Bandera de Panamá 60x90cm,695.00 USD (x1),695.00 USD (x1),https://www.elmachetazo.com/bandera-de-panama-60x90cm-11013447/p
Escolar,Bandera de Panamá 90x135cm,995.00 USD (x1),995.00 USD (x1),https://www.elmachetazo.com/bandera-de-panama-90x135cm-11013448/p
Escolar,Agenda Diaria Kiut 2026,1095.00 USD (x1),1095.00 USD (x1),https://www.elmachetazo.com/agenda-diaria-kiut-2026-11015103/p
Escolar,Agenda Permanente Kiut 2026,1350.00 USD (x1),1350.00 USD (x1),https://www.elmachetazo.com/agenda-permanente-kiut-2026-11015108/p
Escolar,Biblia Reina Valera Contemporánea,350.00 USD (x1),350.00 USD (x1),https://www.elmachetazo.com/biblia-reina-valera-contemporanea-11004173/p
Escolar,Biblia Reina Valera León Azul|Letra Grande,1295.00 USD (x1),1295.00 USD (x1),https://www.elmachetazo.com/biblia-reina-valera-leon-azulletra-grande-10967520/p
Escolar,Lápices Deli HB|Hexagonales|12 Piezas,129.00 USD (x1),129.00 USD (x1),https://www.elmachetazo.com/lapices-deli-hbhexagonales12-piezas-10893092/p
Escolar,Compás Metálico Deli|Colores Surtidos,199.00 USD (x1),199.00 USD (x1),https://www.elmachetazo.com/compas-metalico-delicolores-surtidos-10912411/p
Escolar,Pegamento Blanco Stick Up|120ml,89.00 USD (x1),89.00 USD (x1),https://www.elmachetazo.com/pegamento-blanco-stick-up120ml-10893120/p
Escolar,Lápices Deli HB|Triangulares|12 Piezas,129.00 USD (x1),129.00 USD (x1),https://www.elmachetazo.com/lapices-deli-hbtriangulares12-piezas-10893093/p
Escolar,Juego de Geometría Deli|4 Piezas|Surtido,199.00 USD (x1),199.00 USD (x1),https://www.elmachetazo.com/juego-de-geometria-deli4-piezassurtido-10893077/p
Escolar,Pegamento Líquido Deli|50ml,65.00 USD (x1),65.00 USD (x1),https://www.elmachetazo.com/pegamento-liquido-deli50ml-10959155/p
Escolar,Notas Adhesivas Deli|Colores Surtidos,99.00 USD (x1),99.00 USD (x1),https://www.elmachetazo.com/notas-adhesivas-delicolores-surtidos-10981363/p
Escolar,Lápiz Deli 2B|Diseño Neón|12 Piezas,129.00 USD (x1),129.00 USD (x1),https://www.elmachetazo.com/lapiz-deli-2bdiseno-neon12-piezas-10893095/p
Escolar,Set de 12 Clips Deli|25mm,99.00 USD (x1),99.00 USD (x1),https://www.elmachetazo.com/set-de-12-clips-deli25mm-10981685/p
Escolar,Cinta Adhesiva Deli|12mmx10yd|Doble Contacto,49.00 USD (x1),49.00 USD (x1),https://www.elmachetazo.com/cinta-adhesiva-deli12mmx10yddoble-contacto-10981338/p
Escolar,Notas Adhesivas Deli|100 Hojas|Colores Surtidos,129.00 USD (x1),129.00 USD (x1),https://www.elmachetazo.com/notas-adhesivas-deli100-hojascolores-surtidos-10893048/p
Escolar,Portapapeles Deli|A4|Colores Surtidos,199.00 USD (x1),199.00 USD (x1),https://www.elmachetazo.com/portapapeles-delia4colores-surtidos-10981324/p
Escolar,Tablero Escolar Deli|Doble Cara|A4,399.00 USD (x1),399.00 USD (x1),https://www.elmachetazo.com/tablero-escolar-delidoble-caraa4-10893132/p
Escolar,Tachuelas Coloridas Deli|23 mm|35 Piezas,79.00 USD (x1),99.00 USD (x1),https://www.elmachetazo.com/tachuelas-coloridas-deli23-mm35-piezas-10893112/p
Escolar,Masilla con Moldes Deli|12 Colores,169.00 USD (x1),169.00 USD (x1),https://www.elmachetazo.com/masilla-con-moldes-deli12-colores-10981318/p
Escolar,Bolígrafos Deli|Punta Fina|12 Colores,395.00 USD (x1),395.00 USD (x1),https://www.elmachetazo.com/boligrafos-delipunta-fina12-colores-10959192/p
Escolar,Pegamento Blanco Stick Up|230ml,159.00 USD (x1),159.00 USD (x1),https://www.elmachetazo.com/pegamento-blanco-stick-up230ml-10893121/p
Escolar,Acuarela Lavable Deli|12 Colores,395.00 USD (x1),395.00 USD (x1),https://www.elmachetazo.com/acuarela-lavable-deli12-colores-10912598/p
Escolar,Set de 12 Clips Deli|32mm,149.00 USD (x1),149.00 USD (x1),https://www.elmachetazo.com/set-de-12-clips-deli32mm-10981684/p
Escolar,Set de 12 Clips Deli|15mm,49.00 USD (x1),49.00 USD (x1),https://www.elmachetazo.com/set-de-12-clips-deli15mm-10981686/p
Escolar,Set de 12 Clips Deli|19mm,49.00 USD (x1),49.00 USD (x1),https://www.elmachetazo.com/set-de-12-clips-deli19mm-10981687/p
Escolar,Masilla con Moldes Deli|8 Colores,125.00 USD (x1),125.00 USD (x1),https://www.elmachetazo.com/masilla-con-moldes-deli8-colores-10981319/p
Escolar,Set de Clips Deli|24 Piezas,199.00 USD (x1),199.00 USD (x1),https://www.elmachetazo.com/set-de-clips-deli24-piezas-10930804/p
Escolar,Carpeta Deli A6|Expandible,199.00 USD (x1),199.00 USD (x1),https://www.elmachetazo.com/carpeta-deli-a6expandible-10981700/p
Escolar,Témpera Deli|12 Colores|12ml,499.00 USD (x1),499.00 USD (x1),https://www.elmachetazo.com/tempera-deli12-colores12ml-10893427/p
Escolar,Lápiz Mecánico Deli|0.5mm|Mina Fina,99.00 USD (x1),99.00 USD (x1),https://www.elmachetazo.com/lapiz-mecanico-deli05mmmina-fina-10981376/p
Escolar,Lápiz Mecánico Deli|0.7mm|Mina Gruesa,99.00 USD (x1),99.00 USD (x1),https://www.elmachetazo.com/lapiz-mecanico-deli07mmmina-gruesa-10981373/p
Escolar,Lápiz Deli 2B|12 Piezas,129.00 USD (x1),129.00 USD (x1),https://www.elmachetazo.com/lapiz-deli-2b12-piezas-10893091/p
Escolar,Notas Adhesivas Deli|100 Hojas de Colores,129.00 USD (x1),129.00 USD (x1),https://www.elmachetazo.com/notas-adhesivas-deli100-hojas-de-colores-10893047/p
Escolar,Portapapeles Deli|A4|Colores Pastel,199.00 USD (x1),199.00 USD (x1),https://www.elmachetazo.com/portapapeles-delia4colores-pastel-10981320/p
Escolar,Juego de Geometría Deli|4 Piezas|Transparente,99.00 USD (x1),99.00 USD (x1),https://www.elmachetazo.com/juego-de-geometria-deli4-piezastransparente-10893062/p
Escolar,Lápices de Colores Profesionales Deli|18 Piezas,395.00 USD (x1),395.00 USD (x1),https://www.elmachetazo.com/lapices-de-colores-profesionales-deli18-piezas-10912593/p
Escolar,Almohadilla de Tinta para Sellos Deli|Roja,299.00 USD (x1),299.00 USD (x1),https://www.elmachetazo.com/almohadilla-de-tinta-para-sellos-deliroja-10912688/p
Escolar,Masilla con Moldes Deli|24 Colores,399.00 USD (x1),399.00 USD (x1),https://www.elmachetazo.com/masilla-con-moldes-deli24-colores-10966894/p
Escolar,Engrapadora Deli|Colores Surtidos,599.00 USD (x1),599.00 USD (x1),https://www.elmachetazo.com/engrapadora-delicolores-surtidos-10912406/p
Escolar,Marcadores Deli|Punta Pincel|24 Colores,899.00 USD (x1),899.00 USD (x1),https://www.elmachetazo.com/marcadores-delipunta-pincel24-colores-10893147/p
Escolar,Bolígrafo Retráctil Azul Deli|50 Piezas,899.00 USD (x1),899.00 USD (x1),https://www.elmachetazo.com/boligrafo-retractil-azul-deli50-piezas-10938350/p
Escolar,Pegamento Líquido Stick Up|65ml,65.00 USD (x1),65.00 USD (x1),https://www.elmachetazo.com/pegamento-liquido-stick-up65ml-10959157/p
Escolar,Lápices de Colores Deli|Grip Antideslizante|12 Piezas,130.00 USD (x1),130.00 USD (x1),https://www.elmachetazo.com/lapices-de-colores-deligrip-antideslizante12-piezas-10959171/p
Escolar,Cinta Adhesiva Deli|24mm x 10yd|Blanca,99.00 USD (x1),99.00 USD (x1),https://www.elmachetazo.com/cinta-adhesiva-deli24mm-x-10ydblanca-10975560/p
Escolar,Bolígrafo Deli|0.7mm|Color Azul,15.00 USD (x1),15.00 USD (x1),https://www.elmachetazo.com/boligrafo-deli07mmcolor-azul-10959188/p
Escolar,Pegamento Líquido Stick Up|35ml,50.00 USD (x1),50.00 USD (x1),https://www.elmachetazo.com/pegamento-liquido-stick-up35ml-10959156/p
Escolar,Grapas Deli|Tamaño 53/8|1000 Piezas,75.00 USD (x1),75.00 USD (x1),https://www.elmachetazo.com/grapas-delitamano-5381000-piezas-10959193/p
Escolar,Goma Escarchada Deli|12ml|6 Piezas,195.00 USD (x1),195.00 USD (x1),https://www.elmachetazo.com/goma-escarchada-deli12ml6-piezas-10959161/p
Escolar,Acuarela Deli|12 Colores,299.00 USD (x1),299.00 USD (x1),https://www.elmachetazo.com/acuarela-deli12-colores-10988671/p
Escolar,Sacapuntas Deli|Doble Agujero|Colores Surtidos,89.00 USD (x1),89.00 USD (x1),https://www.elmachetazo.com/sacapuntas-delidoble-agujerocolores-surtidos-10981420/p
Escolar,Divisores de Carpeta Deli|A4|20 Hojas,199.00 USD (x1),199.00 USD (x1),https://www.elmachetazo.com/divisores-de-carpeta-delia420-hojas-10967007/p
Escolar,Lápices Deli 2B|Ecológicos|12 Piezas,130.00 USD (x1),130.00 USD (x1),https://www.elmachetazo.com/lapices-deli-2becologicos12-piezas-10959170/p
Escolar,Bolígrafos Azul Deli|Diseño Pastel|5 Piezas,129.00 USD (x1),129.00 USD (x1),https://www.elmachetazo.com/boligrafos-azul-delidiseno-pastel5-piezas-10981304/p
Escolar,Notas Adhesivas Deli|Set de 100 Hojas,149.00 USD (x1),149.00 USD (x1),https://www.elmachetazo.com/notas-adhesivas-deliset-de-100-hojas-10981381/p
Escolar,Bolígrafo con Soporte Deli|Negro,199.00 USD (x1),199.00 USD (x1),https://www.elmachetazo.com/boligrafo-con-soporte-delinegro-10945871/p
Escolar,Resaltadores Deli|6 Colores Fluorescentes,399.00 USD (x1),399.00 USD (x1),https://www.elmachetazo.com/resaltadores-deli6-colores-fluorescentes-10981357/p
Escolar,Masilla con Moldes Deli|Set de 8 Colores,96.00 USD (x1),96.00 USD (x1),https://www.elmachetazo.com/masilla-con-moldes-deliset-de-8-colores-10959179/p
Escolar,Resaltadores Deli|Jumbo|6 Piezas,265.00 USD (x1),265.00 USD (x1),https://www.elmachetazo.com/resaltadores-delijumbo6-piezas-10959195/p
Escolar,Cinta Adhesiva Deli|Doble Contacto,245.00 USD (x1),245.00 USD (x1),https://www.elmachetazo.com/cinta-adhesiva-delidoble-contacto-10959159/p
Escolar,Lápiz Deli HB|Ecológicos|12 Piezas,98.00 USD (x1),98.00 USD (x1),https://www.elmachetazo.com/lapiz-deli-hbecologicos12-piezas-10959169/p
Escolar,Lápiz Deli HB|Diseño Bicromático|12 Piezas,135.00 USD (x1),135.00 USD (x1),https://www.elmachetazo.com/lapiz-deli-hbdiseno-bicromatico12-piezas-10959168/p
Escolar,Bolígrafo Gel Deli|Set 3 Piezas,110.00 USD (x1),110.00 USD (x1),https://www.elmachetazo.com/boligrafo-gel-deliset-3-piezas-10981352/p
Escolar,Bolígrafos Azul Deli|5 Piezas,125.00 USD (x1),125.00 USD (x1),https://www.elmachetazo.com/boligrafos-azul-deli5-piezas-10959186/p
Escolar,Resaltador Deli|Set de 6 Colores,399.00 USD (x1),399.00 USD (x1),https://www.elmachetazo.com/resaltador-deliset-de-6-colores-10981359/p
Escolar,Carpeta Plástica Deli|Colores Surtidos,129.00 USD (x1),129.00 USD (x1),https://www.elmachetazo.com/carpeta-plastica-delicolores-surtidos-10944918/p
Escolar,Tabla de Inventario Deli|Incluye Cubierta,229.00 USD (x1),229.00 USD (x1),https://www.elmachetazo.com/tabla-de-inventario-deliincluye-cubierta-10947854/p
Escolar,Cuaderno de Dibujo Deli|A5|Negro,460.00 USD (x1),460.00 USD (x1),https://www.elmachetazo.com/cuaderno-de-dibujo-delia5negro-10959178/p
Escolar,Libreta Deli|A5|112 Hojas,499.00 USD (x1),499.00 USD (x1),https://www.elmachetazo.com/libreta-delia5112-hojas-10976786/p
Escolar,Bolígrafo Gel Deli|12 Colores,399.00 USD (x1),399.00 USD (x1),https://www.elmachetazo.com/boligrafo-gel-deli12-colores-10938349/p
Escolar,Bolígrafo Retráctil Azul Deli|Set de 50 Piezas,995.00 USD (x1),995.00 USD (x1),https://www.elmachetazo.com/boligrafo-retractil-azul-deliset-de-50-piezas-10941064/p
Escolar,Clips Metálicos Deli|100 piezas,49.00 USD (x1),49.00 USD (x1),https://www.elmachetazo.com/clips-metalicos-deli100-piezas-10981709/p
Escolar,Pasteles de Óleo|24 Colores,299.00 USD (x1),299.00 USD (x1),https://www.elmachetazo.com/pasteles-de-oleo24-colores-10893157/p
Escolar,Portafolio Deli|A4|60 Fundas,399.00 USD (x1),399.00 USD (x1),https://www.elmachetazo.com/portafolio-delia460-fundas-10893021/p
Escolar,Engrapadora Deli|Mini Compacta|Colores Surtidos,399.00 USD (x1),399.00 USD (x1),https://www.elmachetazo.com/engrapadora-delimini-compactacolores-surtidos-10985064/p
Escolar,Acuarela Deli|8 Colores,225.00 USD (x1),225.00 USD (x1),https://www.elmachetazo.com/acuarela-deli8-colores-10988670/p
Escolar,Tinta Azul Deli para Almohadilla|40ml,149.00 USD (x1),149.00 USD (x1),https://www.elmachetazo.com/tinta-azul-deli-para-almohadilla40ml-10893046/p
Escolar,Crayones Deli|24 Colores,189.00 USD (x1),189.00 USD (x1),https://www.elmachetazo.com/crayones-deli24-colores-10981708/p
Escolar,Notas Adhesivas Deli|100 Hojas,89.00 USD (x1),89.00 USD (x1),https://www.elmachetazo.com/notas-adhesivas-deli100-hojas-10981706/p
Escolar,Tabla de Inventario Deli|A4,499.00 USD (x1),499.00 USD (x1),https://www.elmachetazo.com/tabla-de-inventario-delia4-10893023/p
Escolar,Libreta de Dibujo Deli|B5|40 Hojas,195.00 USD (x1),195.00 USD (x1),https://www.elmachetazo.com/libreta-de-dibujo-delib540-hojas-10988453/p
Escolar,Crayones de Plástico Deli|12 Colores,299.00 USD (x1),299.00 USD (x1),https://www.elmachetazo.com/crayones-de-plastico-deli12-colores-10893154/p
Escolar,Tachuelas Deli|23 mm|100 Piezas Coloridas,199.00 USD (x1),199.00 USD (x1),https://www.elmachetazo.com/tachuelas-deli23-mm100-piezas-coloridas-10991059/p
Escolar,Papel Carbón Deli|10 Hojas,399.00 USD (x1),399.00 USD (x1),https://www.elmachetazo.com/papel-carbon-deli10-hojas-10893015/p
Escolar,Alfileres de Oficina Deli|24mm,99.00 USD (x1),99.00 USD (x1),https://www.elmachetazo.com/alfileres-de-oficina-deli24mm-10892978/p
Escolar,Notas Adhesivas Deli|Neón|100 Hojas,89.00 USD (x1),89.00 USD (x1),https://www.elmachetazo.com/notas-adhesivas-delineon100-hojas-10981707/p
Escolar,Lápices Deli 3B|12 Piezas,275.00 USD (x1),275.00 USD (x1),https://www.elmachetazo.com/lapices-deli-3b12-piezas-10998734/p
Escolar,Lápices Deli 2B|12 Piezas,275.00 USD (x1),275.00 USD (x1),https://www.elmachetazo.com/lapices-deli-2b12-piezas-10998733/p
Escolar,Libreta de Dibujo Deli|A4|40 Hojas,295.00 USD (x1),295.00 USD (x1),https://www.elmachetazo.com/libreta-de-dibujo-delia440-hojas-10988452/p
Escolar,Notas Adhesivas Deli|Colores Pasteles,99.00 USD (x1),99.00 USD (x1),https://www.elmachetazo.com/notas-adhesivas-delicolores-pasteles-10981704/p
Escolar,Lápices de Colores Deli|Set de 24 Piezas,299.00 USD (x1),299.00 USD (x1),https://www.elmachetazo.com/lapices-de-colores-deliset-de-24-piezas-10893143/p
Escolar,Cinta Correctora Deli|5mmx12m,129.00 USD (x1),129.00 USD (x1),https://www.elmachetazo.com/cinta-correctora-deli5mmx12m-10893075/p
Escolar,Sacapuntas Deli|Colores Surtidos,59.00 USD (x1),59.00 USD (x1),https://www.elmachetazo.com/sacapuntas-delicolores-surtidos-10981716/p
Escolar,Resaltadores Deli|6 Colores,160.00 USD (x1),160.00 USD (x1),https://www.elmachetazo.com/resaltadores-deli6-colores-10999577/p
Escolar,Engrapadora Deli|Pinza Compacta,260.00 USD (x1),260.00 USD (x1),https://www.elmachetazo.com/engrapadora-delipinza-compacta-10985062/p
Escolar,Engrapadora Profesional Deli,260.00 USD (x1),260.00 USD (x1),https://www.elmachetazo.com/engrapadora-profesional-deli-10985061/p
Escolar,Clips Metálicos Deli|50mm|100 Piezas,129.00 USD (x1),129.00 USD (x1),https://www.elmachetazo.com/clips-metalicos-deli50mm100-piezas-10981710/p
Escolar,Set de 60 Clips Deli|15mm,299.00 USD (x1),299.00 USD (x1),https://www.elmachetazo.com/set-de-60-clips-deli15mm-10991062/p
Escolar,Marcador de Tablero Deli|Punta Biselada|4 Piezas,175.00 USD (x1),175.00 USD (x1),https://www.elmachetazo.com/marcador-de-tablero-delipunta-biselada4-piezas-10893169/p
Escolar,Juego de Geometría Deli|3 Piezas|Surtido,149.00 USD (x1),149.00 USD (x1),https://www.elmachetazo.com/juego-de-geometria-deli3-piezassurtido-10893076/p
Escolar,Lápiz Deli HB|Diseño Neón|12 Piezas,129.00 USD (x1),129.00 USD (x1),https://www.elmachetazo.com/lapiz-deli-hbdiseno-neon12-piezas-10893096/p
Escolar,Marcadores Deli|Punta Pincel|12 Colores,499.00 USD (x1),499.00 USD (x1),https://www.elmachetazo.com/marcadores-delipunta-pincel12-colores-10893146/p
Escolar,Sacapuntas Deli|Diseño Trompo|Colores Surtidos,99.00 USD (x1),99.00 USD (x1),https://www.elmachetazo.com/sacapuntas-delidiseno-trompocolores-surtidos-10893082/p
Escolar,Portafolio Deli|A4|100 Fundas,799.00 USD (x1),799.00 USD (x1),https://www.elmachetazo.com/portafolio-delia4100-fundas-10893022/p
Escolar,Lápices de Colores Acuarelables Deli|12 Piezas,249.00 USD (x1),249.00 USD (x1),https://www.elmachetazo.com/lapices-de-colores-acuarelables-deli12-piezas-10893057/p
Escolar,Tablero Móvil Magnético Deli|90x150cm,16999.00 USD (x1),16999.00 USD (x1),https://www.elmachetazo.com/tablero-movil-magnetico-deli90x150cm-10981720/p
Escolar,Pegamento en Barra Deli Stick Up|2 Piezas,199.00 USD (x1),199.00 USD (x1),https://www.elmachetazo.com/pegamento-en-barra-deli-stick-up2-piezas-10893138/p
Escolar,Lápiz Mecánico Deli|0.5mm|Metálicos,99.00 USD (x1),99.00 USD (x1),https://www.elmachetazo.com/lapiz-mecanico-deli05mmmetalicos-10981378/p
Escolar,Lápices Deli HB|Escolar|12 Piezas,149.00 USD (x1),149.00 USD (x1),https://www.elmachetazo.com/lapices-deli-hbescolar12-piezas-10893007/p
Escolar,Tabla de Inventario|A4|Madera,399.00 USD (x1),399.00 USD (x1),https://www.elmachetazo.com/tabla-de-inventarioa4madera-10893111/p
Escolar,Clip Metálicos Deli|24mm|200 Piezas,199.00 USD (x1),199.00 USD (x1),https://www.elmachetazo.com/clip-metalicos-deli24mm200-piezas-10991058/p
Escolar,Clips Metálicos Deli|29mm|100 Piezas,99.00 USD (x1),99.00 USD (x1),https://www.elmachetazo.com/clips-metalicos-deli29mm100-piezas-10892980/p
Escolar,Perforador Deli,125.00 USD (x1),125.00 USD (x1),https://www.elmachetazo.com/perforador-deli-10959142/p
Escolar,Goma Escarchada Deli|12ml|3 Piezas,110.00 USD (x1),110.00 USD (x1),https://www.elmachetazo.com/goma-escarchada-deli12ml3-piezas-10959162/p
Escolar,Portafolio Deli A4|Negro,299.00 USD (x1),299.00 USD (x1),https://www.elmachetazo.com/portafolio-deli-a4negro-10893012/p
Escolar,Sacapuntas Mecánico Deli|Colores Surtidos,399.00 USD (x1),399.00 USD (x1),https://www.elmachetazo.com/sacapuntas-mecanico-delicolores-surtidos-10893175/p
Escolar,Compás Deli|Azul Oscuro,599.00 USD (x1),599.00 USD (x1),https://www.elmachetazo.com/compas-deliazul-oscuro-10981331/p
Escolar,Mini Engrapadora Deli|Colores Surtidos,149.00 USD (x1),149.00 USD (x1),https://www.elmachetazo.com/mini-engrapadora-delicolores-surtidos-10892990/p
Escolar,Pegamento en Barra Stick Up|15g,99.00 USD (x1),99.00 USD (x1),https://www.elmachetazo.com/pegamento-en-barra-stick-up15g-10893136/p
Escolar,Lápices de Colores Deli|18 Piezas,295.00 USD (x1),295.00 USD (x1),https://www.elmachetazo.com/lapices-de-colores-deli18-piezas-10912592/p
Escolar,Lápices de Colores Profesionales Deli|24 Piezas,270.00 USD (x1),270.00 USD (x1),https://www.elmachetazo.com/lapices-de-colores-profesionales-deli24-piezas-10959173/p
Escolar,Cinta Adhesiva Invisible Deli|18mm x 7.62m,75.00 USD (x1),75.00 USD (x1),https://www.elmachetazo.com/cinta-adhesiva-invisible-deli18mm-x-762m-10975561/p
Escolar,Lápices de Colores Ecológicos Deli|18 Piezas,249.00 USD (x1),249.00 USD (x1),https://www.elmachetazo.com/lapices-de-colores-ecologicos-deli18-piezas-10893151/p
Escolar,Masilla Deli|6 Colores|Envases Individuales 56g,399.00 USD (x1),399.00 USD (x1),https://www.elmachetazo.com/masilla-deli6-coloresenvases-individuales-56g-10893164/p
Escolar,Goma Escarchada Deli|12ml|6 Colores Neón,195.00 USD (x1),195.00 USD (x1),https://www.elmachetazo.com/goma-escarchada-deli12ml6-colores-neon-10959163/p
Escolar,Marcador Deli|Set de 60 Colores,1995.00 USD (x1),1995.00 USD (x1),https://www.elmachetazo.com/marcador-deliset-de-60-colores-10959149/p
Escolar,Bolígrafo con Soporte|Negro,129.00 USD (x1),129.00 USD (x1),https://www.elmachetazo.com/boligrafo-con-soportenegro-10893122/p
Escolar,Lápiz Mecánico Deli|0.7mm|Surtido,149.00 USD (x1),149.00 USD (x1),https://www.elmachetazo.com/lapiz-mecanico-deli07mmsurtido-10981377/p
Escolar,Grapas Deli|Tamaño 23/10|500 Piezas,39.00 USD (x1),39.00 USD (x1),https://www.elmachetazo.com/grapas-delitamano-2310500-piezas-10966890/p
Escolar,Lápices de Colores Clásicos Deli|12 Piezas,249.00 USD (x1),249.00 USD (x1),https://www.elmachetazo.com/lapices-de-colores-clasicos-deli12-piezas-10981327/p
Escolar,Sacapuntas con Depósito Deli|Colores Surtidos,69.00 USD (x1),69.00 USD (x1),https://www.elmachetazo.com/sacapuntas-con-deposito-delicolores-surtidos-10981415/p
Escolar,Sacapuntas Deli|Diseño Conejo|Colores Surtidos,69.00 USD (x1),69.00 USD (x1),https://www.elmachetazo.com/sacapuntas-delidiseno-conejocolores-surtidos-10981417/p
Escolar,Resaltadores Deli|4 Colores Fluorescentes,175.00 USD (x1),175.00 USD (x1),https://www.elmachetazo.com/resaltadores-deli4-colores-fluorescentes-10999576/p
Escolar,Masilla Deli|8 Colores|Incluye moldes,150.00 USD (x1),150.00 USD (x1),https://www.elmachetazo.com/masilla-deli8-coloresincluye-moldes-10959148/p
Escolar,Borrador Retráctil Deli|Colores Surtidos,29.00 USD (x1),29.00 USD (x1),https://www.elmachetazo.com/borrador-retractil-delicolores-surtidos-11004284/p
Escolar,Carpeta con Zipper Deli|A4|Colores Surtidos,129.00 USD (x1),129.00 USD (x1),https://www.elmachetazo.com/carpeta-con-zipper-delia4colores-surtidos-10944923/p
Escolar,Libro de Colorear Deli|12 Hojas,139.00 USD (x1),139.00 USD (x1),https://www.elmachetazo.com/libro-de-colorear-deli12-hojas-10981328/p
Escolar,Tablero con Soporte Deli|60x90cm,8999.00 USD (x1),8999.00 USD (x1),https://www.elmachetazo.com/tablero-con-soporte-deli60x90cm-10981719/p
Escolar,Lápices de Colores Ecológicos Deli|12 Piezas,199.00 USD (x1),199.00 USD (x1),https://www.elmachetazo.com/lapices-de-colores-ecologicos-deli12-piezas-10893150/p
Escolar,Sacapuntas Deli|Diseño Perrito|Colores Surtidos,85.00 USD (x1),85.00 USD (x1),https://www.elmachetazo.com/sacapuntas-delidiseno-perritocolores-surtidos-10912407/p
Escolar,Cuchilla Deli|Amarilla,99.00 USD (x1),99.00 USD (x1),https://www.elmachetazo.com/cuchilla-deliamarilla-10966893/p
Escolar,Engrapadora Manual Deli|Colores Surtidos,599.00 USD (x1),599.00 USD (x1),https://www.elmachetazo.com/engrapadora-manual-delicolores-surtidos-10912405/p
Escolar,Cuaderno de Dibujo Deli|12x12cm|40 Hojas,325.00 USD (x1),325.00 USD (x1),https://www.elmachetazo.com/cuaderno-de-dibujo-deli12x12cm40-hojas-10988456/p
Escolar,Resaltadores Fluorescentes Deli|4 Piezas,249.00 USD (x1),249.00 USD (x1),https://www.elmachetazo.com/resaltadores-fluorescentes-deli4-piezas-10893006/p
Escolar,Lápices Deli 6B|12 Piezas,325.00 USD (x1),325.00 USD (x1),https://www.elmachetazo.com/lapices-deli-6b12-piezas-10998736/p
Escolar,Lápices Deli 4B|12 Piezas,275.00 USD (x1),275.00 USD (x1),https://www.elmachetazo.com/lapices-deli-4b12-piezas-10998735/p
Escolar,Borrador Deli|Diseño Fantasía|Surtido,29.00 USD (x1),29.00 USD (x1),https://www.elmachetazo.com/borrador-delidiseno-fantasiasurtido-10893072/p
Escolar,Tachuelas Coloridas Deli|23 mm|100 Piezas,199.00 USD (x1),199.00 USD (x1),https://www.elmachetazo.com/tachuelas-coloridas-deli23-mm100-piezas-10991057/p
Escolar,Carpeta Deli|A4|Colores Surtidos,229.00 USD (x1),229.00 USD (x1),https://www.elmachetazo.com/carpeta-delia4colores-surtidos-10893014/p
Escolar,Cuchilla Deli|Gris,149.00 USD (x1),149.00 USD (x1),https://www.elmachetazo.com/cuchilla-deligris-10981693/p
Escolar,Pegamento Líquido Deli|50ml|Punta Pincel,49.00 USD (x1),49.00 USD (x1),https://www.elmachetazo.com/pegamento-liquido-deli50mlpunta-pincel-10893131/p
Escolar,Pintura al Óleo Deli|Set 12 Colores,199.00 USD (x1),199.00 USD (x1),https://www.elmachetazo.com/pintura-al-oleo-deliset-12-colores-10893158/p
Escolar,Pegamento en Barra Stick Up|15g|2 Piezas,199.00 USD (x1),199.00 USD (x1),https://www.elmachetazo.com/pegamento-en-barra-stick-up15g2-piezas-10893135/p
Escolar,Cinta Adhesiva Stick Up|18mm x 7.62m|Transparente,125.00 USD (x1),125.00 USD (x1),https://www.elmachetazo.com/cinta-adhesiva-stick-up18mm-x-762mtransparente-10893050/p
Escolar,Tachuela Deli|10 mm|100 Piezas,99.00 USD (x1),99.00 USD (x1),https://www.elmachetazo.com/tachuela-deli10-mm100-piezas-10893113/p
Escolar,Cinta Adhesiva Stick Up|18mm x 33m|Transparente,99.00 USD (x1),99.00 USD (x1),https://www.elmachetazo.com/cinta-adhesiva-stick-up18mm-x-33mtransparente-10912690/p
Escolar,Bolígrafo Deli Every|0.7 mm|Color Azul,15.00 USD (x1),15.00 USD (x1),https://www.elmachetazo.com/boligrafo-deli-every07-mmcolor-azul-10959185/p
Escolar,Pegamento Blanco Stick Up|40ml,39.00 USD (x1),39.00 USD (x1),https://www.elmachetazo.com/pegamento-blanco-stick-up40ml-10893118/p
Escolar,Carpeta Plástica Deli|A4|Colores Surtidos,39.00 USD (x1),39.00 USD (x1),https://www.elmachetazo.com/carpeta-plastica-delia4colores-surtidos-10975568/p
Escolar,Compás Escolar Deli|Colores Surtidos,199.00 USD (x1),199.00 USD (x1),https://www.elmachetazo.com/compas-escolar-delicolores-surtidos-10981330/p
Escolar,Lápiz Deli 2B|Diseño Colorido|12 Piezas,195.00 USD (x1),195.00 USD (x1),https://www.elmachetazo.com/lapiz-deli-2bdiseno-colorido12-piezas-10755638/p
Escolar,Corrector Líquido Deli|8ml,79.00 USD (x1),79.00 USD (x1),https://www.elmachetazo.com/corrector-liquido-deli8ml-10893031/p
Escolar,Cinta Adhesiva Deli|18mm x 20yd|Blanca,130.00 USD (x1),130.00 USD (x1),https://www.elmachetazo.com/cinta-adhesiva-deli18mm-x-20ydblanca-10975563/p
Escolar,Lápices de Colores Escolar Deli|12 Piezas,199.00 USD (x1),199.00 USD (x1),https://www.elmachetazo.com/lapices-de-colores-escolar-deli12-piezas-10893141/p
Escolar,Carpeta Deli A4|Colores Surtidos,129.00 USD (x1),129.00 USD (x1),https://www.elmachetazo.com/carpeta-deli-a4colores-surtidos-10893178/p
Escolar,Marcador Permanente Deli Mate|Negro,39.00 USD (x1),39.00 USD (x1),https://www.elmachetazo.com/marcador-permanente-deli-matenegro-10985325/p
Escolar,Porta Carnet Deli|8.9x5.4cm|Blanco,129.00 USD (x1),129.00 USD (x1),https://www.elmachetazo.com/porta-carnet-deli89x54cmblanco-10912685/p
Escolar,Cinta Adhesiva Deli|18mm x 20yd|Transparente,149.00 USD (x1),149.00 USD (x1),https://www.elmachetazo.com/cinta-adhesiva-deli18mm-x-20ydtransparente-10893051/p
Escolar,Pintura al Óleo Deli|Set 18 Colores,249.00 USD (x1),249.00 USD (x1),https://www.elmachetazo.com/pintura-al-oleo-deliset-18-colores-10893159/p
Escolar,Porta Carnet Deli|5.4x8.9cm|Transparente,99.00 USD (x1),99.00 USD (x1),https://www.elmachetazo.com/porta-carnet-deli54x89cmtransparente-10912686/p
Escolar,Lápices de Colores Deli|36 Piezas con Sacapuntas,393.00 USD (x1),495.00 USD (x1),https://www.elmachetazo.com/lapices-de-colores-deli36-piezas-con-sacapuntas-10959166/p
Escolar,Lápices de Colores Deli|24 Piezas,299.00 USD (x1),299.00 USD (x1),https://www.elmachetazo.com/lapices-de-colores-deli24-piezas-10893142/p
Escolar,Juego de Geometria|4 Piezas,129.00 USD (x1),129.00 USD (x1),https://www.elmachetazo.com/juego-de-geometria4-piezas-10937491/p
Escolar,Cinta Adhesiva|2 Piezas,149.00 USD (x1),149.00 USD (x1),https://www.elmachetazo.com/cinta-adhesiva2-piezas-10947183/p
Escolar,Lápices de Colores Acuarelables con Sacapuntas|13 Piezas,229.00 USD (x1),229.00 USD (x1),https://www.elmachetazo.com/lapices-de-colores-acuarelables-con-sacapuntas13-piezas-10944868/p
Escolar,Lapiz 2B,149.00 USD (x1),149.00 USD (x1),https://www.elmachetazo.com/lapiz-2b-10947179/p
Escolar,Lienzo|40 x 60 cm,499.00 USD (x1),499.00 USD (x1),https://www.elmachetazo.com/lienzo40-x-60-cm-10953462/p
Escolar,Plastilina|8 Piezas,65.00 USD (x1),65.00 USD (x1),https://www.elmachetazo.com/plastilina8-piezas-10945842/p
Escolar,Tempera,149.00 USD (x1),149.00 USD (x1),https://www.elmachetazo.com/tempera-10746973/p
Escolar,Tiza Blanca|12 Piezas,49.00 USD (x1),49.00 USD (x1),https://www.elmachetazo.com/tiza-blanca12-piezas-10897442/p
Escolar,Cuadro para Pintar,199.00 USD (x1),199.00 USD (x1),https://www.elmachetazo.com/cuadro-para-pintar-10945365/p
Escolar,Disfraz De Doctor,499.00 USD (x1),499.00 USD (x1),https://www.elmachetazo.com/disfraz-de-doctor-10951347/p
Escolar,Disfraz De Constructor con Accesorios,1099.00 USD (x1),1099.00 USD (x1),https://www.elmachetazo.com/disfraz-de-constructor-con-accesorios-10951660/p
Escolar,Disfraz de Chef con Gorro,899.00 USD (x1),899.00 USD (x1),https://www.elmachetazo.com/disfraz-de-chef-con-gorro-10951662/p
Escolar,Pizarron de Corcho|60 x 90 cm,1295.00 USD (x1),1295.00 USD (x1),https://www.elmachetazo.com/pizarron-de-corcho60-x-90-cm-10761294/p
Escolar,Ciencias Naturales 1|Activamente,2704.00 USD (x1),2704.00 USD (x1),https://www.elmachetazo.com/ciencias-naturales-1activamente-10982982/p
Escolar,Ciencias Sociales 5|Activamente,2704.00 USD (x1),2704.00 USD (x1),https://www.elmachetazo.com/ciencias-sociales-5activamente-10982992/p
Escolar,Ciencias Naturales 4 |Activamente,2704.00 USD (x1),2704.00 USD (x1),https://www.elmachetazo.com/ciencias-naturales-4-activamente-10982985/p
Escolar,Ciencias Naturales 3|Activamente,2704.00 USD (x1),2704.00 USD (x1),https://www.elmachetazo.com/ciencias-naturales-3activamente-10982984/p
Escolar,Pack Rs Primary Go For It 6 (Sb+Reader),3352.00 USD (x1),3352.00 USD (x1),https://www.elmachetazo.com/pack-rs-primary-go-for-it-6-sbreader-10889121/p
Escolar,Pack Rs Preschool Go For It 1 (Sb+Rb),3542.00 USD (x1),3542.00 USD (x1),https://www.elmachetazo.com/pack-rs-preschool-go-for-it-1-sbrb-10889074/p
Escolar,Piensa Historia 9,2400.00 USD (x1),2400.00 USD (x1),https://www.elmachetazo.com/piensa-historia-9-10982378/p
Escolar,Matematica 4|Activamente,2704.00 USD (x1),2704.00 USD (x1),https://www.elmachetazo.com/matematica-4activamente-10982979/p
Escolar,Ciencias Naturales 2|Activamente,2704.00 USD (x1),2704.00 USD (x1),https://www.elmachetazo.com/ciencias-naturales-2activamente-10982983/p
Escolar,Pack Rs Preschool Go For It 2 (Sb+Rb),3542.00 USD (x1),3542.00 USD (x1),https://www.elmachetazo.com/pack-rs-preschool-go-for-it-2-sbrb-10889075/p
Escolar,Matematica 3|Activamente,2704.00 USD (x1),2704.00 USD (x1),https://www.elmachetazo.com/matematica-3activamente-10982978/p
Escolar,Contabilidad 12,2000.00 USD (x1),2000.00 USD (x1),https://www.elmachetazo.com/contabilidad-12-10801728/p
Escolar,Primary Go For It 4 Workbook,1653.00 USD (x1),1653.00 USD (x1),https://www.elmachetazo.com/primary-go-for-it-4-workbook-10889125/p
Escolar,Quiero Letras A,1654.00 USD (x1),1654.00 USD (x1),https://www.elmachetazo.com/quiero-letras-a-10659959/p
Escolar,Primary Go For It 3 Workbook,1653.00 USD (x1),1653.00 USD (x1),https://www.elmachetazo.com/primary-go-for-it-3-workbook-10889124/p
Escolar,Ciencias Sociales 4|Activamente,2704.00 USD (x1),2704.00 USD (x1),https://www.elmachetazo.com/ciencias-sociales-4activamente-10982991/p
Escolar,Espanol 3|Activamente,2704.00 USD (x1),2704.00 USD (x1),https://www.elmachetazo.com/espanol-3activamente-10982972/p
Escolar,Quiero Numeros A,1654.00 USD (x1),1654.00 USD (x1),https://www.elmachetazo.com/quiero-numeros-a-10659964/p
Escolar,Pack Rs Primary Go For It 4 (Sb+Reader),3352.00 USD (x1),3352.00 USD (x1),https://www.elmachetazo.com/pack-rs-primary-go-for-it-4-sbreader-10889119/p
Escolar,Matematica 5|Activamente,2704.00 USD (x1),2704.00 USD (x1),https://www.elmachetazo.com/matematica-5activamente-10982980/p
Escolar,Ciencias Sociales 3|Activamente,2704.00 USD (x1),2704.00 USD (x1),https://www.elmachetazo.com/ciencias-sociales-3activamente-10982990/p
Escolar,Quiero Numeros C,1655.00 USD (x1),1655.00 USD (x1),https://www.elmachetazo.com/quiero-numeros-c-10659967/p
Escolar,Ciencias Naturales 6|Activamente,2704.00 USD (x1),2704.00 USD (x1),https://www.elmachetazo.com/ciencias-naturales-6activamente-10982987/p
Escolar,Aprender Jugando 1 Trazos,1525.00 USD (x1),1525.00 USD (x1),https://www.elmachetazo.com/aprender-jugando-1-trazos-10982366/p
Escolar,Aprender Jugando 2 Libro,3125.00 USD (x1),3125.00 USD (x1),https://www.elmachetazo.com/aprender-jugando-2-libro-10937855/p
Escolar,Espanol 6|Activamente,2704.00 USD (x1),2704.00 USD (x1),https://www.elmachetazo.com/espanol-6activamente-10982975/p
Escolar,Pack Rs Primary Go For It 5 (Sb+Reader),3352.00 USD (x1),3352.00 USD (x1),https://www.elmachetazo.com/pack-rs-primary-go-for-it-5-sbreader-10889120/p
Escolar,Español 2|Activamente,2704.00 USD (x1),2704.00 USD (x1),https://www.elmachetazo.com/espanol-2activamente-10982971/p
Escolar,Pack Stopwatch 2 Sb-Wb,2611.00 USD (x1),2611.00 USD (x1),https://www.elmachetazo.com/pack-stopwatch-2-sb-wb-10660003/p
Escolar,Pack Rs Primary Go For It 2 (Sb+Reader),3352.00 USD (x1),3352.00 USD (x1),https://www.elmachetazo.com/pack-rs-primary-go-for-it-2-sbreader-10889117/p
Escolar,Matemática 6|Activamente,2704.00 USD (x1),2704.00 USD (x1),https://www.elmachetazo.com/matematica-6activamente-10982981/p
Escolar,Ciencias Naturales 5|Activamente,2704.00 USD (x1),2704.00 USD (x1),https://www.elmachetazo.com/ciencias-naturales-5activamente-10982986/p
Escolar,Quiero Números B,1655.00 USD (x1),1655.00 USD (x1),https://www.elmachetazo.com/quiero-numeros-b-10659965/p
Escolar,Espanol 4|Activamente,2704.00 USD (x1),2704.00 USD (x1),https://www.elmachetazo.com/espanol-4activamente-10982973/p
Escolar,Pack Rs Primary Go For It 1 (Sb+Reader),3352.00 USD (x1),3352.00 USD (x1),https://www.elmachetazo.com/pack-rs-primary-go-for-it-1-sbreader-10889116/p
Escolar,Ciencias Sociales 2|Activamente,2704.00 USD (x1),2704.00 USD (x1),https://www.elmachetazo.com/ciencias-sociales-2activamente-10982989/p
Escolar,Matemática 1|Activamente,2704.00 USD (x1),2704.00 USD (x1),https://www.elmachetazo.com/matematica-1activamente-10982976/p
Escolar,Física 11 (Enfoque Por Competencias 2015),2758.00 USD (x1),2758.00 USD (x1),https://www.elmachetazo.com/fisica-11-enfoque-por-competencias-2015-10502391/p
Escolar,Familia Y Desarrollo 1,1776.00 USD (x1),1776.00 USD (x1),https://www.elmachetazo.com/familia-y-desarrollo-1-10520154/p
Escolar,Caligrafia 2 (Nueva Edicion),1793.00 USD (x1),1793.00 USD (x1),https://www.elmachetazo.com/caligrafia-2-nueva-edicion-10172882/p
Escolar,Familia Y Desarrollo Comunitario #7 2015,1793.00 USD (x1),1793.00 USD (x1),https://www.elmachetazo.com/familia-y-desarrollo-comunitario-7-2015-10562989/p
Escolar,Piensa Historia 8,2400.00 USD (x1),2400.00 USD (x1),https://www.elmachetazo.com/piensa-historia-8-10982377/p
Escolar,Piensa Geografia 9,2400.00 USD (x1),2400.00 USD (x1),https://www.elmachetazo.com/piensa-geografia-9-10982375/p
Escolar,Ciencias Sociales 6|Activamente,2704.00 USD (x1),2704.00 USD (x1),https://www.elmachetazo.com/ciencias-sociales-6activamente-10982993/p
Escolar,Quiero Letras B,1655.00 USD (x1),1655.00 USD (x1),https://www.elmachetazo.com/quiero-letras-b-10659961/p
Escolar,Caligrafia 1,1793.00 USD (x1),1793.00 USD (x1),https://www.elmachetazo.com/caligrafia-1-10172881/p
Escolar,Pack Stopwatch 3,2611.00 USD (x1),2611.00 USD (x1),https://www.elmachetazo.com/pack-stopwatch-3-10660005/p
Escolar,Preschool Go For It 2|Activity Book,1582.00 USD (x1),1582.00 USD (x1),https://www.elmachetazo.com/preschool-go-for-it-2activity-book-10889078/p
Escolar,Marcadores Crayola|12 Unidades,295.00 USD (x1),295.00 USD (x1),https://www.elmachetazo.com/marcadores-crayola12-unidades-10831231/p
Escolar,Cuaderno Doble Raya Andaluz Cosido|200 Paginas|Surtida,99.00 USD (x1),169.00 USD (x1),https://www.elmachetazo.com/cuaderno-doble-raya-andaluz-cosido200-paginassurtida-10802135/p
Escolar,Lapiz Alfa 2B|12 Unidades,129.00 USD (x1),129.00 USD (x1),https://www.elmachetazo.com/lapiz-alfa-2b12-unidades-10792463/p
Escolar,Set de Marcador y Borrador para Tablero,199.00 USD (x1),199.00 USD (x1),https://www.elmachetazo.com/set-de-marcador-y-borrador-para-tablero-10981422/p
Escolar,Combo Escolar Alfa|Dinosaurio,2499.00 USD (x1),2999.00 USD (x1),https://www.elmachetazo.com/combo-escolar-alfadinosaurio-10943100/p
Escolar,Cuaderno Grapado|100 Paginas|Surtida,25.00 USD (x1),49.00 USD (x1),https://www.elmachetazo.com/cuaderno-grapado100-paginassurtida-10852574/p
Escolar,Cuaderno Grapado|100 Paginas|Surtida,25.00 USD (x1),49.00 USD (x1),https://www.elmachetazo.com/cuaderno-grapado100-paginassurtida-10852577/p
Escolar,Cuaderno 3 Materias|Raya Ancha|248 Páginas|Surtido,299.00 USD (x1),399.00 USD (x1),https://www.elmachetazo.com/cuaderno-3-materiasraya-ancha248-paginassurtido-10982409/p
Escolar,Cuaderno Cosido Among Us|Doble Raya|200 Páginas,299.00 USD (x1),299.00 USD (x1),https://www.elmachetazo.com/cuaderno-cosido-among-usdoble-raya200-paginas-10938419/p
Escolar,Cuaderno Cosido Flork|Doble Raya|200 Páginas,299.00 USD (x1),299.00 USD (x1),https://www.elmachetazo.com/cuaderno-cosido-florkdoble-raya200-paginas-10938425/p
Escolar,Cuaderno Cosido Flork|Cuadritos|200 Páginas,299.00 USD (x1),299.00 USD (x1),https://www.elmachetazo.com/cuaderno-cosido-florkcuadritos200-paginas-10938424/p
Escolar,Cuaderno Cosido Pokemon|Doble Raya|200 Páginas,395.00 USD (x1),395.00 USD (x1),https://www.elmachetazo.com/cuaderno-cosido-pokemondoble-raya200-paginas-10984390/p
Escolar,Cuaderno Cosido Pokemon|Cuadritos|200 Páginas,395.00 USD (x1),395.00 USD (x1),https://www.elmachetazo.com/cuaderno-cosido-pokemoncuadritos200-paginas-10984391/p
Escolar,Cuaderno Cosido Pokemon|Dibujo|200 Páginas,395.00 USD (x1),395.00 USD (x1),https://www.elmachetazo.com/cuaderno-cosido-pokemondibujo200-paginas-10984392/p
Escolar,Cuaderno X-Presarte 3 Materias|Raya Ancha,229.00 USD (x1),229.00 USD (x1),https://www.elmachetazo.com/cuaderno-x-presarte-3-materiasraya-ancha-10984384/p
Escolar,Carpeta con Bolsillo One Piece,186.00 USD (x1),186.00 USD (x1),https://www.elmachetazo.com/carpeta-con-bolsillo-one-piece-10940043/p
Escolar,Carpeta con Bolsilllo Jesus,144.00 USD (x1),144.00 USD (x1),https://www.elmachetazo.com/carpeta-con-bolsilllo-jesus-10062737/p
Escolar,Libreta 3 Materias|Surtido,699.00 USD (x1),699.00 USD (x1),https://www.elmachetazo.com/libreta-3-materiassurtido-10982420/p
Escolar,Cuaderno 3 Materias|Surtido,399.00 USD (x1),399.00 USD (x1),https://www.elmachetazo.com/cuaderno-3-materiassurtido-10942129/p
Escolar,Cuaderno 3 Materias|Surtido,399.00 USD (x1),399.00 USD (x1),https://www.elmachetazo.com/cuaderno-3-materiassurtido-10942127/p
Escolar,Cuaderno 3 Materias|Surtido,399.00 USD (x1),399.00 USD (x1),https://www.elmachetazo.com/cuaderno-3-materiassurtido-10942130/p
Escolar,Mochila Escolar One Piece,1299.00 USD (x1),2399.00 USD (x1),https://www.elmachetazo.com/mochila-escolar-one-piece-10979838/p
Escolar,Lonchera One Piece,499.00 USD (x1),1299.00 USD (x1),https://www.elmachetazo.com/lonchera-one-piece-10979839/p
Escolar,Mochila Jean Book Cool,3895.00 USD (x1),3895.00 USD (x1),https://www.elmachetazo.com/mochila-jean-book-cool-10983370/p
Escolar,Cartuchera Jean Book Clasico,999.00 USD (x1),999.00 USD (x1),https://www.elmachetazo.com/cartuchera-jean-book-clasico-10983378/p
Escolar,Cartuchera Kiut Aurora Boreal,999.00 USD (x1),999.00 USD (x1),https://www.elmachetazo.com/cartuchera-kiut-aurora-boreal-10983381/p
Escolar,Mochila Kiut Blue Garden,3895.00 USD (x1),3895.00 USD (x1),https://www.elmachetazo.com/mochila-kiut-blue-garden-10983371/p
Escolar,Cartuchera Kiut Blue Garden,999.00 USD (x1),999.00 USD (x1),https://www.elmachetazo.com/cartuchera-kiut-blue-garden-10983379/p
Escolar,Cartuchera Kiut Dark Paradise,999.00 USD (x1),999.00 USD (x1),https://www.elmachetazo.com/cartuchera-kiut-dark-paradise-10983380/p
Escolar,"Mochila Disney 100|17""",1999.00 USD (x1),2499.00 USD (x1),https://www.elmachetazo.com/mochila-disney-10017-10937245/p
Escolar,Lonchera Mickey,799.00 USD (x1),1299.00 USD (x1),https://www.elmachetazo.com/lonchera-mickey-10937239/p
Escolar,Cartuchera Disney 100|Doble Compartimiento,699.00 USD (x1),1299.00 USD (x1),https://www.elmachetazo.com/lonchera-disney-100doble-compartimiento-10937246/p
Escolar,Cartuchera Cenicienta,399.00 USD (x1),699.00 USD (x1),https://www.elmachetazo.com/cartuchera-cenicienta-10983337/p
Escolar,Cartuchera Mickey Disney 100,699.00 USD (x1),699.00 USD (x1),https://www.elmachetazo.com/cartuchera-mickey-disney-100-10937238/p
Escolar,Pantalón Escolar Azul|Largo|Talla 4,899.00 USD (x1),899.00 USD (x1),https://www.elmachetazo.com/pantalon-escolar-azullargotalla-4-10891050/p
Escolar,Pantalón Escolar Azul|Largo|Talla 6,899.00 USD (x1),899.00 USD (x1),https://www.elmachetazo.com/pantalon-escolar-azullargotalla-6-10891051/p
Escolar,Pantalón Escolar Azul|Largo|Talla 8,899.00 USD (x1),899.00 USD (x1),https://www.elmachetazo.com/pantalon-escolar-azullargotalla-8-10891052/p
Escolar,Pantalón Escolar Azul|Largo|Talla 10,899.00 USD (x1),899.00 USD (x1),https://www.elmachetazo.com/pantalon-escolar-azullargotalla-10-10891053/p
Escolar,Falda Escolar Azul Secundaria|Plisada|Talla 8,899.00 USD (x1),899.00 USD (x1),https://www.elmachetazo.com/falda-escolar-azul-secundariaplisadatalla-8-10891658/p
Escolar,Pantalón Escolar Azul|Largo|Talla 18,899.00 USD (x1),899.00 USD (x1),https://www.elmachetazo.com/pantalon-escolar-azullargotalla-18-10891057/p
Escolar,Pantalón Escolar Azul|Largo|Talla 36,1099.00 USD (x1),1099.00 USD (x1),https://www.elmachetazo.com/pantalon-escolar-azullargotalla-36-10891062/p
Escolar,Falda Escolar Azul Primaria|Plisada|Talla 8,899.00 USD (x1),899.00 USD (x1),https://www.elmachetazo.com/falda-escolar-azul-primariaplisadatalla-8-10891666/p
Escolar,Falda Escolar Azul Primaria|Sencilla|Talla 4,599.00 USD (x1),599.00 USD (x1),https://www.elmachetazo.com/falda-escolar-azul-primariasencillatalla-4-10891672/p
Escolar,Falda Escolar Azul Primaria|Sencilla|Talla 6,599.00 USD (x1),599.00 USD (x1),https://www.elmachetazo.com/falda-escolar-azul-primariasencillatalla-6-10891673/p
Escolar,Falda Escolar Azul Primaria|Sencilla|Talla 8,599.00 USD (x1),599.00 USD (x1),https://www.elmachetazo.com/falda-escolar-azul-primariasencillatalla-8-10891674/p
Escolar,Falda Escolar Azul Primaria|Sencilla|Talla 10,599.00 USD (x1),599.00 USD (x1),https://www.elmachetazo.com/falda-escolar-azul-primariasencillatalla-10-10891675/p
Escolar,Camisa Escolar Celeste Manga Corta|Talla M,699.00 USD (x1),699.00 USD (x1),https://www.elmachetazo.com/camisa-escolar-celeste-manga-cortatalla-m-10891695/p
Escolar,Camisa Escolar Celeste Manga Corta|Talla L,699.00 USD (x1),699.00 USD (x1),https://www.elmachetazo.com/camisa-escolar-celeste-manga-cortatalla-l-10891696/p
Escolar,Camisa Escolar Blanca Manga Corta|Talla 4,599.00 USD (x1),599.00 USD (x1),https://www.elmachetazo.com/camisa-escolar-blanca-manga-cortatalla-4-10891698/p
Escolar,Camisa Escolar Blanca Manga Corta|Talla 6,599.00 USD (x1),599.00 USD (x1),https://www.elmachetazo.com/camisa-escolar-blanca-manga-cortatalla-6-10891699/p
Escolar,Camisa Escolar Blanca Manga Corta|Talla 8,599.00 USD (x1),599.00 USD (x1),https://www.elmachetazo.com/camisa-escolar-blanca-manga-cortatalla-8-10891700/p
Escolar,Camisa Escolar Blanca Manga Corta|Talla 10,599.00 USD (x1),599.00 USD (x1),https://www.elmachetazo.com/camisa-escolar-blanca-manga-cortatalla-10-10891701/p
Escolar,Camisa Escolar Blanca Manga Corta|Talla 14,599.00 USD (x1),599.00 USD (x1),https://www.elmachetazo.com/camisa-escolar-blanca-manga-cortatalla-14-10891703/p
Escolar,Camisa Escolar Blanca Manga Corta|Talla S,699.00 USD (x1),699.00 USD (x1),https://www.elmachetazo.com/camisa-escolar-blanca-manga-cortatalla-s-10891706/p
Escolar,Camisa Escolar Blanca Manga Corta|Talla M,699.00 USD (x1),699.00 USD (x1),https://www.elmachetazo.com/camisa-escolar-blanca-manga-cortatalla-m-10891707/p
Escolar,Camisa Escolar Blanca Manga Corta|Talla XL,699.00 USD (x1),699.00 USD (x1),https://www.elmachetazo.com/camisa-escolar-blanca-manga-cortatalla-xl-10891709/p
Escolar,Lápices de Colores y Sacapunta|Punta Gruesa|24 Piezas,499.00 USD (x1),499.00 USD (x1),https://www.elmachetazo.com/lapices-de-colores-y-sacapuntapunta-gruesa24-piezas-10983516/p
Escolar,Témpera Mate Articolor|6 Colores|30ml,424.00 USD (x1),424.00 USD (x1),https://www.elmachetazo.com/tempera-mate-articolor6-colores30ml-10445501/p
Escolar,Agenda Planeador Mickey,499.00 USD (x1),999.00 USD (x1),https://www.elmachetazo.com/agenda-planeador-mickey-10983506/p
Escolar,Separadores Plásticos|5 Piezas|28x23.5cm,99.00 USD (x1),99.00 USD (x1),https://www.elmachetazo.com/separadores-plasticos5-piezas28x235cm-10983512/p
Escolar,Lápices de Colores y Sacapunta|Punta Gruesa|24 Piezas,649.00 USD (x1),649.00 USD (x1),https://www.elmachetazo.com/lapices-de-colores-y-sacapuntapunta-gruesa24-piezas-10983518/p
Escolar,Lápiz Mongol Caja 12 Unidades,299.00 USD (x1),299.00 USD (x1),https://www.elmachetazo.com/lapiz-mongol-caja-12-unidades-10948315/p
Escolar,Cuaderno One Piece|Raya Ancha|200 Páginas,339.00 USD (x1),339.00 USD (x1),https://www.elmachetazo.com/cuaderno-one-pieceraya-ancha200-paginas-10940036/p
Escolar,Cuaderno One Piece|Doble Raya|200 Páginas,339.00 USD (x1),339.00 USD (x1),https://www.elmachetazo.com/cuaderno-one-piecedoble-raya200-paginas-10940037/p
Escolar,Libreta Espiral One Piece 5 Materias|300 Páginas,733.00 USD (x1),733.00 USD (x1),https://www.elmachetazo.com/libreta-espiral-one-piece-5-materias300-paginas-10940041/p
Escolar,Cuaderno Cosido Donald Doble Raya|100 Hojas,299.00 USD (x1),299.00 USD (x1),https://www.elmachetazo.com/cuaderno-cosido-donald-doble-raya100-hojas-10983484/p
Escolar,Cuaderno Cosido Donald|100 Hojas|Cubierta Dura,249.00 USD (x1),349.00 USD (x1),https://www.elmachetazo.com/cuaderno-cosido-donald100-hojascubierta-dura-10983498/p
Escolar,Cuaderno Barbie Argollado|5 Materias|175 Hojas,699.00 USD (x1),699.00 USD (x1),https://www.elmachetazo.com/cuaderno-barbie-argollado5-materias175-hojas-10983502/p
Escolar,Cuaderno Disney Clásicos|5 Materias|150 Hojas,699.00 USD (x1),699.00 USD (x1),https://www.elmachetazo.com/cuaderno-disney-clasicos5-materias150-hojas-10983503/p
Escolar,Cuaderno Cosido Disney Unicolor|100 Hojas,199.00 USD (x1),249.00 USD (x1),https://www.elmachetazo.com/cuaderno-cosido-disney-unicolor100-hojas-10983497/p
Escolar,Cuaderno Argollado Disney|Surtido,389.00 USD (x1),389.00 USD (x1),https://www.elmachetazo.com/cuaderno-argollado-disneysurtido-10983499/p
Escolar,Cuaderno Cosido Barbie Rayado|100 Hojas,199.00 USD (x1),299.00 USD (x1),https://www.elmachetazo.com/cuaderno-cosido-barbie-rayado100-hojas-10983474/p
Escolar,Cuaderno Cosido Disney Unicolor|100 Hojas,299.00 USD (x1),299.00 USD (x1),https://www.elmachetazo.com/cuaderno-cosido-disney-unicolor100-hojas-10983478/p
Escolar,Cuaderno Cosido Donald Rayado|100 Hojas,199.00 USD (x1),299.00 USD (x1),https://www.elmachetazo.com/cuaderno-cosido-donald-rayado100-hojas-10983482/p
Escolar,Cuaderno Cosido Digi Pixel Rayado|100 Hojas,299.00 USD (x1),299.00 USD (x1),https://www.elmachetazo.com/cuaderno-cosido-digi-pixel-rayado100-hojas-10983485/p
Escolar,Cuaderno Cosido Hot Wheels Raya Ancha|100 Hojas,199.00 USD (x1),299.00 USD (x1),https://www.elmachetazo.com/cuaderno-cosido-hot-wheels-raya-ancha100-hojas-10983489/p
Escolar,Cuaderno Disney Argollado,389.00 USD (x1),389.00 USD (x1),https://www.elmachetazo.com/cuaderno-disney-argollado-10983501/p
Escolar,Cuaderno de Dibujo Barbie|100 Hojas,299.00 USD (x1),299.00 USD (x1),https://www.elmachetazo.com/cuaderno-de-dibujo-barbie100-hojas-10983477/p
Escolar,Cuaderno Cosido Disney Unicolor|100 Hojas,299.00 USD (x1),299.00 USD (x1),https://www.elmachetazo.com/cuaderno-cosido-disney-unicolor100-hojas-10983481/p
Escolar,Cartuchera Ferrari Race,1350.00 USD (x1),1350.00 USD (x1),https://www.elmachetazo.com/cartuchera-ferrari-race-10983383/p
Escolar,Lonchera El Rey León,699.00 USD (x1),1299.00 USD (x1),https://www.elmachetazo.com/lonchera-el-rey-leon-10980328/p
Escolar,Lonchera Minecraft Diamond Miner,899.00 USD (x1),1299.00 USD (x1),https://www.elmachetazo.com/lonchera-minecraft-diamond-miner-10980263/p
Escolar,Mochila Slazenger|Surtida,995.00 USD (x1),995.00 USD (x1),https://www.elmachetazo.com/mochila-slazengersurtida-10978041/p
Escolar,"Mochila Minecraft|16""",1999.00 USD (x1),1999.00 USD (x1),https://www.elmachetazo.com/mochila-minecraft16-10980261/p
Escolar,Mochila con Ruedas Minecraft Creeper,1999.00 USD (x1),1999.00 USD (x1),https://www.elmachetazo.com/mochila-con-ruedas-minecraft-creeper-10980265/p
Escolar,Mochila con Ruedas Yolo|Azul,3199.00 USD (x1),3199.00 USD (x1),https://www.elmachetazo.com/mochila-con-ruedas-yoloazul-10979302/p
Escolar,Lonchera Yolo,899.00 USD (x1),899.00 USD (x1),https://www.elmachetazo.com/lonchera-yolo-10979310/p
Escolar,Lonchera Slazenger,795.00 USD (x1),795.00 USD (x1),https://www.elmachetazo.com/lonchera-slazenger-10978042/p
Escolar,Lonchera Slazenger|Surtida,795.00 USD (x1),795.00 USD (x1),https://www.elmachetazo.com/lonchera-slazengersurtida-10978039/p
Escolar,Mochila con Ruedas Yolo,2799.00 USD (x1),2799.00 USD (x1),https://www.elmachetazo.com/mochila-con-ruedas-yolo-10979315/p
Escolar,Mochila Juvenil Barbie,2999.00 USD (x1),2999.00 USD (x1),https://www.elmachetazo.com/mochila-juvenil-barbie-10957884/p
Escolar,Cartuchera Minecraft,599.00 USD (x1),599.00 USD (x1),https://www.elmachetazo.com/cartuchera-minecraft-10983326/p
Escolar,Cartuchera El Rey León,299.00 USD (x1),699.00 USD (x1),https://www.elmachetazo.com/cartuchera-el-rey-leon-10980329/p
Escolar,Mochila Escolar Barbie con Ruedas,4299.00 USD (x1),4299.00 USD (x1),https://www.elmachetazo.com/mochila-escolar-barbie-con-ruedas-10957882/p
Escolar,Cartuchera Ferrari Scuderia,1350.00 USD (x1),1350.00 USD (x1),https://www.elmachetazo.com/cartuchera-ferrari-scuderia-10983384/p
Escolar,Lonchera Ferrari Scuderia,1995.00 USD (x1),1995.00 USD (x1),https://www.elmachetazo.com/lonchera-ferrari-scuderia-10983390/p
Escolar,Cartuchera Barbie,399.00 USD (x1),999.00 USD (x1),https://www.elmachetazo.com/cartuchera-barbie-10957879/p
Escolar,Mochila con Ruedas Yolo|Surtido,2999.00 USD (x1),3499.00 USD (x1),https://www.elmachetazo.com/mochila-con-ruedas-yolosurtido-10979306/p
Escolar,Mochila Yolo|Surtido,1999.00 USD (x1),1999.00 USD (x1),https://www.elmachetazo.com/mochila-yolosurtido-10979305/p
Escolar,Mochila Camuflaje|Grande,777.00 USD (x1),1295.00 USD (x1),https://www.elmachetazo.com/mochila-camuflajegrande-10955294/p
Escolar,Mochila Happy Girl Flor Lila a Cuadros|Grande,1999.00 USD (x1),3499.00 USD (x1),https://www.elmachetazo.com/mochila-happy-girl-flor-lila-a-cuadrosgrande-10955254/p
Escolar,Mochila Super Mario Bros|Grande,1999.00 USD (x1),3499.00 USD (x1),https://www.elmachetazo.com/mochila-super-mario-brosgrande-10955263/p
Escolar,Mochila Mario Kart con Ruedas|Grande,3999.00 USD (x1),6499.00 USD (x1),https://www.elmachetazo.com/mochila-mario-kart-con-ruedasgrande-10955265/p
Escolar,Lonchera Zelda Black,899.00 USD (x1),1699.00 USD (x1),https://www.elmachetazo.com/lonchera-zelda-black-10955276/p
Escolar,Mochila Colors Pink Neon Grande,777.00 USD (x1),1295.00 USD (x1),https://www.elmachetazo.com/mochila-colors-pink-neon-grande-10955293/p
Escolar,Mochila Colors Gris Grande,777.00 USD (x1),1295.00 USD (x1),https://www.elmachetazo.com/mochila-colors-gris-grande-10955291/p
Escolar,Mochila Super Mario Grande,1999.00 USD (x1),3499.00 USD (x1),https://www.elmachetazo.com/mochila-super-mario-grande-10955260/p
Escolar,Maletin Ejecutivo Kazio Negro con Portalaptop,1799.00 USD (x1),2999.00 USD (x1),https://www.elmachetazo.com/maletin-ejecutivo-kazio-negro-con-portalaptop-10955301/p
Escolar,Mochila Happy Girl Black Grande,1999.00 USD (x1),3499.00 USD (x1),https://www.elmachetazo.com/mochila-happy-girl-black-grande-10955241/p
Escolar,Mochila Super Mario Verde Luigi,1999.00 USD (x1),3499.00 USD (x1),https://www.elmachetazo.com/mochila-super-mario-verde-luigi-10955268/p
Escolar,Mochila Colors Black Grande con Ruedas,3999.00 USD (x1),6499.00 USD (x1),https://www.elmachetazo.com/mochila-colors-black-grande-con-ruedas-10955302/p
Escolar,Mochila Colors Pink Grande con Ruedas,3999.00 USD (x1),6499.00 USD (x1),https://www.elmachetazo.com/mochila-colors-pink-grande-con-ruedas-10955303/p
Escolar,Mochila Super Mario Bros. Pequeña con Ruedas,3999.00 USD (x1),5999.00 USD (x1),https://www.elmachetazo.com/mochila-super-mario-bros-pequena-con-ruedas-10955292/p
Escolar,Mochila Super Mario Bros. Grande con Ruedas,3999.00 USD (x1),7999.00 USD (x1),https://www.elmachetazo.com/mochila-super-mario-bros-grande-con-ruedas-10955250/p
Escolar,Mochila Happy Girl Mariposa Grande con Ruedas,3999.00 USD (x1),6499.00 USD (x1),https://www.elmachetazo.com/mochila-happy-girl-mariposa-grande-con-ruedas-10955257/p
Escolar,Cartuchera Super Mario Green Luigi,499.00 USD (x1),899.00 USD (x1),https://www.elmachetazo.com/cartuchera-super-mario-green-luigi-10955272/p
Escolar,Cartuchera Happy Girl Flowers Black,499.00 USD (x1),899.00 USD (x1),https://www.elmachetazo.com/cartuchera-happy-girl-flowers-black-10955279/p
Escolar,Cartuchera Zelda,499.00 USD (x1),899.00 USD (x1),https://www.elmachetazo.com/cartuchera-zelda-10955277/p
Escolar,Mochila Mario Kart Grande,1999.00 USD (x1),3499.00 USD (x1),https://www.elmachetazo.com/mochila-mario-kart-grande-10955264/p
Escolar,Mochila Attack on Titan Survey Corp Grande,1999.00 USD (x1),3499.00 USD (x1),https://www.elmachetazo.com/mochila-attack-on-titan-survey-corp-grande-10955299/p
Escolar,Mochila Iridiscente Sirena Happy Girl Grande,999.00 USD (x1),3499.00 USD (x1),https://www.elmachetazo.com/mochila-iridiscente-sirena-happy-girl-grande-10955258/p
Escolar,Cartuchera Super Mario Rojo,499.00 USD (x1),899.00 USD (x1),https://www.elmachetazo.com/cartuchera-super-mario-rojo-10955262/p
Escolar,Cartuchera Happy Girl,499.00 USD (x1),899.00 USD (x1),https://www.elmachetazo.com/cartuchera-happy-girl-10955243/p
Escolar,Cartuchera SuperMario Bros,499.00 USD (x1),899.00 USD (x1),https://www.elmachetazo.com/cartuchera-supermario-bros-10955220/p
Escolar,Cartuchera Attack on Titan Green,899.00 USD (x1),1299.00 USD (x1),https://www.elmachetazo.com/cartuchera-attack-on-titan-green-10955298/p
Escolar,Mochila Super Mario Princesa Peach Fucsia,1999.00 USD (x1),3499.00 USD (x1),https://www.elmachetazo.com/mochila-super-mario-princesa-peach-fucsia-10955273/p
Escolar,Mochila Super Mario Princesa Peach Rosa,1999.00 USD (x1),3499.00 USD (x1),https://www.elmachetazo.com/mochila-super-mario-princesa-peach-rosa-10955281/p
Escolar,Mochila Zelda Grande,1999.00 USD (x1),3499.00 USD (x1),https://www.elmachetazo.com/mochila-zelda-grande-10955275/p
Escolar,Cartuchera Super Mario Squat Rojo,499.00 USD (x1),899.00 USD (x1),https://www.elmachetazo.com/cartuchera-super-mario-squat-rojo-10955229/p
Escolar,Lonchera Happy Girl,699.00 USD (x1),1699.00 USD (x1),https://www.elmachetazo.com/lonchera-happy-girl-10955235/p
Escolar,Cartuchera MarioKart GoKart,499.00 USD (x1),899.00 USD (x1),https://www.elmachetazo.com/cartuchera-mariokart-gokart-10955238/p
Escolar,Lonchera ProU Juvenil Gris,899.00 USD (x1),1699.00 USD (x1),https://www.elmachetazo.com/lonchera-prou-juvenil-gris-10955224/p
Escolar,Lonchera ProU Juvenil Black,899.00 USD (x1),1699.00 USD (x1),https://www.elmachetazo.com/lonchera-prou-juvenil-black-10955217/p
Escolar,Lonchera ProU Juvenil Blue,899.00 USD (x1),1699.00 USD (x1),https://www.elmachetazo.com/lonchera-prou-juvenil-blue-10955225/p
Escolar,Lonchera Happy Girl Flor Lila a Cuadros,899.00 USD (x1),1699.00 USD (x1),https://www.elmachetazo.com/lonchera-happy-girl-flor-lila-a-cuadros-10955231/p
Escolar,Lonchera Super Mario Bros.,899.00 USD (x1),1699.00 USD (x1),https://www.elmachetazo.com/lonchera-super-mario-bros-10955219/p
Escolar,Lonchera Happy Girl,899.00 USD (x1),1699.00 USD (x1),https://www.elmachetazo.com/lonchera-happy-girl-10955221/p
Escolar,Lochera MarioKart GoKart,899.00 USD (x1),1699.00 USD (x1),https://www.elmachetazo.com/lochera-mariokart-gokart-10955237/p
Escolar,Combo Escolar Totto|Negro,4495.00 USD (x1),4495.00 USD (x1),https://www.elmachetazo.com/combo-escolar-tottonegro-10967666/p
Escolar,Combo Escolar Totto|Azul,4495.00 USD (x1),4495.00 USD (x1),https://www.elmachetazo.com/combo-escolar-tottoazul-10967662/p
Escolar,Rollo de Papel Manila Alfa,225.00 USD (x1),225.00 USD (x1),https://www.elmachetazo.com/rollo-de-papel-manila-alfa-10847430/p
Escolar,Marcador Pastel Grip Finepen|5 Piezas,249.00 USD (x1),249.00 USD (x1),https://www.elmachetazo.com/marcador-pastel-grip-finepen5-piezas-10938049/p
Escolar,Ecolápiz Triangular Color Pastel|10 Piezas,295.00 USD (x1),295.00 USD (x1),https://www.elmachetazo.com/ecolapiz-triangular-color-pastel10-piezas-10923428/p
Escolar,Guantes Blancos Anti-Deslizantes para Desfiles Patrios,325.00 USD (x1),325.00 USD (x1),https://www.elmachetazo.com/guantes-blancos-anti-deslizantes-para-desfiles-patrios-10920393/p
Escolar,Banderita Panamá Foami Adhesivo,99.00 USD (x1),99.00 USD (x1),https://www.elmachetazo.com/banderita-panama-foami-adhesivo-10933564/p
Escolar,Biblia Reina Valera|Forro Rosado-Verde,2295.00 USD (x1),2295.00 USD (x1),https://www.elmachetazo.com/santa-biblia-reina-valeraforro-rosado-verde-10967532/p
Escolar,Biblia Reina Valera|Forro Negro,2295.00 USD (x1),2295.00 USD (x1),https://www.elmachetazo.com/santa-biblia-reina-valera-forro-negro-10967527/p
Escolar,Biblia Reina Valera|Forro Azul,2295.00 USD (x1),2295.00 USD (x1),https://www.elmachetazo.com/santa-biblia-reina-valera-forro-azul-10967531/p
Escolar,Cinta Adhesiva Mágica Scotch|19mm x 15.2 m,341.00 USD (x1),341.00 USD (x1),https://www.elmachetazo.com/cinta-adhesiva-magica-scotch19mm-x-152-m-10903937/p
Escolar,Engrapadora para 25 Hojas|Grapas No.²⁴⁄₆|²⁶⁄₆|Color Negro,399.00 USD (x1),399.00 USD (x1),https://www.elmachetazo.com/engrapadora-para-25-hojasgrapas-nocolor-negro-10892999/p
Escolar,Dispensador de Cinta Adhesiva|Color Azul,249.00 USD (x1),249.00 USD (x1),https://www.elmachetazo.com/dispensador-de-cinta-adhesivacolor-azul-10893039/p
Escolar,Dispensador de Cinta Adhesiva|Color Rojo,399.00 USD (x1),399.00 USD (x1),https://www.elmachetazo.com/dispensador-de-cinta-adhesivacolor-rojo-10912410/p
Escolar,"Carpeta de Anillo D|Verde|2""",449.00 USD (x1),449.00 USD (x1),https://www.elmachetazo.com/carpeta-de-anillo-dverde2-10373321/p
Escolar,Grapadora Grande Deli,595.00 USD (x1),995.00 USD (x1),https://www.elmachetazo.com/grapadora-grande-deli-10755601/p
Escolar,Engrapadora de Uso Pesado|con Grapas,1299.00 USD (x1),1299.00 USD (x1),https://www.elmachetazo.com/engrapadora-de-uso-pesadocon-grapas-10953849/p
Escolar,Carpeta A4|13 Bolsillos|Color Surtido,599.00 USD (x1),599.00 USD (x1),https://www.elmachetazo.com/carpeta-a413-bolsilloscolor-surtido-10947862/p
Escolar,Cinta Adhesiva Stick Up|Set 8 Piezas|20y,199.00 USD (x1),199.00 USD (x1),https://www.elmachetazo.com/cinta-adhesiva-stick-upset-8-piezas20y-10912408/p
Escolar,Caja Archivo|4x6,199.00 USD (x1),249.00 USD (x1),https://www.elmachetazo.com/caja-archivo4x6-10930404/p
Escolar,Marcador Glitter Crayola|6 Piezas,495.00 USD (x1),695.00 USD (x1),https://www.elmachetazo.com/marcador-glitter-crayola6-piezas-10541343/p
Escolar,"Cinta Adhesiva Arcom|1""",95.00 USD (x1),95.00 USD (x1),https://www.elmachetazo.com/cinta-adhesiva-arcom1-10106269/p
Escolar,Cinta Adhesiva de Oficina|Polipropileno|72 yardas,95.00 USD (x1),95.00 USD (x1),https://www.elmachetazo.com/cinta-adhesiva-de-oficinapolipropileno72-yardas-10107104/p
Escolar,"Tarjeta Rayada Corsario 4""x6""|Colores Mixtos|100 Piezas",275.00 USD (x1),275.00 USD (x1),https://www.elmachetazo.com/tarjeta-rayada-corsario-4x6colores-mixtos100-piezas-10240213/p
Escolar,"Guías Indices Águila|20 Divisiones|5""x8""|A-Z",289.00 USD (x1),289.00 USD (x1),https://www.elmachetazo.com/guias-indices-aguila20-divisiones5x8a-z-10080300/p
Escolar,Lupa de Mano|Colores Surtidos,199.00 USD (x1),199.00 USD (x1),https://www.elmachetazo.com/lupa-de-manocolores-surtidos-10745506/p
Escolar,"Papel Carbón Alfa|8.5""x11""|100 Hojas|30g",395.00 USD (x1),395.00 USD (x1),https://www.elmachetazo.com/papel-carbon-alfa85x11100-hojas30g-10939487/p
Escolar,Cinta Doble Adhesiva Alfa|30mm x1M,195.00 USD (x1),195.00 USD (x1),https://www.elmachetazo.com/cinta-doble-adhesiva-alfa30mm-x1m-10850957/p
Escolar,Cinta Adhesiva de Embalaje|48mm x 50M,199.00 USD (x1),199.00 USD (x1),https://www.elmachetazo.com/cinta-adhesiva-de-embalaje48mm-x-50m-10373058/p
Escolar,"Cinta Adhesiva Arcom|3""",295.00 USD (x1),295.00 USD (x1),https://www.elmachetazo.com/cinta-adhesiva-arcom3-10106272/p
Escolar,Colorin Coloreando 2 Jumbo,425.00 USD (x1),425.00 USD (x1),https://www.elmachetazo.com/colorin-coloreando-2-jumbo-10195295/p
Escolar,Marcador Permanente Filgo|Colores Clásicos|4 Piezas,199.00 USD (x1),249.00 USD (x1),https://www.elmachetazo.com/marcador-permanente-filgocolores-clasicos4-piezas-10892517/p
Escolar,Marcador Permanente|12 Piezas,449.00 USD (x1),449.00 USD (x1),https://www.elmachetazo.com/marcador-permanente12-piezas-10895600/p
Escolar,"Resma Papel Bond Hammermil|11""x17""|20 lb",995.00 USD (x1),995.00 USD (x1),https://www.elmachetazo.com/resma-papel-bond-hammermil11x1720-lb-10947178/p
Escolar,Marcador Doble Punta Filgo|12 Piezas,299.00 USD (x1),399.00 USD (x1),https://www.elmachetazo.com/marcador-doble-punta-filgo12-piezas-10940301/p
Escolar,Pritt lapiz adhesivo cajilla|22g,185.00 USD (x1),185.00 USD (x1),https://www.elmachetazo.com/pritt-lapiz-adhesivo-cajilla22g-10895525/p
Escolar,Pritt goma escolar|55g,129.00 USD (x1),129.00 USD (x1),https://www.elmachetazo.com/pritt-goma-escolar55g-10066178/p
Escolar,Pritt goma escolar|35g,95.00 USD (x1),95.00 USD (x1),https://www.elmachetazo.com/pritt-goma-escolar35g-10066179/p
Escolar,Pritt lapiz adhesivo cajilla|42g,295.00 USD (x1),295.00 USD (x1),https://www.elmachetazo.com/pritt-lapiz-adhesivo-cajilla42g-10895526/p
Escolar,Pritt lapiz adhesivo cajilla|22g|2 unidades,335.00 USD (x1),335.00 USD (x1),https://www.elmachetazo.com/pritt-lapiz-adhesivo-cajilla22g2-unidades-10895528/p
Escolar,Cartuchera Multiuso Totto,1299.00 USD (x1),1299.00 USD (x1),https://www.elmachetazo.com/cartuchera-multiuso-totto-10910636/p
Escolar,Cartuchera Multiuso Totto,1299.00 USD (x1),1299.00 USD (x1),https://www.elmachetazo.com/cartuchera-multiuso-totto-10910635/p
Escolar,Cartuchera Buzz Lightyear Totto,699.00 USD (x1),1499.00 USD (x1),https://www.elmachetazo.com/cartuchera-buzz-lightyear-totto-10945458/p
Escolar,Lonchera Unicolor Totto Estampado,899.00 USD (x1),1699.00 USD (x1),https://www.elmachetazo.com/lonchera-unicolor-totto-estampado-10910644/p
Escolar,Cartuchera Escuadra Totto Multiuso,1499.00 USD (x1),1499.00 USD (x1),https://www.elmachetazo.com/cartuchera-escuadra-totto-multiuso-10910630/p
Escolar,Marcador Supersoft Punta Pincel|10 Piezas,395.00 USD (x1),395.00 USD (x1),https://www.elmachetazo.com/marcador-supersoft-punta-pincel10-piezas-10918201/p
Escolar,Cartuchera 1818 Animal Print,499.00 USD (x1),899.00 USD (x1),https://www.elmachetazo.com/cartuchera-1818-animal-print-10909638/p
Escolar,Resaltador Textliner Plus|15 Piezas,895.00 USD (x1),895.00 USD (x1),https://www.elmachetazo.com/resaltador-textliner-plus15-piezas-10938054/p
Escolar,Abaco Escolar de Madera,395.00 USD (x1),395.00 USD (x1),https://www.elmachetazo.com/abaco-escolar-de-madera-10846285/p
Escolar,Lápices de Colores Scribe|Triangulares|15 Piezas,556.00 USD (x1),556.00 USD (x1),https://www.elmachetazo.com/lapices-de-colores-scribetriangulares15-piezas-10846647/p
Escolar,Capote Infantil Encanto,299.00 USD (x1),699.00 USD (x1),https://www.elmachetazo.com/capote-infantil-encanto-10933421/p
Escolar,Capote Infantil Cars,699.00 USD (x1),699.00 USD (x1),https://www.elmachetazo.com/capote-infantil-cars-10933423/p
Escolar,"Mochila Wilson Backpack|16""",1299.00 USD (x1),1799.00 USD (x1),https://www.elmachetazo.com/mochila-wilson-backpack16-10939538/p
Escolar,Marcadores Doble Punta,597.00 USD (x1),597.00 USD (x1),https://www.elmachetazo.com/marcadores-doble-punta-10941036/p
Escolar,Palitos de Colores|100x5mm,125.00 USD (x1),125.00 USD (x1),https://www.elmachetazo.com/palitos-de-colores100x5mm-10869886/p
Escolar,Carboncillo|6 Piezas,249.00 USD (x1),249.00 USD (x1),https://www.elmachetazo.com/carboncillo6-piezas-10893510/p
Escolar,Lápiz Difuminador|Set 5 Piezas,149.00 USD (x1),149.00 USD (x1),https://www.elmachetazo.com/lapiz-difuminadorset-5-piezas-10893512/p
Escolar,"Mochila Wilson 16""",1299.00 USD (x1),1699.00 USD (x1),https://www.elmachetazo.com/mochila-wilson-16-10939537/p
Escolar,Cuaderno Cosido|Xpresarte|Diseños Surtidos,199.00 USD (x1),249.00 USD (x1),https://www.elmachetazo.com/cuaderno-cosidoxpresartedisenos-surtidos-10802214/p
Escolar,Buzo de Gimnasia|Rojo|14,599.00 USD (x1),599.00 USD (x1),https://www.elmachetazo.com/buzo-de-gimnasiarojo14-10891215/p
Escolar,Buzo de Gimnasia|Rojo|4,599.00 USD (x1),599.00 USD (x1),https://www.elmachetazo.com/buzo-de-gimnasiarojo4-10891210/p
Escolar,Buzo de Gimnasia|Rojo|10,599.00 USD (x1),599.00 USD (x1),https://www.elmachetazo.com/buzo-de-gimnasiarojo10-10891213/p
Escolar,Buzo de Gimnasia|Rojo|6,599.00 USD (x1),599.00 USD (x1),https://www.elmachetazo.com/buzo-de-gimnasiarojo6-10891211/p
Escolar,Bata de Laboratorio|Manga Larga|Talla XL,1299.00 USD (x1),1299.00 USD (x1),https://www.elmachetazo.com/bata-de-laboratoriomanga-largatalla-xl-10891624/p
Escolar,Bata de Laboratorio|Manga Larga|Talla 16,1099.00 USD (x1),1099.00 USD (x1),https://www.elmachetazo.com/bata-de-laboratoriomanga-largatalla-16-10891619/p
Escolar,Corbata Escolar|Gris Claro,225.00 USD (x1),225.00 USD (x1),https://www.elmachetazo.com/corbata-escolargris-claro-10891630/p
Escolar,Corbata Escolar|Celeste,225.00 USD (x1),225.00 USD (x1),https://www.elmachetazo.com/corbata-escolarceleste-10891626/p
Escolar,Corbata Escolar|Chocolate,225.00 USD (x1),225.00 USD (x1),https://www.elmachetazo.com/corbata-escolarchocolate-10891628/p
Escolar,Corbata Escolar|Turquesa,225.00 USD (x1),225.00 USD (x1),https://www.elmachetazo.com/corbata-escolarturquesa-10891632/p
Escolar,Corbata Escolar|Azul,225.00 USD (x1),225.00 USD (x1),https://www.elmachetazo.com/corbata-escolarazul-10891625/p
Escolar,Resaltador Textliner Plus Pastel|6 Piezas,395.00 USD (x1),395.00 USD (x1),https://www.elmachetazo.com/resaltador-textliner-plus-pastel6-piezas-10938055/p
Escolar,"Papel de Construcción|48 Hojas|8.5""x11""",249.00 USD (x1),249.00 USD (x1),https://www.elmachetazo.com/papel-de-construccion48-hojas85x11-10938263/p
Escolar,Inglés para Preescolar|Larousse,550.00 USD (x1),550.00 USD (x1),https://www.elmachetazo.com/ingles-para-preescolarlarousse-10720076/p
Escolar,Jumbo Color|224 Páginas|Larousse,595.00 USD (x1),595.00 USD (x1),https://www.elmachetazo.com/jumbo-color224-paginaslarousse-10720078/p
Escolar,Jumbo Dinos|224 Actividades,595.00 USD (x1),595.00 USD (x1),https://www.elmachetazo.com/jumbo-dinos224-actividades-10079102/p
Escolar,Figuritas Escolares|7,695.00 USD (x1),695.00 USD (x1),https://www.elmachetazo.com/figuritas-escolares7-10720063/p
Escolar,Ejercicios de Ortografía 2|Larousse,420.00 USD (x1),420.00 USD (x1),https://www.elmachetazo.com/ejercicios-de-ortografia-2larousse-10758951/p
Escolar,Ejercicios de Caligrafía 2|Larousse,395.00 USD (x1),395.00 USD (x1),https://www.elmachetazo.com/ejercicios-de-caligrafia-2larousse-10758957/p
Escolar,Ejercicios de Caligrafía 3|Larousse,495.00 USD (x1),495.00 USD (x1),https://www.elmachetazo.com/ejercicios-de-caligrafia-3larousse-10758958/p
Escolar,Ejercicios de Caligrafía 6|Larousse,395.00 USD (x1),395.00 USD (x1),https://www.elmachetazo.com/ejercicios-de-caligrafia-6larousse-10758961/p
Escolar,Ejercicios de Caligrafía 5|Larousse,395.00 USD (x1),395.00 USD (x1),https://www.elmachetazo.com/ejercicios-de-caligrafia-5larousse-10758960/p
Escolar,Ejercicios de Caligrafía 1|Larousse,395.00 USD (x1),395.00 USD (x1),https://www.elmachetazo.com/ejercicios-de-caligrafia-1larousse-10758956/p
Escolar,Figuritas Escolares|6,695.00 USD (x1),695.00 USD (x1),https://www.elmachetazo.com/figuritas-escolares6-10662432/p
Escolar,Figuritas Escolares|5,695.00 USD (x1),695.00 USD (x1),https://www.elmachetazo.com/figuritas-escolares5-10662426/p
Escolar,Figuritas Escolares|4,695.00 USD (x1),695.00 USD (x1),https://www.elmachetazo.com/figuritas-escolares4-10662422/p
Escolar,Figuritas Escolares|3,695.00 USD (x1),695.00 USD (x1),https://www.elmachetazo.com/figuritas-escolares3-10606279/p
Escolar,Figuritas Escolares|2,695.00 USD (x1),695.00 USD (x1),https://www.elmachetazo.com/figuritas-escolares2-10606277/p
Escolar,Figuritas Escolares|1,695.00 USD (x1),695.00 USD (x1),https://www.elmachetazo.com/figuritas-escolares1-10606274/p
Escolar,Lonchera Star Wars Grogu,1499.00 USD (x1),2499.00 USD (x1),https://www.elmachetazo.com/lonchera-star-wars-grogu-10937530/p
Escolar,Pantalón Gimnasia Corto de Niña|Rojo|Talla 8,399.00 USD (x1),399.00 USD (x1),https://www.elmachetazo.com/pantalon-gimnasia-corto-de-ninarojotalla-8-10891479/p
Escolar,Cartuchera Pro Colors Raze|Fucsia,899.00 USD (x1),899.00 USD (x1),https://www.elmachetazo.com/cartuchera-pro-colors-razefucsia-10909644/p
Escolar,Mochila Rosada 1818,899.00 USD (x1),1295.00 USD (x1),https://www.elmachetazo.com/mochila-rosada-1818-10594208/p
Escolar,Goma Transparente Doble Punta|34g,295.00 USD (x1),295.00 USD (x1),https://www.elmachetazo.com/goma-transparente-doble-punta34g-10918198/p
Escolar,Pincel Soft Touch|4 Piezas,249.00 USD (x1),249.00 USD (x1),https://www.elmachetazo.com/pincel-soft-touch4-piezas-10938050/p
Escolar,Témpera Pastel|6 Colores|30ml,295.00 USD (x1),295.00 USD (x1),https://www.elmachetazo.com/tempera-pastel6-colores30ml-10938043/p
Escolar,Resaltador Textliner Plus Metálico|6 Piezas,395.00 USD (x1),395.00 USD (x1),https://www.elmachetazo.com/resaltador-textliner-plus-metalico6-piezas-10938056/p
Escolar,Marcadores Fiesta|18 Piezas,295.00 USD (x1),295.00 USD (x1),https://www.elmachetazo.com/marcadores-fiesta18-piezas-10918200/p
Escolar,Marcadores Permanentes Pastel|5 Piezas,395.00 USD (x1),395.00 USD (x1),https://www.elmachetazo.com/marcadores-permanentes-pastel5-piezas-10938036/p
Escolar,Lápiz Triangular Grafito|3 Piezas,179.00 USD (x1),179.00 USD (x1),https://www.elmachetazo.com/lapiz-triangular-grafito3-piezas-10921913/p
Escolar,Kit Escolar Escritura,199.00 USD (x1),199.00 USD (x1),https://www.elmachetazo.com/kit-escolar-escritura-10921910/p
Escolar,Bolígrafo Papel Trilux Style|5 Piezas,165.00 USD (x1),165.00 USD (x1),https://www.elmachetazo.com/boligrafo-papel-trilux-style5-piezas-10938046/p
Escolar,Bolígrafo Negro Power Gel|065,195.00 USD (x1),195.00 USD (x1),https://www.elmachetazo.com/boligrafo-negro-power-gel065-10918194/p
Escolar,Bolígrafo Azul Power Gel|065,195.00 USD (x1),195.00 USD (x1),https://www.elmachetazo.com/boligrafo-azul-power-gel065-10918193/p
Escolar,Goma Escolar Pega Bien|250g,99.00 USD (x1),99.00 USD (x1),https://www.elmachetazo.com/goma-escolar-pega-bien250g-10918197/p
Escolar,Sacapunta con Borrador,99.00 USD (x1),99.00 USD (x1),https://www.elmachetazo.com/sacapunta-con-borrador-10921907/p
Escolar,Tijera Escolar Punta Redonda,95.00 USD (x1),95.00 USD (x1),https://www.elmachetazo.com/tijera-escolar-punta-redonda-10918190/p
Escolar,Tempera Colores Neon|6 Piezas,395.00 USD (x1),395.00 USD (x1),https://www.elmachetazo.com/tempera-colores-neon6-piezas-10938058/p
Escolar,Bolígrafo Trilux|12 Piezas,295.00 USD (x1),295.00 USD (x1),https://www.elmachetazo.com/boligrafo-trilux12-piezas-10918192/p
Escolar,Bolígrafo Trilux|12 Piezas,295.00 USD (x1),295.00 USD (x1),https://www.elmachetazo.com/boligrafo-trilux12-piezas-10918191/p
Escolar,Marcadores Punta Fina|4 Piezas,495.00 USD (x1),495.00 USD (x1),https://www.elmachetazo.com/marcadores-punta-fina4-piezas-10918791/p
Escolar,Sello Automático XSTamper VX ES-BV|Azul,229.00 USD (x1),229.00 USD (x1),https://www.elmachetazo.com/sello-automatico-xstamper-vx-es-bvazul-10918788/p
Escolar,Matemática Futuro 1 Texto+Taller,2050.00 USD (x1),2050.00 USD (x1),https://www.elmachetazo.com/matematica-futuro-1-textotaller-10938129/p
Escolar,Historia de Panamá 11,2100.00 USD (x1),2100.00 USD (x1),https://www.elmachetazo.com/historia-de-panama-11-10938127/p
Escolar,Geografía de Panamá 7 Serie Futuro,2100.00 USD (x1),2100.00 USD (x1),https://www.elmachetazo.com/geografia-de-panama-7-serie-futuro-10938126/p
Escolar,Educación Agropecuaria 3 Serie Futuro,1775.00 USD (x1),1775.00 USD (x1),https://www.elmachetazo.com/educacion-agropecuaria-3-serie-futuro-10938124/p
Escolar,Carteles Serie 3,1250.00 USD (x1),1250.00 USD (x1),https://www.elmachetazo.com/carteles-serie-3-10938120/p
Escolar,Carteles Serie 2,1250.00 USD (x1),1250.00 USD (x1),https://www.elmachetazo.com/carteles-serie-2-10938119/p
Escolar,Carteles Serie 1,1250.00 USD (x1),1250.00 USD (x1),https://www.elmachetazo.com/carteles-serie-1-10938118/p
Escolar,Diccionario Oceano Pocket Inglés-Español,850.00 USD (x1),850.00 USD (x1),https://www.elmachetazo.com/diccionario-oceano-pocket-ingles-espanol-10932930/p
Escolar,Piensa Ciencias Naturales 6,2425.00 USD (x1),2425.00 USD (x1),https://www.elmachetazo.com/piensa-ciencias-naturales-6-10937881/p
Escolar,Diccionario Práctico de la Lengua Española,850.00 USD (x1),850.00 USD (x1),https://www.elmachetazo.com/diccionario-practico-de-la-lengua-espanola-10932929/p
Escolar,Piensa Ciencias Naturales 5,2425.00 USD (x1),2425.00 USD (x1),https://www.elmachetazo.com/piensa-ciencias-naturales-5-10937880/p
Escolar,Piensa Ciencias Naturales 3,2425.00 USD (x1),2425.00 USD (x1),https://www.elmachetazo.com/piensa-ciencias-naturales-3-10937878/p
Escolar,Piensa Ciencias Naturales 1,2425.00 USD (x1),2425.00 USD (x1),https://www.elmachetazo.com/piensa-ciencias-naturales-1-10937876/p
Escolar,Dominios de Matemáticas 8,2350.00 USD (x1),2350.00 USD (x1),https://www.elmachetazo.com/dominios-de-matematicas-8-10937895/p
Escolar,Finanzas para Jóvenes Emprendimiento K,1900.00 USD (x1),1900.00 USD (x1),https://www.elmachetazo.com/finanzas-para-jovenes-emprendimiento-k-10937869/p
Escolar,Finanzas para Jóvenes Emprendimiento J,1900.00 USD (x1),1900.00 USD (x1),https://www.elmachetazo.com/finanzas-para-jovenes-emprendimiento-j-10937868/p
Escolar,Finanzas para Jóvenes Emprendimiento I,1900.00 USD (x1),1900.00 USD (x1),https://www.elmachetazo.com/finanzas-para-jovenes-emprendimiento-i-10937867/p
Escolar,Finanzas para Jóvenes Emprendimiento H,1900.00 USD (x1),1900.00 USD (x1),https://www.elmachetazo.com/finanzas-para-jovenes-emprendimiento-h-10937866/p
Escolar,Finanzas para Jóvenes Emprendimiento G,1900.00 USD (x1),1900.00 USD (x1),https://www.elmachetazo.com/finanzas-para-jovenes-emprendimiento-g-10937865/p
Escolar,Finanzas para Jóvenes Emprendimiento F,1900.00 USD (x1),1900.00 USD (x1),https://www.elmachetazo.com/finanzas-para-jovenes-emprendimiento-f-10937864/p
Escolar,Finanzas para Niños Emprendimiento D,1975.00 USD (x1),1975.00 USD (x1),https://www.elmachetazo.com/finanzas-para-ninos-emprendimiento-d-10937862/p
Escolar,Finanzas para Niños Emprendimiento A,1975.00 USD (x1),1975.00 USD (x1),https://www.elmachetazo.com/finanzas-para-ninos-emprendimiento-a-10937859/p
Escolar,Dominios de Matemáticas 9,2350.00 USD (x1),2350.00 USD (x1),https://www.elmachetazo.com/dominios-de-matematicas-9-10937896/p
Escolar,Piensa Matemática 5,2425.00 USD (x1),2425.00 USD (x1),https://www.elmachetazo.com/piensa-matematica-5-10937886/p
Escolar,Mi Patria Panamá 6,2350.00 USD (x1),2350.00 USD (x1),https://www.elmachetazo.com/mi-patria-panama-6-10937893/p
Escolar,Piensa Español 5,2425.00 USD (x1),2425.00 USD (x1),https://www.elmachetazo.com/piensa-espanol-5-10937874/p
Escolar,Piensa Español 4,2425.00 USD (x1),2425.00 USD (x1),https://www.elmachetazo.com/piensa-espanol-4-10937873/p
Escolar,Piensa Español 3,2350.00 USD (x1),2350.00 USD (x1),https://www.elmachetazo.com/piensa-espanol-3-10937872/p
Escolar,Piensa Español 2,2425.00 USD (x1),2425.00 USD (x1),https://www.elmachetazo.com/piensa-espanol-2-10937871/p
Escolar,Piensa Español 1,2425.00 USD (x1),2425.00 USD (x1),https://www.elmachetazo.com/piensa-espanol-1-10937870/p
Escolar,Mi Patria Panamá 3,2350.00 USD (x1),2350.00 USD (x1),https://www.elmachetazo.com/mi-patria-panama-3-10937890/p
Escolar,Set Escolar Crayola|75 Piezas,1799.00 USD (x1),1799.00 USD (x1),https://www.elmachetazo.com/set-escolar-crayola75-piezas-10927398/p
Escolar,Lápices de Colores Crayola|100 Piezas,1699.00 USD (x1),2299.00 USD (x1),https://www.elmachetazo.com/lapices-de-colores-crayola100-piezas-10927392/p
Escolar,Papel de Construcción Crayola|48 Piezas,599.00 USD (x1),599.00 USD (x1),https://www.elmachetazo.com/papel-de-construccion-crayola48-piezas-10927397/p
Escolar,Lápices de Colores Crayola|Color Kindness|12 Piezas,249.00 USD (x1),249.00 USD (x1),https://www.elmachetazo.com/lapices-de-colores-crayolacolor-kindness12-piezas-10927401/p
Escolar,Crayones Colors Kindness|24 Piezas,249.00 USD (x1),249.00 USD (x1),https://www.elmachetazo.com/crayones-colors-kindness24-piezas-10927400/p
Escolar,Civica 7|Puentes del Saber,2206.00 USD (x1),2206.00 USD (x1),https://www.elmachetazo.com/civica-7puentes-del-saber-10601865/p
Escolar,Lengua y Literatura 8|Puentes del Saber,2678.00 USD (x1),2678.00 USD (x1),https://www.elmachetazo.com/lengua-y-literatura-8puentes-del-saber-10601832/p
Escolar,Lectopolis I,2592.00 USD (x1),2592.00 USD (x1),https://www.elmachetazo.com/lectopolis-i-10611316/p
Escolar,Lectopolis H,2592.00 USD (x1),2592.00 USD (x1),https://www.elmachetazo.com/lectopolis-h-10611315/p
Escolar,Lectopolis E,2644.00 USD (x1),2644.00 USD (x1),https://www.elmachetazo.com/lectopolis-e-10611312/p
Escolar,Lectopolis D,2644.00 USD (x1),2644.00 USD (x1),https://www.elmachetazo.com/lectopolis-d-10611311/p
Escolar,Lectopolis C,2644.00 USD (x1),2644.00 USD (x1),https://www.elmachetazo.com/lectopolis-c-10611310/p
Escolar,Lectopolis A,2644.00 USD (x1),2644.00 USD (x1),https://www.elmachetazo.com/lectopolis-a-10611308/p
Escolar,"Cuaderno de Dibujo|8.5""x13""",375.00 USD (x1),375.00 USD (x1),https://www.elmachetazo.com/cuaderno-de-dibujo85x13-10080297/p
Escolar,"Cuaderno de Dibujo Nacional|8""x13""",285.00 USD (x1),285.00 USD (x1),https://www.elmachetazo.com/cuaderno-de-dibujo-nacional8x13-10068388/p
Escolar,"Libreta de Dibujo|14""x17""",799.00 USD (x1),799.00 USD (x1),https://www.elmachetazo.com/libreta-de-dibujo14x17-10755244/p
Escolar,Reloj Didáctico Madera,595.00 USD (x1),595.00 USD (x1),https://www.elmachetazo.com/reloj-didactico-madera-10799297/p
Escolar,Maletín Ejecutivo Swiss,995.00 USD (x1),2295.00 USD (x1),https://www.elmachetazo.com/maletin-ejecutivo-swiss-10845434/p
Escolar,Maletín Ejecutivo,1699.00 USD (x1),1699.00 USD (x1),https://www.elmachetazo.com/maletin-ejecutivo-10941105/p
Escolar,Cuaderno Raya Ancha|Grande|Tapa Dura|80 Hojas,199.00 USD (x1),299.00 USD (x1),https://www.elmachetazo.com/cuaderno-raya-anchagrandetapa-dura80-hojas-10705942/p
Escolar,Mochila Dynamic Totto|Celeste,1999.00 USD (x1),2999.00 USD (x1),https://www.elmachetazo.com/mochila-dynamic-tottoceleste-10932132/p
Escolar,Mochila Dynamic Totto|Vino,1999.00 USD (x1),2999.00 USD (x1),https://www.elmachetazo.com/mochila-dynamic-tottovino-10932129/p
Escolar,Combo Escolar Totto|Azul Navy,4495.00 USD (x1),4495.00 USD (x1),https://www.elmachetazo.com/combo-escolar-totto-azul-navy-10932499/p
Escolar,Delantal Rojo|Color Liso,199.00 USD (x1),199.00 USD (x1),https://www.elmachetazo.com/delantal-rojocolor-liso-10891637/p
Escolar,Mi Primer Cuaderno Rayitas|50 Hojas,199.00 USD (x1),225.00 USD (x1),https://www.elmachetazo.com/mi-primer-cuaderno-rayitas50-hojas-10802153/p
Escolar,Rompecabeza Preescolar|Temas Surtidos,295.00 USD (x1),295.00 USD (x1),https://www.elmachetazo.com/rompecabeza-preescolartemas-surtidos-10808565/p
Escolar,Mochila Grande Colors 1818|Orange,599.00 USD (x1),1295.00 USD (x1),https://www.elmachetazo.com/mochila-grande-colors-1818orange-10909640/p
Escolar,Mochila Grande Minecraft|Ruedas LED,3999.00 USD (x1),7999.00 USD (x1),https://www.elmachetazo.com/mochila-grande-minecraftruedas-led-10909627/p
Escolar,Mochila Grande Minecraft,3499.00 USD (x1),3499.00 USD (x1),https://www.elmachetazo.com/mochila-grande-minecraft-10909624/p
Escolar,Mochila Grande Mario Bros.,1999.00 USD (x1),3499.00 USD (x1),https://www.elmachetazo.com/mochila-grande-mario-bros-10909596/p
Escolar,Mochila Grande Mario Bros. Win,1999.00 USD (x1),3499.00 USD (x1),https://www.elmachetazo.com/mochila-grande-mario-bros-win-10909591/p
Escolar,Mochila Grande Rosa Happy Girl|Chein,3499.00 USD (x1),3499.00 USD (x1),https://www.elmachetazo.com/mochila-grande-rosa-happy-girlchein-10909561/p
Escolar,Mochila DayPack Dino Club|T-Rex,3499.00 USD (x1),3499.00 USD (x1),https://www.elmachetazo.com/mochila-daypack-dino-clubt-rex-10909551/p
Escolar,Mochila Jansport Cross Town|Loden Frost,4495.00 USD (x1),4495.00 USD (x1),https://www.elmachetazo.com/mochila-jansport-cross-townloden-frost-10931196/p
Escolar,Lonchera Cars|20.5x22.5x13.5cm,1199.00 USD (x1),1199.00 USD (x1),https://www.elmachetazo.com/lonchera-cars205x225x135cm-10938482/p
Escolar,Lonchera Frozen|25x20x8cm,799.00 USD (x1),1299.00 USD (x1),https://www.elmachetazo.com/lonchera-frozen25x20x8cm-10938481/p
Escolar,Lonchera Teen Titans|25x20x8cm,399.00 USD (x1),1299.00 USD (x1),https://www.elmachetazo.com/lonchera-teen-titans25x20x8cm-10938479/p
Escolar,"Mochila Teen Titans|16""",698.00 USD (x1),1999.00 USD (x1),https://www.elmachetazo.com/mochila-teen-titans16-10938478/p
Escolar,"Mochila con Ruedas Teen Titans|16""",1999.00 USD (x1),3999.00 USD (x1),https://www.elmachetazo.com/mochila-con-ruedas-teen-titans16-10938476/p
Escolar,Cartuchera Teen Titans|Doble Compatimiento|22x10x7cm,499.00 USD (x1),699.00 USD (x1),https://www.elmachetazo.com/cartuchera-teen-titansdoble-compatimiento22x10x7cm-10938475/p
Escolar,Lonchera Mickey|20.5x22.5x13.5cm,599.00 USD (x1),1199.00 USD (x1),https://www.elmachetazo.com/lonchera-mickey205x225x135cm-10938474/p
Escolar,"Mochila Princess 13""",959.00 USD (x1),1599.00 USD (x1),https://www.elmachetazo.com/mochila-princess-13-10938471/p
Escolar,Bandera de Panamá|Tamaño 30-45cm,65.00 USD (x1),65.00 USD (x1),https://www.elmachetazo.com/bandera-de-panamatamano-30-45cm-10792769/p
Escolar,Bandera de Panamá|Tamaño 90-145cm,395.00 USD (x1),395.00 USD (x1),https://www.elmachetazo.com/bandera-de-panamatamano-90-145cm-10792771/p
Escolar,Bandera de Panamá|Tamaño 60-90cm,195.00 USD (x1),195.00 USD (x1),https://www.elmachetazo.com/bandera-de-panamatamano-60-90cm-10792770/p
Escolar,Foamy Moldeable,500.00 USD (x1),625.00 USD (x1),https://www.elmachetazo.com/foamy-moldeable-10890412/p
Escolar,Lápices Colores del Mundo|Set de 24 Piezas,495.00 USD (x1),495.00 USD (x1),https://www.elmachetazo.com/lapices-colores-del-mundoset-de-24-piezas-10873582/p
Escolar,Pintura Lavable|Set de 3 Colores Brillantes|8oz,895.00 USD (x1),895.00 USD (x1),https://www.elmachetazo.com/pintura-lavableset-de-3-colores-brillantes8oz-10671788/p
Escolar,Pinceles Redondos Set de 4 Piezas,395.00 USD (x1),395.00 USD (x1),https://www.elmachetazo.com/pinceles-redondos-set-de-4-piezas-10559598/p
Escolar,Pinceles Planos Set de 4 Piezas,395.00 USD (x1),395.00 USD (x1),https://www.elmachetazo.com/pinceles-planos-set-de-4-piezas-10541323/p
Escolar,Pintura Lavable|Set de 3 Colores|8oz,895.00 USD (x1),895.00 USD (x1),https://www.elmachetazo.com/pintura-lavableset-de-3-colores8oz-10512672/p
Escolar,Tempera Neón Lavable Set de 10 Unidades,695.00 USD (x1),695.00 USD (x1),https://www.elmachetazo.com/tempera-neon-lavable-set-de-10--unidades-10480320/p
Escolar,Crayones Twistables Set de 24 Piezas,295.00 USD (x1),595.00 USD (x1),https://www.elmachetazo.com/crayones-twistables-set-de-24-piezas-10432648/p
Escolar,Pinceles Set de 5 Piezas,295.00 USD (x1),295.00 USD (x1),https://www.elmachetazo.com/pinceles-set-de-5-piezas-10373242/p
Escolar,Libro de Colorear Amigos Prehistóricos con Hoja de Calcomanías,225.00 USD (x1),225.00 USD (x1),https://www.elmachetazo.com/libro-de-colorear-amigos-prehistoricos-con-hoja-de-calcomanias-10873588/p
Escolar,Libro de Colorear Animalitos Amigos,99.00 USD (x1),175.00 USD (x1),https://www.elmachetazo.com/libro-de-colorear-animalitos-amigos-10873587/p
Escolar,Barras de Plastilina Set 4 Unidades 1/4 lb,299.00 USD (x1),299.00 USD (x1),https://www.elmachetazo.com/barras-de-plastilina-set-4-unidades-14-lb-10752508/p
Escolar,"Portafolio de 3 Anillos 1""|Color Fucsia",269.00 USD (x1),269.00 USD (x1),https://www.elmachetazo.com/portafolio-de-3-anillos-1color-fucsia-10373355/p
Escolar,"Portafolio de 1"" con 3 Anillas",269.00 USD (x1),269.00 USD (x1),https://www.elmachetazo.com/portafolio-de-1-con-3-anillas-10423927/p
Escolar,Divisor Plástico para Portafolio|Set de 5 Piezas,110.00 USD (x1),110.00 USD (x1),https://www.elmachetazo.com/divisor-plastico-para-portafolioset-de-5-piezas-10373467/p
Escolar,Divisor Plástico para Portafolio|Set de 5 Piezas,199.00 USD (x1),199.00 USD (x1),https://www.elmachetazo.com/divisor-plastico-para-portafolioset-de-5-piezas-10373469/p
Escolar,Pinceles Set de 8 Unidades,395.00 USD (x1),395.00 USD (x1),https://www.elmachetazo.com/pinceles-set-de-8-unidades-10236940/p
Escolar,Crayones Triangulares 16 Colores,395.00 USD (x1),395.00 USD (x1),https://www.elmachetazo.com/crayones-triangulares-16-colores-10144160/p
Escolar,Crayones Triangulares 8 Colores,249.00 USD (x1),249.00 USD (x1),https://www.elmachetazo.com/crayones-triangulares-8-colores-10142509/p
Escolar,Marcadores Lavables Super Tips|10 Colores,295.00 USD (x1),295.00 USD (x1),https://www.elmachetazo.com/marcadores-lavables-super-tips10-colores-10140875/p
Escolar,Marcadores Lavables Super Tips|20 Colores,495.00 USD (x1),495.00 USD (x1),https://www.elmachetazo.com/marcadores-lavables-super-tips20-colores-10140871/p
Escolar,Lápices Pasteles Crayola|16 Colores,275.00 USD (x1),275.00 USD (x1),https://www.elmachetazo.com/lapices-pasteles-crayola-16-colores-10140026/p
Escolar,Lápices de Colores 50 Unidades,995.00 USD (x1),995.00 USD (x1),https://www.elmachetazo.com/lapices-de-colores-50-unidades-10140024/p
Escolar,Crayones Lavables Ultra-Clean|Set de 16 Colores,495.00 USD (x1),495.00 USD (x1),https://www.elmachetazo.com/crayones-lavables-ultra-cleanset-de-16-colores-10139192/p
Escolar,Crayones Lavables Ultra-Clean|Set de 8 Colores,295.00 USD (x1),295.00 USD (x1),https://www.elmachetazo.com/crayones-lavables-ultra-cleanset-de-8-colores-10139191/p
Escolar,Tijera Escolar Punta Redonda,169.00 USD (x1),169.00 USD (x1),https://www.elmachetazo.com/tijera-escolar-punta-redonda-10134618/p
Escolar,Acuarela Lavable|16 colores Surtidos|Pincel,399.00 USD (x1),399.00 USD (x1),https://www.elmachetazo.com/acuarela-lavable16-colores-surtidospincel-10060192/p
Escolar,Acuarela Lavable|8 colores Surtidos|Pincel,195.00 USD (x1),295.00 USD (x1),https://www.elmachetazo.com/acuarela-lavable8-colores-surtidospincel-10060191/p
Escolar,Tiza Blanca Caja 12 Unidades,199.00 USD (x1),199.00 USD (x1),https://www.elmachetazo.com/tiza-blanca-caja-12-unidades-10060189/p
Escolar,Borrador para Pizarrón Blanco,199.00 USD (x1),199.00 USD (x1),https://www.elmachetazo.com/borrador-para-pizarron-blanco-10546301/p
Escolar,Papel Autoadhesivo Transparente|1.5 m,159.00 USD (x1),159.00 USD (x1),https://www.elmachetazo.com/papel-autoadhesivo-transparente15-m-10319239/p
Escolar,Limpia Tipo|35g,169.00 USD (x1),169.00 USD (x1),https://www.elmachetazo.com/limpia-tipo35g-10305477/p
Escolar,Goma Blanca con Dosificador|8 oz,199.00 USD (x1),199.00 USD (x1),https://www.elmachetazo.com/goma-blanca-con-dosificador8-oz-10364163/p
Escolar,Cartuchera Escolar,399.00 USD (x1),399.00 USD (x1),https://www.elmachetazo.com/cartuchera-escolar-10873712/p
Escolar,Lonchera Escolar Yolo,599.00 USD (x1),599.00 USD (x1),https://www.elmachetazo.com/lonchera-escolar-yolo-10873711/p
Escolar,Tijera Escolar Punta Roma 12cm,49.00 USD (x1),99.00 USD (x1),https://www.elmachetazo.com/tijera-escolar-punta-roma-12cm-10847846/p
Escolar,Cuaderno Bonequinhas Grande|Cosido|Raya Ancha|100 Hojas,299.00 USD (x1),370.00 USD (x1),https://www.elmachetazo.com/cuaderno-bonequinhas-grandecosidoraya-ancha100-hojas-10802220/p
Escolar,Masilla en Caja de 6 Colores,187.00 USD (x1),187.00 USD (x1),https://www.elmachetazo.com/masilla-en-caja-de-6-colores-10170471/p
Escolar,Masilla en Caja de 10 Colores,277.00 USD (x1),277.00 USD (x1),https://www.elmachetazo.com/masilla-en-caja-de-10-colores-10170472/p
Escolar,Mochila Grande Mario Bros,3495.00 USD (x1),3495.00 USD (x1),https://www.elmachetazo.com/mochila-grande-mario-bros-10867952/p
Escolar,Cartuchera Mario Bros,995.00 USD (x1),995.00 USD (x1),https://www.elmachetazo.com/cartuchera-mario-bros-10867951/p
Escolar,Lonchera Mario Bros Party,1695.00 USD (x1),1695.00 USD (x1),https://www.elmachetazo.com/lonchera-mario-bros-party-10867949/p
Escolar,Mochila Grande Super Mario Bros Party,3495.00 USD (x1),3495.00 USD (x1),https://www.elmachetazo.com/mochila-grande-super-mario-bros-party-10867947/p
Escolar,Cartuchera Super Mario Bros,995.00 USD (x1),995.00 USD (x1),https://www.elmachetazo.com/cartuchera-super-mario-bros-10734727/p
Escolar,Diccionario Conciso de Sinónimos y Antónimos,700.00 USD (x1),700.00 USD (x1),https://www.elmachetazo.com/diccionario-conciso-de-sinonimos-y-antonimos-10759612/p
Escolar,Lonchera Juvenil Muus|Color Negro,1695.00 USD (x1),1695.00 USD (x1),https://www.elmachetazo.com/lonchera-juvenil-muuscolor-negro-10867967/p
Escolar,Lonchera Juvenil Muus|Color Azul,1695.00 USD (x1),1695.00 USD (x1),https://www.elmachetazo.com/lonchera-juvenil-muuscolor-azul-10867966/p
Escolar,Lonchera Ataque Tiburón,1695.00 USD (x1),1695.00 USD (x1),https://www.elmachetazo.com/lonchera-ataque-tiburon-10867943/p
Escolar,Lapicera Ataque Tiburón,995.00 USD (x1),995.00 USD (x1),https://www.elmachetazo.com/lapicera-ataque-tiburon-10867941/p
Escolar,Lapicera Typhon 3D,995.00 USD (x1),995.00 USD (x1),https://www.elmachetazo.com/lapicera-typhon-3d-10867940/p
Escolar,Lonchera Comandante Typhon 3D,1695.00 USD (x1),1695.00 USD (x1),https://www.elmachetazo.com/lonchera-comandante-typhon-3d-10867939/p
Escolar,Maletin Ejecutivo Unisex Vilow,4495.00 USD (x1),4495.00 USD (x1),https://www.elmachetazo.com/maletin-ejecutivo-unisex-vilow-10836819/p
Escolar,Liquido Corrector|7ml,295.00 USD (x1),295.00 USD (x1),https://www.elmachetazo.com/liquido-corrector7ml-10324448/p
Escolar,"Liquido Corrector Punta Fina|4,2 ml",215.00 USD (x1),215.00 USD (x1),https://www.elmachetazo.com/liquido-corrector-punta-fina42-ml-10191680/p
Escolar,Marcador de Tablero Easyflo|Color Azul|Recargable,130.00 USD (x1),130.00 USD (x1),https://www.elmachetazo.com/marcador-de-tablero-easyflocolor-azulrecargable-10094514/p
Escolar,"Marcador para Tablero Blanco
con Sistema de Tinta Líquida|Color Negro",165.00 USD (x1),165.00 USD (x1),https://www.elmachetazo.com/marcador-para-tablero-blancocon-sistema-de-tinta-liquidacolor-negro-10100388/p
Escolar,Borrador Mecánico Transparente Rojo,125.00 USD (x1),125.00 USD (x1),https://www.elmachetazo.com/borrador-mecanico-transparente-rojo-10100386/p
Escolar,Lapiz Mecánico|0.7mm,125.00 USD (x1),125.00 USD (x1),https://www.elmachetazo.com/lapiz-mecanico07mm-10099526/p
Escolar,Lápiz Mecánico Techniclick Transparente|Color Verde,125.00 USD (x1),125.00 USD (x1),https://www.elmachetazo.com/lapiz-mecanico-techniclick-transparentecolor-verde-10099522/p
Escolar,Lapiz Mecanico Techniclick Transparente|Color Azul,125.00 USD (x1),125.00 USD (x1),https://www.elmachetazo.com/lapiz-mecanico-techniclick-transparentecolor-azul-10099521/p
Escolar,Lápiz Mecánico Sharplet|0.5mm|Color Azul,125.00 USD (x1),125.00 USD (x1),https://www.elmachetazo.com/lapiz-mecanico-sharplet05mmcolor-azul-10189325/p
Escolar,Lápiz Mecánico Sharplet|0.5mm|Color Negro,125.00 USD (x1),125.00 USD (x1),https://www.elmachetazo.com/lapiz-mecanico-sharplet05mmcolor-negro-10189324/p
Escolar,Marcador para Tablero Maxiflo|Color Azul,165.00 USD (x1),165.00 USD (x1),https://www.elmachetazo.com/marcador-para-tablero-maxiflocolor-azul-10189322/p
Escolar,Marcador para Tablero Maxiflo|Color Negro,165.00 USD (x1),165.00 USD (x1),https://www.elmachetazo.com/marcador-para-tablero-maxiflocolor-negro-10189321/p
Escolar,Boligrafo Energel Retractil|0.7mm|Color Azul,100.00 USD (x1),100.00 USD (x1),https://www.elmachetazo.com/boligrafo-energel-retractil07mmcolor-azul-10180670/p
Escolar,Boligrafo Energel Retractil|0.5mm|Color Negro,100.00 USD (x1),100.00 USD (x1),https://www.elmachetazo.com/boligrafo-energel-retractil05mmcolor-negro-10304677/p
Escolar,Marcador de Tablero Easyflo|Color Azul|Recargable,130.00 USD (x1),130.00 USD (x1),https://www.elmachetazo.com/marcador-de-tablero-easyflocolor-azulrecargable-10094510/p
Escolar,Marcador de Tablero Easyflo|Color Negro|Recargable,130.00 USD (x1),130.00 USD (x1),https://www.elmachetazo.com/marcador-de-tablero-easyflocolor-negrorecargable-10094508/p
Escolar,Lápiz Mecánico Techniclick Transparente|Verde,125.00 USD (x1),125.00 USD (x1),https://www.elmachetazo.com/lapiz-mecanico-techniclick-transparenteverde-10092977/p
Escolar,Lápiz Mecánico Techniclick Transparente|Azul,125.00 USD (x1),125.00 USD (x1),https://www.elmachetazo.com/lapiz-mecanico-techniclick-transparenteazul-10092976/p
Escolar,Bolígrafo R.S.V.P|0.7mm|Color Azul,85.00 USD (x1),85.00 USD (x1),https://www.elmachetazo.com/boligrafo-rsvp07mmcolor-azul-10092973/p
Escolar,Bolígrafo R.S.V.P|0.7mm|Color Negro,85.00 USD (x1),85.00 USD (x1),https://www.elmachetazo.com/boligrafo-rsvp07mmcolor-negro-10092970/p
Escolar,Repuesto Borrador Mecánico para Clic Eraser,110.00 USD (x1),110.00 USD (x1),https://www.elmachetazo.com/repuesto-borrador-mecanico-para-clic-eraser-10092111/p
Escolar,Resaltador Fluorescente|5 Piezas,395.00 USD (x1),395.00 USD (x1),https://www.elmachetazo.com/resaltador-fluorescente5-piezas-10707139/p
Escolar,Boligrafo RSVP Super RT de Línea Fina|Color Azul,175.00 USD (x1),175.00 USD (x1),https://www.elmachetazo.com/boligrafo-rsvp-super-rt-de-linea-finacolor-azul-10707135/p
Escolar,Marcador Permanente Punta Redonda|Color Azul,135.00 USD (x1),135.00 USD (x1),https://www.elmachetazo.com/marcador-permanente-punta-redondacolor-azul-10098648/p
Escolar,Mina Lápiz Mecánico|0.7|HB|Hi-Polymer Super,50.00 USD (x1),50.00 USD (x1),https://www.elmachetazo.com/mina-lapiz-mecanico07hbhi-polymer-super-10097769/p
Escolar,Mina Lápiz Mecánico|0.7|B|Hi-Polymer Super,50.00 USD (x1),50.00 USD (x1),https://www.elmachetazo.com/mina-lapiz-mecanico07bhi-polymer-super-10097767/p
Escolar,Mina Lápiz Mecánico|0.5|2B|Hi-Polymer Super,50.00 USD (x1),50.00 USD (x1),https://www.elmachetazo.com/mina-lapiz-mecanico052bhi-polymer-super-10097764/p
Escolar,Marcador Permanente N60|Punta Biselada|Color Azul,135.00 USD (x1),135.00 USD (x1),https://www.elmachetazo.com/marcador-permanente-n60punta-biseladacolor-azul-10096923/p
Escolar,Bolígrafo Energel Retráctil|Color Azul|0.7mm,185.00 USD (x1),185.00 USD (x1),https://www.elmachetazo.com/boligrafo-energel-retractilcolor-azul07mm-10096158/p
Escolar,Bolígrafo Superb|0.7mm|Color Azul,95.00 USD (x1),95.00 USD (x1),https://www.elmachetazo.com/boligrafo-superb07mmcolor-azul-10096069/p
Escolar,Bolígrafo Superb|0.7mm|Color Negro,95.00 USD (x1),95.00 USD (x1),https://www.elmachetazo.com/boligrafo-superb07mmcolor-negro-10096068/p
Escolar,Corrector Punta Fina|4.2ml,185.00 USD (x1),185.00 USD (x1),https://www.elmachetazo.com/corrector-punta-fina42ml-10096067/p
Escolar,Corrector Punta Fina|7ml,195.00 USD (x1),195.00 USD (x1),https://www.elmachetazo.com/corrector-punta-fina7ml-10096066/p
Escolar,Bolígrafo Energel|0.7mm|Color Azul,145.00 USD (x1),145.00 USD (x1),https://www.elmachetazo.com/boligrafo-energel07mmcolor-azul-10085135/p
Escolar,Bolígrafo Energel|0.7mm|Color Negro,145.00 USD (x1),145.00 USD (x1),https://www.elmachetazo.com/boligrafo-energel07mmcolor-negro-10085133/p
Escolar,Bolígrafo Hybrid Gel Grip DX|0.7mm|Color Azul,135.00 USD (x1),135.00 USD (x1),https://www.elmachetazo.com/boligrafo-hybrid-gel-grip-dx07mmcolor-azul-10080968/p
Escolar,Marcador de Tablero Maxiflo Flex-Feel|Color Azul,225.00 USD (x1),225.00 USD (x1),https://www.elmachetazo.com/marcador-de-tablero-maxiflo-flex-feelcolor-azul-10656822/p
Escolar,Lápices de Colores|Caja 24 Piezas,495.00 USD (x1),495.00 USD (x1),https://www.elmachetazo.com/lapices-de-colorescaja-24-piezas-10656819/p
Escolar,Lápices de Colores|Caja 36 Piezas,695.00 USD (x1),695.00 USD (x1),https://www.elmachetazo.com/lapices-de-colorescaja-36-piezas-10656815/p
Escolar,Borrador Hi-Polymer Grande,45.00 USD (x1),45.00 USD (x1),https://www.elmachetazo.com/borrador-hi-polymer-grande-10550276/p
Escolar,Portaminas Fiesta 0.5|Color Celeste,55.00 USD (x1),55.00 USD (x1),https://www.elmachetazo.com/portaminas-fiesta-05color-celeste-10550252/p
Escolar,Portaminas Fiesta 0.5|Color Verde,55.00 USD (x1),55.00 USD (x1),https://www.elmachetazo.com/portaminas-fiesta-05color-verde-10550247/p
Escolar,Borrador Mediano Hi-Polymer,50.00 USD (x1),50.00 USD (x1),https://www.elmachetazo.com/borrador-mediano-hi-polymer-10097761/p
Escolar,Marcador de Tablero Biselado Economico|Color Negro,75.00 USD (x1),75.00 USD (x1),https://www.elmachetazo.com/marcador-de-tablero-biselado-economicocolor-negro-10097015/p
Escolar,Marcador de Tablero Economico|Color Rojo,75.00 USD (x1),75.00 USD (x1),https://www.elmachetazo.com/marcador-de-tablero-economicocolor-rojo-10097012/p
Escolar,Marcador Permanente Redondo|Color Azul,65.00 USD (x1),65.00 USD (x1),https://www.elmachetazo.com/marcador-permanente-redondocolor-azul-10095350/p
Escolar,Marcador Permanente Redondo|Color Negro,65.00 USD (x1),65.00 USD (x1),https://www.elmachetazo.com/marcador-permanente-redondocolor-negro-10095348/p
Escolar,Repuesto para Marcador de Tablero Easyflo|Color Rojo,75.00 USD (x1),75.00 USD (x1),https://www.elmachetazo.com/repuesto-para-marcador-de-tablero-easyflocolor-rojo-10095341/p
Escolar,Repuesto para Marcador de Tablero Easyflo|Color Negro,75.00 USD (x1),75.00 USD (x1),https://www.elmachetazo.com/repuesto-para-marcador-de-tablero-easyflocolor-negro-10095340/p
Escolar,Borrador Grande Hi-Polymer,65.00 USD (x1),65.00 USD (x1),https://www.elmachetazo.com/borrador-grande-hi-polymer-10095266/p
Escolar,Marcador Permanente Punta Redonda|Negro A23,99.00 USD (x1),99.00 USD (x1),https://www.elmachetazo.com/marcador-permanente-punta-redondanegro-a23-10689309/p
Escolar,Bolitas Pompom 1.5cm|100 Piezas,99.00 USD (x1),99.00 USD (x1),https://www.elmachetazo.com/bolitas-pompom-15cm100-piezas-10743610/p
Escolar,Pistola de Silicona Grande,549.00 USD (x1),549.00 USD (x1),https://www.elmachetazo.com/pistola-de-silicona-grande-10738334/p
Escolar,"Libreta Acrylic Pad|10 Hojas|9""x12""",299.00 USD (x1),595.00 USD (x1),https://www.elmachetazo.com/libreta-acrylic-pad10-hojas9x12-10791929/p
Escolar,Borrador para Tablero,99.00 USD (x1),145.00 USD (x1),https://www.elmachetazo.com/borrador-para-tablero-10230601/p
Escolar,Barra Silicona Gruesa Bolsa|3 Piezas,129.00 USD (x1),129.00 USD (x1),https://www.elmachetazo.com/barra-silicona-gruesa-bolsa3-piezas-10764554/p
Escolar,Barra Silicona Delgada Bolsa|5 Unidades,99.00 USD (x1),99.00 USD (x1),https://www.elmachetazo.com/barra-silicona-delgada-bolsa5-unidades-10764553/p
Escolar,Mina Polimérica 2B|0.5mm|Set 24 Piezas,39.00 USD (x1),39.00 USD (x1),https://www.elmachetazo.com/mina-polimerica-2b05mmset-24-piezas-10364214/p
Escolar,Silicona Liquida|30ml,79.00 USD (x1),79.00 USD (x1),https://www.elmachetazo.com/silicona-liquida30ml-10319261/p
Escolar,"Tijera Multipropósito 8""",199.00 USD (x1),199.00 USD (x1),https://www.elmachetazo.com/tijera-multiproposito-8-10145212/p
Escolar,Botones Surtidos|30 Piezas|4 Colores Surtidos,149.00 USD (x1),149.00 USD (x1),https://www.elmachetazo.com/botones-surtidos30-piezas4-colores-surtidos-10864766/p
Escolar,Foamy Figuras Adhesivas|Escarchados|50 Piezas,99.00 USD (x1),149.00 USD (x1),https://www.elmachetazo.com/foamy-figuras-adhesivasescarchados50-piezas-10860908/p
Escolar,Foamy Figuras Adhesivas|Animalitos 3D|11 Piezas,179.00 USD (x1),179.00 USD (x1),https://www.elmachetazo.com/foamy-figuras-adhesivasanimalitos-3d11-piezas-10860893/p
Escolar,Ojitos Móviles 20mm|20 Piezas|Colores Surtidos,149.00 USD (x1),149.00 USD (x1),https://www.elmachetazo.com/ojitos-moviles-20mm20-piezascolores-surtidos-10850977/p
Escolar,Disco de Foam|30x2.5cm|Blanco,299.00 USD (x1),299.00 USD (x1),https://www.elmachetazo.com/disco-de-foam30x25cmblanco-10850976/p
Escolar,Marcador Artline Azul 041T Punta Doble,125.00 USD (x1),125.00 USD (x1),https://www.elmachetazo.com/marcador-artline-azul-041t-punta-doble-10141625/p
Escolar,Marcador Artline Permanente Negro,125.00 USD (x1),125.00 USD (x1),https://www.elmachetazo.com/marcador-artline-permanente-negro-10364275/p
Escolar,Tinta Azul Artline para Almohadilla,195.00 USD (x1),195.00 USD (x1),https://www.elmachetazo.com/tinta-azul-artline-para-almohadilla-10364567/p
Escolar,Plumillas Artline 0.2|0.4|0.8|Set 3 Piezas,395.00 USD (x1),395.00 USD (x1),https://www.elmachetazo.com/plumillas-artline-020408set-3-piezas-10531489/p
Escolar,Tinta Negra Artline para Almohadilla,195.00 USD (x1),195.00 USD (x1),https://www.elmachetazo.com/tinta-negra-artline-para-almohadilla-10364565/p
Escolar,Pad Dactilar Artline|Tinta Negra|7mm,499.00 USD (x1),499.00 USD (x1),https://www.elmachetazo.com/pad-dactilar-artlinetinta-negra7mm-10364705/p
Escolar,Marcador Artline|0.5mm,125.00 USD (x1),125.00 USD (x1),https://www.elmachetazo.com/marcador-artline05mm-10364309/p
Escolar,Marcadores Permanentes Artline Set 4 Piezas,236.00 USD (x1),295.00 USD (x1),https://www.elmachetazo.com/marcadores-permanentes-artline-set-4-piezas-10736037/p
Escolar,Plumilla Artline Negro #04,125.00 USD (x1),125.00 USD (x1),https://www.elmachetazo.com/plumilla-artline-negro-04-10136833/p
Escolar,Marcador Artline Rojo para Tablero,125.00 USD (x1),125.00 USD (x1),https://www.elmachetazo.com/marcador-artline-rojo-para-tablero-10364289/p
Escolar,Plumilla Negra Artline #02,125.00 USD (x1),125.00 USD (x1),https://www.elmachetazo.com/plumilla-negra-artline-02-10136831/p
Escolar,Plumilla Negra Artline #03,125.00 USD (x1),125.00 USD (x1),https://www.elmachetazo.com/plumilla-negra-artline-03-10136832/p
Escolar,Bolígrafo Artline Plateado 1.0mm,95.00 USD (x1),95.00 USD (x1),https://www.elmachetazo.com/boligrafo-artline-plateado-10mm-10132946/p
Escolar,Marcador Artline Verde Permanente #90,125.00 USD (x1),125.00 USD (x1),https://www.elmachetazo.com/marcador-artline-verde-permanente-90-10341935/p
Escolar,Bolígrafo Artline de Gel Azul 0.5 mm,95.00 USD (x1),95.00 USD (x1),https://www.elmachetazo.com/boligrafo-artline-de-gel-azul-05-mm-10364672/p
Escolar,Marcador Artline Naranja Permanente #70,125.00 USD (x1),125.00 USD (x1),https://www.elmachetazo.com/marcador-artline-naranja-permanente-70-10342512/p
Escolar,Marcador Artline Rojo Permanente,125.00 USD (x1),125.00 USD (x1),https://www.elmachetazo.com/marcador-artline-rojo-permanente-10364279/p
Escolar,Boligrafo Artline de Gel Rojo 0.7mm,95.00 USD (x1),95.00 USD (x1),https://www.elmachetazo.com/boligrafo-artline-de-gel-rojo-07mm-10144053/p
Escolar,Marcador Artline Permanente #90,125.00 USD (x1),125.00 USD (x1),https://www.elmachetazo.com/marcador-artline-permanente--90-10341939/p
Escolar,Marcador Artline para Tablero Negro,125.00 USD (x1),125.00 USD (x1),https://www.elmachetazo.com/marcador-artline-para-tablero-negro-10364739/p
Escolar,Marcador Artline para Tablero Azul,125.00 USD (x1),125.00 USD (x1),https://www.elmachetazo.com/marcador-artline-para-tablero-azul-10364287/p
Escolar,Marcador Artline Azul para Tablero,125.00 USD (x1),125.00 USD (x1),https://www.elmachetazo.com/marcador-artline-azul-para-tablero-10364296/p
Escolar,Plumilla Artline Negro #07,125.00 USD (x1),125.00 USD (x1),https://www.elmachetazo.com/plumilla-artline-negro-07-10364308/p
Escolar,Goma en Barra Artline 25g,95.00 USD (x1),95.00 USD (x1),https://www.elmachetazo.com/goma-en-barra-artline-25g-10364641/p
Escolar,Plumilla Artline Negro #06,125.00 USD (x1),125.00 USD (x1),https://www.elmachetazo.com/plumilla-artline-negro-06-10364307/p
Escolar,Plumilla Negra Artline #01,125.00 USD (x1),125.00 USD (x1),https://www.elmachetazo.com/plumilla-negra-artline-01-10136829/p
Escolar,Lapiz Mecánico Artline 0.5,69.00 USD (x1),95.00 USD (x1),https://www.elmachetazo.com/lapiz-mecanico-artline-05-10479384/p
Escolar,Borrador Blanco Examate,20.00 USD (x1),25.00 USD (x1),https://www.elmachetazo.com/borrador-blanco-examate-10323532/p
Escolar,Marcador Punta Fina Graph Peps Set 4 Piezas,270.00 USD (x1),270.00 USD (x1),https://www.elmachetazo.com/marcador-punta-fina-graph-peps-set-4-piezas-10502058/p
Escolar,Lápices de Colores Color Peps|Jumbo|12 Piezas,591.00 USD (x1),591.00 USD (x1),https://www.elmachetazo.com/lapices-de-colores-color-pepsjumbo12-piezas-10298066/p
Escolar,Sacapunta Croc Signal,203.00 USD (x1),203.00 USD (x1),https://www.elmachetazo.com/sacapunta-croc-signal-10712753/p
Escolar,Marcador Permanente Punta Redonda|Rojo A23,99.00 USD (x1),99.00 USD (x1),https://www.elmachetazo.com/marcador-permanente-punta-redondarojo-a23-10689316/p
Escolar,Clips Mariposa 65mm|Set de 12,119.00 USD (x1),119.00 USD (x1),https://www.elmachetazo.com/clips-mariposa-65mmset-de-12-10385426/p
Escolar,Marcadores Triangulares Delgados|Set 24 Colores,549.00 USD (x1),549.00 USD (x1),https://www.elmachetazo.com/marcadores-triangulares-delgadosset-24-colores-10546502/p
Escolar,"Tijera Escolar|5""",129.00 USD (x1),129.00 USD (x1),https://www.elmachetazo.com/tijera-escolar5-10643584/p
Escolar,"Set de 12 Clips|1""|25mm",99.00 USD (x1),99.00 USD (x1),https://www.elmachetazo.com/set-de-12-clips125mm-10385365/p
Escolar,Pad de Notas Neón|50 hojas,229.00 USD (x1),229.00 USD (x1),https://www.elmachetazo.com/pad-de-notas-neon50-hojas-10598660/p
Escolar,"Pad de notas 3x3"" 100 hojas de colores",349.00 USD (x1),349.00 USD (x1),https://www.elmachetazo.com/pad-de-notas-3x3-100-hojas-de-colores-10598658/p
Escolar,"Pad de Notas Color Neón|3x3""",69.00 USD (x1),69.00 USD (x1),https://www.elmachetazo.com/pad-de-notas-color-neon3x3-10598657/p
Escolar,Corrector Mini|Punta Fina|6ml,49.00 USD (x1),49.00 USD (x1),https://www.elmachetazo.com/corrector-minipunta-fina6ml-10598646/p
Escolar,Masilla Jumbo Colores Pasteles,129.00 USD (x1),129.00 USD (x1),https://www.elmachetazo.com/masilla-jumbo-colores-pasteles-10857776/p
Escolar,Notas Adhesivas Flechas|5 Colores,69.00 USD (x1),69.00 USD (x1),https://www.elmachetazo.com/notas-adhesivas-flechas5-colores-10857759/p
Escolar,Sacapunta con Depósito|Set de 2 Piezas,79.00 USD (x1),79.00 USD (x1),https://www.elmachetazo.com/sacapunta-con-depositoset-de-2-piezas-10546469/p
Escolar,Sacapunta Doble Depósito,99.00 USD (x1),99.00 USD (x1),https://www.elmachetazo.com/sacapunta-doble-deposito-10546466/p
Escolar,Sacapunta Doble Depósito,79.00 USD (x1),79.00 USD (x1),https://www.elmachetazo.com/sacapunta-doble-deposito-10546464/p
Escolar,Lápices 2HB Set de 5 Piezas,129.00 USD (x1),129.00 USD (x1),https://www.elmachetazo.com/lapices-2hb-set-de-5-piezas-10546438/p
Escolar,Lápices Bicolor|Set 2 Piezas,99.00 USD (x1),99.00 USD (x1),https://www.elmachetazo.com/lapices-bicolorset-2-piezas-10546433/p
Escolar,Sacapunta con Depósito Doble,39.00 USD (x1),49.00 USD (x1),https://www.elmachetazo.com/sacapunta-con-deposito-doble-10844073/p
Escolar,Goma Blanca 30ml,59.00 USD (x1),59.00 USD (x1),https://www.elmachetazo.com/goma-blanca-30ml-10844068/p
Escolar,Catálogo Flex A4|Azul|20 Hojas Plásticas,195.00 USD (x1),195.00 USD (x1),https://www.elmachetazo.com/catalogo-flex-a4azul20-hojas-plasticas-10319246/p
Escolar,Masita Blanda Colores Primarios 5onz|Set 4 Unidades,669.00 USD (x1),669.00 USD (x1),https://www.elmachetazo.com/masita-blanda-colores-primarios-5onzset-4-unidades-10385361/p
Escolar,Set de Borrador y Sacapuntas,49.00 USD (x1),99.00 USD (x1),https://www.elmachetazo.com/set-de-borrador-y-sacapuntas-10847829/p
Escolar,Lápices de Colores Triangular|Set de 12 Piezas|Incluye Sacapuntas,149.00 USD (x1),149.00 USD (x1),https://www.elmachetazo.com/lapices-de-colores-triangularset-de-12-piezasincluye-sacapuntas-10598644/p
Escolar,Marcadores Delgados|Set de 6 Piezas,245.00 USD (x1),245.00 USD (x1),https://www.elmachetazo.com/marcadores-delgadosset-de-6-piezas-10546401/p
Escolar,Marcador Rojo para Pizarrón|Color Rojo,99.00 USD (x1),99.00 USD (x1),https://www.elmachetazo.com/marcador-rojo-para-pizarroncolor-rojo-10844137/p
Escolar,Lápices de Colores Bicolor|Caja 12 Piezas|24 Colores,169.00 USD (x1),169.00 USD (x1),https://www.elmachetazo.com/lapices-de-colores-bicolorcaja-12-piezas24-colores-10598641/p
Escolar,Marcadores Jumbo Aquamax|Set 12 Piezas,199.00 USD (x1),399.00 USD (x1),https://www.elmachetazo.com/marcadores-jumbo-aquamaxset-12-piezas-10598637/p
Escolar,Goma Blanca 250g,139.00 USD (x1),139.00 USD (x1),https://www.elmachetazo.com/goma-blanca-250g-10598627/p
Escolar,"Bolígrafos Azul, Negro y Rojo|Set Piezas",99.00 USD (x1),99.00 USD (x1),https://www.elmachetazo.com/boligrafos-azul-negro-y-rojoset-piezas-10598546/p
Escolar,"Pads de Notas Neón|1.5""x2""x12""|100 hojas",379.00 USD (x1),379.00 USD (x1),https://www.elmachetazo.com/pads-de-notas-neon15x2x12100-hojas-10850661/p
Escolar,Correctores 6ml|Set 2 Piezas,99.00 USD (x1),99.00 USD (x1),https://www.elmachetazo.com/correctores-6mlset-2-piezas-10850660/p
Escolar,Compas Metálico,199.00 USD (x1),199.00 USD (x1),https://www.elmachetazo.com/compas-metalico-10850659/p
Escolar,Juego de Geometría 30cm,199.00 USD (x1),199.00 USD (x1),https://www.elmachetazo.com/juego-de-geometria-30cm-10850657/p
Escolar,Lápices de Colores Triangulares|Set de 24 Piezas,499.00 USD (x1),499.00 USD (x1),https://www.elmachetazo.com/lapices-de-colores-triangularesset-de-24-piezas-10438876/p
Escolar,Marcador para Pizarra Punta Redonda,99.00 USD (x1),99.00 USD (x1),https://www.elmachetazo.com/marcador-para-pizarra-punta-redonda-10787088/p
Escolar,Sapunta Doble con Depósito,149.00 USD (x1),149.00 USD (x1),https://www.elmachetazo.com/sapunta-doble-con-deposito-10694835/p
Escolar,Marcadores Delgados|Set de 12 Colores,199.00 USD (x1),199.00 USD (x1),https://www.elmachetazo.com/marcadores-delgadosset-de-12-colores-10306199/p
Escolar,Molde de Letras,59.00 USD (x1),59.00 USD (x1),https://www.elmachetazo.com/molde-de-letras-10305491/p
Escolar,Regla Geometría|3 Piezas,189.00 USD (x1),189.00 USD (x1),https://www.elmachetazo.com/regla-geometria3-piezas-10305474/p
Escolar,Crayones Jumbo|Set de 12 Colores,199.00 USD (x1),199.00 USD (x1),https://www.elmachetazo.com/crayones-jumboset-de-12-colores-10305473/p
Escolar,Masilla Jumbo Neón|Set de 12 colores,99.00 USD (x1),195.00 USD (x1),https://www.elmachetazo.com/masilla-jumbo-neonset-de-12-colores-10305470/p
Escolar,Masilla Jumbo|Set de 12 Colores,179.00 USD (x1),179.00 USD (x1),https://www.elmachetazo.com/masilla-jumboset-de-12-colores-10305468/p
Escolar,Lápices Triangulares Set de 12 Colores|Sacapuntas,299.00 USD (x1),299.00 USD (x1),https://www.elmachetazo.com/lapices-triangulares-set-de-12-coloressacapuntas-10305463/p
Escolar,Lápices Triangulares Set 12 Colores|Sacapuntas,399.00 USD (x1),399.00 USD (x1),https://www.elmachetazo.com/lapices-triangulares-set-12-coloressacapuntas-10305454/p
Escolar,Molde de Letras|30mm,129.00 USD (x1),129.00 USD (x1),https://www.elmachetazo.com/molde-de-letras30mm-10364219/p
Escolar,Goma Blanca|3 oz,79.00 USD (x1),79.00 USD (x1),https://www.elmachetazo.com/goma-blanca3-oz-10364162/p
Escolar,Goma Blanca|2 oz,69.00 USD (x1),69.00 USD (x1),https://www.elmachetazo.com/goma-blanca2-oz-10364161/p
Escolar,Cerámica en Frío Color Verde|250 g,299.00 USD (x1),299.00 USD (x1),https://www.elmachetazo.com/ceramica-en-frio-color-verde250-g-10364147/p
Escolar,Cerámica en Frío Color Rojo|250 g,299.00 USD (x1),299.00 USD (x1),https://www.elmachetazo.com/ceramica-en-frio-color-rojo250-g-10364143/p
Escolar,Marcador de Pizarra Blanca Color Verde,115.00 USD (x1),115.00 USD (x1),https://www.elmachetazo.com/marcador-de-pizarra-blanca-color-verde-10844136/p
Escolar,Goma en Barra 40gms,179.00 USD (x1),179.00 USD (x1),https://www.elmachetazo.com/goma-en-barra-40gms-10844127/p
Escolar,Goma en Barra 21gms,129.00 USD (x1),129.00 USD (x1),https://www.elmachetazo.com/goma-en-barra-21gms-10844125/p
Escolar,Resaltador Pastel Color Durazno,99.00 USD (x1),99.00 USD (x1),https://www.elmachetazo.com/resaltador-pastel-color-durazno-10844120/p
Escolar,Resaltador Pastel Color Verde Menta,99.00 USD (x1),99.00 USD (x1),https://www.elmachetazo.com/resaltador-pastel-color-verde-menta-10844115/p
Escolar,Pinceles Punta Plana|Set 5 Piezas,299.00 USD (x1),299.00 USD (x1),https://www.elmachetazo.com/pinceles-punta-planaset-5-piezas-10844110/p
Escolar,"Pads de Notas 3x2""|Color Neón|100 Hojas",29.00 USD (x1),49.00 USD (x1),https://www.elmachetazo.com/pads-de-notas-3x2color-neon100-hojas-10844101/p
Escolar,Crayones Jumbo|Set de 24 Colores,199.00 USD (x1),299.00 USD (x1),https://www.elmachetazo.com/crayones-jumboset-de-24-colores-10847838/p
Escolar,Cajita Plástica Colores Surtidos,269.00 USD (x1),269.00 USD (x1),https://www.elmachetazo.com/cajita-plastica-colores-surtidos-10396501/p
Escolar,"Tijera Escolar 5""",69.00 USD (x1),69.00 USD (x1),https://www.elmachetazo.com/tijera-escolar-5-10385468/p
Escolar,Palitos de Colores 11.4x1 cm|Set 25 Unidades,69.00 USD (x1),69.00 USD (x1),https://www.elmachetazo.com/palitos-de-colores-114x1-cmset-25-unidades-10689477/p
Escolar,Lápices Duocolor Triangulares|Incluye Sacapuntas,199.00 USD (x1),199.00 USD (x1),https://www.elmachetazo.com/lapices-duocolor-triangularesincluye-sacapuntas-10689412/p
Escolar,Lápices de Colores Borrables|Incluye Sacapuntas,199.00 USD (x1),199.00 USD (x1),https://www.elmachetazo.com/lapices-de-colores-borrablesincluye-sacapuntas-10689403/p
Escolar,Lápices Triangulares|Set 48 Colores,999.00 USD (x1),999.00 USD (x1),https://www.elmachetazo.com/lapices-triangularesset-48-colores-10305451/p
Escolar,Crayon Triangular Jumbo|Set 12 Piezas,199.00 USD (x1),199.00 USD (x1),https://www.elmachetazo.com/crayon-triangular-jumboset-12-piezas-10305448/p
Escolar,Marcadores Delgados|Set 24 Colores,469.00 USD (x1),469.00 USD (x1),https://www.elmachetazo.com/marcadores-delgadosset-24-colores-10305447/p
Escolar,Cerámica en Frío|Blanca|250 g,299.00 USD (x1),299.00 USD (x1),https://www.elmachetazo.com/ceramica-en-frioblanca250-g-10305442/p
Escolar,Cerámica en Frío Color Amarillo|250 g,299.00 USD (x1),299.00 USD (x1),https://www.elmachetazo.com/ceramica-en-frio-color-amarillo250-g-10364133/p
Escolar,Separador A4 Index|5 Divisiones,149.00 USD (x1),149.00 USD (x1),https://www.elmachetazo.com/separador-a4-index5-divisiones-10319260/p
Escolar,Lápices de Colores|Set de 12 Piezas,295.00 USD (x1),295.00 USD (x1),https://www.elmachetazo.com/lapices-de-coloresset-de-12-piezas-10808205/p
Escolar,Témpera 7 colores|Pincel Incluído|30ml,299.00 USD (x1),299.00 USD (x1),https://www.elmachetazo.com/tempera-7-colorespincel-incluido30ml-10307300/p
Escolar,Témpera 6 Colores|Pincel Incluído|Paleta 20ml,199.00 USD (x1),199.00 USD (x1),https://www.elmachetazo.com/tempera-6-colorespincel-incluidopaleta-20ml-10305446/p
Escolar,Set Escolar Brochas y Pinceles 9 Piezas,195.00 USD (x1),195.00 USD (x1),https://www.elmachetazo.com/set-escolar-brochas-y-pinceles-9-piezas-10850162/p
Escolar,Tijera de Formas 3 en 1,349.00 USD (x1),349.00 USD (x1),https://www.elmachetazo.com/tijera-de-formas-3-en-1-10385480/p
Escolar,Témpera 12 Colores|Pincel 20ml,399.00 USD (x1),399.00 USD (x1),https://www.elmachetazo.com/tempera-12-colorespincel-20ml-10844067/p
Escolar,Témpera Escarchada,195.00 USD (x1),195.00 USD (x1),https://www.elmachetazo.com/tempera-escarchada-10755341/p
Escolar,Témpera Amarilla|250ml,189.00 USD (x1),189.00 USD (x1),https://www.elmachetazo.com/tempera-amarilla250ml-10319223/p
Escolar,"Tijera Escolar de Punta Roma 5""",69.00 USD (x1),69.00 USD (x1),https://www.elmachetazo.com/tijera-escolar-de-punta-roma-5-10485268/p
Escolar,Set de 12 Pinceles,295.00 USD (x1),295.00 USD (x1),https://www.elmachetazo.com/set-de-12-pinceles-10761285/p
Escolar,Lienzo Tamaño 50x70cm,795.00 USD (x1),795.00 USD (x1),https://www.elmachetazo.com/lienzo-tamano-50x70cm-10743798/p
Escolar,"Tijera Zigzag 6.5""",95.00 USD (x1),95.00 USD (x1),https://www.elmachetazo.com/tijera-zigzag-65-10820115/p
Escolar,"Tijera para Zurdo 5""",99.00 USD (x1),99.00 USD (x1),https://www.elmachetazo.com/tijera-para-zurdo-5-10485275/p
Escolar,"Tijera Escolar Rebote 5""R",119.00 USD (x1),119.00 USD (x1),https://www.elmachetazo.com/tijera-escolar-rebote-5r-10546507/p
Escolar,"Tijera Escolar 5.5""",199.00 USD (x1),199.00 USD (x1),https://www.elmachetazo.com/tijera-escolar-55-10842976/p
Escolar,"Tijera Escolar 7.5""",165.00 USD (x1),165.00 USD (x1),https://www.elmachetazo.com/tijera-escolar-75-10842975/p
Escolar,"Tijera Escolar 7.5""",99.00 USD (x1),99.00 USD (x1),https://www.elmachetazo.com/tijera-escolar-75-10850952/p
Escolar,Témpera Escarchada 6 Colores 20ml,399.00 USD (x1),399.00 USD (x1),https://www.elmachetazo.com/tempera-escarchada-6-colores-20ml-10689521/p
Escolar,Acuarela Set 12 colores,99.00 USD (x1),495.00 USD (x1),https://www.elmachetazo.com/acuarela-set-12-colores-10808625/p
Escolar,Foamy Figuras Pies,69.00 USD (x1),149.00 USD (x1),https://www.elmachetazo.com/foamy--figuras-pies-10850954/p
Escolar,Limpiapipa Chenille|30 Piezas|Colores Surtidos,129.00 USD (x1),129.00 USD (x1),https://www.elmachetazo.com/limpiapipa-chenille30-piezascolores-surtidos-10644709/p
Escolar,Limpiapipa Chenille|48 Piezas|Colores Surtidos,149.00 USD (x1),149.00 USD (x1),https://www.elmachetazo.com/limpiapipa-chenille48-piezascolores-surtidos-10614677/p
Escolar,Cuaderno Cosido Raya Ancha|100 Hojas,305.00 USD (x1),305.00 USD (x1),https://www.elmachetazo.com/cuaderno-cosido-raya-ancha100-hojas-10662832/p
Escolar,Cuaderno Cosido|200 Páginas,299.00 USD (x1),299.00 USD (x1),https://www.elmachetazo.com/cuaderno-cosido200-paginas-10840383/p
Escolar,Cuaderno Disney Raya Ancha|200 Páginas,299.00 USD (x1),299.00 USD (x1),https://www.elmachetazo.com/cuaderno-disney-raya-ancha200-paginas-10840385/p
Escolar,Cuaderno|5 Materias,499.00 USD (x1),499.00 USD (x1),https://www.elmachetazo.com/cuaderno5-materias-10806560/p
Escolar,Cuaderno de Dibujo Minnie|200 Páginas,395.00 USD (x1),395.00 USD (x1),https://www.elmachetazo.com/cuaderno-de-dibujo-minnie200-paginas-10840387/p
Escolar,Cuaderno Disney Raya Ancha|200 Páginas,99.00 USD (x1),299.00 USD (x1),https://www.elmachetazo.com/cuaderno-disney-raya-ancha200-paginas-10840392/p
Escolar,Cuaderno Boniquinhas Raya Ancha|200 Páginas,299.00 USD (x1),299.00 USD (x1),https://www.elmachetazo.com/cuaderno-boniquinhas-raya-ancha200-paginas-10840396/p
Escolar,Cuaderno X-Ppresarte Raya Ancha|200 Páginas,199.00 USD (x1),199.00 USD (x1),https://www.elmachetazo.com/cuaderno-x-ppresarte-raya-ancha200-paginas-10840362/p
Escolar,Cuaderno Raya Ancha|Grande|200 Páginas,395.00 USD (x1),395.00 USD (x1),https://www.elmachetazo.com/cuaderno-raya-anchagrande200-paginas-10840405/p
Escolar,Cuaderno Click|3 Materias|Doble O,625.00 USD (x1),625.00 USD (x1),https://www.elmachetazo.com/cuaderno-click3-materiasdoble-o-10840410/p
Escolar,Cuaderno X-Ppresarte|Grande|200 Páginas,199.00 USD (x1),199.00 USD (x1),https://www.elmachetazo.com/cuaderno-x-ppresartegrande200-paginas-10840363/p
Escolar,Cuaderno Raya Ancha|Grande|200 Páginas,299.00 USD (x1),299.00 USD (x1),https://www.elmachetazo.com/cuaderno-raya-anchagrande200-paginas-10840364/p
Escolar,Cuaderno Cosido Disney|160 Páginas,259.00 USD (x1),259.00 USD (x1),https://www.elmachetazo.com/cuaderno-cosido-disney160-paginas-10840382/p
Escolar,Goma Pritt Stick 42g,138.00 USD (x1),230.00 USD (x1),https://www.elmachetazo.com/goma-pritt-stick-42g-10503857/p
Escolar,Goma Pritt Paquete 2 Unidades|42g|110g,199.00 USD (x1),330.00 USD (x1),https://www.elmachetazo.com/goma-pritt-paquete-2-unidades42g110g-10761028/p
Escolar,Lápiz Norica HB,15.00 USD (x1),15.00 USD (x1),https://www.elmachetazo.com/lapiz-norica-hb-10362650/p
Escolar,Lápiz Mecánico 0.5 con Repuesto,395.00 USD (x1),395.00 USD (x1),https://www.elmachetazo.com/lapiz-mecanico-05-con-repuesto-10788030/p
Escolar,Lápiz Dibujo 4H,85.00 USD (x1),85.00 USD (x1),https://www.elmachetazo.com/lapiz-dibujo-4h-10362852/p
Escolar,Crayones Noris Super Jumbo 226,350.00 USD (x1),350.00 USD (x1),https://www.elmachetazo.com/crayones-noris-super-jumbo-226-10362662/p
Escolar,Tinta China Mars Matic 22ml,285.00 USD (x1),285.00 USD (x1),https://www.elmachetazo.com/tinta-china-mars-matic-22ml-10209330/p
Escolar,Set de Borradores,145.00 USD (x1),145.00 USD (x1),https://www.elmachetazo.com/set-de-borradores-10436149/p
Escolar,Borradores de Dibujo|2 Piezas,185.00 USD (x1),185.00 USD (x1),https://www.elmachetazo.com/borradores-de-dibujo2-piezas-10739259/p
Escolar,Regla Metálica 30 cm,325.00 USD (x1),325.00 USD (x1),https://www.elmachetazo.com/regla-metalica-30-cm-10362762/p
Escolar,Lápices de Colores Noris Jumbo 128,189.00 USD (x1),295.00 USD (x1),https://www.elmachetazo.com/lapices-de-colores-noris-jumbo-128-10788027/p
Escolar,Borrador de Escobilla,185.00 USD (x1),185.00 USD (x1),https://www.elmachetazo.com/borrador-de-escobilla-10739257/p
Escolar,Marcador Negro,125.00 USD (x1),125.00 USD (x1),https://www.elmachetazo.com/marcador-negro-10362696/p
Escolar,Marcador Rojo Lumocolor 352 Permanente,55.00 USD (x1),55.00 USD (x1),https://www.elmachetazo.com/marcador-rojo-lumocolor-352-permanente-10218493/p
Escolar,Marcador Permanente Lumocolor,125.00 USD (x1),125.00 USD (x1),https://www.elmachetazo.com/marcador--permanente-lumocolor-10788028/p
Escolar,Ojos Negros Tamaños Surtidos|72 Piezas,125.00 USD (x1),125.00 USD (x1),https://www.elmachetazo.com/ojos-negros-tamanos-surtidos72-piezas-10764546/p
Escolar,Botones Plásticos Colores Surtidos|30mm,149.00 USD (x1),149.00 USD (x1),https://www.elmachetazo.com/botones-plasticos-colores-surtidos30mm-10764536/p
Escolar,Micropinza Natural 24 Piezas|2.5mm,99.00 USD (x1),99.00 USD (x1),https://www.elmachetazo.com/micropinza-natural-24-piezas25mm-10738353/p
Escolar,Ojitos Divertidos Colores Surtidos|30 Piezas,79.00 USD (x1),79.00 USD (x1),https://www.elmachetazo.com/ojitos-divertidos-colores-surtidos30-piezas-10738348/p
Escolar,Foamy Figura Abecedario Autoadhesivo,199.00 USD (x1),199.00 USD (x1),https://www.elmachetazo.com/foamy-figura-abecedario-autoadhesivo-10738339/p
Escolar,Foamy Figuras Autoadhesivas Monstruos|12 Piezas,129.00 USD (x1),129.00 USD (x1),https://www.elmachetazo.com/foamy-figuras-autoadhesivas-monstruos12-piezas-10738337/p
Escolar,Cinta Adhesiva 200 Yardas,495.00 USD (x1),495.00 USD (x1),https://www.elmachetazo.com/cinta-adhesiva-200-yardas-10755311/p
Escolar,Pintura Acrílica Set 12 Colores,395.00 USD (x1),395.00 USD (x1),https://www.elmachetazo.com/pintura-acrilica-set-12-colores-10801350/p
Escolar,Pintura Acrílica Set 6 colores,199.00 USD (x1),199.00 USD (x1),https://www.elmachetazo.com/pintura-acrilica-set-6-colores-10801351/p
Escolar,"Resma Papel Ecológico 8 1/2""x13""Tamaño Oficio",599.00 USD (x1),699.00 USD (x1),https://www.elmachetazo.com/resma-papel-ecologico-8-12x13tamano-oficio-10799300/p
Escolar,Porta Carnet 10x8cm|Colores Surtidos,75.00 USD (x1),75.00 USD (x1),https://www.elmachetazo.com/porta-carnet-10x8cmcolores-surtidos-10801343/p
Escolar,Porta Carnet 10x6cm|Colores Surtidos,45.00 USD (x1),45.00 USD (x1),https://www.elmachetazo.com/porta-carnet-10x6cmcolores-surtidos-10801553/p
Escolar,Borrador Pequeño Blanco,10.00 USD (x1),10.00 USD (x1),https://www.elmachetazo.com/borrador-pequeno-blanco-10808572/p
Escolar,"Bolígrafo Set 36 Piezas Azul, Rojo, Negro",395.00 USD (x1),495.00 USD (x1),https://www.elmachetazo.com/boligrafo-set-36-piezas-azul-rojo-negro-10792471/p
Escolar,Cartapacio Verde 8.5X11 con Bolsillo,45.00 USD (x1),75.00 USD (x1),https://www.elmachetazo.com/cartapacio-verde-85x11-con-bolsillo-10804431/p
Escolar,Cartapacio Fucsia 8.5x11 con Bolsillo,75.00 USD (x1),75.00 USD (x1),https://www.elmachetazo.com/cartapacio-fucsia-85x11-con-bolsillo-10804434/p
Escolar,Cartapacio Azul 8.5x11 con Bolsillo,45.00 USD (x1),75.00 USD (x1),https://www.elmachetazo.com/cartapacio-azul-85x11-con-bolsillo-10804429/p
Escolar,Cartapacio 8.5X11 Tamaño Carta con Bolsillo,45.00 USD (x1),75.00 USD (x1),https://www.elmachetazo.com/cartapacio-85x11-tamano-carta-con-bolsillo-10804430/p
Escolar,Cartapacio Anaranjado 8.5X11 Tamaño Carta 190g,15.00 USD (x1),15.00 USD (x1),https://www.elmachetazo.com/cartapacio-anaranjado-85x11-tamano-carta-190g-10804436/p
Escolar,Pad de Dibujo 50 Hojas,795.00 USD (x1),795.00 USD (x1),https://www.elmachetazo.com/pad-de-dibujo-50-hojas-10799286/p
Escolar,Pad de Dibujo 50 Hojas,495.00 USD (x1),495.00 USD (x1),https://www.elmachetazo.com/pad-de-dibujo-50-hojas-10799285/p
Escolar,Lienzo con Dibujo 30x40cm,395.00 USD (x1),395.00 USD (x1),https://www.elmachetazo.com/lienzo-con-dibujo-30x40cm-10801722/p
Escolar,Lienzo Tamaño 60x80cm,995.00 USD (x1),995.00 USD (x1),https://www.elmachetazo.com/lienzo-tamano-60x80cm-10761311/p
Escolar,Lienzo Tamaño 20x30cm,295.00 USD (x1),295.00 USD (x1),https://www.elmachetazo.com/lienzo-tamano-20x30cm-10793550/p
Escolar,Libreta Musical Pentagrama 30 Hojas 8.5x11,99.00 USD (x1),175.00 USD (x1),https://www.elmachetazo.com/libreta-musical-pentagrama-30-hojas-85x11-10804418/p
Escolar,Juego de Geometría,125.00 USD (x1),125.00 USD (x1),https://www.elmachetazo.com/juego-de-geometria-10792464/p
Escolar,Juego de Geometría|Surtido,159.00 USD (x1),159.00 USD (x1),https://www.elmachetazo.com/juego-de-geometria-10755329/p
Escolar,"Papel Rayado sin Huecos 8 1/2""x11"" Tamaño Carta",99.00 USD (x1),195.00 USD (x1),https://www.elmachetazo.com/papel-rayado-sin-huecos-8-12x11-tamano-carta-10804421/p
Escolar,Papel Rayado/Huecos 100 Hojas Tamaño Carta,99.00 USD (x1),195.00 USD (x1),https://www.elmachetazo.com/papel-rayadohuecos-100-hojas-tamano-carta-10804420/p
Escolar,"Papel de Construcción 20 Hojas 9""x12""",99.00 USD (x1),125.00 USD (x1),https://www.elmachetazo.com/papel-de-construccion-20-hojas-9x12-10755303/p
Escolar,"Papel de Construcción 96 Hojas 9""x12""",299.00 USD (x1),349.00 USD (x1),https://www.elmachetazo.com/papel-de-construccion-96-hojas-9x12-10804400/p
Escolar,"Papel de Construcción 48 Hojas 9""x12""",250.00 USD (x1),250.00 USD (x1),https://www.elmachetazo.com/papel-de-construccion-48-hojas-9x12-10804398/p
Escolar,Papel Brillante Colores Pasteles Surtidos,395.00 USD (x1),395.00 USD (x1),https://www.elmachetazo.com/papel-brillante-colores-pasteles-surtidos-10755305/p
Escolar,"Resma Papel Bond Chamex 8 1/2""x14"" Tamaño Oficio",799.00 USD (x1),799.00 USD (x1),https://www.elmachetazo.com/resma-papel-bond-chamex-8-12x14-tamano-oficio-10768151/p
Escolar,"Resma Papel Ecológico Blanco 8 1/2"" X 11"" Tamaño Carta",495.00 USD (x1),699.00 USD (x1),https://www.elmachetazo.com/resma-papel-ecologico-blanco-8-12-x-11-tamano-carta-10801724/p
Escolar,Carpeta A4 Plástica,145.00 USD (x1),145.00 USD (x1),https://www.elmachetazo.com/carpeta-a4-plastica-10755438/p
Escolar,Carpeta Plástica,195.00 USD (x1),295.00 USD (x1),https://www.elmachetazo.com/carpeta-plastica-10755338/p
Escolar,Pizarrón 40x88cm,2495.00 USD (x1),4495.00 USD (x1),https://www.elmachetazo.com/pizarron-40x88cm-10799288/p
Escolar,Caballete de Madera para Pintar,2495.00 USD (x1),2495.00 USD (x1),https://www.elmachetazo.com/caballete-de-madera-para-pintar-10801680/p
Escolar,Pizarrón Infantil 18x25cm,295.00 USD (x1),295.00 USD (x1),https://www.elmachetazo.com/pizarron-infantil-18x25cm-10801687/p
Escolar,Caballete de Madera para Pintar,1595.00 USD (x1),1595.00 USD (x1),https://www.elmachetazo.com/caballete-de-madera-para-pintar-10801677/p
Escolar,Tachuela 18mm Set 40 Piezas,129.00 USD (x1),129.00 USD (x1),https://www.elmachetazo.com/tachuela-18mm-set-40-piezas-10801556/p
Escolar,Tachuela 13mm Set 35 Piezas,129.00 USD (x1),129.00 USD (x1),https://www.elmachetazo.com/tachuela-13mm-set-35-piezas-10801564/p
Escolar,Borrador Blanco Set 3 Piezas,95.00 USD (x1),95.00 USD (x1),https://www.elmachetazo.com/borrador-blanco-set-3-piezas-10808206/p
Escolar,Pinceles Punta Plana Set 6 Piezas,129.00 USD (x1),129.00 USD (x1),https://www.elmachetazo.com/pinceles-punta-plana-set-6-piezas-10806621/p
Escolar,Oleo Pastel Set 12 Piezas,99.00 USD (x1),149.00 USD (x1),https://www.elmachetazo.com/oleo-pastel-set-12-piezas-10808613/p
Escolar,Bolígrafos Azul/Negro Punta Mediana Set 6 Piezas,125.00 USD (x1),125.00 USD (x1),https://www.elmachetazo.com/boligrafos-azulnegro-punta-mediana-set-6-piezas-10792461/p
Escolar,Bolígrafos Azul/Negro/Rojo Punta Mediana Set 6 Piezas,125.00 USD (x1),125.00 USD (x1),https://www.elmachetazo.com/boligrafos-azulnegrorojo-punta-mediana-set-6-piezas-10792462/p
Escolar,Ganchos para Papel 13-5|Set 12 Piezas,25.00 USD (x1),75.00 USD (x1),https://www.elmachetazo.com/ganchos-para-papel-13-5set-12-piezas-10792476/p
Escolar,Libreta para Pintura al Óleo/Acrílico,995.00 USD (x1),995.00 USD (x1),https://www.elmachetazo.com/libreta-para-pintura-al-oleoacrilico-10799282/p
Escolar,Libreta para Pintura al Óleo/Acrílico,595.00 USD (x1),595.00 USD (x1),https://www.elmachetazo.com/libreta-para-pintura-al-oleoacrilico-10799281/p
Escolar,Libreta para Pintura al Óleo/Acrílico,295.00 USD (x1),295.00 USD (x1),https://www.elmachetazo.com/libreta-para-pintura-al-oleoacrilico-10799280/p
Escolar,Libreta de Dibujo 297x210mm,475.00 USD (x1),475.00 USD (x1),https://www.elmachetazo.com/libreta-de-dibujo-297x210mm-10756647/p
Escolar,Libreta de Acuarela 297x420mm,499.00 USD (x1),499.00 USD (x1),https://www.elmachetazo.com/libreta-de-acuarela-297x420mm-10756649/p
Escolar,Libreta de Acuarela 297x210mm,275.00 USD (x1),275.00 USD (x1),https://www.elmachetazo.com/libreta-de-acuarela-297x210mm-10756650/p
Escolar,Cartapacio Amarillo 8.5x11 Tamaño Carta 190g,15.00 USD (x1),15.00 USD (x1),https://www.elmachetazo.com/cartapacio-amarillo-85x11-tamano-carta-190g-10804435/p
Escolar,Carpeta A4 Plástica,229.00 USD (x1),229.00 USD (x1),https://www.elmachetazo.com/carpeta-a4-plastica-10755442/p
Escolar,Ganchos 19mm Set 12 Piezas,95.00 USD (x1),95.00 USD (x1),https://www.elmachetazo.com/ganchos-19mm-set-12-piezas-10770600/p
Escolar,Gancho Plástico para Folder Set 50 Piezas,195.00 USD (x1),195.00 USD (x1),https://www.elmachetazo.com/gancho-plastico-para-folder-set-50-piezas-10801720/p
Escolar,Cuaderno Cosido|Grande|100 Hojas,99.00 USD (x1),185.00 USD (x1),https://www.elmachetazo.com/cuaderno-cosidogrande100-hojas-10799711/p
Escolar,Clips Metálicos 8 Piezas,165.00 USD (x1),165.00 USD (x1),https://www.elmachetazo.com/clips-metalicos-8-piezas-10801344/p
Escolar,Cinta de Embalaje 220 yardas,499.00 USD (x1),499.00 USD (x1),https://www.elmachetazo.com/cinta-de-embalaje-220-yardas-10755263/p
Escolar,Palitos de Paleta Set 100 Piezas,149.00 USD (x1),149.00 USD (x1),https://www.elmachetazo.com/palitos-de-paleta-set-100-piezas-10755330/p
Escolar,Paleta con Pinceles Set 6 Piezas,295.00 USD (x1),295.00 USD (x1),https://www.elmachetazo.com/paleta-con-pinceles-set-6-piezas-10808561/p
Escolar,Paleta con Brochas Set 6 Piezas,295.00 USD (x1),295.00 USD (x1),https://www.elmachetazo.com/paleta-con-brochas-set-6-piezas-10808555/p
Escolar,Paleta con Pinceles Set 7 Piezas,295.00 USD (x1),295.00 USD (x1),https://www.elmachetazo.com/paleta-con-pinceles-set-7-piezas-10808556/p
Escolar,Carpeta A4,150.00 USD (x1),150.00 USD (x1),https://www.elmachetazo.com/carpeta-a4-10755413/p
Escolar,Brochas Set 3 Piezas,195.00 USD (x1),195.00 USD (x1),https://www.elmachetazo.com/brochas-set-3-piezas-10808557/p
Escolar,Borradores Set 4 Piezas,155.00 USD (x1),155.00 USD (x1),https://www.elmachetazo.com/borradores-set-4-piezas-10808576/p
Escolar,Borrador Pizarrón Blanco,95.00 USD (x1),95.00 USD (x1),https://www.elmachetazo.com/borrador-pizarron-blanco-10801356/p
Escolar,Pintura para Vidrio Set 12 Colores,99.00 USD (x1),399.00 USD (x1),https://www.elmachetazo.com/pintura-para-vidrio-set-12-colores-10808620/p
Escolar,Pintura para Tela Set 12 Colores,495.00 USD (x1),495.00 USD (x1),https://www.elmachetazo.com/pintura-para-tela-set-12-colores-10808618/p
Escolar,Pintura para Cerámica Set 12 Colores,99.00 USD (x1),399.00 USD (x1),https://www.elmachetazo.com/pintura-para-ceramica-set-12-colores-10808624/p
Escolar,Pintura de Óleo Set 12 colores,495.00 USD (x1),495.00 USD (x1),https://www.elmachetazo.com/pintura-de-oleo-set-12-colores-10808616/p
Escolar,Pinturas de Óleo Set 12 colores,395.00 USD (x1),395.00 USD (x1),https://www.elmachetazo.com/pinturas-de-oleo-set-12-colores-10801353/p
Escolar,Matemática con Colorín 2,1780.00 USD (x1),1780.00 USD (x1),https://www.elmachetazo.com/matematica-con-colorin-2-10723204/p
Escolar,Matemáticas con Colorín 1,1780.00 USD (x1),1780.00 USD (x1),https://www.elmachetazo.com/matematicas-con-colorin-1-10723203/p
Escolar,Dominio de Geografía 8,2350.00 USD (x1),2350.00 USD (x1),https://www.elmachetazo.com/dominio-de-geografia-8-10664966/p
Escolar,Macrokids 4,4100.00 USD (x1),4100.00 USD (x1),https://www.elmachetazo.com/macrokids-4-10802950/p
Escolar,Speed Up 7,2350.00 USD (x1),2350.00 USD (x1),https://www.elmachetazo.com/speed-up-7-10802942/p
Escolar,Dominio de Geografía 7,2350.00 USD (x1),2350.00 USD (x1),https://www.elmachetazo.com/dominio-de-geografia-7-10664965/p
Escolar,Educación Cívica 8,2350.00 USD (x1),2350.00 USD (x1),https://www.elmachetazo.com/educacion-civica-8-10664963/p
Escolar,Educación Cívica 7,2350.00 USD (x1),2350.00 USD (x1),https://www.elmachetazo.com/educacion-civica-7-10664962/p
Escolar,Dominios de Historia 9,2350.00 USD (x1),2350.00 USD (x1),https://www.elmachetazo.com/dominios-de-historia-9-10664961/p
Escolar,Dominios de Historia 8,2350.00 USD (x1),2350.00 USD (x1),https://www.elmachetazo.com/dominios-de-historia-8-10664960/p
Escolar,Dominios de Historia 7,2350.00 USD (x1),2350.00 USD (x1),https://www.elmachetazo.com/dominios-de-historia-7-10664959/p
Escolar,Dominios de Español 8,2350.00 USD (x1),2350.00 USD (x1),https://www.elmachetazo.com/dominios-de-espanol-8-10664957/p
Escolar,Dominios de Español 7,2350.00 USD (x1),2350.00 USD (x1),https://www.elmachetazo.com/dominios-de-espanol-7-10664956/p
Escolar,Matemática 6,1800.00 USD (x1),1800.00 USD (x1),https://www.elmachetazo.com/matematica-6-10568693/p
Escolar,Matemática 5,1800.00 USD (x1),1800.00 USD (x1),https://www.elmachetazo.com/matematica-5-10568692/p
Escolar,Dibujo Maravilloso Plus 6,2100.00 USD (x1),2100.00 USD (x1),https://www.elmachetazo.com/dibujo-maravilloso-plus-6-10564102/p
Escolar,Dibujo Maravilloso Plus 5,2100.00 USD (x1),2100.00 USD (x1),https://www.elmachetazo.com/dibujo-maravilloso-plus-5-10564100/p
Escolar,Dibujo Maravilloso Plus 4,2100.00 USD (x1),2100.00 USD (x1),https://www.elmachetazo.com/dibujo-maravilloso-plus-4-10564099/p
Escolar,Familia y Desarrollo 8,1965.00 USD (x1),1965.00 USD (x1),https://www.elmachetazo.com/familia-y-desarrollo-8-10516431/p
Escolar,Visión Lenguaje 11,3000.00 USD (x1),3000.00 USD (x1),https://www.elmachetazo.com/vision-lenguaje--11-10516429/p
Escolar,Visión Lenguaje 12,3000.00 USD (x1),3000.00 USD (x1),https://www.elmachetazo.com/vision-lenguaje--12-10516428/p
Escolar,Visión Lenguaje 10,3000.00 USD (x1),3000.00 USD (x1),https://www.elmachetazo.com/vision-lenguaje--10-10516426/p
Escolar,Matemática con Colorín 3,1780.00 USD (x1),1780.00 USD (x1),https://www.elmachetazo.com/matematica-con-colorin-3-10725651/p
Escolar,Educación Cívica 9,2350.00 USD (x1),2350.00 USD (x1),https://www.elmachetazo.com/educacion-civica-9-10664964/p
Escolar,Dominios de Ciencias 9,2350.00 USD (x1),2350.00 USD (x1),https://www.elmachetazo.com/dominios-de-ciencias-9-10664955/p
Escolar,Dibujo Maravilloso Plus 7,2100.00 USD (x1),2100.00 USD (x1),https://www.elmachetazo.com/dibujo-maravilloso-plus-7-10564103/p
Escolar,Dibujo Maravilloso Plus 3,2100.00 USD (x1),2100.00 USD (x1),https://www.elmachetazo.com/dibujo-maravilloso-plus-3-10564098/p
Escolar,Dibujo Maravilloso Plus 2,2100.00 USD (x1),2100.00 USD (x1),https://www.elmachetazo.com/dibujo-maravilloso-plus-2-10564096/p
Escolar,Dibujo Maravilloso Plus 1,2100.00 USD (x1),2100.00 USD (x1),https://www.elmachetazo.com/dibujo-maravilloso-plus-1-10564094/p
Escolar,Familia y Desarrollo 9,1965.00 USD (x1),1965.00 USD (x1),https://www.elmachetazo.com/familia-y-desarrollo-9-10516433/p
Escolar,Discovery English for Kids 2,2250.00 USD (x1),2250.00 USD (x1),https://www.elmachetazo.com/discovery-english-for-kids-2-10317539/p
Escolar,Discovery English for Kids 3,2250.00 USD (x1),2250.00 USD (x1),https://www.elmachetazo.com/discovery-english-for-kids-3-10317538/p
Escolar,Mi País Creativo 8,2625.00 USD (x1),2625.00 USD (x1),https://www.elmachetazo.com/mi-pais-creativo-8-10317128/p
Escolar,Amigos de la Ortografía 1,1650.00 USD (x1),1650.00 USD (x1),https://www.elmachetazo.com/amigos-de-la-ortografia-1-10188465/p
Escolar,Amigos de la Ortografía 3,1650.00 USD (x1),1650.00 USD (x1),https://www.elmachetazo.com/amigos-de-la-ortografia-3-10188460/p
Escolar,Contabilidad Avanzada,3025.00 USD (x1),3025.00 USD (x1),https://www.elmachetazo.com/contabilidad-avanzada-10188457/p
Escolar,Contabilidad Intermedia,3025.00 USD (x1),3025.00 USD (x1),https://www.elmachetazo.com/contabilidad-intermedia-10187701/p
Escolar,Contabilidad Inicial,3025.00 USD (x1),3025.00 USD (x1),https://www.elmachetazo.com/contabilidad-inicial-10187700/p
Escolar,Formulación y Evaluación de Proyectos,2350.00 USD (x1),2350.00 USD (x1),https://www.elmachetazo.com/formulacion-y-evaluacion-de-proyectos-10187699/p
Escolar,Dominios de Ciencias 8,2350.00 USD (x1),2350.00 USD (x1),https://www.elmachetazo.com/dominios-de-ciencias-8-10664954/p
Escolar,Dominios de Ciencias 7,2350.00 USD (x1),2350.00 USD (x1),https://www.elmachetazo.com/dominios-de-ciencias-7-10664953/p
Escolar,Dominio de Geografía 9,2350.00 USD (x1),2350.00 USD (x1),https://www.elmachetazo.com/dominio-de-geografia-9-10664952/p
Escolar,Trazos Colorín 3,1450.00 USD (x1),1450.00 USD (x1),https://www.elmachetazo.com/trazos-colorin-3-10604716/p
Escolar,Trazos Colorín 2,1450.00 USD (x1),1450.00 USD (x1),https://www.elmachetazo.com/trazos-colorin-2-10604715/p
Escolar,Dominios de Matemáticas 3,2095.00 USD (x1),2095.00 USD (x1),https://www.elmachetazo.com/dominios-de-matematicas-3-10602723/p
Escolar,Dominios de Ciencias 6,2095.00 USD (x1),2095.00 USD (x1),https://www.elmachetazo.com/dominios-de-ciencias-6-10602719/p
Escolar,Dominios de Ciencias 5,2095.00 USD (x1),2095.00 USD (x1),https://www.elmachetazo.com/dominios-de-ciencias-5-10602717/p
Escolar,Dominios de Ciencias 3,2095.00 USD (x1),2095.00 USD (x1),https://www.elmachetazo.com/dominios-de-ciencias-3-10602712/p
Escolar,Dominios de Ciencias 1,2095.00 USD (x1),2095.00 USD (x1),https://www.elmachetazo.com/dominios-de-ciencias-1-10602707/p
Escolar,Dominios del Lenguaje 6,2095.00 USD (x1),2095.00 USD (x1),https://www.elmachetazo.com/dominios-del-lenguaje-6-10602690/p
Escolar,A Clases con Matemática 9,2250.00 USD (x1),2250.00 USD (x1),https://www.elmachetazo.com/a-clases-con-matematica-9-10448803/p
Escolar,Matemática 2,1800.00 USD (x1),1800.00 USD (x1),https://www.elmachetazo.com/matematica-2-10446908/p
Escolar,Matemática 1,1800.00 USD (x1),1800.00 USD (x1),https://www.elmachetazo.com/matematica-1-10446905/p
Escolar,A Clases con Matemática 8,2250.00 USD (x1),2250.00 USD (x1),https://www.elmachetazo.com/a-clases-con-matematica-8-10437883/p
Escolar,Familia y Desarrollo 4,1890.00 USD (x1),1890.00 USD (x1),https://www.elmachetazo.com/familia-y-desarrollo-4-10394582/p
Escolar,Familia y Desarrollo 6,1890.00 USD (x1),1890.00 USD (x1),https://www.elmachetazo.com/familia-y-desarrollo-6-10382656/p
Escolar,Familia y Desarrollo 5,1890.00 USD (x1),1890.00 USD (x1),https://www.elmachetazo.com/familia-y-desarrollo-5-10382655/p
Escolar,Familia y Desarrollo 3,1890.00 USD (x1),1890.00 USD (x1),https://www.elmachetazo.com/familia-y-desarrollo-3-10382654/p
Escolar,Familia y Desarrollo 2,1890.00 USD (x1),1890.00 USD (x1),https://www.elmachetazo.com/familia-y-desarrollo-2-10382650/p
Escolar,Familia y Desarrollo 1,1890.00 USD (x1),1890.00 USD (x1),https://www.elmachetazo.com/familia-y-desarrollo-1-10382648/p
Escolar,Amigos de la Ortografía 6,1650.00 USD (x1),1650.00 USD (x1),https://www.elmachetazo.com/amigos-de-la-ortografia-6-10189194/p
Escolar,Amigos de la Ortografía 4,1650.00 USD (x1),1650.00 USD (x1),https://www.elmachetazo.com/amigos-de-la-ortografia-4-10188464/p
Escolar,Familia y Desarrollo 7,1965.00 USD (x1),1965.00 USD (x1),https://www.elmachetazo.com/familia-y-desarrollo-7-10516430/p
Escolar,Children Eng 3 Kínder,3150.00 USD (x1),3150.00 USD (x1),https://www.elmachetazo.com/children-eng-3-kinder-10448798/p
Escolar,Children Eng 2 Pre Kínder,3150.00 USD (x1),3150.00 USD (x1),https://www.elmachetazo.com/children-eng-2-pre-kinder-10448796/p
Escolar,A Clase con Matemáticas 7,2250.00 USD (x1),2250.00 USD (x1),https://www.elmachetazo.com/a-clase-con-matematicas-7-10438554/p
Escolar,El ABC de la Redacción B -8,2000.00 USD (x1),2000.00 USD (x1),https://www.elmachetazo.com/el-abc-de-la-redaccion-b--8-10437608/p
Escolar,Gestión Empresarial 12,2075.00 USD (x1),2075.00 USD (x1),https://www.elmachetazo.com/gestion-empresarial-12-10382663/p
Escolar,Gestión Empresarial 11,2075.00 USD (x1),2075.00 USD (x1),https://www.elmachetazo.com/gestion-empresarial-11-10382660/p
Escolar,Gestión Empresarial 10,2075.00 USD (x1),2075.00 USD (x1),https://www.elmachetazo.com/gestion-empresarial-10-10382658/p
Escolar,Edugrafías 6,1325.00 USD (x1),1325.00 USD (x1),https://www.elmachetazo.com/edugrafias-6-10179214/p
Escolar,Edugrafías 5,1325.00 USD (x1),1325.00 USD (x1),https://www.elmachetazo.com/edugrafias-5-10179213/p
Escolar,Edugrafías 3,1325.00 USD (x1),1325.00 USD (x1),https://www.elmachetazo.com/edugrafias-3-10179211/p
Escolar,Edugrafías 1,1325.00 USD (x1),1325.00 USD (x1),https://www.elmachetazo.com/edugrafias-1-10179209/p
Escolar,Matemática Sapiens 3,2250.00 USD (x1),2250.00 USD (x1),https://www.elmachetazo.com/matematica-sapiens-3-10759927/p
Escolar,Dominios del Lenguaje 4,2095.00 USD (x1),2095.00 USD (x1),https://www.elmachetazo.com/dominios-del-lenguaje-4-10602684/p
Escolar,Dominios del Lenguaje 3,2095.00 USD (x1),2095.00 USD (x1),https://www.elmachetazo.com/dominios-del-lenguaje-3-10602681/p
Escolar,Macrokids 5,4100.00 USD (x1),4100.00 USD (x1),https://www.elmachetazo.com/macrokids-5-10802951/p
Escolar,Amigos de la Ortografía 5,1650.00 USD (x1),1650.00 USD (x1),https://www.elmachetazo.com/amigos-de-la-ortografia-5-10188463/p
Escolar,Amigos de la Ortografía 2,1650.00 USD (x1),1650.00 USD (x1),https://www.elmachetazo.com/amigos-de-la-ortografia-2-10188459/p
Escolar,Edugrafías 4,1325.00 USD (x1),1325.00 USD (x1),https://www.elmachetazo.com/edugrafias-4-10179212/p
Escolar,Matemática 8° Introducción al Álgebra,2000.00 USD (x1),2000.00 USD (x1),https://www.elmachetazo.com/matematica-8-introduccion-al-algebra-10101839/p
Escolar,Matemáticas Séptimo Grado,2000.00 USD (x1),2000.00 USD (x1),https://www.elmachetazo.com/matematicas-septimo-grado-10101834/p
Escolar,Mi País Creativo 9,2625.00 USD (x1),2625.00 USD (x1),https://www.elmachetazo.com/mi-pais-creativo-9-10317920/p
Escolar,Discovery English for Kids 6,2230.00 USD (x1),2230.00 USD (x1),https://www.elmachetazo.com/discovery-english-for-kids-6-10317542/p
Escolar,Discovery English for Kids 5,2250.00 USD (x1),2250.00 USD (x1),https://www.elmachetazo.com/discovery-english-for-kids-5-10317541/p
Escolar,Discovery English for Kids 4,2230.00 USD (x1),2230.00 USD (x1),https://www.elmachetazo.com/discovery-english-for-kids-4-10317540/p
Escolar,El Crepitar de la Hoguera,300.00 USD (x1),750.00 USD (x1),https://www.elmachetazo.com/el-crepitar-de-la-hoguera-10122666/p
Escolar,Sangre de Campeón Sin Cadena,1695.00 USD (x1),1695.00 USD (x1),https://www.elmachetazo.com/sangre-de-campeon-sin-cadena-10082322/p
Escolar,Sangre de Campeón Invencible,1695.00 USD (x1),1695.00 USD (x1),https://www.elmachetazo.com/sangre-de-campeon-invencible-10082323/p
Escolar,Ejercicios de Ortografía 5,420.00 USD (x1),420.00 USD (x1),https://www.elmachetazo.com/ejercicios-de-ortografia-5-10758954/p
Escolar,Ejercicios de Ortografía 4,420.00 USD (x1),420.00 USD (x1),https://www.elmachetazo.com/ejercicios-de-ortografia-4-10758953/p
Escolar,Diccionario Esencial Física,680.00 USD (x1),850.00 USD (x1),https://www.elmachetazo.com/diccionario-esencial-fisica-10068754/p
Escolar,Diccionario Escolar Sinónimos-Antónimos,495.00 USD (x1),495.00 USD (x1),https://www.elmachetazo.com/diccionario-escolar-sinonimos-antonimos-10179945/p
Bebes,Silla Mecedora de Bebé,3499.00 USD (x1),3499.00 USD (x1),https://www.elmachetazo.com/silla-mecedora-de-bebe-10814310/p
Bebes,Bañera para Bebe|Rosada,399.00 USD (x1),399.00 USD (x1),https://www.elmachetazo.com/banera-para-beberosada-10927517/p
Bebes,Bañera para Bebe|Roja,399.00 USD (x1),399.00 USD (x1),https://www.elmachetazo.com/banera-para-beberoja-10927516/p
Bebes,Bañera para Bebe|Azul,399.00 USD (x1),399.00 USD (x1),https://www.elmachetazo.com/banera-para-bebeazul-10927515/p
Bebes,Set de Peine y Cepillo para Bebe,199.00 USD (x1),299.00 USD (x1),https://www.elmachetazo.com/set-de-peine-y-cepillo-para-bebe-10869413/p
Bebes,Mordedor para Bebe,149.00 USD (x1),149.00 USD (x1),https://www.elmachetazo.com/mordedor-para-bebe-10284584/p
Bebes,Vaso Termico para Bebe,499.00 USD (x1),499.00 USD (x1),https://www.elmachetazo.com/vaso-termico-para-bebe-10959033/p
Bebes,Biberón Cuello Ancho,799.00 USD (x1),799.00 USD (x1),https://www.elmachetazo.com/biberon-cuello-ancho-10573205/p
Bebes,Set de Manicura,439.00 USD (x1),439.00 USD (x1),https://www.elmachetazo.com/set-de-manicura-10277590/p
Bebes,Cepillo y Peine,399.00 USD (x1),399.00 USD (x1),https://www.elmachetazo.com/cepillo-y-peine-10949376/p
Bebes,Chupetes|2 Unidades,399.00 USD (x1),399.00 USD (x1),https://www.elmachetazo.com/chupetes2-unidades-10959028/p
Bebes,Chupete Consuelo Mini Light Tamaño L,599.00 USD (x1),599.00 USD (x1),https://www.elmachetazo.com/consuelo-mini-light-10960080/p
Bebes,Biberon Fantasia|5 oz,279.00 USD (x1),279.00 USD (x1),https://www.elmachetazo.com/biberon-fantasia5-oz-10240026/p
Bebes,Kit de Cortauñas para Bebe,149.00 USD (x1),149.00 USD (x1),https://www.elmachetazo.com/kit-de-cortaunas-para-bebe-10910191/p
Bebes,Juego de Cubiertos|10 Piezas,149.00 USD (x1),149.00 USD (x1),https://www.elmachetazo.com/juego-de-cubiertos10-piezas-10949249/p
Bebes,Cuchara para Bebe|3 Piezas,249.00 USD (x1),249.00 USD (x1),https://www.elmachetazo.com/cuchara-para-bebe3-piezas-10949259/p
Bebes,Peluche para Bebe,399.00 USD (x1),399.00 USD (x1),https://www.elmachetazo.com/peluche-para-bebe-10949262/p
Bebes,Envase para Leche en Polvo,179.00 USD (x1),179.00 USD (x1),https://www.elmachetazo.com/envase-para-leche-en-polvo-10949765/p
Bebes,Pinza para Biberón,125.00 USD (x1),125.00 USD (x1),https://www.elmachetazo.com/pinza-para-biberon-10284572/p
Bebes,Cepillo de Dientes para Bebe|Banana,499.00 USD (x1),699.00 USD (x1),https://www.elmachetazo.com/cepillo-de-dientes-para-bebebanana-10779683/p
Bebes,Envase para Leche en Polvo,179.00 USD (x1),179.00 USD (x1),https://www.elmachetazo.com/envase-para-leche-en-polvo-10949778/p
Bebes,Cuchara y Tenedor para Bebe,199.00 USD (x1),199.00 USD (x1),https://www.elmachetazo.com/cuchara-y-tenedor-para-bebe-10944465/p
Bebes,Vaso para Bebe,599.00 USD (x1),599.00 USD (x1),https://www.elmachetazo.com/vaso-para-bebe-10959064/p
Bebes,Biberón|8 oz,199.00 USD (x1),199.00 USD (x1),https://www.elmachetazo.com/biberon8-oz-10900191/p
Bebes,Biberón|8 oz|Surtido,199.00 USD (x1),199.00 USD (x1),https://www.elmachetazo.com/biberon8-ozsurtido-10900193/p
Bebes,Juego de Plato y Cuchara,169.00 USD (x1),169.00 USD (x1),https://www.elmachetazo.com/juego-de-plato-y-cuchara-10753141/p
Bebes,Babero para Bebe,249.00 USD (x1),249.00 USD (x1),https://www.elmachetazo.com/babero-para-bebe-10949246/p
Bebes,Babero para Bebe,249.00 USD (x1),249.00 USD (x1),https://www.elmachetazo.com/babero-para-bebe-10949247/p
Bebes,Cepillo de y Peine de Bebe,199.00 USD (x1),199.00 USD (x1),https://www.elmachetazo.com/cepillo-de-y-peine-de-bebe-10116153/p
Bebes,Asiento de Inodoro para Bebe|Animales del Mar,299.00 USD (x1),499.00 USD (x1),https://www.elmachetazo.com/asiento-de-inodoro-para-bebeanimales-del-mar-10862424/p
Bebes,Asiento de Inodoro para Bebe|Piratas,199.00 USD (x1),399.00 USD (x1),https://www.elmachetazo.com/asiento-de-inodoro-para-bebepiratas-10847918/p
Bebes,Sonajero de Minnie|2 Piezas,399.00 USD (x1),399.00 USD (x1),https://www.elmachetazo.com/sonajero-de-minnie2-piezas-10902448/p
Bebes,Mordedor de Minnie|2 Piezas,599.00 USD (x1),599.00 USD (x1),https://www.elmachetazo.com/mordedor-de-minnie2-piezas-10902452/p
Bebes,Cuchara de Silicona|2 Piezas,399.00 USD (x1),399.00 USD (x1),https://www.elmachetazo.com/cuchara-de-silicona2-piezas-10827059/p
Bebes,Vaso de Entrenamiento|2 Piezas,99.00 USD (x1),199.00 USD (x1),https://www.elmachetazo.com/vaso-de-entrenamiento2-piezas-10531848/p
Bebes,Mordedor Gummy para Bebe,199.00 USD (x1),319.00 USD (x1),https://www.elmachetazo.com/mordedor-gummy-para-bebe-10860788/p
Bebes,Cuchara de Silicona,199.00 USD (x1),549.00 USD (x1),https://www.elmachetazo.com/cuchara-de-silicona-10871238/p
Bebes,Sonajero Triangulo para Bebe,399.00 USD (x1),399.00 USD (x1),https://www.elmachetazo.com/sonajero-triangulo-para-bebe-10784692/p
Bebes,Sonajero Buho Musical,399.00 USD (x1),399.00 USD (x1),https://www.elmachetazo.com/sonajero-buho-musical-10877871/p
Bebes,Sonajero 7.5 cm,99.00 USD (x1),349.00 USD (x1),https://www.elmachetazo.com/sonajero-75-cm-10879056/p
Bebes,Biberón Peristáltico Pigeon|Vidrio|6 oz,949.00 USD (x1),949.00 USD (x1),https://www.elmachetazo.com/biberon-peristaltico-pigeonvidrio6-oz-10168890/p
Bebes,Biberón|8oz|Animalitos,299.00 USD (x1),299.00 USD (x1),https://www.elmachetazo.com/biberon8ozanimalitos-10848149/p
Bebes,Biberón Cuello Ancho|9 oz,499.00 USD (x1),799.00 USD (x1),https://www.elmachetazo.com/biberon-cuello-ancho9-oz-10848146/p
Bebes,Biberón Plástico|8 oz|Acuario,299.00 USD (x1),299.00 USD (x1),https://www.elmachetazo.com/biberon-plastico8-ozacuario-10573207/p
Bebes,Vaso Tumbler Boquilla Dura,479.00 USD (x1),479.00 USD (x1),https://www.elmachetazo.com/vaso-tumbler-boquilla-dura-10863775/p
Bebes,Bolsa para Almacenar Leche Materna|25 Piezas,1169.00 USD (x1),1169.00 USD (x1),https://www.elmachetazo.com/bolsa-para-almacenar-leche-materna25-piezas-10863776/p
Bebes,Protector Advanced de Lactancia|24 Piezas,619.00 USD (x1),619.00 USD (x1),https://www.elmachetazo.com/protector-advanced-de-lactancia24-piezas-10863778/p
Bebes,Biberon de Vidrio|8 oz|Diseño Twist,399.00 USD (x1),399.00 USD (x1),https://www.elmachetazo.com/biberon-de-vidrio8-ozdiseno-twist-10616494/p
Bebes,Extractor de Leche Manual|Basico Dreams,2499.00 USD (x1),2499.00 USD (x1),https://www.elmachetazo.com/extractor-de-leche-manualbasico-dreams-10848143/p
Bebes,Vaso de Entrenamiento Advanced|5 oz,1199.00 USD (x1),1199.00 USD (x1),https://www.elmachetazo.com/vaso-de-entrenamiento-advanced5-oz-10437976/p
Bebes,Vaso Plastico de Entrenamiento Boquilla Suave|10 oz,699.00 USD (x1),699.00 USD (x1),https://www.elmachetazo.com/vaso-plastico-de-entrenamiento-boquilla-suave10-oz-10573203/p
Bebes,Vaso Antiderrame Boquilla Dura|9 oz|Amigos del Mar,499.00 USD (x1),499.00 USD (x1),https://www.elmachetazo.com/vaso-antiderrame-boquilla-dura9-ozamigos-del-mar-10573202/p
Bebes,Cepillo Doble con Esponja,589.00 USD (x1),589.00 USD (x1),https://www.elmachetazo.com/cepillo-doble-con-esponja-10398647/p
Bebes,Tetina con Mini Cepillo para Limpieza|4 Piezas,339.00 USD (x1),339.00 USD (x1),https://www.elmachetazo.com/tetina-con-mini-cepillo-para-limpieza4-piezas-10290681/p
Bebes,Tetina de Silicon|4 Piezas,319.00 USD (x1),319.00 USD (x1),https://www.elmachetazo.com/tetina-de-silicon4-piezas-10290677/p
Bebes,Tetina Set 2 Piezas|Cuello Ancho|Flujo Rápido,439.00 USD (x1),439.00 USD (x1),https://www.elmachetazo.com/tetina-set-2-piezascuello-anchoflujo-rapido-10848141/p
Bebes,Tetina Flexible Anticólico Pigeon|2 Piezas,149.00 USD (x1),149.00 USD (x1),https://www.elmachetazo.com/tetina-flexible-anticolico-pigeon2-piezas-10100456/p
Bebes,Silla Mecedora de Bebé,3499.00 USD (x1),3499.00 USD (x1),https://www.elmachetazo.com/silla-mecedora-de-bebe-10814311/p
Bebes,Mini Tetina Recién Nacido|0-2 Meses|2 Piezas,1125.00 USD (x1),1125.00 USD (x1),https://www.elmachetazo.com/mini-tetina-recien-nacido0-2-meses2-piezas-10622322/p
Bebes,Tetina Flujo Lento Anticólicos|2 Piezas,499.00 USD (x1),499.00 USD (x1),https://www.elmachetazo.com/tetina-flujo-lento-anticolicos2-piezas-10168291/p
Bebes,Vaso con Boquilla Premium Rosado|9 oz,499.00 USD (x1),1099.00 USD (x1),https://www.elmachetazo.com/vaso-con-boquilla-premium-rosado9-oz-10571128/p
Bebes,Biberón Natural|4 oz,799.00 USD (x1),799.00 USD (x1),https://www.elmachetazo.com/biberon-natural4-oz-10402746/p
Bebes,Boquilla Rígida Mágica|2 Piezas,49.00 USD (x1),399.00 USD (x1),https://www.elmachetazo.com/boquilla-rigida-magica2-piezas-10315618/p
Bebes,Biberón Avent Classic Plus Celeste|11 oz,899.00 USD (x1),899.00 USD (x1),https://www.elmachetazo.com/biberon-avent-classic-plus-celeste11-oz-10816419/p
Bebes,Tetina Natural Range Flujo Lento|2 Piezas,599.00 USD (x1),599.00 USD (x1),https://www.elmachetazo.com/tetina-natural-range-flujo-lento2-piezas-10402752/p
Bebes,Tetina Recién Nacido Anticólicos|2 Piezas,499.00 USD (x1),499.00 USD (x1),https://www.elmachetazo.com/tetina-recien-nacido-anticolicos2-piezas-10122674/p
Bebes,Vaso con Boquilla Suave para Bebé,299.00 USD (x1),299.00 USD (x1),https://www.elmachetazo.com/vaso-con-boquilla-suave-para-bebe-10753137/p
Bebes,Vaso con Pajilla para Bebé,299.00 USD (x1),299.00 USD (x1),https://www.elmachetazo.com/vaso-con-pajilla-para-bebe-10657645/p
Bebes,Envases Plásticos|4 Piezas,199.00 USD (x1),199.00 USD (x1),https://www.elmachetazo.com/envases-plasticos4-piezas-10273113/p
Bebes,Set de Cucharas|5 Piezas,249.00 USD (x1),249.00 USD (x1),https://www.elmachetazo.com/set-de-cucharas5-piezas-10753153/p
Bebes,Cambiador para Bebé,299.00 USD (x1),299.00 USD (x1),https://www.elmachetazo.com/cambiador-para-bebe-10804844/p
Bebes,Toallitas de Baño|8 Piezas,349.00 USD (x1),349.00 USD (x1),https://www.elmachetazo.com/toallitas-de-bano8-piezas-10804843/p
Bebes,Ordeñador Manual,699.00 USD (x1),699.00 USD (x1),https://www.elmachetazo.com/ordenador-manual-10115367/p
Bebes,Biberón de Vidrio|8 oz,99.00 USD (x1),269.00 USD (x1),https://www.elmachetazo.com/biberon-de-vidrio8-oz-10080278/p
Bebes,Jabón Líquido para Biberones 410ml,636.00 USD (x1),636.00 USD (x1),https://www.elmachetazo.com/jabon-liquido-para-biberones-410ml-10770464/p
Bebes,Juguete Colgante para Bebé,599.00 USD (x1),599.00 USD (x1),https://www.elmachetazo.com/juguete-colgante-para-bebe-10784706/p
Bebes,Juguetes para Bebé,199.00 USD (x1),499.00 USD (x1),https://www.elmachetazo.com/juguetes-para-bebe-10784695/p
Bebes,Set de 3 Baberos para Niña,199.00 USD (x1),399.00 USD (x1),https://www.elmachetazo.com/set-de-3-baberos-para-nina-10784670/p
Bebes,Set de 3 Chupones Paw Patrol,199.00 USD (x1),499.00 USD (x1),https://www.elmachetazo.com/set-de-3-chupones-paw-patrol-10784666/p
Bebes,Corta Uñas para Bebé,149.00 USD (x1),269.00 USD (x1),https://www.elmachetazo.com/corta-unas-para-bebe-10779684/p
Bebes,Set de Plato Hondo con Cuchara,499.00 USD (x1),799.00 USD (x1),https://www.elmachetazo.com/set-de-plato-hondo-con-cuchara-10779682/p
Bebes,Vaso para Bebé Plaza Sésamo,499.00 USD (x1),499.00 USD (x1),https://www.elmachetazo.com/vaso-para-bebe-plaza-sesamo-10678149/p
Bebes,Juguete para Bebé,199.00 USD (x1),299.00 USD (x1),https://www.elmachetazo.com/juguete-para-bebe-10551936/p
Bebes,Esterilizador de Biberones,3499.00 USD (x1),3499.00 USD (x1),https://www.elmachetazo.com/esterilizador-de-biberones-10648932/p
Bebes,Manicure para Bebé,149.00 USD (x1),149.00 USD (x1),https://www.elmachetazo.com/manicure-para-bebe-10284594/p
Bebes,Coche para Bebé,4999.00 USD (x1),4999.00 USD (x1),https://www.elmachetazo.com/coche-para-bebe-10782181/p
Bebes,Set para Bebé Niño|3 Piezas,199.00 USD (x1),599.00 USD (x1),https://www.elmachetazo.com/set-para-bebe-nino3-piezas-10794138/p
Bebes,Set para Bebé Niña|3 Piezas,99.00 USD (x1),599.00 USD (x1),https://www.elmachetazo.com/set-para-bebe-nina3-piezas-10794135/p
Bebes,Contenedores de Comida|4 Piezas,199.00 USD (x1),699.00 USD (x1),https://www.elmachetazo.com/contenedores-de-comida4-piezas-10779681/p
Bebes,Chupete para Bebé|6-18M,99.00 USD (x1),199.00 USD (x1),https://www.elmachetazo.com/chupete-para-bebe6-18m-10779541/p
Bebes,Chupete para Bebé|3-6M,25.00 USD (x1),199.00 USD (x1),https://www.elmachetazo.com/chupete-para-bebe3-6m-10779538/p
Bebes,Cepillo para Limpiar Biberón,149.00 USD (x1),149.00 USD (x1),https://www.elmachetazo.com/cepillo-para-limpiar-biberon-10284582/p
Bebes,Pañal Reusable Bebé,599.00 USD (x1),599.00 USD (x1),https://www.elmachetazo.com/panal-reusable-bebe-10735644/p
Bebes,Coche para Bebé,2999.00 USD (x1),2999.00 USD (x1),https://www.elmachetazo.com/coche-para-bebe-10782176/p
Bebes,Bolso Pañalero para Niña,599.00 USD (x1),599.00 USD (x1),https://www.elmachetazo.com/bolso-panalero-para-nina-10781627/p
Bebes,Sonajero para Bebé,199.00 USD (x1),299.00 USD (x1),https://www.elmachetazo.com/sonajero-para-bebe-10778642/p
Bebes,Mordedor para Bebé,199.00 USD (x1),299.00 USD (x1),https://www.elmachetazo.com/mordedor-para-bebe-10778639/p
Bebes,Sonajero para Bebé,199.00 USD (x1),299.00 USD (x1),https://www.elmachetazo.com/sonajero-para-bebe-10778636/p
Bebes,Vaso de entrenamiento Disney Frozen,399.00 USD (x1),399.00 USD (x1),https://www.elmachetazo.com/vaso-de-entrenamiento-disney-frozen-10779059/p
Bebes,Biberón Disney Mickey|8 oz,229.00 USD (x1),229.00 USD (x1),https://www.elmachetazo.com/biberon-disney-mickey8-oz-10752191/p
Bebes,Biberón Disney Mickey|9 oz,349.00 USD (x1),349.00 USD (x1),https://www.elmachetazo.com/biberon-disney-mickey9-oz-10752193/p
Bebes,Biberón Disney Minnie|9 oz,349.00 USD (x1),349.00 USD (x1),https://www.elmachetazo.com/biberon-disney-minnie9-oz-10752196/p
Bebes,Set de Cubierto Disney Minnie,199.00 USD (x1),199.00 USD (x1),https://www.elmachetazo.com/set-de-cubierto-disney-minnie-10779056/p
Bebes,Set de Cubierto Disney Cars,99.00 USD (x1),99.00 USD (x1),https://www.elmachetazo.com/set-de-cubierto-disney-cars-10752341/p
Bebes,Plato y Cuchara Cars,279.00 USD (x1),279.00 USD (x1),https://www.elmachetazo.com/plato-y-cuchara-cars-10752344/p
Bebes,Plato para Bebe,99.00 USD (x1),99.00 USD (x1),https://www.elmachetazo.com/plato-para-bebe-10752338/p
Bebes,Biberón para Bebé|4 oz,249.00 USD (x1),249.00 USD (x1),https://www.elmachetazo.com/biberon-para-bebe4-oz-10767778/p
Bebes,Bolsas para Esterilizar Biberones en Microondas,599.00 USD (x1),599.00 USD (x1),https://www.elmachetazo.com/bolsas-para-esterilizar-biberones-en-microondas-10779518/p
Bebes,Chupete Pigeon Desarrollo Oral|Paso 3,349.00 USD (x1),499.00 USD (x1),https://www.elmachetazo.com/chupete-pigeon-desarrollo-oralpaso-3-10192475/p
Bebes,Cortauñas de Seguridad Pigeon,819.00 USD (x1),819.00 USD (x1),https://www.elmachetazo.com/cortaunas-de-seguridad-pigeon-10190979/p
Bebes,Tetina Peristáltica Pigeon|SofTouch Pequeño|2 Piezas,299.00 USD (x1),869.00 USD (x1),https://www.elmachetazo.com/tetina-peristaltica-pigeonsoftouch-pequeno2-piezas-10099604/p
Bebes,Bolsitas de Almacenar Leche Pigeon|25 Piezas,936.00 USD (x1),936.00 USD (x1),https://www.elmachetazo.com/bolsitas-de-almacenar-leche-pigeon25-piezas-10583947/p
Bebes,Biberón de Vidrio Pigeon|Flujo Medio|8 oz,979.00 USD (x1),979.00 USD (x1),https://www.elmachetazo.com/biberon-de-vidrio-pigeonflujo-medio8-oz-10098729/p
Bebes,Biberón Pigeon|Flujo Lento|4 oz,699.00 USD (x1),699.00 USD (x1),https://www.elmachetazo.com/biberon-pigeonflujo-lento4-oz-10168886/p
Bebes,Tetina Peristáltica Pigeon|0-3 Meses|2 Piezas,549.00 USD (x1),549.00 USD (x1),https://www.elmachetazo.com/tetina-peristaltica-pigeon0-3-meses2-piezas-10169708/p
Bebes,Biberón Peristáltico Plástico Pigeon|8 oz,1099.00 USD (x1),1099.00 USD (x1),https://www.elmachetazo.com/biberon-peristaltico-plastico-pigeon8-oz-10292427/p
Bebes,Biberón Peristáltico Pigeon|Boca Ancha|8 oz,799.00 USD (x1),799.00 USD (x1),https://www.elmachetazo.com/biberon-peristaltico-pigeonboca-ancha8-oz-10263031/p
Bebes,Chupete Pigeon Desarrollo Oral|0 a 5 Meses,349.00 USD (x1),499.00 USD (x1),https://www.elmachetazo.com/chupete-pigeon-desarrollo-oral0-a-5-meses-10158551/p
Bebes,Coche Paraguita para Bebes,3999.00 USD (x1),3999.00 USD (x1),https://www.elmachetazo.com/coche-paraguita-para-bebes-10766055/p
Bebes,Biberón Peristáltico Pigeon SofTouch Plus|5 oz,989.00 USD (x1),989.00 USD (x1),https://www.elmachetazo.com/biberon-peristaltico-pigeon-softouch-plus5-oz-10292428/p
Bebes,Taza con Boquilla Suave,1049.00 USD (x1),1049.00 USD (x1),https://www.elmachetazo.com/taza-con-boquilla-suave-10383495/p
Bebes,Plato con Cuchara Pigeon,399.00 USD (x1),399.00 USD (x1),https://www.elmachetazo.com/plato-con-cuchara-pigeon-10170544/p
Bebes,Biberón Decorado Pigeon 8 oz,799.00 USD (x1),799.00 USD (x1),https://www.elmachetazo.com/biberon-decorado-pigeon-8-oz-10168885/p
Bebes,Biberón con agarraderas|9 oz,199.00 USD (x1),199.00 USD (x1),https://www.elmachetazo.com/biberon-con-agarraderas9-oz-10763430/p
Bebes,Termómetro Digital Pigeon,999.00 USD (x1),999.00 USD (x1),https://www.elmachetazo.com/termometro-digital-pigeon-10158548/p
Bebes,Imperdible de Seguridad Pigeon|9 Piezas,399.00 USD (x1),399.00 USD (x1),https://www.elmachetazo.com/imperdible-de-seguridad-pigeon9-piezas-10191740/p
Bebes,Bolsita para Almacenar Leche|25 Piezas,879.00 USD (x1),879.00 USD (x1),https://www.elmachetazo.com/bolsita-para-almacenar-leche25-piezas-10585404/p
Bebes,Set de Alfiler,10.00 USD (x1),50.00 USD (x1),https://www.elmachetazo.com/set-de-alfiler-10735636/p
Bebes,Cepillo de Esponja Giratorio Pigeon,649.00 USD (x1),649.00 USD (x1),https://www.elmachetazo.com/cepillo-de-esponja-giratorio-pigeon-10170545/p
Bebes,Mini Biberón Vidrio Pigeon|2 oz,839.00 USD (x1),839.00 USD (x1),https://www.elmachetazo.com/mini-biberon-vidrio-pigeon2-oz-10169709/p
Bebes,Tetina Peristáltica Pigeon|Flujo Rápido|2 Piezas,549.00 USD (x1),549.00 USD (x1),https://www.elmachetazo.com/tetina-peristaltica-pigeonflujo-rapido2-piezas-10169707/p
Bebes,Set de Cuchara y Tenedor,99.00 USD (x1),99.00 USD (x1),https://www.elmachetazo.com/set-de-cuchara-y-tenedor-10735596/p
Bebes,Tetina Peristáltica SofTouch Plus|2 Piezas,869.00 USD (x1),869.00 USD (x1),https://www.elmachetazo.com/tetina-peristaltica-softouch-plus2-piezas-10169706/p
Ferreteria,"Barbacoa a Carbón|17""",1999.00 USD (x1),5949.00 USD (x1),https://www.elmachetazo.com/barbacoa-a-carbon17-10802639/p
Ferreteria,Linterna con Herramienta,1695.00 USD (x1),1695.00 USD (x1),https://www.elmachetazo.com/linterna-con-herramienta-11012135/p
Ferreteria,Lámpara Decorativa Sylvania Led Astro |15 Watts,1699.00 USD (x1),1699.00 USD (x1),https://www.elmachetazo.com/lampara-decorativa-led-astro15-w-11018541/p
Ferreteria,Lámpara Decorativa Sylvania Led Astro SQ |15 Watts,1699.00 USD (x1),1699.00 USD (x1),https://www.elmachetazo.com/lampara-decorativa-led-astro15-w-11018542/p
Ferreteria,Lámpara Decorativa Sylvania Led Astro RC |24 Watts,2499.00 USD (x1),2499.00 USD (x1),https://www.elmachetazo.com/lampara-decorativa-led-astro24-w-11018543/p
Ferreteria,Fregador Derecho 100 x 40 x 13 cm,3499.00 USD (x1),3499.00 USD (x1),https://www.elmachetazo.com/fregador-derecho-100-x-40-x-13-cm-10847511/p
Ferreteria,Linterna Recargable Chica,349.00 USD (x1),349.00 USD (x1),https://www.elmachetazo.com/linterna-recargable-chica-11021329/p
Ferreteria,Hielera Térmica con Soporte,3999.00 USD (x1),3999.00 USD (x1),https://www.elmachetazo.com/hielera-termica-con-soporte-10992973/p
Ferreteria,Lámpara de Riel LED |3 Focos Direccionales,1099.00 USD (x1),2999.00 USD (x1),https://www.elmachetazo.com/lampara-de-riel-led-3-focos-direccionales-globe-11008218-machetazo/p
Ferreteria,Botella Térmica Contigo|32 oz|Negro,699.00 USD (x1),1299.00 USD (x1),https://www.elmachetazo.com/botella-termica-contigo32-oznegro-10948090/p
Ferreteria,Mesa con Sillas Plegables Barú|Mocca,4999.00 USD (x1),5999.00 USD (x1),https://www.elmachetazo.com/mesa-con-sillas-plegables-barumocca-10921812/p
Ferreteria,Interruptor Tomacorriente Decorativo|Blanco|15A/12,349.00 USD (x1),349.00 USD (x1),https://www.elmachetazo.com/interruptor-tomacorriente-decorativoblanco15a12-10992917/p
Ferreteria,Tomacorriente Decorativo|Negro|15A/12,449.00 USD (x1),449.00 USD (x1),https://www.elmachetazo.com/tomacorriente-decorativonegro15a12-10992919/p
Ferreteria,Tomacorriente Decorativo|Doble Blanco|15A/12,399.00 USD (x1),399.00 USD (x1),https://www.elmachetazo.com/tomacorriente-decorativodoble-blanco15a12-10992920/p
Ferreteria,Tomacorriente Decorativo|Doble Gris|15A/12,449.00 USD (x1),449.00 USD (x1),https://www.elmachetazo.com/tomacorriente-decorativodoble-gris15a12-10992921/p
Ferreteria,Tomacorriente Decorativo|Triple Blanco|15A/12,459.00 USD (x1),459.00 USD (x1),https://www.elmachetazo.com/tomacorriente-decorativotriple-blanco15a12-10992926/p
Ferreteria,Tomacorriente Decorativo|Triple Gris|15A/12,589.00 USD (x1),589.00 USD (x1),https://www.elmachetazo.com/tomacorriente-decorativotriple-gris15a12-10992927/p
Ferreteria,Tomacorriente Decorativo|Doble Gris|15A/12,329.00 USD (x1),329.00 USD (x1),https://www.elmachetazo.com/tomacorriente-decorativodoble-gris15a12-10992930/p
Ferreteria,Pintura Glidden Spred Acrílica 19L|Blanco,7099.00 USD (x1),7099.00 USD (x1),https://www.elmachetazo.com/pintura-glidden-spred-acrilica-19lblanco-10551248/p
Ferreteria,Pintura Glidden Spred Acrílica 19L|Blanco Lino,7099.00 USD (x1),7099.00 USD (x1),https://www.elmachetazo.com/pintura-glidden-spred-acrilica-19lblanco-lino-10551294/p
Ferreteria,Pintura Glidden Spred Acrílica 4L|Blanco Lino,1599.00 USD (x1),1599.00 USD (x1),https://www.elmachetazo.com/pintura-glidden-spred-acrilica-4lblanco-lino-10551302/p
Ferreteria,Pintura Glidden Spred Acrílica 19L|Blanco Hueso,7099.00 USD (x1),7099.00 USD (x1),https://www.elmachetazo.com/pintura-glidden-spred-acrilica-19lblanco-hueso-10551307/p
Ferreteria,Pintura Glidden Spred Acrílica 4L|Blanco Hueso,1599.00 USD (x1),1599.00 USD (x1),https://www.elmachetazo.com/pintura-glidden-spred-acrilica-4lblanco-hueso-10551311/p
Ferreteria,Pintura Glidden Matisse 4L|Crema,3799.00 USD (x1),3799.00 USD (x1),https://www.elmachetazo.com/pintura-glidden-matisse-4lcrema-11014143/p
Ferreteria,Pintura Glidden Matisse 4L|Rosa,999.00 USD (x1),999.00 USD (x1),https://www.elmachetazo.com/pintura-glidden-matisse-4lrosa-11014144/p
Ferreteria,Pintura Glidden Matisse 4L|Verde,999.00 USD (x1),999.00 USD (x1),https://www.elmachetazo.com/pintura-glidden-matisse-4lverde-11014145/p
Ferreteria,Pintura Glidden Matisse 4L|Azul,999.00 USD (x1),999.00 USD (x1),https://www.elmachetazo.com/pintura-glidden-matisse-4lazul-11014147/p
Ferreteria,Pintura Glidden Matisse 4L|Salmón,999.00 USD (x1),999.00 USD (x1),https://www.elmachetazo.com/pintura-glidden-matisse-4lsalmon-11014149/p
Ferreteria,Pintura Glidden Spred Acrílica 4L|Malva,1599.00 USD (x1),1599.00 USD (x1),https://www.elmachetazo.com/pintura-glidden-spred-acrilica-4lmalva-10551315/p
Ferreteria,Pintura Glidden Spred Acrílica 4L|Amarillo,1599.00 USD (x1),1599.00 USD (x1),https://www.elmachetazo.com/pintura-glidden-spred-acrilica-4lamarillo-10551318/p
Ferreteria,Pintura Glidden Spred Acrílica 4L|Azul,1599.00 USD (x1),1599.00 USD (x1),https://www.elmachetazo.com/pintura-glidden-spred-acrilica-4lazul-10551335/p
Ferreteria,Pintura Glidden Spred Acrílica 4L|Cielo,1599.00 USD (x1),1599.00 USD (x1),https://www.elmachetazo.com/pintura-glidden-spred-acrilica-4lcielo-10551340/p
Ferreteria,Pintura Glidden Spred Acrílica 4L|Rojo Samba,1599.00 USD (x1),1599.00 USD (x1),https://www.elmachetazo.com/pintura-glidden-spred-acrilica-4lrojo-samba-10551377/p
Ferreteria,Pintura Glidden Spred Acrílica 4L|Rojo Aurora,1599.00 USD (x1),1599.00 USD (x1),https://www.elmachetazo.com/pintura-glidden-spred-acrilica-4lrojo-aurora-10551384/p
Ferreteria,Pintura Glidden Spred Acrílica 4L|Orquídea,1599.00 USD (x1),1599.00 USD (x1),https://www.elmachetazo.com/pintura-glidden-spred-acrilica-4lorquidea-10551394/p
Ferreteria,Pintura Glidden Spred Acrílica 4L|Salmón,1599.00 USD (x1),1599.00 USD (x1),https://www.elmachetazo.com/pintura-glidden-spred-acrilica-4lsalmon-10551399/p
Ferreteria,Bubba Vaso Térmico con Carrizo|24 oz,699.00 USD (x1),899.00 USD (x1),https://www.elmachetazo.com/bubba-vaso-termico-con-carrizo24-oz-10997985/p
Ferreteria,Pintura Glidden Matisse 18L|Azul,3799.00 USD (x1),3799.00 USD (x1),https://www.elmachetazo.com/pintura-glidden-matisse-18lazul-11014138/p
Ferreteria,Pintura Glidden Matisse 18L|Rosa,3799.00 USD (x1),3799.00 USD (x1),https://www.elmachetazo.com/pintura-glidden-matisse-18lrosa-11014139/p
Ferreteria,Pintura Glidden Matisse 18L|Salmón,3799.00 USD (x1),3799.00 USD (x1),https://www.elmachetazo.com/pintura-glidden-matisse-18lsalmon-11014141/p
Ferreteria,Pintura Glidden Matisse 18L|Crema,999.00 USD (x1),999.00 USD (x1),https://www.elmachetazo.com/pintura-glidden-matisse-18l-crema-11014148-machetazo/p
Ferreteria,Pintura Glidden Quantum Acrílica 19L|Blanco,8999.00 USD (x1),8999.00 USD (x1),https://www.elmachetazo.com/pintura-glidden-quantum-acrilica-19lblanco-10551055/p
Ferreteria,Pintura Glidden Quantum Acrílica 4L|Blanco,1999.00 USD (x1),1999.00 USD (x1),https://www.elmachetazo.com/pintura-glidden-quantum-acrilica-4lblanco-10551162/p
Ferreteria,Pintura Glidden Spred Acrílica 4L|Blanco,1599.00 USD (x1),1599.00 USD (x1),https://www.elmachetazo.com/pintura-glidden-spred-acrilica-4lblanco-10551249/p
Ferreteria,Pintura Glidden para Techo 4L|Verde,3199.00 USD (x1),3199.00 USD (x1),https://www.elmachetazo.com/pintura-glidden-para-techo-4lverde-11003571/p
Ferreteria,Pintura Glidden para Techo 4L|Rojo,3199.00 USD (x1),3199.00 USD (x1),https://www.elmachetazo.com/pintura-glidden-para-techo-4lrojo-11003569/p
Ferreteria,Pintura Glidden para Techo 4L|Blanco,3199.00 USD (x1),3199.00 USD (x1),https://www.elmachetazo.com/pintura-glidden-para-techo-4lblanco-11003568/p
Ferreteria,"Sierra Caladora Stanley|450""",7495.00 USD (x1),7495.00 USD (x1),https://www.elmachetazo.com/sierra-caladora-stanley450-10831685/p
Ferreteria,"Taladro Percutor Stanley|½""|600W",3999.00 USD (x1),3999.00 USD (x1),https://www.elmachetazo.com/taladro-percutor-stanley600w-10773815/p
Ferreteria,"Taladro Inalámbrico Stanley|⅜""",14995.00 USD (x1),14995.00 USD (x1),https://www.elmachetazo.com/taladro-inalambrico-stanley-10820705/p
Ferreteria,"Lijadora Roto Orbital Stanley|5""|300W",6995.00 USD (x1),6995.00 USD (x1),https://www.elmachetazo.com/lijadora-roto-orbital-stanley5300w-10820709/p
Ferreteria,"Pulidora Delgada Stanley|4-½""",4995.00 USD (x1),4995.00 USD (x1),https://www.elmachetazo.com/pulidora-delgada-stanley4--10831684/p
Ferreteria,"Esmeriladora Stanley|4-½""",4995.00 USD (x1),4995.00 USD (x1),https://www.elmachetazo.com/esmeriladora-stanley4--10848085/p
Ferreteria,Sierra Circular Stanley|1700W,9995.00 USD (x1),9995.00 USD (x1),https://www.elmachetazo.com/sierra-circular-stanley1700w-10868178/p
Ferreteria,"Taladro Percutor Black+Decker|½""",5999.00 USD (x1),5999.00 USD (x1),https://www.elmachetazo.com/taladro-percutor-blackdecker-10926065/p
Ferreteria,Rueda de Medición Topómetro Stanley|MW-40,10999.00 USD (x1),10999.00 USD (x1),https://www.elmachetazo.com/rueda-de-medicion-topometro-stanleymw-40-10261874/p
Ferreteria,Hidrolavadora TruVolt|30L|THW30,14995.00 USD (x1),14995.00 USD (x1),https://www.elmachetazo.com/hidrolavadora-truvolt30lthw30-10861195/p
Ferreteria,Lijadora de Pared Stanley|750W|SW75-B3,21995.00 USD (x1),21995.00 USD (x1),https://www.elmachetazo.com/lijadora-de-pared-stanley750wsw75-b3-10868172/p
Ferreteria,Aspiradora para Auto Black+Decker|12V|BDCV610-LA,5999.00 USD (x1),5999.00 USD (x1),https://www.elmachetazo.com/aspiradora-para-auto-blackdecker12vbdcv610-la-10868200/p
Ferreteria,Mesa con Sillas de Playa|3 Piezas,7999.00 USD (x1),9999.00 USD (x1),https://www.elmachetazo.com/mesa-con-sillas-de-playa3-piezas-10967226/p
Ferreteria,Mesa de Terraza con Paraguas|Anaranjado|6 Piezas,9999.00 USD (x1),12999.00 USD (x1),https://www.elmachetazo.com/mesa-de-terraza-con-paraguasanaranjado6-piezas-10939962/p
Ferreteria,Mesa de Terraza con Paraguas|6 Piezas,9999.00 USD (x1),12999.00 USD (x1),https://www.elmachetazo.com/mesa-de-terraza-con-paraguas6-piezas-10967222/p
Ferreteria,Mesa de Terraza con Paraguas|Gris Claro|6 Piezas,9999.00 USD (x1),12999.00 USD (x1),https://www.elmachetazo.com/mesa-de-terraza-con-paraguasgris-claro6-piezas-10967223/p
Ferreteria,Llanta Linglong Grip Master 235|65R17|Carretera,6995.00 USD (x1),6995.00 USD (x1),https://www.elmachetazo.com/llanta-linglong-grip-master-23565r17carretera-11008404/p
Ferreteria,Llanta Linglong LMC7 195R15|Carretera,5695.00 USD (x1),5695.00 USD (x1),https://www.elmachetazo.com/llanta-linglong-lmc7-195r15carretera-11008408/p
Ferreteria,Llanta Linglong Cross Wind MT 265|70R16 Full Tracción,9795.00 USD (x1),9795.00 USD (x1),https://www.elmachetazo.com/llanta-linglong-cross-wind-mt-26570r16-full-traccion-11008410/p
Ferreteria,Llanta Linglong Cross Wind AT 265|65R17|Todo Terreno,8995.00 USD (x1),8995.00 USD (x1),https://www.elmachetazo.com/llanta-linglong-cross-wind-at-26565r17todo-terreno-11008411/p
Ferreteria,Llanta Linglong Grip Master 265|60R18|Carretera,8495.00 USD (x1),8495.00 USD (x1),https://www.elmachetazo.com/llanta-linglong-grip-master-26560r18carretera-11008413/p
Ferreteria,Regleta|6 Salidas,799.00 USD (x1),799.00 USD (x1),https://www.elmachetazo.com/regleta6-salidas-10994376/p
Ferreteria,Extensión Blanca de 9,449.00 USD (x1),449.00 USD (x1),https://www.elmachetazo.com/extension-blanca-de-9-10994371/p
Ferreteria,Super Cubrimiento Látex Satin Base Intermedia|1 gal,2899.00 USD (x1),2899.00 USD (x1),https://www.elmachetazo.com/super-cubrimiento-latex-satin-base-intermedia1-gal-10790044/p
Ferreteria,Super Cubrimiento Látex Satin Base Accent|1 gal,2899.00 USD (x1),2899.00 USD (x1),https://www.elmachetazo.com/super-cubrimiento-latex-satin-base-accent1-gal-10790047/p
Ferreteria,Koraza Sol y Lluvia Pintuco|Blue Deep|¼ Galón,1399.00 USD (x1),1399.00 USD (x1),https://www.elmachetazo.com/koraza-sol-y-lluvia-pintucoblue-deep-galon-10194099/p
Ferreteria,Fertilizante Soluble Siembra|1 lb,349.00 USD (x1),349.00 USD (x1),https://www.elmachetazo.com/fertilizante-soluble-siembra1-lb-10284364/p
Ferreteria,Lámpara Solar para Jardín,1199.00 USD (x1),1199.00 USD (x1),https://www.elmachetazo.com/lampara-solar-para-jardin-10973207/p
Ferreteria,Mini Lámpara Solar LED|28W,599.00 USD (x1),599.00 USD (x1),https://www.elmachetazo.com/mini-lampara-solar-led28w-10973129/p
Ferreteria,Fertilizante Urea 46|5 lb,649.00 USD (x1),649.00 USD (x1),https://www.elmachetazo.com/fertilizante-urea-465-lb-10897864/p
Ferreteria,Insecticida Hormitox 10%|100g,170.00 USD (x1),170.00 USD (x1),https://www.elmachetazo.com/insecticida-hormitox-10100g-10224854/p
Ferreteria,Insecticida Hormitox 10%|500g,629.00 USD (x1),629.00 USD (x1),https://www.elmachetazo.com/insecticida-hormitox-10500g-10284366/p
Ferreteria,Koraza Sol y Lluvia Pintuco|Blue Deep|1 Galón,3799.00 USD (x1),3799.00 USD (x1),https://www.elmachetazo.com/koraza-sol-y-lluvia-pintucoblue-deep1-galon-10194097/p
Ferreteria,Super Cubrimiento Látex Mate Base Intermedia|1 gal,2699.00 USD (x1),2699.00 USD (x1),https://www.elmachetazo.com/super-cubrimiento-latex-mate-base-intermedia1-gal-10599310/p
Ferreteria,Letrero Señalización Salida Emergencia,129.00 USD (x1),129.00 USD (x1),https://www.elmachetazo.com/letrero-senalizacion-salida-emergencia-10896031/p
Ferreteria,Removedor de Sucio en Vidrio|100ml,199.00 USD (x1),199.00 USD (x1),https://www.elmachetazo.com/removedor-de-sucio-en-vidrio100ml-10953417/p
Ferreteria,Bombillo LED de Emergencia|7W|Luz Blanca,469.00 USD (x1),469.00 USD (x1),https://www.elmachetazo.com/bombillo-led-de-emergencia7wluz-blanca-10949562/p
Ferreteria,Bestflame 70 Encendedores para BBQ|7 Piezas,499.00 USD (x1),499.00 USD (x1),https://www.elmachetazo.com/bestflame-70-encendedores-para-bbq7-piezas-10950413/p
Ferreteria,Carbón en Bolsa|5 lb,395.00 USD (x1),395.00 USD (x1),https://www.elmachetazo.com/carbon-en-bolsa5-lb-10781455/p
Ferreteria,Soga Polipropileno Blanca|¼x25M,499.00 USD (x1),499.00 USD (x1),https://www.elmachetazo.com/soga-polipropileno-blancax25m-10986933/p
Ferreteria,Clavo para Carpa|21cm|6 Piezas,349.00 USD (x1),349.00 USD (x1),https://www.elmachetazo.com/clavo-para-carpa21cm6-piezas-10947239/p
Ferreteria,Linterna Plástica LED Recargable|80 Lumens,462.00 USD (x1),462.00 USD (x1),https://www.elmachetazo.com/linterna-plastica-led-recargable80-lumens-10750605/p
Ferreteria,Lámpara Empotrada LED|12W,299.00 USD (x1),299.00 USD (x1),https://www.elmachetazo.com/lampara-empotrada-led12w-10973126/p
Ferreteria,Cooler 32 Lts|Gris,2999.00 USD (x1),2999.00 USD (x1),https://www.elmachetazo.com/cooler-32-ltsgris-10984755/p
Ferreteria,Cooler 20 Lts|Gris,1699.00 USD (x1),1699.00 USD (x1),https://www.elmachetazo.com/cooler-20-ltsgris-10984756/p
Ferreteria,Carbon en Bolsa Carbonoso|3 lb,295.00 USD (x1),295.00 USD (x1),https://www.elmachetazo.com/carbon-en-bolsa-carbonoso3-lb-10781454/p
Ferreteria,Hidrolavadora Black+Decker|1400 W,7499.00 USD (x1),9999.00 USD (x1),https://www.elmachetazo.com/hidrolavadora-black-decker-1400-w-10868198/p
Ferreteria,Hidrolavadora|10 L,7995.00 USD (x1),7995.00 USD (x1),https://www.elmachetazo.com/hidrolavadora10-l-10861193/p
Ferreteria,Hidrolavadora Truvolt|20L|THW20,8995.00 USD (x1),8995.00 USD (x1),https://www.elmachetazo.com/hidrolavadora-truvolt-20l-thw20-10861194/p
Ferreteria,Pistola de Presión Black+Decker|20V,16999.00 USD (x1),16999.00 USD (x1),https://www.elmachetazo.com/pistola-de-presion-black-decker-20v-10868197/p
Ferreteria,Fregador|25x22x6 0.6mm,2599.00 USD (x1),2599.00 USD (x1),https://www.elmachetazo.com/fregador25x22x6-06mm-10847507/p
Ferreteria,Linterna Led Stanley|20 V,2499.00 USD (x1),2499.00 USD (x1),https://www.elmachetazo.com/linterna-led-stanley20-v-10969974/p
Ferreteria,Ojo de Buey|Luz LED Blanca|5 W,299.00 USD (x1),299.00 USD (x1),https://www.elmachetazo.com/ojo-de-buey-luz-blanca5-w-10977198/p
Ferreteria,Ojo de Buey|Luz LED Cálida|5W,299.00 USD (x1),299.00 USD (x1),https://www.elmachetazo.com/ojo-de-buey-luz-calida-5-w-10977199/p
Ferreteria,Bombillo Recargable Rayo-Vac|7 W,639.00 USD (x1),799.00 USD (x1),https://www.elmachetazo.com/bombillo-recargable-rayo-vac7-w-10944175/p
Ferreteria,Linterna Led Rayo-Vac,749.00 USD (x1),749.00 USD (x1),https://www.elmachetazo.com/linterna-led-rayo-vac-10944177/p
Ferreteria,Linterna Led Rayo-Vac,1199.00 USD (x1),1199.00 USD (x1),https://www.elmachetazo.com/linterna-led-rayo-vac-10837093/p
Ferreteria,Bombillo Led Westinghouse Anti Insectos,499.00 USD (x1),499.00 USD (x1),https://www.elmachetazo.com/bombillo-led-westinghouse-anti-insectos-10723909/p
Ferreteria,Reflector Infrarojo|375 W,399.00 USD (x1),399.00 USD (x1),https://www.elmachetazo.com/reflector-infrarojo375-w-10868109/p
Ferreteria,Sierra Caladora DeWalt,13999.00 USD (x1),13999.00 USD (x1),https://www.elmachetazo.com/sierra-caladora-dewalt-10876859/p
Ferreteria,Rotomartillo DeWalt|800 W,24999.00 USD (x1),24999.00 USD (x1),https://www.elmachetazo.com/rotomartillo-dewalt800-w-10939934/p
Ferreteria,Koraza Impermeabilizante Y85|Rojo Ladrillo|¼ Galón,1399.00 USD (x1),1399.00 USD (x1),https://www.elmachetazo.com/koraza-impermeabilizante-y85rojo-ladrillo-galon-10173228/p
Ferreteria,Koraza Sol y Lluvia Pintuco Base|Blanco|¼ Galón,1399.00 USD (x1),1399.00 USD (x1),https://www.elmachetazo.com/koraza-sol-y-lluvia-pintuco-baseblanco-galon-10194096/p
Ferreteria,Koraza Sol y Lluvia Pintuco|Blue Deep|5 Galones,15999.00 USD (x1),15999.00 USD (x1),https://www.elmachetazo.com/koraza-sol-y-lluvia-pintucoblue-deep5-galones-10194098/p
Ferreteria,Limpiador de Vidrio Armor All|22 oz,495.00 USD (x1),495.00 USD (x1),https://www.elmachetazo.com/limpiador-de-vidrio-armor-all22-oz-10177250/p
Ferreteria,Abrillantador de Llantas Meguiar's Hot Shine|709ml,1589.00 USD (x1),1589.00 USD (x1),https://www.elmachetazo.com/abrillantador-de-llantas-meguiars-hot-shine709ml-10398589/p
Ferreteria,Limpiador de Rines de Auto Meguiar's|24 oz,1159.00 USD (x1),1159.00 USD (x1),https://www.elmachetazo.com/limpiador-de-rines-de-auto-meguiars24-oz-10052978/p
Ferreteria,Limpiador de Parabrisas Meguiar's Clarity Glass|709ml,889.00 USD (x1),889.00 USD (x1),https://www.elmachetazo.com/limpiador-de-parabrisas-meguiars-clarity-glass709ml-10398352/p
Ferreteria,Pulidor de Interiores Multiuso Getsun|450ml,299.00 USD (x1),299.00 USD (x1),https://www.elmachetazo.com/pulidor-de-interiores-multiuso-getsun450ml-10936539/p
Ferreteria,Dura Látex Corona|Blanco Dover|1 Galón,1199.00 USD (x1),1199.00 USD (x1),https://www.elmachetazo.com/dura-latex-coronablanco-dover1-galon-10744669/p
Ferreteria,Dura Látex Corona|Bora Bora|1 Galón,1199.00 USD (x1),1199.00 USD (x1),https://www.elmachetazo.com/dura-latex-coronabora-bora1-galon-10886701/p
Ferreteria,Dura Látex|Azul Clásico|1 Galón,1199.00 USD (x1),1199.00 USD (x1),https://www.elmachetazo.com/dura-latexazul-clasico1-galon-10886703/p
Ferreteria,Dura Látex|Gris Ártico|1 Galón,1199.00 USD (x1),1199.00 USD (x1),https://www.elmachetazo.com/dura-latexgris-artico1-galon-10886702/p
Ferreteria,Dura Látex|Rosa Sorbete|1 Galón,1199.00 USD (x1),1199.00 USD (x1),https://www.elmachetazo.com/dura-latexrosa-sorbete1-galon-10886699/p
Ferreteria,Dura Látex|Lima Limón|1 Galón,1199.00 USD (x1),1199.00 USD (x1),https://www.elmachetazo.com/dura-latexlima-limon1-galon-10886700/p
Ferreteria,Dura Látex|Rosa Salmón|1 Galón,1199.00 USD (x1),1199.00 USD (x1),https://www.elmachetazo.com/dura-latexrosa-salmon1-galon-10886704/p
Ferreteria,Dura Látex|Mango|1 Galón,1199.00 USD (x1),1199.00 USD (x1),https://www.elmachetazo.com/dura-latexmango1-galon-10871007/p
Ferreteria,Dura Látex|Rojo|1 Galón,1199.00 USD (x1),1199.00 USD (x1),https://www.elmachetazo.com/dura-latexrojo1-galon-10744661/p
Ferreteria,Bombillo LED Sylvania|7W,129.00 USD (x1),129.00 USD (x1),https://www.elmachetazo.com/bombillo-led-sylvania_7-watts-10969843-machetazo/p
Ferreteria,Bombillo LED Sylvania|12W,159.00 USD (x1),159.00 USD (x1),https://www.elmachetazo.com/bombillo-led-sylvania-12-watts-10969934-machetazo/p
Ferreteria,Bombillo LED Sylvania|15W,219.00 USD (x1),219.00 USD (x1),https://www.elmachetazo.com/bombillo-led-sylvania-15-watts-10969935-machetazo/p
Ferreteria,Pintura Colormix Látex Naranja|1 Galón,799.00 USD (x1),1399.00 USD (x1),https://www.elmachetazo.com/pintura-colormix-latex-naranja1-galon-10932909/p
Ferreteria,Pintura Colormix Látex Marfil|1 Galón,799.00 USD (x1),1399.00 USD (x1),https://www.elmachetazo.com/pintura-colormix-latex-marfil1-galon-10932911/p
Ferreteria,Pintura Colormix Látex Piña Dulce|1 Galón,799.00 USD (x1),1399.00 USD (x1),https://www.elmachetazo.com/pintura-colormix-latex-pina-dulce1-galon-10932912/p
Ferreteria,Hielera Plástica Chillex|2 Piezas,3499.00 USD (x1),3499.00 USD (x1),https://www.elmachetazo.com/hielera-plastica-chillex2-piezas-10909548/p
Ferreteria,Hielera Plástica Princeware|60L|5 Piezas,9900.00 USD (x1),9900.00 USD (x1),https://www.elmachetazo.com/hielera-plastica-princeware60l5-piezas-10786664/p
Ferreteria,"Kit Taladro Percutor Stanley|½""|SCD711C1H-B3",14999.00 USD (x1),16999.00 USD (x1),https://www.elmachetazo.com/kit-taladro-percutor-stanleyscd711c1h-b3-10874345/p
Ferreteria,Taladro Atornillador Black+Decker|12V|BDCDD12C,6999.00 USD (x1),6999.00 USD (x1),https://www.elmachetazo.com/taladro-atornillador-blackdecker12vbdcdd12c-10815921/p
Ferreteria,Taladro Destornillador Black&Decker|Inalámbrico|120V|BCD703C1-B3,4999.00 USD (x1),6999.00 USD (x1),https://www.elmachetazo.com/taladro-destornillador-blackdeckerinalambrico120vbcd703c1-b3-10848086/p
Ferreteria,Aspiradora Black+Decker|Seco-Mojado|20L|1200W|BDWD20-B3,9999.00 USD (x1),9999.00 USD (x1),https://www.elmachetazo.com/aspiradora-blackdeckerseco--mojado20l1200wbdwd20-b3-10868201/p
Ferreteria,Aspiradora Black+Decker|Seco -Mojado|15L|1400W |BDWD15-B3,9999.00 USD (x1),9999.00 USD (x1),https://www.elmachetazo.com/aspiradora-blackdeckerseco--mojado15l1400w-bdwd15-b3-10868202/p
Ferreteria,"Esmeriladora Angular DeWalt|4½""|650W",9999.00 USD (x1),9999.00 USD (x1),https://www.elmachetazo.com/esmeriladora-angular-dewalt4650w-10482345/p
Ferreteria,Pistola de Calor Black+Decker|HG1500-B3,2999.00 USD (x1),2999.00 USD (x1),https://www.elmachetazo.com/pistola-de-calor-blackdeckerhg1500-b3-10297052/p
Ferreteria,Taladro Percutor ⅜ Black+Decker|550W,2999.00 USD (x1),2999.00 USD (x1),https://www.elmachetazo.com/taladro-percutor--blackdecker550w-10805216/p
Ferreteria,Juego de Pinza|3 Piezas,1499.00 USD (x1),1499.00 USD (x1),https://www.elmachetazo.com/juego-de-pinza3-piezas-10857350/p
Ferreteria,Cerradura Derecha para Soldar,1299.00 USD (x1),1299.00 USD (x1),https://www.elmachetazo.com/cerradura-derecha-para-soldar-10935510/p
Ferreteria,Cerradura Izquierda para Soldar,1299.00 USD (x1),1299.00 USD (x1),https://www.elmachetazo.com/cerradura-izquierda-para-soldar-10935511/p
Ferreteria,Cerradura Izquierda para Soldar,3599.00 USD (x1),3599.00 USD (x1),https://www.elmachetazo.com/cerradura-izquierda-para-soldar-10468706/p
Ferreteria,Aceite para Motor Fuera de Borda|473ml,329.00 USD (x1),329.00 USD (x1),https://www.elmachetazo.com/aceite-fuera-de-borda473-ml-10206331/p
Ferreteria,Grasa de Litio Blanca|400ml,489.00 USD (x1),489.00 USD (x1),https://www.elmachetazo.com/grasa-de-litio-blanca400ml-10944025/p
Ferreteria,Aditivo de Diesel para Auto,379.00 USD (x1),379.00 USD (x1),https://www.elmachetazo.com/aditivo-de-diesel-para-auto-10057637/p
Ferreteria,Inflador y sellador de neumáticos para auto|20 oz,1259.00 USD (x1),1259.00 USD (x1),https://www.elmachetazo.com/inflador-y-sellador-de-neumaticos-para-auto20-oz-10821314/p
Ferreteria,Limpiador Multiproposito|16 oz,649.00 USD (x1),649.00 USD (x1),https://www.elmachetazo.com/limpiador-multiproposito16-oz-10818236/p
Ferreteria,Limpiador en Gel para Cuero|18 oz,895.00 USD (x1),895.00 USD (x1),https://www.elmachetazo.com/limpiador-en-gel--para-cuero18-oz-10454118/p
Ferreteria,Limpiador de Tapiz,759.00 USD (x1),759.00 USD (x1),https://www.elmachetazo.com/limpiador-de-tapiz-10221065/p
Ferreteria,Limpiador Multiuso para Carro|18 oz,799.00 USD (x1),799.00 USD (x1),https://www.elmachetazo.com/limpiador-multiuso-para-carro18-oz-10454123/p
Ferreteria,Shampoo para Carro|Alto Brillo|64oz,699.00 USD (x1),699.00 USD (x1),https://www.elmachetazo.com/shampoo-para--carroalto-brillo64oz-10868180/p
Ferreteria,Repelente de Agua|12 oz,689.00 USD (x1),689.00 USD (x1),https://www.elmachetazo.com/repelente-de-agua12-oz-10899341/p
Ferreteria,Limpiador De Vidrios|946ml,649.00 USD (x1),649.00 USD (x1),https://www.elmachetazo.com/limpiador-de-vidrios946ml-10899343/p
Ferreteria,Limpiador De Vidrios|18 oz,360.00 USD (x1),360.00 USD (x1),https://www.elmachetazo.com/limpiador-de-vidrios18-oz-10850577/p
Ferreteria,Abrillantador para Neumáticos|18 oz,899.00 USD (x1),899.00 USD (x1),https://www.elmachetazo.com/abrillantador-para-neumaticos18-oz-10850579/p
Ferreteria,Limpia Vidrio 2 en 1 para Carro|18oz,699.00 USD (x1),699.00 USD (x1),https://www.elmachetazo.com/limpia-vidrio-2-en-1-para-carro18oz-10881979/p
Ferreteria,Chamois para Limpieza,249.00 USD (x1),249.00 USD (x1),https://www.elmachetazo.com/chamois-para-limpieza-10953486/p
Ferreteria,Esponja de Limpieza para Carro,149.00 USD (x1),149.00 USD (x1),https://www.elmachetazo.com/esponja-de-limpieza-para-carro-10844620/p
Ferreteria,Abrillantador para Neumáticos|16 oz,949.00 USD (x1),949.00 USD (x1),https://www.elmachetazo.com/abrillantador-para-neumaticos16-oz-10844598/p
Ferreteria,Limpiador para Neumáticos|16 oz,649.00 USD (x1),649.00 USD (x1),https://www.elmachetazo.com/limpiador-para-neumaticos16-oz-10818230/p
Ferreteria,Mezclador De Pintura|1400W,25599.00 USD (x1),25599.00 USD (x1),https://www.elmachetazo.com/mezclador-de-pintura1400w-10820706/p
Ferreteria,Compresor De Aire|24 L|Stc24-B3,25999.00 USD (x1),25999.00 USD (x1),https://www.elmachetazo.com/compresor-de-aire24-lstc24-b3-10815924/p
Ferreteria,Caja de Herramientas|123 Piezas,14999.00 USD (x1),14999.00 USD (x1),https://www.elmachetazo.com/caja-de-herramientas123-piezas-10325027/p
Ferreteria,"Taladro Percutor|1/2""|650W",9995.00 USD (x1),9995.00 USD (x1),https://www.elmachetazo.com/taladro-percutor12650w-10284035/p
Ferreteria,Esmeriladora Angular|4-1-2|820 W,3499.00 USD (x1),3999.00 USD (x1),https://www.elmachetazo.com/esmeriladora-angular4-1-2820-w-10175452/p
Ferreteria,"Alicate Pro De Electricista|9""",1899.00 USD (x1),1899.00 USD (x1),https://www.elmachetazo.com/alicate-pro-de-electricista9-10131770/p
Ferreteria,Martillo Curvo Mango de Madera|16 oz,899.00 USD (x1),899.00 USD (x1),https://www.elmachetazo.com/martillo-curvo-mango-de-madera16-oz-10129447/p
Ferreteria,"Alicate Pro De Punta Larga|8""",1699.00 USD (x1),1699.00 USD (x1),https://www.elmachetazo.com/alicate-pro-de-punta-larga8-10120799/p
Ferreteria,Pattex Cinta No Mas Clavos|120kg,949.00 USD (x1),949.00 USD (x1),https://www.elmachetazo.com/pattex-cinta-no-mas-clavos120kg-10898843/p
Ferreteria,Pattex No Mas Clavos|113g,449.00 USD (x1),449.00 USD (x1),https://www.elmachetazo.com/pattex-no-mas-clavos113g-10735339/p
Ferreteria,Loctite Epoximil|150g,749.00 USD (x1),749.00 USD (x1),https://www.elmachetazo.com/loctite-epoximil150g-10094643/p
Ferreteria,Loctite Super Bonder Pincel|5g,479.00 USD (x1),479.00 USD (x1),https://www.elmachetazo.com/loctite-super-bonder-pincel5g-10735337/p
Ferreteria,Loctite Super Bonder Precisión|5g,479.00 USD (x1),479.00 USD (x1),https://www.elmachetazo.com/loctite-super-bonder-precision5g-10239310/p
Ferreteria,Loctite Super Bonder Flex Gel|3g,299.00 USD (x1),299.00 USD (x1),https://www.elmachetazo.com/loctite-super-bonder-flex-gel3g-10322539/p
Ferreteria,Cordón de Yute Natural|100mts,249.00 USD (x1),249.00 USD (x1),https://www.elmachetazo.com/cordon-de-yute-natural100mts-10812397/p
Ferreteria,Cordón de Yute 2mm|100mts,239.00 USD (x1),239.00 USD (x1),https://www.elmachetazo.com/cordon-de-yute-2mm100mts-10787973/p
Ferreteria,BBQ Char-Broil|2000 BTU,14999.00 USD (x1),26599.00 USD (x1),https://www.elmachetazo.com/bbq-char-broil2000--btu-10868150/p
Ferreteria,Limpiador para Tablero de Auto|500ml,669.00 USD (x1),669.00 USD (x1),https://www.elmachetazo.com/limpiador-para-tablero-de-auto500ml-10906541/p
Ferreteria,Cera Carnauba para Auto|410ml,599.00 USD (x1),599.00 USD (x1),https://www.elmachetazo.com/cera-carnauba-para-auto410ml-10906545/p
Ferreteria,Limpiador para Vidrio|116ml,149.00 USD (x1),149.00 USD (x1),https://www.elmachetazo.com/limpiador-para-vidrio116ml-10906751/p
Ferreteria,Rubbing Compound,299.00 USD (x1),299.00 USD (x1),https://www.elmachetazo.com/rubbing-compound-10936525/p
Ferreteria,Líquido Limpiador para Cuero,399.00 USD (x1),399.00 USD (x1),https://www.elmachetazo.com/liquido-limpiador-para-cuero-10906540/p
Ferreteria,Limpiador Pulidor de Neumáticos|500ml,499.00 USD (x1),499.00 USD (x1),https://www.elmachetazo.com/limpiador-pulidor-de-neumaticos500ml-10906536/p
Ferreteria,Limpiador Espuma Multipropósito|650ml,299.00 USD (x1),299.00 USD (x1),https://www.elmachetazo.com/limpiador-espuma-multiproposito650ml-10906534/p
Ferreteria,Aerosol para Pulir y Encerar|450ml,399.00 USD (x1),399.00 USD (x1),https://www.elmachetazo.com/aerosol-para-pulir-y-encerar450ml-10906533/p
Ferreteria,Abrillantador de Cuero,299.00 USD (x1),299.00 USD (x1),https://www.elmachetazo.com/abrillantador-de-cuero-10906527/p
Ferreteria,Lubricante Antioxidante|250ml,199.00 USD (x1),199.00 USD (x1),https://www.elmachetazo.com/lubricante-antioxidante250ml-10906526/p
Ferreteria,Coolant Refrigerante Verde|2L,499.00 USD (x1),499.00 USD (x1),https://www.elmachetazo.com/coolant-refrigerante-verde2l-10906523/p
Ferreteria,Coolant Refrigerante Rojo|2L,499.00 USD (x1),499.00 USD (x1),https://www.elmachetazo.com/coolant-refrigerante-rojo2l-10906522/p
Ferreteria,Motor Flush|354ml,399.00 USD (x1),399.00 USD (x1),https://www.elmachetazo.com/motor-flush354ml-10906521/p
Ferreteria,Limpiador del Sistema Diesel|354ml,299.00 USD (x1),299.00 USD (x1),https://www.elmachetazo.com/limpiador-del-sistema-diesel354ml-10906518/p
Ferreteria,Abrillantador para Neumáticos|500ml,599.00 USD (x1),599.00 USD (x1),https://www.elmachetazo.com/abrillantador-para-neumaticos500ml-10906538/p
Ferreteria,Ico Látex Pintuco Verde Celeste|2.5 gal,2599.00 USD (x1),2599.00 USD (x1),https://www.elmachetazo.com/ico-latex-pintuco-verde-celeste25-gal-10638415/p
Ferreteria,Ico Látex Pintuco Marfil|5 gal,5099.00 USD (x1),5099.00 USD (x1),https://www.elmachetazo.com/ico-latex-pintuco-marfil5-gal-10700263/p
Ferreteria,Pro Látex Azul Noche|1 gal,2099.00 USD (x1),2099.00 USD (x1),https://www.elmachetazo.com/pro-latex-azul-noche1-gal-10152078/p
Ferreteria,Pro Látex Blanco Antiguo|1 gal,2099.00 USD (x1),2099.00 USD (x1),https://www.elmachetazo.com/pro-latex-blanco-antiguo1-gal-10088142/p
Ferreteria,Pro Látex Celeste|2.5 gal,4599.00 USD (x1),4599.00 USD (x1),https://www.elmachetazo.com/pro-latex-celeste25-gal-10081487/p
Ferreteria,Pro Látex Celeste|1 gal,2099.00 USD (x1),2099.00 USD (x1),https://www.elmachetazo.com/pro-latex-celeste1-gal-10081486/p
Ferreteria,Pro Látex Crema|2.5 gal,4599.00 USD (x1),4599.00 USD (x1),https://www.elmachetazo.com/pro-latex-crema25-gal-10088150/p
Ferreteria,Pro Látex Crema|5 gal,8999.00 USD (x1),8999.00 USD (x1),https://www.elmachetazo.com/pro-latex-crema5-gal-10055176/p
Ferreteria,Pro Látex Mamey|1 gal,2099.00 USD (x1),2099.00 USD (x1),https://www.elmachetazo.com/pro-latex-mamey1-gal-10055175/p
Ferreteria,Pro Látex Blanco|2.5 gal,4599.00 USD (x1),4599.00 USD (x1),https://www.elmachetazo.com/pro-latex-blanco25-gal-10088148/p
Ferreteria,Pro Látex Blanco|¼ gal,799.00 USD (x1),799.00 USD (x1),https://www.elmachetazo.com/pro-latex-blanco-gal-10055174/p
Ferreteria,Pro Látex Base Blanco|5 gal,8999.00 USD (x1),8999.00 USD (x1),https://www.elmachetazo.com/pro-latex-base-blanco5-gal-10830597/p
Ferreteria,Pro Látex Chocolate Claro|1 gal,2099.00 USD (x1),2099.00 USD (x1),https://www.elmachetazo.com/pro-latex-chocolate-claro1-gal-10082341/p
Ferreteria,Pro Látex Blanco Hueso|1 gal,2099.00 USD (x1),2099.00 USD (x1),https://www.elmachetazo.com/pro-latex-blanco-hueso1-gal-10088143/p
Ferreteria,Pro Látex Naranja|2.5 gal,4599.00 USD (x1),4599.00 USD (x1),https://www.elmachetazo.com/pro-latex-naranja25-gal-10081491/p
Ferreteria,Pro Látex Naranja|1 gal,2099.00 USD (x1),2099.00 USD (x1),https://www.elmachetazo.com/pro-latex-naranja1-gal-10081490/p
Ferreteria,Pro Látex Base Blanco|1 gal,2099.00 USD (x1),2099.00 USD (x1),https://www.elmachetazo.com/pro-latex-base-blanco1-gal-10830602/p
Ferreteria,Ico Látex Pintuco Blanco Antiguo|2.5 gal,2599.00 USD (x1),2599.00 USD (x1),https://www.elmachetazo.com/ico-latex-pintuco-blanco-antiguo25-gal-10790046/p
Ferreteria,Pro Plus Esmalte Negro|¼ gal,1299.00 USD (x1),1299.00 USD (x1),https://www.elmachetazo.com/pro-plus-esmalte-negro-gal-10159740/p
Ferreteria,Pro Látex Base Intermedia|5 gal,8999.00 USD (x1),8999.00 USD (x1),https://www.elmachetazo.com/pro-latex-base-intermedia5-gal-10830599/p
Ferreteria,Pro Látex Base Intermedia|1 gal,2099.00 USD (x1),2099.00 USD (x1),https://www.elmachetazo.com/pro-latex-base-intermedia1-gal-10830604/p
Ferreteria,Ico Látex Pintuco Geranio |5 gal,5099.00 USD (x1),5099.00 USD (x1),https://www.elmachetazo.com/ico-latex-pintuco-geranio-5-gal-10790041/p
Ferreteria,Ico Látex Pintuco Menta |5 gal,5099.00 USD (x1),5099.00 USD (x1),https://www.elmachetazo.com/ico-latex-pintuco-menta-5-gal-10700264/p
Ferreteria,Ico Látex Pintuco Verde Celeste|1 gal,1199.00 USD (x1),1199.00 USD (x1),https://www.elmachetazo.com/ico-latex-pintuco-verde-celeste1-gal-10638399/p
Ferreteria,Ico Látex Pintuco Blanco Antiguo |5 gal,5099.00 USD (x1),5099.00 USD (x1),https://www.elmachetazo.com/ico-latex-pintuco-blanco-antiguo-5-gal-10656527/p
Ferreteria,Ico Látex Pintuco Blanco Hueso |5 gal,5099.00 USD (x1),5099.00 USD (x1),https://www.elmachetazo.com/ico-latex-pintuco-blanco-hueso-5-gal-10656525/p
Ferreteria,Ico Esmalte Pintuco Celeste|1 Galón,2699.00 USD (x1),2699.00 USD (x1),https://www.elmachetazo.com/ico-esmalte-pintuco-celeste1-galon-10638456/p
Ferreteria,Ico Esmalte Pintuco Verde Celeste|1 Galón,2699.00 USD (x1),2699.00 USD (x1),https://www.elmachetazo.com/ico-esmalte-pintuco-verde-celeste1-galon-10638457/p
Ferreteria,Ico Esmalte Pintuco Turquesa|1 gal,2699.00 USD (x1),2699.00 USD (x1),https://www.elmachetazo.com/ico-esmalte-pintuco-turquesa1-gal-10638452/p
Ferreteria,Ico Anticorrosivo Pintuco Rojo Óxido|¼ gal,999.00 USD (x1),999.00 USD (x1),https://www.elmachetazo.com/ico-anticorrosivo-pintuco-rojo-oxido-gal-10638466/p
Ferreteria,Imperstyl Y-85 Blanco|¼ gal,1399.00 USD (x1),1399.00 USD (x1),https://www.elmachetazo.com/imperstyl-y-85-blanco-gal-10172439/p
Ferreteria,Imperstyl Y-85 Blanco|1 gal,3799.00 USD (x1),3799.00 USD (x1),https://www.elmachetazo.com/imperstyl-y-85-blanco1-gal-10172438/p
Ferreteria,Dry-Block 3en1 Base Blanco|1 gal,3999.00 USD (x1),3999.00 USD (x1),https://www.elmachetazo.com/dry-block-3en1-base-blanco1-gal-10734632/p
Ferreteria,Base Y507 Anticorrosivo Minio Rojo|¼ gal,1299.00 USD (x1),1299.00 USD (x1),https://www.elmachetazo.com/base-y507-anticorrosivo-minio-rojo-gal-10194835/p
Ferreteria,Sellador Sista 82.8ml|Transparente,579.00 USD (x1),579.00 USD (x1),https://www.elmachetazo.com/sellador-sista-828mltransparente-10217410/p
Ferreteria,Pintura Colormix Látex Blanco Hueso|1 Galón,799.00 USD (x1),1399.00 USD (x1),https://www.elmachetazo.com/pintura-colormix-latex-blanco-hueso1-galon-10932908/p
Ferreteria,Madetec Barniz Entintado Palo Rosa|¼ gal,1429.00 USD (x1),1429.00 USD (x1),https://www.elmachetazo.com/madetec-barniz-entintado-palo-rosa-gal-10170084/p
Ferreteria,Koraza Sol Lluvia Pintuco Base Accent|¼ gal,1399.00 USD (x1),1399.00 USD (x1),https://www.elmachetazo.com/koraza-sol-lluvia-pintuco-base-accent-gal-10185661/p
Ferreteria,Koraza Sol Lluvia Pintuco Accent|1 gal,3799.00 USD (x1),3799.00 USD (x1),https://www.elmachetazo.com/koraza-sol-lluvia-pintuco-accent1-gal-10194838/p
Ferreteria,Koraza Sol Lluvia Pintuco Blanco|¼ gal,1399.00 USD (x1),1399.00 USD (x1),https://www.elmachetazo.com/koraza-sol-lluvia-pintuco-blanco-gal-10171671/p
Ferreteria,Viniltex Advanced Látex Mate Base Deep|¼ gal,1299.00 USD (x1),1299.00 USD (x1),https://www.elmachetazo.com/viniltex-advanced-latex-mate-base-deep-gal-10049567/p
Ferreteria,Viniltex Látex Satin Base Blanco|¼ gal,1399.00 USD (x1),1399.00 USD (x1),https://www.elmachetazo.com/viniltex-latex-satin-base-blanco-gal-10184826/p
Ferreteria,Viniltex Látex Satin Base Blanco|1 gal,3399.00 USD (x1),3399.00 USD (x1),https://www.elmachetazo.com/viniltex-latex-satin-base-blanco1-gal-10184827/p
Ferreteria,Tolda 2.4x2.4 M|Azul,4899.00 USD (x1),4899.00 USD (x1),https://www.elmachetazo.com/tolda-24x24-mazul-10744449/p
Ferreteria,Taladro Eléctrico Goodyear|500W,3599.00 USD (x1),3599.00 USD (x1),https://www.elmachetazo.com/taladro-electrico-goodyear500w-10783877/p
Ferreteria,"Tienda de Acampar Pavillo|57"" x 6'9"" x 39""|2 Personas",2999.00 USD (x1),2999.00 USD (x1),https://www.elmachetazo.com/tienda-de-acampar-pavillo57-x-69-x-392-personas-10911451/p
Ferreteria,Desengrasante Tornado 32 oz,359.00 USD (x1),359.00 USD (x1),https://www.elmachetazo.com/desengrasante-tornado-32-oz-10868155/p
Ferreteria,Aceite ATF Multi-V Xteer 1 Litro,949.00 USD (x1),949.00 USD (x1),https://www.elmachetazo.com/aceite-atf-multi-v-xteer-1-litro-10850738/p
Ferreteria,Shampoo Desengrasante Rosa con Humectante 24 oz,599.00 USD (x1),599.00 USD (x1),https://www.elmachetazo.com/shampoo-desengrasante-rosa-con-humectante-24-oz-10886264/p
Ferreteria,Shampoo Gold Proteccion UV 24 oz,549.00 USD (x1),549.00 USD (x1),https://www.elmachetazo.com/shampoo--gold-proteccion-uv-24-oz-10886263/p
Ferreteria,Shampoo Alto Brillo Azul 24 oz,499.00 USD (x1),499.00 USD (x1),https://www.elmachetazo.com/shampoo--alto-brillo-azul-24-oz-10886262/p
Ferreteria,Ambientador Termo Clean Chicle Boom 8 oz,449.00 USD (x1),449.00 USD (x1),https://www.elmachetazo.com/ambientador-termo-clean-chicle-boom-8-oz-10897858/p
Ferreteria,Ambientador Termo Clean Chicle Boom 4 oz,299.00 USD (x1),299.00 USD (x1),https://www.elmachetazo.com/ambientador-termo-clean-chicle-boom-4-oz-10897854/p
Ferreteria,Ambientador Termo Clean Strawberry Cherry 8 oz,179.00 USD (x1),179.00 USD (x1),https://www.elmachetazo.com/ambientador-termo-clean-strawberry-cherry-8-oz-10886359/p
Ferreteria,Ambientador Termo Clean Strawberry Cherry 4 oz,299.00 USD (x1),299.00 USD (x1),https://www.elmachetazo.com/ambientador-termo-clean-strawberry-cherry-4-oz-10897855/p
Ferreteria,Ambientador Termo Clean Aroma Vainilla 4oz,299.00 USD (x1),299.00 USD (x1),https://www.elmachetazo.com/ambientador-termo-clean-aroma-vainilla-4oz-10897862/p
Ferreteria,Ambientador Termo Clean Aroma Cool Breeze 4oz,299.00 USD (x1),299.00 USD (x1),https://www.elmachetazo.com/ambientador-termo-clean-aroma-cool-breeze-4oz-10868173/p
Ferreteria,Ambientador Termo Clean Aroma de Bambu Eucalipto 8oz,449.00 USD (x1),449.00 USD (x1),https://www.elmachetazo.com/ambientador-termo-clean-aroma-de-bambu-eucalipto-8oz-10897859/p
Ferreteria,Ambientador Termo Clean Aroma de Bambu Eucalipto 4oz,299.00 USD (x1),299.00 USD (x1),https://www.elmachetazo.com/ambientador-termo-clean-aroma-de-bambu-eucalipto-4oz-10897856/p
Ferreteria,Ambientador Termo Clean Pino,299.00 USD (x1),299.00 USD (x1),https://www.elmachetazo.com/ambientador-termo-clean-pino-10897861/p
Ferreteria,Ambientador Termo Clean Aroma de Piña Colada 4oz,299.00 USD (x1),299.00 USD (x1),https://www.elmachetazo.com/ambientador-termo-clean-aroma-de-pina-colada-4oz-10897857/p
Ferreteria,Brillo UV con Fragancia 8 oz,379.00 USD (x1),379.00 USD (x1),https://www.elmachetazo.com/brillo-uv-con-fragancia-8-oz-10868165/p
Ferreteria,Brillo UV con Fragancia 4 oz,249.00 USD (x1),249.00 USD (x1),https://www.elmachetazo.com/brillo-uv-con-fragancia-4-oz-10868163/p
Ferreteria,Silicona para Interior 8oz,399.00 USD (x1),399.00 USD (x1),https://www.elmachetazo.com/silicona-para-interior-8oz-10868170/p
Ferreteria,Silicona para Interior 4oz,259.00 USD (x1),259.00 USD (x1),https://www.elmachetazo.com/silicona-para-interior-4oz-10868169/p
Ferreteria,Gel de Silicona Doble UV 8oz,589.00 USD (x1),589.00 USD (x1),https://www.elmachetazo.com/gel-de-silicona-doble-uv-8oz-10868168/p
Ferreteria,Gel de Silicona Doble UV 4oz,379.00 USD (x1),379.00 USD (x1),https://www.elmachetazo.com/gel-de-silicona-doble-uv-4oz-10868167/p
Ferreteria,Limpiador Desengrasante Multiproposito 32 oz,499.00 USD (x1),499.00 USD (x1),https://www.elmachetazo.com/limpiador-desengrasante-multiproposito-32-oz-10886265/p
Ferreteria,Barbacoa de Mesa con Parrilla,1499.00 USD (x1),1799.00 USD (x1),https://www.elmachetazo.com/barbacoa-de-mesa-con-parrilla-10847991/p
Ferreteria,Tienda para Acampar Pavillo|4 Personas,7999.00 USD (x1),7999.00 USD (x1),https://www.elmachetazo.com/tienda-para-acampar-pavillo4-personas-10845879/p
Ferreteria,Set Hielera Plástica|3 Piezas,1199.00 USD (x1),1499.00 USD (x1),https://www.elmachetazo.com/set-hielera-plastica3-piezas-10890415/p
Ferreteria,Set Hielera Plástica|5 Piezas,6999.00 USD (x1),6999.00 USD (x1),https://www.elmachetazo.com/set-hielera-plastica5-piezas-10786669/p
Ferreteria,Protector Armor All 10oz,699.00 USD (x1),699.00 USD (x1),https://www.elmachetazo.com/protector-armor-all-10oz-10188754/p
Ferreteria,Esmeriladora 4½''|10 Discos de Corte,4995.00 USD (x1),4995.00 USD (x1),https://www.elmachetazo.com/esmeriladora-410-discos-de-corte-10863854/p
Ferreteria,Mini Esmeril 620W+Rotomartillo 600W|Incluye Disco y Broca,6999.00 USD (x1),8999.00 USD (x1),https://www.elmachetazo.com/mini-esmeril-620wrotomartillo-600wincluye-disco-y-broca-10840969/p
Ferreteria,Esmeriladora Angular|4½''|750W,3995.00 USD (x1),3995.00 USD (x1),https://www.elmachetazo.com/esmeriladora-angular4750w-10829296/p
Ferreteria,Taladro 20V Max y Nivel Láser 360°,8999.00 USD (x1),8999.00 USD (x1),https://www.elmachetazo.com/taladro-20v-max-y-nivel-laser-360-10863851/p
Ferreteria,"Mini Esmeriladora Angular 4½""|4 Discos",5495.00 USD (x1),5495.00 USD (x1),https://www.elmachetazo.com/mini-esmeriladora-angular-44-discos-10863848/p
Ferreteria,Pulidora 4½''|650W,3199.00 USD (x1),3199.00 USD (x1),https://www.elmachetazo.com/pulidora-4650w-10863846/p
Ferreteria,Taladro Inalambrico 20V|68 Piezas,12999.00 USD (x1),12999.00 USD (x1),https://www.elmachetazo.com/taladro-inalambrico-20v68-piezas-10863852/p
Ferreteria,"Taladro Percutor ½"" 550W|88 Piezas",4999.00 USD (x1),4999.00 USD (x1),https://www.elmachetazo.com/taladro-percutor--550w88-piezas-10863850/p
Ferreteria,Esmeriladora 4½''|12 Discos,3999.00 USD (x1),4999.00 USD (x1),https://www.elmachetazo.com/esmeriladora-412-discos-10863849/p
Ferreteria,Taladro MAX 12V|Kit Herramientas 60 Piezas| BDCDD12PK,8999.00 USD (x1),8999.00 USD (x1),https://www.elmachetazo.com/taladro-max-12vkit-herramientas-60-piezas-bdcdd12pk-10863845/p
Ferreteria,Cortagrama Eléctrico 350W|GL350-B3,4999.00 USD (x1),4999.00 USD (x1),https://www.elmachetazo.com/cortagrama-electrico-350wgl350-b3-10840970/p
Ferreteria,Cortagrama de Gasolina 26cc|GST26-B3,11999.00 USD (x1),19999.00 USD (x1),https://www.elmachetazo.com/cortagrama-de-gasolina-26ccgst26-b3-10357749/p
Ferreteria,Set de Llaves Mixtas,1999.00 USD (x1),1999.00 USD (x1),https://www.elmachetazo.com/set-de-llaves-mixtas-10421646/p
Ferreteria,Extension Stanley Power Max|3 Piezas,1299.00 USD (x1),1299.00 USD (x1),https://www.elmachetazo.com/extension-stanley-power-max3-piezas-10798846/p
Ferreteria,Luz Nocturna Encendido Automatico,245.00 USD (x1),245.00 USD (x1),https://www.elmachetazo.com/luz-nocturna-encendido-automatico-10798849/p
Ferreteria,Linterna Recargable LED,649.00 USD (x1),649.00 USD (x1),https://www.elmachetazo.com/linterna-recargable-led-10335991/p
Ferreteria,Letrero Señalización Se Alquila de PVC 40cmx25cm,129.00 USD (x1),129.00 USD (x1),https://www.elmachetazo.com/letrero-senalizacion-se-alquila-de-pvc-40cmx25cm-10299391/p
Ferreteria,Letrero Señalización Damas 19x11cm,69.00 USD (x1),69.00 USD (x1),https://www.elmachetazo.com/letrero-senalizacion-damas-19x11cm-10299383/p
Ferreteria,Barbacoa Portátil Fireblue|14'',3299.00 USD (x1),3299.00 USD (x1),https://www.elmachetazo.com/barbacoa-portatil-fireblue14-10830121/p
Ferreteria,"Caja para Herramientas 19""|Apilable|Negro",1099.00 USD (x1),1099.00 USD (x1),https://www.elmachetazo.com/caja-para-herramientas-19apilablenegro-10861810/p
Ferreteria,"Caja para Herramientas 24""|Cierre Metal|Negro",1999.00 USD (x1),1999.00 USD (x1),https://www.elmachetazo.com/caja-para-herramientas-24cierre-metalnegro-10861811/p
Ferreteria,Cobertor Goodyear para Timón,699.00 USD (x1),699.00 USD (x1),https://www.elmachetazo.com/cobertor-goodyear-para-timon-10823979/p
Ferreteria,Cinta Metrica|5M,499.00 USD (x1),499.00 USD (x1),https://www.elmachetazo.com/cinta-metrica5m-10851952/p
Ferreteria,"Llave Ajustable 8""",1099.00 USD (x1),1099.00 USD (x1),https://www.elmachetazo.com/llave-ajustable-8-10800143/p
Ferreteria,"Llave Ajustable 12""",1139.00 USD (x1),1139.00 USD (x1),https://www.elmachetazo.com/llave-ajustable-12-10800142/p
Ferreteria,"Alicate de Corte Diagonal|6""",699.00 USD (x1),699.00 USD (x1),https://www.elmachetazo.com/alicate-de-corte-diagonal6-10800136/p
Ferreteria,"Alicate Punta Curva|7""",470.00 USD (x1),470.00 USD (x1),https://www.elmachetazo.com/alicate-punta-curva7-10800137/p
Ferreteria,Herramientas Manuales Goodyear|6 Piezas,1499.00 USD (x1),1499.00 USD (x1),https://www.elmachetazo.com/herramientas-manuales-goodyear6-piezas-10817403/p
Ferreteria,Herramientas Manuales Goodyear|29 Piezas,2499.00 USD (x1),2499.00 USD (x1),https://www.elmachetazo.com/herramientas-manuales-goodyear29-piezas-10822355/p
Ferreteria,Herramientas Manuales Goodyear|75 Piezas,1799.00 USD (x1),1799.00 USD (x1),https://www.elmachetazo.com/herramientas-manuales-goodyear75-piezas-10817402/p
Ferreteria,Herramientas Manuales Goodyear|22 Piezas,1599.00 USD (x1),1599.00 USD (x1),https://www.elmachetazo.com/herramientas-manuales-goodyear22-piezas-10800140/p
Ferreteria,Martillo Rotativo 36mm|800W,8695.00 USD (x1),8695.00 USD (x1),https://www.elmachetazo.com/martillo-rotativo-36mm800w-10817967/p
Ferreteria,Llave Combinada Goodyear|3 Piezas,449.00 USD (x1),449.00 USD (x1),https://www.elmachetazo.com/llave-combinada-goodyear3-piezas-10800146/p
Ferreteria,Martillo Goodyear Fibra de Vidrio,999.00 USD (x1),999.00 USD (x1),https://www.elmachetazo.com/martillo-goodyear-fibra-de-vidrio-10800144/p
Ferreteria,Herramienta Multiuso|3 Piezas,1999.00 USD (x1),1999.00 USD (x1),https://www.elmachetazo.com/herramienta-multiuso3-piezas-10817399/p
Ferreteria,Pro Látex Blanco|1 gal,2099.00 USD (x1),2099.00 USD (x1),https://www.elmachetazo.com/pro-latex-blanco1-gal-10055173/p
Ferreteria,"Fregador Doble|33""x22""x6""|0.6mm",3999.00 USD (x1),3999.00 USD (x1),https://www.elmachetazo.com/fregador-doble33x22x606mm-10822443/p
Ferreteria,Esquinera de Vidrio,499.00 USD (x1),499.00 USD (x1),https://www.elmachetazo.com/esquinera-de-vidrio-10822311/p
Ferreteria,Grifo Fregador Metal Doble,2599.00 USD (x1),2599.00 USD (x1),https://www.elmachetazo.com/grifo-fregador-metal-doble-10831972/p
Ferreteria,Grifo de Fregador Sencillo,1299.00 USD (x1),1299.00 USD (x1),https://www.elmachetazo.com/grifo-de-fregador-sencillo-10840302/p
Ferreteria,Grifo Sencillo para Lavamano,899.00 USD (x1),899.00 USD (x1),https://www.elmachetazo.com/grifo-sencillo-para-lavamano-10831860/p
Ferreteria,Grifo de Fregador Sencillo Cromado,1299.00 USD (x1),1299.00 USD (x1),https://www.elmachetazo.com/grifo-de-fregador-sencillo-cromado-10840341/p
Ferreteria,Grifo Flexible de Fregador,1699.00 USD (x1),1699.00 USD (x1),https://www.elmachetazo.com/grifo-flexible-de-fregador-10845916/p
Ferreteria,Grifo de Fregador Cuello Largo,799.00 USD (x1),799.00 USD (x1),https://www.elmachetazo.com/grifo-de-fregador-cuello-largo-10831973/p
Ferreteria,Grifo de Lavamano Sencillo,999.00 USD (x1),999.00 USD (x1),https://www.elmachetazo.com/grifo-de-lavamano-sencillo-10831975/p
Ferreteria,"Taladro de Impacto 20V|½""|Inalambrico",9995.00 USD (x1),9995.00 USD (x1),https://www.elmachetazo.com/taladro-de-impacto-20vinalambrico-10836745/p
Ferreteria,Rotomartillo Inalambrico CRHLI1601|20V|,5995.00 USD (x1),5995.00 USD (x1),https://www.elmachetazo.com/rotomartillo-inalambrico-crhli160120v-10836744/p
Ferreteria,Sierra Trozadora de 14''|2350W,12995.00 USD (x1),12995.00 USD (x1),https://www.elmachetazo.com/sierra-trozadora-de-142350w-10836743/p
Ferreteria,Taladro Rotomartillo Industrial SDS Plus|1500W,9995.00 USD (x1),9995.00 USD (x1),https://www.elmachetazo.com/taladro-rotomartillo-industrial-sds-plus1500w-10836742/p
Ferreteria,Lijadora Roto Orbital|20V,4495.00 USD (x1),4495.00 USD (x1),https://www.elmachetazo.com/lijadora-roto-orbital20v-10836740/p
Ferreteria,Aspiradora Inalámbrica Ingco 0.7L|20V,4495.00 USD (x1),4495.00 USD (x1),https://www.elmachetazo.com/aspiradora-inalambrica-ingco-07l-20v-10836427/p
Ferreteria,"Pistola Neumática de Impacto 1/2""",5995.00 USD (x1),5995.00 USD (x1),https://www.elmachetazo.com/pistola-neumatica-de-impacto--12-10836747/p
Ferreteria,Atornillador Inalámbrico de Impacto|20V,10995.00 USD (x1),10995.00 USD (x1),https://www.elmachetazo.com/atornillador-inalambrico--de-impacto20v-10836746/p
Ferreteria,Soldadora Inversor|160A,22499.00 USD (x1),22499.00 USD (x1),https://www.elmachetazo.com/soldadora-inversor160a-10836408/p
Ferreteria,Taladro Rotomartillo Industrial SDS Plus|1050W,7995.00 USD (x1),7995.00 USD (x1),https://www.elmachetazo.com/taladro-rotomartillo-industrial-sds-plus1050w-10836757/p
Ferreteria,Martillo Demoledor Ingco 1700W,18995.00 USD (x1),18995.00 USD (x1),https://www.elmachetazo.com/martillo-demoledor-ingco-1700w-10836761/p
Ferreteria,Taladro Inalámbrico 20V-1.5Ah,6999.00 USD (x1),6999.00 USD (x1),https://www.elmachetazo.com/taladro-inalambrico-20v-15ah-10836388/p
Ferreteria,Corta Setos Ingco para Jardín 40V,8999.00 USD (x1),8999.00 USD (x1),https://www.elmachetazo.com/corta-cesped-ingco-20v-10836385/p
Ferreteria,Cortagrama Inalámbrico Ajustable Ingco 20V,4995.00 USD (x1),4995.00 USD (x1),https://www.elmachetazo.com/cortagrama-ajustable-ingco-10836376/p
Ferreteria,"Disco Diamante 9"" para Amoladora|Set 3 Unidades",1495.00 USD (x1),1495.00 USD (x1),https://www.elmachetazo.com/disco-diamante-9-para-amoladoraset-3-unidades-10836368/p
Ferreteria,Juego de Alicate|Set 3 Piezas,1099.00 USD (x1),1099.00 USD (x1),https://www.elmachetazo.com/juego-de-alicateset-3-piezas-10803458/p
Ferreteria,Destornillador de Precisión|7 Piezas,599.00 USD (x1),599.00 USD (x1),https://www.elmachetazo.com/destornillador-de-precision7-piezas-10836762/p
Ferreteria,"Alicate Articulado Extensión|12""",1399.00 USD (x1),1399.00 USD (x1),https://www.elmachetazo.com/alicate-articulado-extension12-10123310/p
Ferreteria,Sierra de Copa|5 Piezas,1299.00 USD (x1),1299.00 USD (x1),https://www.elmachetazo.com/sierra-de-copa5-piezas-10127130/p
Ferreteria,Destornillador Intercambiable 6 en 1,395.00 USD (x1),395.00 USD (x1),https://www.elmachetazo.com/destornillador-intercambiable-6-en-1-10815981/p
Ferreteria,Colchón Inflable Intex Twin Serie Dura-Beam,999.00 USD (x1),999.00 USD (x1),https://www.elmachetazo.com/colchon-inflable-intex-twin-serie-dura-beam-10723139/p
Ferreteria,Colchón Inflable Intex Twin Dura-Beam Standard,1699.00 USD (x1),1699.00 USD (x1),https://www.elmachetazo.com/colchon-inflable-intex-twin-dura-beam-standard-10843536/p
Ferreteria,Colchón Inflable Twin Deluxe,1699.00 USD (x1),1699.00 USD (x1),https://www.elmachetazo.com/colchon-inflable-twin-deluxe-10768753/p
Ferreteria,"Taladro de Rotación Stanley|⅜"" |550W",2999.00 USD (x1),2999.00 USD (x1),https://www.elmachetazo.com/taladro-de-rotacion-38-550wstdr5510b3-10829301/p
Ferreteria,Lijadora Orbital ¼|240W,3995.00 USD (x1),3995.00 USD (x1),https://www.elmachetazo.com/lijadora-orbital--240w-10829299/p
Ferreteria,Taladro Inalámbrico|8V|BDCD8C,3999.00 USD (x1),3999.00 USD (x1),https://www.elmachetazo.com/taladro-inalambrico8vbdcd8c-10815920/p
Ferreteria,Bombillo Led Empotrable|110V,595.00 USD (x1),595.00 USD (x1),https://www.elmachetazo.com/bombillo-led-empotrable110v-10133701/p
Ferreteria,Regador Plástico para Jardín,229.00 USD (x1),229.00 USD (x1),https://www.elmachetazo.com/regador-plastico-para-jardin-10805828/p
Ferreteria,Manguera de Jardín,2579.00 USD (x1),2579.00 USD (x1),https://www.elmachetazo.com/manguera-de-jardin-10765682/p
Ferreteria,Hielera Plástica con Ruedas,5999.00 USD (x1),5999.00 USD (x1),https://www.elmachetazo.com/hielera-plastica-con-ruedas-10759564/p
Ferreteria,Cobertor Goodyear para Timón de Auto,495.00 USD (x1),495.00 USD (x1),https://www.elmachetazo.com/cobertor-goodyear-para-timon-de-auto-10628082/p
Ferreteria,Destornillador Phillips|150mm,239.00 USD (x1),239.00 USD (x1),https://www.elmachetazo.com/destornillador-phillips150mm-10805209/p
Ferreteria,Cuchilla Snap-Off|9mm,99.00 USD (x1),99.00 USD (x1),https://www.elmachetazo.com/cuchilla-snap-off9mm-10805205/p
Ferreteria,Cuchillo Snap-Off 18mm,275.00 USD (x1),275.00 USD (x1),https://www.elmachetazo.com/cuchillo-snap-off-18mm-10805203/p
Ferreteria,Esmeril Angular 4½,5999.00 USD (x1),5999.00 USD (x1),https://www.elmachetazo.com/esmeril-angular-4-10805201/p
Ferreteria,"Pulidora 5""|600W",9995.00 USD (x1),9995.00 USD (x1),https://www.elmachetazo.com/pulidora-5600w-10805200/p
Ferreteria,"Pulidora 7""|8500 RPM|2200V",11995.00 USD (x1),11995.00 USD (x1),https://www.elmachetazo.com/pulidora-78500-rpm2200v-10805199/p
Ferreteria,"Pulidora Stanley 7""|1300W|3000RPM",13995.00 USD (x1),13995.00 USD (x1),https://www.elmachetazo.com/pulidora-stanley-71300w3000rpm-10805197/p
Ferreteria,Destornillador Inalámbrico|4V,4995.00 USD (x1),4995.00 USD (x1),https://www.elmachetazo.com/destornillador-inalambrico4v-10805195/p
Ferreteria,Taladro Percutor Linterna|20V,16995.00 USD (x1),16995.00 USD (x1),https://www.elmachetazo.com/taladro-percutor-linterna20v-10805194/p
Ferreteria,Alicate|180mm,599.00 USD (x1),599.00 USD (x1),https://www.elmachetazo.com/alicate180mm-10805178/p
Ferreteria,Alicate|160mm,499.00 USD (x1),499.00 USD (x1),https://www.elmachetazo.com/alicate160mm-10805177/p
Ferreteria,Destornillador Ratchet|10 Puntas,499.00 USD (x1),499.00 USD (x1),https://www.elmachetazo.com/destornillador-ratchet10-puntas-10805175/p
Ferreteria,Destornillador|100mm,159.00 USD (x1),159.00 USD (x1),https://www.elmachetazo.com/destornillador100mm-10805173/p
Ferreteria,Destornillador Estrella|PH1 x 100mm,159.00 USD (x1),159.00 USD (x1),https://www.elmachetazo.com/destornillador-estrellaph1-x-100mm-10805171/p
Ferreteria,Martillo Metal Garra Curva Metal,999.00 USD (x1),999.00 USD (x1),https://www.elmachetazo.com/martillo-metal-garra-curva-metal-10805170/p
Ferreteria,Sierra para Metal,1199.00 USD (x1),1199.00 USD (x1),https://www.elmachetazo.com/sierra-para-metal-10805169/p
Ferreteria,"Taladro Percutor Inalambrico|½""|20V",15995.00 USD (x1),15995.00 USD (x1),https://www.elmachetazo.com/taladro-percutor-inalambrico20v-10805193/p
Ferreteria,Taladro Atornillador 3-8 12V,8999.00 USD (x1),9995.00 USD (x1),https://www.elmachetazo.com/taladro-atornillador-3-8-12v-10805192/p
Ferreteria,"Taladro Percutor Inalámbrico|½""|20V",19995.00 USD (x1),19995.00 USD (x1),https://www.elmachetazo.com/taladro-percutor-inalambrico20v-10805191/p
Ferreteria,Multiherramienta Mototool 180W|110 Piezas,5999.00 USD (x1),5999.00 USD (x1),https://www.elmachetazo.com/multiherramienta-mototool-180w110-piezas-10805190/p
Ferreteria,Sierra Caladora|550W,5999.00 USD (x1),5999.00 USD (x1),https://www.elmachetazo.com/sierra-caladora550w-10805189/p
Ferreteria,Sierra Caladora|420W,4999.00 USD (x1),4999.00 USD (x1),https://www.elmachetazo.com/sierra-caladora420w-10805188/p
Ferreteria,"Taladro Percutor ½""|650W",3499.00 USD (x1),3499.00 USD (x1),https://www.elmachetazo.com/taladro-percutor-650w-10805187/p
Ferreteria,Mini Esmeriladora|650W,2999.00 USD (x1),2999.00 USD (x1),https://www.elmachetazo.com/mini-esmeriladora650w-10805185/p
Ferreteria,"Sierra Circular|7 1-4""|Cs1004-B3|1400W",6999.00 USD (x1),6999.00 USD (x1),https://www.elmachetazo.com/sierra-circular-7-14-cs1004b3-1400w-10805184/p
Ferreteria,Aspiradora para Auto Black+Decker|12V|BDCV370-LA,4999.00 USD (x1),4999.00 USD (x1),https://www.elmachetazo.com/aspiradora-para-auto-black-decker-12v-bdcv370-la-10805166/p
Ferreteria,Atornillador Inalámbrico 4V|27 Piezas,3999.00 USD (x1),3999.00 USD (x1),https://www.elmachetazo.com/atornillador-inalambrico-4v27-piezas-10805165/p
Ferreteria,"Dados de Impacto 3/8""|3 Piezas",2995.00 USD (x1),2995.00 USD (x1),https://www.elmachetazo.com/dados-de-impacto-383-piezas-10805164/p
Ferreteria,Sierra Circular 7¼|1500W,7999.00 USD (x1),7999.00 USD (x1),https://www.elmachetazo.com/sierra-circular--71500w-10357765/p
Ferreteria,"Espátula Flexible|Mango Plástico|5""",295.00 USD (x1),295.00 USD (x1),https://www.elmachetazo.com/espatula-flexiblemango-plastico5-10329938/p
Ferreteria,Espátula Básica|3,195.00 USD (x1),195.00 USD (x1),https://www.elmachetazo.com/espatula-basica3-10329933/p
Ferreteria,Espátula Flexible|2 1-2,195.00 USD (x1),195.00 USD (x1),https://www.elmachetazo.com/espatula-flexible2-1-2-10329871/p
Ferreteria,Taladro Percutor|550W,1999.00 USD (x1),2699.00 USD (x1),https://www.elmachetazo.com/taladro-percutor550w-10805215/p
Ferreteria,Lijadora Orbital,3999.00 USD (x1),3999.00 USD (x1),https://www.elmachetazo.com/lijadora-orbital-10805183/p
Ferreteria,Alicate|250mm,799.00 USD (x1),799.00 USD (x1),https://www.elmachetazo.com/alicate250mm-10805182/p
Ferreteria,Alicate|180mm,699.00 USD (x1),699.00 USD (x1),https://www.elmachetazo.com/alicate180mm-10805181/p
Ferreteria,"Alicate Combinación|8""",895.00 USD (x1),895.00 USD (x1),https://www.elmachetazo.com/alicate-combinacion8-10124115/p
Ferreteria,Destornillador Thirfty Stanley|6 Piezas,1299.00 USD (x1),1299.00 USD (x1),https://www.elmachetazo.com/destornillador-thirfty-stanley6-piezas-10123306/p
Ferreteria,"Nivel de Aluminio Stanley|24""",1299.00 USD (x1),1299.00 USD (x1),https://www.elmachetazo.com/nivel-de-aluminio-stanley24-10120829/p
Ferreteria,Destornillador Punta Plana Stanley ¼x6,249.00 USD (x1),249.00 USD (x1),https://www.elmachetazo.com/destornillador-punta-plana-stanley-x6-10805212/p
Ferreteria,"Destornillador Estrella Cushiongrip|¼ x 8""",245.00 USD (x1),245.00 USD (x1),https://www.elmachetazo.com/destornillador-estrella-cushiongrip-x-8-10805211/p
Ferreteria,Sierra Caladora Skil|127V,8995.00 USD (x1),8995.00 USD (x1),https://www.elmachetazo.com/sierra-caladora-skil127v-10803964/p
Ferreteria,Martillo Skil 1859|127V,13999.00 USD (x1),13999.00 USD (x1),https://www.elmachetazo.com/martillo-skil-1859127v-10803960/p
Ferreteria,Pulidora Skil 9071| 127V,12995.00 USD (x1),12995.00 USD (x1),https://www.elmachetazo.com/pulidora-skil-9071-127v-10803956/p
Ferreteria,Taladro Percutor|127V,5599.00 USD (x1),5599.00 USD (x1),https://www.elmachetazo.com/taladro-percutor127v-10803948/p
Ferreteria,Mini Amoladora Angular |127V|670 + 5 Discos,6999.00 USD (x1),6999.00 USD (x1),https://www.elmachetazo.com/mini-amoladora-angular-127v670--5-discos-10803955/p
Ferreteria,Taladro Atornillador de Impacto Bosch|12V,22995.00 USD (x1),22995.00 USD (x1),https://www.elmachetazo.com/taladro-atornillador-de-impacto-bosch12v-10803954/p
Ferreteria,Martillo Perforador Demoledor Bosch|127V,22995.00 USD (x1),22995.00 USD (x1),https://www.elmachetazo.com/martillo-perforador-demoledor-bosch127v-10803952/p
Ferreteria,Taladro Percutor Bosch|550W|14 Piezas,6499.00 USD (x1),6499.00 USD (x1),https://www.elmachetazo.com/taladro-percutor-bosch550w14-piezas-10803951/p
Ferreteria,Pistola de Calor Skil|1200W,3999.00 USD (x1),4999.00 USD (x1),https://www.elmachetazo.com/pistola-de-calor-skil1200w-10803946/p
Ferreteria,Medidor de Distancia Laser 20 Metros Bosch|GLM20,5995.00 USD (x1),5995.00 USD (x1),https://www.elmachetazo.com/medidor-de-distancia-laser-20-metros-boschglm20-10803968/p
Ferreteria,Taladro Atornillador de Impacto Bosch Inalámbrico 18V|GSB 180-LI,19995.00 USD (x1),19995.00 USD (x1),https://www.elmachetazo.com/taladro-atornillador-de-impacto-bosch-inalambrico-18vgsb-180-li-10803967/p
Ferreteria,Taladro Bosch Smart Pro Inalámbrico|GSR 1000,9995.00 USD (x1),9995.00 USD (x1),https://www.elmachetazo.com/taladro-bosch-smart-pro-inalambricogsr-1000-10803966/p
Ferreteria,Pistola de Calor Bosch GHG|1800W,6995.00 USD (x1),6995.00 USD (x1),https://www.elmachetazo.com/pistola-de-calor-bosch-ghg1800w-10803965/p
Ferreteria,Lijadora Orbital Bosch Profesional|GSS140|220V,6995.00 USD (x1),6995.00 USD (x1),https://www.elmachetazo.com/lijadora-orbital-bosch-profesionalgss140220v-10803958/p
Ferreteria,Taladro Atornillador Bosch|12V|Incluye Maletín,9995.00 USD (x1),9995.00 USD (x1),https://www.elmachetazo.com/taladro-atornillador-bosch12vincluye-maletin-10803957/p
Ferreteria,Taladro Atornillador de Impacto|18V,29995.00 USD (x1),29995.00 USD (x1),https://www.elmachetazo.com/taladro-atornillador-de-impacto18v-10803949/p
Ferreteria,Taladro Portable|20V,10995.00 USD (x1),10995.00 USD (x1),https://www.elmachetazo.com/taladro-portable20v-10803406/p
Ferreteria,Cuchilla Utilitaria Retráctil Ingco,499.00 USD (x1),499.00 USD (x1),https://www.elmachetazo.com/cuchilla-utilitaria-retractil-ingco-10803454/p
Ferreteria,Batería Ingco Multiherramientas 20V,3495.00 USD (x1),3495.00 USD (x1),https://www.elmachetazo.com/bateria-ingco-multiherramientas20v-40ah-10803409/p
Ferreteria,Brocas Barrena SDS Plus para Rotomartillo|5 Piezas,499.00 USD (x1),499.00 USD (x1),https://www.elmachetazo.com/brocas-barrena-sds-plus-para-rotomartillo5-piezas-10803462/p
Ferreteria,Cortador Manual de Cerámica|60cm,4499.00 USD (x1),4499.00 USD (x1),https://www.elmachetazo.com/cortador-manual-de-ceramica60cm-10803427/p
Ferreteria,Destornillador|18 Piezas,1999.00 USD (x1),1999.00 USD (x1),https://www.elmachetazo.com/destornillador18-piezas-10803527/p
Ferreteria,Espátula Metálica|10 cm,249.00 USD (x1),249.00 USD (x1),https://www.elmachetazo.com/espatula-metalica10-cm-10803494/p
Ferreteria,Barrena para Concreto|5 Piezas,599.00 USD (x1),599.00 USD (x1),https://www.elmachetazo.com/barrena-para-concreto5-piezas-10803495/p
Ferreteria,Destornillador de Precisión|32 Piezas,795.00 USD (x1),795.00 USD (x1),https://www.elmachetazo.com/destornillador-de-precision32--piezas-10803472/p
Ferreteria,Llave Mini Corta Varillas|200mm,499.00 USD (x1),499.00 USD (x1),https://www.elmachetazo.com/llave-mini-corta-varillas200mm-10803520/p
Ferreteria,Alicate Boca Larga|200mm,495.00 USD (x1),495.00 USD (x1),https://www.elmachetazo.com/alicate-boca-larga200mm-10803555/p
Ferreteria,Alicate Corte Diagonal,395.00 USD (x1),395.00 USD (x1),https://www.elmachetazo.com/alicate-corte-diagonal-10803556/p
Ferreteria,"Amoladora Angular Ingco 4½"" |20V",5995.00 USD (x1),5995.00 USD (x1),https://www.elmachetazo.com/amoladora-angular-ingco-420v-10803456/p
Ferreteria,Soporte Tipo Jack|2 Piezas,2995.00 USD (x1),2995.00 USD (x1),https://www.elmachetazo.com/soporte-tipo-jack2-piezas-10803421/p
Ferreteria,"Disco de 7¼ ""|2 Piezas",695.00 USD (x1),695.00 USD (x1),https://www.elmachetazo.com/disco-de-72-piezas-10803489/p
Ferreteria,Nivel de Burbuja|60cm,295.00 USD (x1),295.00 USD (x1),https://www.elmachetazo.com/nivel-de-burbuja60cm-10803584/p
Ferreteria,Motobomba a Gasolina Ingco 550 Litros,18995.00 USD (x1),18995.00 USD (x1),https://www.elmachetazo.com/motobomba-a-gasolina-ingco-2550-litros-10803420/p
Ferreteria,Disco de Corte para Metal,69.00 USD (x1),69.00 USD (x1),https://www.elmachetazo.com/disco-de-corte-para-metal-10803611/p
Ferreteria,Disco Sensitivo de Corte para Metal,295.00 USD (x1),295.00 USD (x1),https://www.elmachetazo.com/disco-sensitivo-de-corte-para-metal-10803609/p
Ferreteria,Tenaza Rusa|228mm,375.00 USD (x1),375.00 USD (x1),https://www.elmachetazo.com/tenaza-rusa228mm-10803598/p
Ferreteria,Tenaza Rusa Ingco|250mm,599.00 USD (x1),599.00 USD (x1),https://www.elmachetazo.com/tenaza-rusa-ingco250mm-10803554/p
Ferreteria,Taladro Eléctrico|1050W,7995.00 USD (x1),7995.00 USD (x1),https://www.elmachetazo.com/taladro-electrico1050w-10803407/p
Ferreteria,Puntas de Destornillador|55 Piezas,1299.00 USD (x1),1299.00 USD (x1),https://www.elmachetazo.com/puntas-de-destornillador55-piezas-10803511/p
Ferreteria,Pinza Amperimétrica|600V,1495.00 USD (x1),1495.00 USD (x1),https://www.elmachetazo.com/pinza-amperimetrica600v-10803417/p
Ferreteria,Llave Ratchet|12 Piezas,1299.00 USD (x1),1299.00 USD (x1),https://www.elmachetazo.com/llave-ratchet12-piezas-10803529/p
Ferreteria,Pulidora Inalambrica|150mm,8995.00 USD (x1),8995.00 USD (x1),https://www.elmachetazo.com/pulidora-inalambrica150mm-10803439/p
Ferreteria,"Brocha de Pintura|2""",169.00 USD (x1),169.00 USD (x1),https://www.elmachetazo.com/brocha-de-pintura2-10803481/p
Ferreteria,"Brocha de Pintura|4""",295.00 USD (x1),295.00 USD (x1),https://www.elmachetazo.com/brocha-de-pintura4-10803423/p
Ferreteria,Destornillador|26 Piezas,1895.00 USD (x1),1895.00 USD (x1),https://www.elmachetazo.com/destornillador26-piezas-10803457/p
Ferreteria,Soldadora Inversor|160A,14995.00 USD (x1),14995.00 USD (x1),https://www.elmachetazo.com/soldadora-inversor160a-10803441/p
Ferreteria,Cuchilla Ingco|150mm,99.00 USD (x1),99.00 USD (x1),https://www.elmachetazo.com/cuchilla-ingco150mm-10803496/p
Ferreteria,Destornilladores Torx|9 Piezas,395.00 USD (x1),395.00 USD (x1),https://www.elmachetazo.com/destornilladores-torx9-piezas-10803505/p
Ferreteria,Destornillador|2 Piezas,259.00 USD (x1),259.00 USD (x1),https://www.elmachetazo.com/destornillador2-piezas-10803601/p
Ferreteria,Kit Mini Rodillo|Repuesto|12 en 1,595.00 USD (x1),595.00 USD (x1),https://www.elmachetazo.com/kit-mini-rodillorepuesto12-en-1-10803473/p
Ferreteria,"Pulidora Amoladora Angular 4½""|950W",3995.00 USD (x1),3995.00 USD (x1),https://www.elmachetazo.com/pulidora-amoladora-angular-4950w-10803444/p
Ferreteria,Juego Destornilladores|9 Piezas,495.00 USD (x1),495.00 USD (x1),https://www.elmachetazo.com/juego-destornilladores9-piezas-10803509/p
Ferreteria,"Llave Ratchet|½""",999.00 USD (x1),999.00 USD (x1),https://www.elmachetazo.com/llave-ratchet-10803471/p
Ferreteria,Destornillador Punta Intercambiable|24 Piezas,799.00 USD (x1),799.00 USD (x1),https://www.elmachetazo.com/destornillador-punta-intercambiable24-piezas-10803573/p
Ferreteria,"Llana de Albañil|6""",299.00 USD (x1),299.00 USD (x1),https://www.elmachetazo.com/llana-de-albanil6-10803521/p
Ferreteria,Destornillador|8 Piezas,295.00 USD (x1),295.00 USD (x1),https://www.elmachetazo.com/destornillador8-piezas-10803485/p
Ferreteria,Disco Diamante Seco,899.00 USD (x1),899.00 USD (x1),https://www.elmachetazo.com/disco-diamante-seco-10803557/p
Ferreteria,Hidrolavadora Ingco 1400W|UHPWR14008,7495.00 USD (x1),7495.00 USD (x1),https://www.elmachetazo.com/hidro-lavadora-ingco-1400w-10803422/p
Ferreteria,"Brocha con Mango Plástico|2""",149.00 USD (x1),149.00 USD (x1),https://www.elmachetazo.com/brocha-con-mango-plastico2-10803578/p
Ferreteria,"Brocha con Mango Plástico|3""",199.00 USD (x1),199.00 USD (x1),https://www.elmachetazo.com/brocha-con-mango-plastico3-10803502/p
Ferreteria,"Brocha con Mango Plástico|4""",289.00 USD (x1),289.00 USD (x1),https://www.elmachetazo.com/brocha-con-mango-plastico4-10803460/p
Ferreteria,Bomba de Agua Ingco 24 Litros,15995.00 USD (x1),15995.00 USD (x1),https://www.elmachetazo.com/bomba-de-agua-ingco60-lmin-10803419/p
Ferreteria,Bomba de Aire Portable|20V,2995.00 USD (x1),2995.00 USD (x1),https://www.elmachetazo.com/bomba-de-aire-portable20v-10803498/p
Ferreteria,Pistola para Pintar Recargable|20V,3495.00 USD (x1),3495.00 USD (x1),https://www.elmachetazo.com/pistola-para-pintar-recargable20v-10803480/p
Ferreteria,Compresor de Aire Automático|12V,2495.00 USD (x1),2495.00 USD (x1),https://www.elmachetazo.com/compresor-de-aire-automatico12v-10803504/p
Ferreteria,Cargador para Batería de 20V,895.00 USD (x1),895.00 USD (x1),https://www.elmachetazo.com/cargador-para-bateria-de-20v-10803448/p
Ferreteria,Remachadora Stanley|10.5 '',499.00 USD (x1),499.00 USD (x1),https://www.elmachetazo.com/remachadora-stanley105--10803550/p
Ferreteria,Martillo Maquinista Asa de Madera,295.00 USD (x1),295.00 USD (x1),https://www.elmachetazo.com/martillo-maquinista-asa-de-madera-10803566/p
Ferreteria,Mazo de Acero|Asa Madera|1000g,500.00 USD (x1),500.00 USD (x1),https://www.elmachetazo.com/mazo-de-aceroasa-madera1000g-10803517/p
Ferreteria,"Pulidora Portable|20V|4½""",5995.00 USD (x1),5995.00 USD (x1),https://www.elmachetazo.com/pulidora-portable20v4-10803453/p
Ferreteria,Alicate|3 Piezas,695.00 USD (x1),695.00 USD (x1),https://www.elmachetazo.com/alicate3-piezas-10803482/p
Ferreteria,Taladro Inalámbrico|12W,3499.00 USD (x1),3499.00 USD (x1),https://www.elmachetazo.com/taladro-inalambrico12w-10803434/p
Ferreteria,Taladro Inalámbrico|20V,6995.00 USD (x1),6995.00 USD (x1),https://www.elmachetazo.com/taladro-inalambrico20v-10803415/p
Ferreteria,"Amoladora Angular 9""|110-120V|50-60Hz",7995.00 USD (x1),7995.00 USD (x1),https://www.elmachetazo.com/amoladora-angular-9110-120v50-60hz-10803424/p
Ferreteria,Sierra Caladora 110/120V|UJS57028,3495.00 USD (x1),3495.00 USD (x1),https://www.elmachetazo.com/sierra-caladora-110120vujs57028-10803455/p
Ferreteria,"Esmeril Angular Ingco 5""|900W|12000rpm",3495.00 USD (x1),3495.00 USD (x1),https://www.elmachetazo.com/esmeril-angular-ingco-5900w12000rpm-10803431/p
Ferreteria,Aspiradora Inalámbrica Ingco|20L|20V|CVLI2005E,8495.00 USD (x1),8495.00 USD (x1),https://www.elmachetazo.com/aspiradora-inalambrica-ignco20l-20v-10803534/p
Ferreteria,Cerradura Garra de Tigre izquierda,4999.00 USD (x1),4999.00 USD (x1),https://www.elmachetazo.com/cerradura-garra-de-tigre-izquierda-10065422/p
Ferreteria,Clip on Sport Brisa Tropical,779.00 USD (x1),779.00 USD (x1),https://www.elmachetazo.com/clip-on-sport-brisa-tropical-10227127/p
Ferreteria,Aromatizante para Auto Glade Lavanda Marina|7ml,769.00 USD (x1),769.00 USD (x1),https://www.elmachetazo.com/aromatizante-para-auto-glade-lavanda-marina-7ml-10625991/p
Ferreteria,Aromatizante para Auto Glade New Car|7ml,769.00 USD (x1),769.00 USD (x1),https://www.elmachetazo.com/aromatizante-para-auto-glade-new-car-7ml-10540534/p
Ferreteria,Autosport Lavanda Marina|Repuesto,629.00 USD (x1),629.00 USD (x1),https://www.elmachetazo.com/autosport-lavanda-marinarepuesto-10626011/p
Ferreteria,Aromatizante Gel para Auto Glade Odisea Azul|70g,229.00 USD (x1),229.00 USD (x1),https://www.elmachetazo.com/aromatizante-gel-para-auto-glade-odisea-azul-10726463/p
Ferreteria,Glade Mini Gel Lavanda Marina,229.00 USD (x1),229.00 USD (x1),https://www.elmachetazo.com/glade-mini-gel-lavanda-marina-10726464/p
Ferreteria,Disco Clipper|180x22x23mm,1895.00 USD (x1),1895.00 USD (x1),https://www.elmachetazo.com/disco-clipper180x22x23mm-10367710/p
Ferreteria,Unión Plástica|1/2,149.00 USD (x1),149.00 USD (x1),https://www.elmachetazo.com/union-plastica12-10078759/p
Ferreteria,"Pistola de Riego|Metálica|5""",159.00 USD (x1),159.00 USD (x1),https://www.elmachetazo.com/pistola-de-riegometalica5-10193619/p
Ferreteria,Pistola de Riego|Plástica,259.00 USD (x1),259.00 USD (x1),https://www.elmachetazo.com/pistola-de-riegoplastica-10750840/p
Ferreteria,Manguera Flexon|1/2 x 100',3669.00 USD (x1),3669.00 USD (x1),https://www.elmachetazo.com/manguera-flexon12-x-100-10144825/p
Ferreteria,Manguera Reforzada Pretul ½,1495.00 USD (x1),1495.00 USD (x1),https://www.elmachetazo.com/manguera-reforzada-pretul-½-pulgadas-10144824-machetazo/p
Ferreteria,Pegamento Super Glue|3g,39.00 USD (x1),39.00 USD (x1),https://www.elmachetazo.com/pegamento-super-glue3g-10743349/p
Ferreteria,Tapagoteras Autoadhesivo Alumband |20cm x 5M,1319.00 USD (x1),1319.00 USD (x1),https://www.elmachetazo.com/tapagoteras-autoadhesivo--alumband-20cm-x-5m-10177623/p
Ferreteria,Bomba de Agua|BK999,6999.00 USD (x1),6999.00 USD (x1),https://www.elmachetazo.com/bomba-de-aguabk999-10747074/p
Ferreteria,Bomba de Agua de 3.4|BK888,5999.00 USD (x1),5999.00 USD (x1),https://www.elmachetazo.com/bomba-de-agua-de-34bk888-10747073/p
Ferreteria,Extension Eléctrica|15 pies,299.00 USD (x1),299.00 USD (x1),https://www.elmachetazo.com/extension-electrica15-pies-10750183/p
Ferreteria,Extensión Eléctrica|12 pies,249.00 USD (x1),249.00 USD (x1),https://www.elmachetazo.com/extension-electrica12-pies-10750182/p
Ferreteria,Codo Liso de 1¼x90,129.00 USD (x1),129.00 USD (x1),https://www.elmachetazo.com/codo-liso-de-1x90-10797235/p
Ferreteria,Codo Liso 1½ x 45,149.00 USD (x1),149.00 USD (x1),https://www.elmachetazo.com/codo-liso-1-x-45-10797241/p
Ferreteria,Codo Liso 1½ x 90,69.00 USD (x1),69.00 USD (x1),https://www.elmachetazo.com/codo-liso-1-x-90-10797180/p
Ferreteria,"Adaptador Macho de 2"" PVC",109.00 USD (x1),109.00 USD (x1),https://www.elmachetazo.com/adaptador-macho-de-2-pvc-10797250/p
Ferreteria,"Adaptador Macho de 1½"" PVC",99.00 USD (x1),99.00 USD (x1),https://www.elmachetazo.com/adaptador-macho-de-1-pvc-10797237/p
Ferreteria,"Adaptador Hembra de 2"" PVC",139.00 USD (x1),139.00 USD (x1),https://www.elmachetazo.com/adaptador-hembra-de-2-pvc-10797249/p
Ferreteria,"Adaptador Hembra de 1"" PVC",67.00 USD (x1),67.00 USD (x1),https://www.elmachetazo.com/adaptador-hembra-de-1-pvc-10797222/p
Ferreteria,"Adaptador Hembra de 1¼"" PVC",75.00 USD (x1),75.00 USD (x1),https://www.elmachetazo.com/adaptador-hembra-de-1-pvc-10797229/p
Ferreteria,Adaptador Macho de 3/4 PVC,29.00 USD (x1),29.00 USD (x1),https://www.elmachetazo.com/adaptador-macho-de-34-pvc-10797211/p
Ferreteria,Adaptador Hembra de 3/4 PVC,39.00 USD (x1),39.00 USD (x1),https://www.elmachetazo.com/adaptador-hembra-de-34-pvc-10797210/p
Ferreteria,Adaptador Hembra ½ PVC,29.00 USD (x1),29.00 USD (x1),https://www.elmachetazo.com/adaptador-hembra--pvc-10797199/p
Ferreteria,Korky Flapper Color Rojo,399.00 USD (x1),399.00 USD (x1),https://www.elmachetazo.com/korky-flapper-color-rojo-10169946/p
Ferreteria,Accesorios Coflex para Inodoro,899.00 USD (x1),899.00 USD (x1),https://www.elmachetazo.com/tanque-de-inodoro-coflex-10750441/p
Ferreteria,Mota para Rodillo Antigotas|10mm,349.00 USD (x1),349.00 USD (x1),https://www.elmachetazo.com/mota-para-rodillo-antigotas10mm-10750440/p
Ferreteria,"Mota para Rodillo con Mango|2""",139.00 USD (x1),139.00 USD (x1),https://www.elmachetazo.com/mota-para-rodillo-con-mango2-10074211/p
Ferreteria,Grifo de Fregador Cuello de Metal,2799.00 USD (x1),2799.00 USD (x1),https://www.elmachetazo.com/grifo-de-fregador-cuello-de-metal-10750460/p
Ferreteria,Manija de Ducha Caliente,329.00 USD (x1),329.00 USD (x1),https://www.elmachetazo.com/manija-de-ducha-caliente-10183296/p
Ferreteria,Korky Rojo para Tanque de Inodoro,249.00 USD (x1),249.00 USD (x1),https://www.elmachetazo.com/korky-rojo-para-tanque-de-inodoro-10752877/p
Ferreteria,Grifo de Fregador Metal,2549.00 USD (x1),2549.00 USD (x1),https://www.elmachetazo.com/grifo-de-fregador-metal-10750459/p
Ferreteria,Kit de Pintura y Extensión,1049.00 USD (x1),1049.00 USD (x1),https://www.elmachetazo.com/kit-de-pintura-y-extension-10416188/p
Ferreteria,"Brocha Simple|Cerdas Sintética Blanca|3""",329.00 USD (x1),329.00 USD (x1),https://www.elmachetazo.com/brocha-simplecerdas-sintetica-blanca3-10416175/p
Ferreteria,"Brocha Simple|Cerdas Sintética Blanca|1""",139.00 USD (x1),139.00 USD (x1),https://www.elmachetazo.com/brocha-simplecerdas-sintetica-blanca1-10416170/p
Ferreteria,"Brocha Simple|Cerdas Sintética Blanca|2.5""",299.00 USD (x1),299.00 USD (x1),https://www.elmachetazo.com/brocha-simplecerdas-sintetica-blanca25-10416173/p
Ferreteria,"Brocha con Mango Azul|4""",879.00 USD (x1),879.00 USD (x1),https://www.elmachetazo.com/brocha-con-mango-azul4-10072597/p
Ferreteria,"Brocha con Mango Azul|3""",529.00 USD (x1),529.00 USD (x1),https://www.elmachetazo.com/brocha-con-mango-azul3-10072596/p
Ferreteria,"Brocha con Mango Azul|2.5""",399.00 USD (x1),399.00 USD (x1),https://www.elmachetazo.com/brocha-con-mango-azul25-10072595/p
Ferreteria,"Brocha con Mango Azul|0.5""",89.00 USD (x1),89.00 USD (x1),https://www.elmachetazo.com/brocha-con-mango-azul05-10072591/p
Ferreteria,"Brocha con Mango Azul|1""",159.00 USD (x1),159.00 USD (x1),https://www.elmachetazo.com/brocha-con-mango-azul1-10072592/p
Ferreteria,"Brocha con Mango Plástico|2.5""",129.00 USD (x1),129.00 USD (x1),https://www.elmachetazo.com/brocha-con-mango-plastico25-10167077/p
Ferreteria,Bandeja Grande para Pintura,249.00 USD (x1),249.00 USD (x1),https://www.elmachetazo.com/bandeja-grande-para-pintura-10716503/p
Ferreteria,Dura Látex Lila|1 gal,1199.00 USD (x1),1199.00 USD (x1),https://www.elmachetazo.com/dura-latex-lila1-gal-10131798/p
Ferreteria,Dura Látex Verde Grama|1 gal,1199.00 USD (x1),1199.00 USD (x1),https://www.elmachetazo.com/dura-latex-verde-grama1-gal-10131804/p
Ferreteria,Bombillo Led|8w|Luz Blanca,149.00 USD (x1),149.00 USD (x1),https://www.elmachetazo.com/bombillo-led8wluz-blanca-10792529/p
Ferreteria,Dura Látex Blanco Hueso|1 gal,1199.00 USD (x1),1199.00 USD (x1),https://www.elmachetazo.com/dura-latex-blanco-hueso1-gal-10069391/p
Ferreteria,Dura Látex Naranja Medio|1 gal,1199.00 USD (x1),1199.00 USD (x1),https://www.elmachetazo.com/dura-latex-naranja-medio1-gal-10131802/p
Ferreteria,Pintura Corona Dura Látex Mostaza|1 Galón,1199.00 USD (x1),1199.00 USD (x1),https://www.elmachetazo.com/dura-latex-amarillo-mostaza1-gal-10131036/p
Ferreteria,Dura Látex Geranio|1 gal,1199.00 USD (x1),1199.00 USD (x1),https://www.elmachetazo.com/dura-latex-geranio1-gal-10070195/p
Ferreteria,Dura Látex Melocotón|1 gal,1199.00 USD (x1),1199.00 USD (x1),https://www.elmachetazo.com/dura-latex-melocoton1-gal-10219187/p
Ferreteria,Dura Látex Blanco|1 gal,1199.00 USD (x1),1199.00 USD (x1),https://www.elmachetazo.com/dura-latex-blanco1-gal-10069390/p
Ferreteria,Dura Látex Azul Medio|1 gal,1199.00 USD (x1),1199.00 USD (x1),https://www.elmachetazo.com/dura-latex-azul-medio1-gal-10131800/p
Ferreteria,"Espátula de Acero|3""",199.00 USD (x1),199.00 USD (x1),https://www.elmachetazo.com/espatula-de-acero3-10062196/p
Ferreteria,Pasta para Gypsum,729.00 USD (x1),729.00 USD (x1),https://www.elmachetazo.com/pasta-para-gypsum-10158868/p
Ferreteria,Ico Esmalte Blanco|1 gal,2699.00 USD (x1),2699.00 USD (x1),https://www.elmachetazo.com/ico-esmalte-blanco1-gal-10638449/p
Ferreteria,Ico Esmalte Blanco Hueso|1 gal,2699.00 USD (x1),2699.00 USD (x1),https://www.elmachetazo.com/ico-esmalte-blanco-hueso1-gal-10638450/p
Ferreteria,Ico Esmalte Marfil|1 gal,2699.00 USD (x1),2699.00 USD (x1),https://www.elmachetazo.com/ico-esmalte-marfil1-gal-10638460/p
Ferreteria,Ico Látex Mate Negro|1 gal,2699.00 USD (x1),2699.00 USD (x1),https://www.elmachetazo.com/ico-latex-mate-negro1-gal-10638465/p
Ferreteria,Ico Látex Mate Amarillo Vivo|1 gal,1199.00 USD (x1),1199.00 USD (x1),https://www.elmachetazo.com/ico-latex-mate-amarillo-vivo1-gal-10638403/p
Ferreteria,Ico Látex Mate Azul|1 gal,1199.00 USD (x1),1199.00 USD (x1),https://www.elmachetazo.com/ico-latex-mate-azul1-gal-10638401/p
Ferreteria,Ico Látex Mate Blanco Antiguo|1 gal,1199.00 USD (x1),1199.00 USD (x1),https://www.elmachetazo.com/ico-latex-mate-blanco-antiguo1-gal-10638398/p
Ferreteria,Ico Látex Mate Blanco Hueso|1 gal,1199.00 USD (x1),1199.00 USD (x1),https://www.elmachetazo.com/ico-latex-mate-blanco-hueso1-gal-10638397/p
Ferreteria,Ico Látex Mate Fucsia|1 gal,1199.00 USD (x1),1199.00 USD (x1),https://www.elmachetazo.com/ico-latex-mate-fucsia1-gal-10638405/p
Ferreteria,Ico Látex Mate Geranio|1 gal,1199.00 USD (x1),1199.00 USD (x1),https://www.elmachetazo.com/ico-latex-mate-geranio1-gal-10638404/p
Ferreteria,Ico Látex Mate Rojo Teja|1 gal,1199.00 USD (x1),1199.00 USD (x1),https://www.elmachetazo.com/ico-latex-mate-rojo-teja1-gal-10638407/p
Ferreteria,Ico Látex Mate Salmon|1 gal,1199.00 USD (x1),1199.00 USD (x1),https://www.elmachetazo.com/ico-latex-mate-salmon1-gal-10638409/p
Ferreteria,Ico Látex Mate Turquesa|1 gal,1199.00 USD (x1),1199.00 USD (x1),https://www.elmachetazo.com/ico-latex-mate-turquesa1-gal-10638396/p
Ferreteria,"Brocha|2""",69.00 USD (x1),69.00 USD (x1),https://www.elmachetazo.com/brocha2-10791103/p
Ferreteria,Anticorrosiva Pintulux Gris|1 gal,2499.00 USD (x1),2499.00 USD (x1),https://www.elmachetazo.com/anticorrosiva-pintulux-gris1-gal-10638475/p
Ferreteria,Lámpara Antimosquitos,798.00 USD (x1),1698.00 USD (x1),https://www.elmachetazo.com/lampara-antimosquitos-10768678/p
Ferreteria,Manguera para Jardín|5/8x25',3799.00 USD (x1),3799.00 USD (x1),https://www.elmachetazo.com/manguera-para-jardin58x25-10765683/p
Ferreteria,Cera de Pulir en Aerosol|450ml,395.00 USD (x1),395.00 USD (x1),https://www.elmachetazo.com/cera-de-pulir-en-aerosol450ml-10742677/p
Ferreteria,"Hamaca de Tela|320""x150""",1299.00 USD (x1),1999.00 USD (x1),https://www.elmachetazo.com/hamaca-10767689/p
Ferreteria,Taladro Inalambrico|12 V,4595.00 USD (x1),4595.00 USD (x1),https://www.elmachetazo.com/taladro-inalambrico12-v-10742583/p
Ferreteria,Llave Plegable Goodyear,1179.00 USD (x1),1179.00 USD (x1),https://www.elmachetazo.com/llave-plegable-goodyear-10722255/p
Ferreteria,Set de Limpieza para Auto 6 Piezas,899.00 USD (x1),899.00 USD (x1),https://www.elmachetazo.com/set-de-limpieza-para-auto-6-piezas-10767887/p
Ferreteria,Goodyear Aditivo para Radiadores 1 Galón,599.00 USD (x1),599.00 USD (x1),https://www.elmachetazo.com/goodyear-aditivo-para-radiadores-1-galon-10763101/p
Ferreteria,Compresor de Aire Goodyear 16mm,1499.00 USD (x1),1499.00 USD (x1),https://www.elmachetazo.com/compresor-de-aire-goodyear-16mm-10503590/p
Ferreteria,Bombillo Luz Fría|8-60W,229.00 USD (x1),229.00 USD (x1),https://www.elmachetazo.com/bombillo-luz-fria8-60w-10733202/p
Ferreteria,Pistola de Calor,2999.00 USD (x1),2999.00 USD (x1),https://www.elmachetazo.com/pistola-de-calor-10785936/p
Ferreteria,Cojin Decorativo para Asiento de Auto,1499.00 USD (x1),1499.00 USD (x1),https://www.elmachetazo.com/cojin-decorativo-para-asiento-de-auto-10193359/p
Ferreteria,Almohadilla para Cinturón,699.00 USD (x1),699.00 USD (x1),https://www.elmachetazo.com/almohadilla-para-cinturon-10785878/p
Ferreteria,Limpiador de Parabrisas Goodyear,299.00 USD (x1),299.00 USD (x1),https://www.elmachetazo.com/limpiador-de-parabrisas-goodyear-10763104/p
Ferreteria,Limpiador de Parabrisas Goodyear|1 Galón,499.00 USD (x1),499.00 USD (x1),https://www.elmachetazo.com/limpiador-de-parabrisas-goodyear1-galon-10763103/p
Ferreteria,Taladro Eléctrico de Impacto|600W,4399.00 USD (x1),4399.00 USD (x1),https://www.elmachetazo.com/taladro-electrico-de-impacto600w-10783878/p
Ferreteria,Taladro Goodyear 3.6v|46 Piezas,2999.00 USD (x1),2999.00 USD (x1),https://www.elmachetazo.com/taladro-goodyear-36v46-piezas-10783868/p
Ferreteria,Cera para Lavado|500 ml,299.00 USD (x1),299.00 USD (x1),https://www.elmachetazo.com/cera-para-lavado500-ml-10742651/p
Ferreteria,Car Wash Jabón Concentrado para Lavado de Autos,589.00 USD (x1),589.00 USD (x1),https://www.elmachetazo.com/car-wash-jabon-concentrado-para-lavado-de-autos-10075148/p
Ferreteria,Tierra Negra en Bolsa,169.00 USD (x1),169.00 USD (x1),https://www.elmachetazo.com/tierra-negra-en-bolsa-10166187/p
Ferreteria,Carbón para Barbacoa 5Lbs,325.00 USD (x1),325.00 USD (x1),https://www.elmachetazo.com/carbon-para-barbacoa-5lbs-10548371/p
Ferreteria,Carbón para Barbacoa 3Lbs,225.00 USD (x1),225.00 USD (x1),https://www.elmachetazo.com/carbon-para-barbacoa-3lbs-10235007/p
Ferreteria,Bolso Organizador Goodyear para Auto,1699.00 USD (x1),1699.00 USD (x1),https://www.elmachetazo.com/bolso-organizador-goodyear-para-auto-10742606/p
Ferreteria,Lubricante de Cadena Goodyear 450ml,399.00 USD (x1),399.00 USD (x1),https://www.elmachetazo.com/lubricante-de-cadena-goodyear-450ml-10742675/p
Ferreteria,Líquido de Power Steering 354ml,529.00 USD (x1),529.00 USD (x1),https://www.elmachetazo.com/liquido-de-power-steering-354ml-10742660/p
Ferreteria,Triángulo de Seguridad Goodyear,695.00 USD (x1),695.00 USD (x1),https://www.elmachetazo.com/triangulo-de-seguridad-goodyear-10722246/p
Ferreteria,Chamois Gamuza Sintética,299.00 USD (x1),299.00 USD (x1),https://www.elmachetazo.com/chamois-gamuza-sintetica-10584007/p
Ferreteria,Limpiador Goodyear para Sistema Diesel,229.00 USD (x1),229.00 USD (x1),https://www.elmachetazo.com/limpiador-goodyear-para-sistema-diesel-10742666/p
Ferreteria,Limpia Parabrisas de 22 pulgadas,599.00 USD (x1),599.00 USD (x1),https://www.elmachetazo.com/limpia-parabrisas-de-22-pulgadas-10553051/p
Ferreteria,Set Cooler Rojo|3 Piezas,1999.00 USD (x1),1999.00 USD (x1),https://www.elmachetazo.com/set-cooler-rojo3-piezas-10721623/p
Ferreteria,Correa de Goma|2 Piezas,345.00 USD (x1),345.00 USD (x1),https://www.elmachetazo.com/correa-de-goma2-piezas-10637994/p
Ferreteria,Cobertor para Timón de Auto,699.00 USD (x1),699.00 USD (x1),https://www.elmachetazo.com/cobertor-para-timon-de-auto-10742597/p
Ferreteria,Bolso Goodyear para Herramientas,1099.00 USD (x1),1099.00 USD (x1),https://www.elmachetazo.com/bolso-goodyear-para-herramientas-10742605/p
Ferreteria,Bolso Organizador Goodyear para Auto,999.00 USD (x1),999.00 USD (x1),https://www.elmachetazo.com/bolso-organizador-goodyear-para-auto-10742604/p
Jugueteria,Carrito de Compras,1999.00 USD (x1),1999.00 USD (x1),https://www.elmachetazo.com/carrito-de-compras-10805922/p
Jugueteria,Vehículo Montable Lamborghini RideOn |24V |Rojo,12999.00 USD (x1),16499.00 USD (x1),https://www.elmachetazo.com/coche-montable-lamborghini-rideon-24v-rojo-10994342/p
Jugueteria,Vehiculo Montable Nascar Champion Racer 6V,19999.00 USD (x1),19999.00 USD (x1),https://www.elmachetazo.com/vehiculo-montable-nascar-champion-racer-6v-10997263/p
Jugueteria,Vehículo Montable Eléctrico Patrullero 12V,14999.00 USD (x1),16999.00 USD (x1),https://www.elmachetazo.com/vehiculo-montable-electrico-patrullero-12v-10998343/p
Jugueteria,Vehículo Montable PickUp Ram Police,19999.00 USD (x1),23999.00 USD (x1),https://www.elmachetazo.com/vehiculo-montable-pickup-ram-police-11010106/p
Jugueteria,Vehiculo Montable Eléctrico PickUp UTV 12 V,24999.00 USD (x1),27999.00 USD (x1),https://www.elmachetazo.com/vehiculo-montable-electrico-pickup-utv-12-v-11011300/p
Jugueteria,Vehículo Montable Eléctrico Racing Skid Fusion,9999.00 USD (x1),14999.00 USD (x1),https://www.elmachetazo.com/skid-fusion-10994350/p
Jugueteria,Baby Alive Katie Kat Sweet Snacks,2499.00 USD (x1),2499.00 USD (x1),https://www.elmachetazo.com/baby-alive-katie-kat-sweet-snacks-11003839/p
Jugueteria,Baby Alive Sophia Sparkle Tea Party,3499.00 USD (x1),3499.00 USD (x1),https://www.elmachetazo.com/baby-alive-sophia-sparkle-tea-party-11003812/p
Jugueteria,Tobogán Infantil Dolu Big Splash,2999.00 USD (x1),2999.00 USD (x1),https://www.elmachetazo.com/tobogan-infantil-dolu-big-splash-10992674/p
Jugueteria,Muñeca Baby Alive Harper Sweet Snacks,2499.00 USD (x1),2499.00 USD (x1),https://www.elmachetazo.com/muneca-baby-alive-harper-sweet-snacks-11003838/p
Jugueteria,Tobogán Infantil Dolu Big Splash,2999.00 USD (x1),2999.00 USD (x1),https://www.elmachetazo.com/tobogan-infantil-dolu-big-splash-10950395/p
Jugueteria,Mesita Dolu de Actividades Acuáticas,2499.00 USD (x1),2499.00 USD (x1),https://www.elmachetazo.com/mesita-dolu-de-actividades-acuaticas-10992675/p
Jugueteria,Operando,2999.00 USD (x1),2999.00 USD (x1),https://www.elmachetazo.com/operando-11003826/p
Jugueteria,Risk,3999.00 USD (x1),4899.00 USD (x1),https://www.elmachetazo.com/risk-10613035/p
Jugueteria,Dolu Ride-On Steering Bike |Rojo,1099.00 USD (x1),1099.00 USD (x1),https://www.elmachetazo.com/dolu-ride-on-steering-bike-rojo-11002692/p
Jugueteria,Stitch Bop It!,1999.00 USD (x1),1999.00 USD (x1),https://www.elmachetazo.com/stitch-bop-it-11003813/p
Jugueteria,Life,2999.00 USD (x1),2999.00 USD (x1),https://www.elmachetazo.com/life-11003437/p
Jugueteria,Monopoly Dados y Tragos,2499.00 USD (x1),2499.00 USD (x1),https://www.elmachetazo.com/monopoly-dados-y-tragos-11003846/p
Jugueteria,Casita Dolu Playhouse con Pizarrón,9999.00 USD (x1),14999.00 USD (x1),https://www.elmachetazo.com/casita-dolu-playhouse-con-pizarron-10950396/p
Jugueteria,Monopoly Stitch,3499.00 USD (x1),3499.00 USD (x1),https://www.elmachetazo.com/monopoly-stitch-11003435/p
Jugueteria,Monopoly GO!,2499.00 USD (x1),2499.00 USD (x1),https://www.elmachetazo.com/monopoly-go-11003834/p
Jugueteria,Peluche de Labubu |Surtido,2699.00 USD (x1),2699.00 USD (x1),https://www.elmachetazo.com/peluche-de-labubusurtido-11013314/p
Jugueteria,Tractor de Juguete CAT Bruder,2699.00 USD (x1),2699.00 USD (x1),https://www.elmachetazo.com/tractor-cat-de-juguete-bruder-10977254/p
Jugueteria,Monster High Draculaura Rockin Truck,9999.00 USD (x1),9999.00 USD (x1),https://www.elmachetazo.com/monster-high-draculaura-rockin-truck-10969162/p
Jugueteria,Whisper Ride Cruiser Step2 |Azul,6999.00 USD (x1),10999.00 USD (x1),https://www.elmachetazo.com/whisper-ride-cruiser-step2-azul-10619321/p
Jugueteria,Tractor Dolu con Pedales,4999.00 USD (x1),5999.00 USD (x1),https://www.elmachetazo.com/tractor-dolu-con-pedales-10518221/p
Jugueteria,Motocicleta Armable Pull Back 183 Piezas,1499.00 USD (x1),1499.00 USD (x1),https://www.elmachetazo.com/motocicleta-armable-183-piezas-11013421/p
Jugueteria,Carrito Pull Back Armable 177 Piezas,1499.00 USD (x1),1499.00 USD (x1),https://www.elmachetazo.com/carrito-pull-back-armable-177-piezas-11001215/p
Jugueteria,Carrito Armable Pull Back Todoterreno 199 Piezas,1499.00 USD (x1),1499.00 USD (x1),https://www.elmachetazo.com/carrito-armable-pull-back-todoterreno-199-piezas-11001216/p
Jugueteria,Llavero de Capibara,199.00 USD (x1),199.00 USD (x1),https://www.elmachetazo.com/llavero-de-capibara-11013313/p
Jugueteria,Mochila peluche Labubu|Surtido,799.00 USD (x1),799.00 USD (x1),https://www.elmachetazo.com/mochila-peluche-labubusurtido-11013304/p
Jugueteria,Llavero Labubu Sorpresa|Surtido,799.00 USD (x1),799.00 USD (x1),https://www.elmachetazo.com/llavero-labubu-sorpresasurtido-11013305/p
Jugueteria,Llavero Labubu Edición Coca-Cola|Surtido,999.00 USD (x1),999.00 USD (x1),https://www.elmachetazo.com/llavero-labubu-edicion-coca-colasurtido-11013308/p
Jugueteria,Mochila de Labubu|Surtido,999.00 USD (x1),999.00 USD (x1),https://www.elmachetazo.com/mochila-de-labubusurtido-11013315/p
Jugueteria,Llavero Labubu Edición Especial|Surtido,799.00 USD (x1),799.00 USD (x1),https://www.elmachetazo.com/llavero-labubu-edicion-especialsurtido-11013319/p
Jugueteria,Juguete Llavero Labubu|Surtido,199.00 USD (x1),199.00 USD (x1),https://www.elmachetazo.com/juguete-llavero-labubusurtido-11013320/p
Jugueteria,Llavero Carita Labubu,499.00 USD (x1),499.00 USD (x1),https://www.elmachetazo.com/llavero-carita-labubu-11013327/p
Jugueteria,Filtro para Piscina Poliesferas Flowclear Bestway,1499.00 USD (x1),1499.00 USD (x1),https://www.elmachetazo.com/filtro-para-piscina-poliesferas-flowclear-bestway-10911439/p
Jugueteria,Liga de Supermascotas Fisher Price|Krypto con Sonido,1999.00 USD (x1),7499.00 USD (x1),https://www.elmachetazo.com/liga-de-supermascotas-fisher-pricekrypto-con-sonido-10864004/p
Jugueteria,Liga de Supermascotas Fisher Price|Krypto con Sonido,1299.00 USD (x1),3499.00 USD (x1),https://www.elmachetazo.com/liga-de-supermascotas-fisher-pricekrypto-con-sonido-10882161/p
Jugueteria,Figuras de Accion de DC|6 Piezas,1499.00 USD (x1),1499.00 USD (x1),https://www.elmachetazo.com/figuras-de-accion-de-dc6-piezas-10911653/p
Jugueteria,Figuras de Accion de DC|3 Piezas,1499.00 USD (x1),1499.00 USD (x1),https://www.elmachetazo.com/figuras-de-accion-de-dc3-piezas-10911659/p
Jugueteria,Figuras de Accion de DC|4 Piezas,1699.00 USD (x1),1699.00 USD (x1),https://www.elmachetazo.com/figuras-de-accion-de-dc4-piezas-10962953/p
Jugueteria,Figura de Looney Tunes|Bugs Bunny,2499.00 USD (x1),2499.00 USD (x1),https://www.elmachetazo.com/figura-de-looney-tunesbugs-bunny-10962962/p
Jugueteria,Cascada Led Multicolor,9999.00 USD (x1),9999.00 USD (x1),https://www.elmachetazo.com/cascada-led-multicolor-10855005/p
Jugueteria,Alfombra Calentadora de Agua para Piscina,3299.00 USD (x1),3299.00 USD (x1),https://www.elmachetazo.com/alfombra-calentadora-de-agua-para-piscina-10892869/p
Jugueteria,Bomba de Filtro para Piscina,4499.00 USD (x1),4499.00 USD (x1),https://www.elmachetazo.com/bomba-de-filtro-para-piscina-10792008/p
Jugueteria,Bomba de Aire Electrica,899.00 USD (x1),899.00 USD (x1),https://www.elmachetazo.com/bomba-de-aire-electrica-10792066/p
Jugueteria,Bomba de Aire Recargable,3299.00 USD (x1),3299.00 USD (x1),https://www.elmachetazo.com/bomba-de-aire-recargable-10955672/p
Jugueteria,Scooter de Aluminio de Stich|2 Ruedas,2999.00 USD (x1),2999.00 USD (x1),https://www.elmachetazo.com/scooter-de-aluminio-de-stich2-ruedas-10975169/p
Jugueteria,Set de Carro de Lilo y Stich,699.00 USD (x1),699.00 USD (x1),https://www.elmachetazo.com/set-de-carro-de-lilo-y-stich-10975211/p
Jugueteria,Scooter con Peluche de Stich|3 Ruedas,3999.00 USD (x1),3999.00 USD (x1),https://www.elmachetazo.com/scooter-3d-de-stich3-ruedas-10967148/p
Jugueteria,Scooter de Stich|3 Ruedas,2999.00 USD (x1),2999.00 USD (x1),https://www.elmachetazo.com/scooter-de-stich3-ruedas-10975166/p
Jugueteria,Almohada de Viaje Stitch,799.00 USD (x1),799.00 USD (x1),https://www.elmachetazo.com/peluche-de-stich-10991676/p
Jugueteria,Mochila de Stitch,1699.00 USD (x1),1699.00 USD (x1),https://www.elmachetazo.com/mochila-de-stitch-10991681/p
Jugueteria,Deslizador Stitch Racer Board,2299.00 USD (x1),2299.00 USD (x1),https://www.elmachetazo.com/deslizador-stitch-racer-board-10969298/p
Jugueteria,Figura de Colección Looney Tunes|Marvin,299.00 USD (x1),299.00 USD (x1),https://www.elmachetazo.com/figura-de-coleccionmarvin-10962959/p
Jugueteria,Figura de Colección Looney Tunes|Lola Bunny,299.00 USD (x1),299.00 USD (x1),https://www.elmachetazo.com/figura-de-coleccionlolabunny-10962957/p
Jugueteria,Figura de Colección Looney Tunes|Sylvester,299.00 USD (x1),299.00 USD (x1),https://www.elmachetazo.com/figura-de-coleccionsylvester-10962958/p
Jugueteria,Figura De Colección Looney Tunes|Tweety,299.00 USD (x1),299.00 USD (x1),https://www.elmachetazo.com/figura-de-colecciontweety-10962956/p
Jugueteria,Figura de Colección Looney Tunes|Taz,299.00 USD (x1),299.00 USD (x1),https://www.elmachetazo.com/figura-de-colecciontaz-10962955/p
Jugueteria,Figura De Colección|Bugs Bunny,299.00 USD (x1),299.00 USD (x1),https://www.elmachetazo.com/figura-de-coleccionbugs-bunny-10962954/p
Jugueteria,Figura De Colección|Stitch|Surtido,299.00 USD (x1),299.00 USD (x1),https://www.elmachetazo.com/figura-de-coleccionstitchsurtido-10962939/p
Jugueteria,Figura de Colección DC Comics|Flash,299.00 USD (x1),299.00 USD (x1),https://www.elmachetazo.com/figura-de-coleccionflash-10911649/p
Jugueteria,Figura de Colección DC Comics|Superman|Mini,299.00 USD (x1),299.00 USD (x1),https://www.elmachetazo.com/figura-de-coleccionsuperman-10911648/p
Jugueteria,Figura de Colección DC Comics|Joker|Mini,299.00 USD (x1),299.00 USD (x1),https://www.elmachetazo.com/figura-de-coleccionjoker-10911651/p
Jugueteria,Figura de Colección DC Comics|Wonder Woman,499.00 USD (x1),499.00 USD (x1),https://www.elmachetazo.com/figura-de-coleccionwonder-women-10911657/p
Jugueteria,Figura de Colección Harry Potter|Ron Weasly,599.00 USD (x1),599.00 USD (x1),https://www.elmachetazo.com/figura-de-coleccionron-weasly7-10962970/p
Jugueteria,Figura de Colección Harry Potter|Hermione,599.00 USD (x1),599.00 USD (x1),https://www.elmachetazo.com/figura-de-coleccionhermione7-10962971/p
Jugueteria,Isla Inflable Intex Canopy,6999.00 USD (x1),17999.00 USD (x1),https://www.elmachetazo.com/isla-inflable-intex-canopy-10855018/p
Jugueteria,"Patineta He Man con Luces|22""x 6""",1299.00 USD (x1),2499.00 USD (x1),https://www.elmachetazo.com/patineta-he-man-con-luces22x-6-10955688/p
Jugueteria,"Patineta Spider Man|31"" x 8""",1299.00 USD (x1),2499.00 USD (x1),https://www.elmachetazo.com/patineta-spider-man31-x-8-10860150/p
Jugueteria,"Bicicleta XT Lila con Canasta|20""",9999.00 USD (x1),9999.00 USD (x1),https://www.elmachetazo.com/bicicleta-xt-lila-con-canasta20-10951790/p
Jugueteria,"Bicicleta XT Azul con Canasta|20""",9999.00 USD (x1),9999.00 USD (x1),https://www.elmachetazo.com/bicicleta-xt-azul-con-canasta20-10951789/p
Jugueteria,"Bicicleta Eastern Fat Bike|Rines 20""|Roja",9999.00 USD (x1),23999.00 USD (x1),https://www.elmachetazo.com/bicicleta-eastern-fat-bikerines-20roja-10952395/p
Jugueteria,"Bicicleta Eastern Fat Bike|Rines 24""|Gris",10999.00 USD (x1),25999.00 USD (x1),https://www.elmachetazo.com/bicicleta-eastern-fat-bikerines-24gris-10952394/p
Jugueteria,Scooter de Stich|3 Ruedas,3699.00 USD (x1),3699.00 USD (x1),https://www.elmachetazo.com/scooter-de-stich3-ruedas-10975170/p
Jugueteria,Scooter de Avengers|3 Ruedas,2299.00 USD (x1),2299.00 USD (x1),https://www.elmachetazo.com/scooter-de-avengers3-ruedas-10354795/p
Jugueteria,Scooter de Stich|3 Ruedas,2299.00 USD (x1),2299.00 USD (x1),https://www.elmachetazo.com/scooter-de-stich3-ruedas-10975168/p
Jugueteria,Carro Metal Machine,139.00 USD (x1),139.00 USD (x1),https://www.elmachetazo.com/carro-metal-machine-10957841/p
Jugueteria,Pista Zuru Metal Machines|Ataque de T-Rex,1799.00 USD (x1),1799.00 USD (x1),https://www.elmachetazo.com/pista-zuru-metal-machinesataque-de-t-rex-10957843/p
Jugueteria,Pista Zuru Metal Machines|Ataque de Tiburon,1599.00 USD (x1),1599.00 USD (x1),https://www.elmachetazo.com/pista-zuru-metal-machinesataque-de-tiburon-10957844/p
Jugueteria,Pista Zuru Metal Machines|Construcción en Demolición,2499.00 USD (x1),2499.00 USD (x1),https://www.elmachetazo.com/pista-zuru-metal-machinesconstruccion-en-demolicion-10957845/p
Jugueteria,Pista Zuru Metal Machines|Spider,2999.00 USD (x1),2999.00 USD (x1),https://www.elmachetazo.com/pista-zuru-metal-machinesspider-10957846/p
Jugueteria,Pets Alive Smitten Kitten,1999.00 USD (x1),1999.00 USD (x1),https://www.elmachetazo.com/pets-alive-smitten-kitten-10957847/p
Jugueteria,Pokemon Caterpie|Surtida,1499.00 USD (x1),1499.00 USD (x1),https://www.elmachetazo.com/pokemon-caterpiesurtida-10957972/p
Jugueteria,Peluche Pokemon Squirtle,1499.00 USD (x1),1499.00 USD (x1),https://www.elmachetazo.com/peluche-pokemon-squirtle-10957976/p
Jugueteria,Pets Alive Magical Unicorn,1999.00 USD (x1),1999.00 USD (x1),https://www.elmachetazo.com/pets-alive-magical-unicorn-10957848/p
Jugueteria,Pets Alive The Twerking Pug,2999.00 USD (x1),2999.00 USD (x1),https://www.elmachetazo.com/pets-alive-the-twerking-pug-10957849/p
Jugueteria,Pets Alive The Walking Puppy,3499.00 USD (x1),3499.00 USD (x1),https://www.elmachetazo.com/pets-alive-the-walking-puppy-10957850/p
Jugueteria,Peluche La Granja de Zenon|20 cm|Surtido,1499.00 USD (x1),1499.00 USD (x1),https://www.elmachetazo.com/peluche-la-granja-de-zenon20-cmsurtido-10866124/p
Jugueteria,Peluche La Granja de Zenon|20 cm|Surtido,1499.00 USD (x1),1499.00 USD (x1),https://www.elmachetazo.com/peluche-la-granja-de-zenon20-cmsurtido-10866125/p
Jugueteria,Peluche La Granja de Zenon|36 cm|Surtido,2199.00 USD (x1),2199.00 USD (x1),https://www.elmachetazo.com/peluche-la-granja-de-zenon36-cmsurtido-10866126/p
Jugueteria,Peluche La Granja de Zenon|Lorito Pepe,2799.00 USD (x1),2799.00 USD (x1),https://www.elmachetazo.com/peluche-la-granja-de-zenonlorito-pepe-10866129/p
Jugueteria,Peluche La Granja de Zenon|Abrazable,2999.00 USD (x1),2999.00 USD (x1),https://www.elmachetazo.com/peluche-la-granja-de-zenonabrazable-10866132/p
Jugueteria,Adopt Me Plush Surprise,1299.00 USD (x1),1299.00 USD (x1),https://www.elmachetazo.com/adopt-me-plush-surprise-10957917/p
Jugueteria,Adopt Me Figura de Amigos|Surtido,999.00 USD (x1),1299.00 USD (x1),https://www.elmachetazo.com/adopt-me-figura-de-amigossurtido-10957918/p
Jugueteria,Super Saiyan Broly,1499.00 USD (x1),1499.00 USD (x1),https://www.elmachetazo.com/super-saiyan-broly-10866259/p
Jugueteria,Figura Dragon Ball Z Super Saiyan Blue Gogeta,2199.00 USD (x1),2199.00 USD (x1),https://www.elmachetazo.com/figura-dragon-ball-z-super-saiyan-blue-gogeta-10866271/p
Jugueteria,Adopt Me Plush,1699.00 USD (x1),1699.00 USD (x1),https://www.elmachetazo.com/adopt-me-plush-10957920/p
Jugueteria,Multipack de Mascotas,2699.00 USD (x1),2699.00 USD (x1),https://www.elmachetazo.com/multipack-de-mascotas-10957926/p
Jugueteria,Figura Cobra Kai,799.00 USD (x1),799.00 USD (x1),https://www.elmachetazo.com/figura-cobra-kai-10957929/p
Jugueteria,Figura Shark Bite 2,1499.00 USD (x1),1499.00 USD (x1),https://www.elmachetazo.com/figura-shark-bite-2-10957930/p
Jugueteria,Muñeca Gabby Doll House,1099.00 USD (x1),1099.00 USD (x1),https://www.elmachetazo.com/muneca-gabby-doll-house-10957944/p
Jugueteria,Maquina de Raspado Gabby Doll House,1999.00 USD (x1),1999.00 USD (x1),https://www.elmachetazo.com/maquina-de-raspado-gabby-doll-house-10957949/p
Jugueteria,Figura Dragon Ball Gogeta|Rojo,2999.00 USD (x1),2999.00 USD (x1),https://www.elmachetazo.com/figura-dragon-ball-gogetarojo-10866244/p
Jugueteria,Scooters de 3 Ruedas,2999.00 USD (x1),3999.00 USD (x1),https://www.elmachetazo.com/scooters-de-3-ruedas-10951355/p
Jugueteria,Carro Montable de Policía,9999.00 USD (x1),19999.00 USD (x1),https://www.elmachetazo.com/carro-montable-de-policia-10951359/p
Jugueteria,Carro Montable|Azul,19999.00 USD (x1),19999.00 USD (x1),https://www.elmachetazo.com/carro-montableazul-10951360/p
Jugueteria,Carro Montable|Rojo,19999.00 USD (x1),19999.00 USD (x1),https://www.elmachetazo.com/carro-montablerojo-10951361/p
Jugueteria,Carro de Choque Montable|Púrpura,9999.00 USD (x1),17999.00 USD (x1),https://www.elmachetazo.com/carro-de-choque-montablepurpura-10951364/p
Jugueteria,Piscina Rectangular Intex|Rosada|2.2 M x 1.5 M x 60 cm,9999.00 USD (x1),9999.00 USD (x1),https://www.elmachetazo.com/piscina-rectangular-intexrosada22-m-x-15-m-x-60-cm-10955656/p
Jugueteria,Piscina De Tubo Redonda Intex|Rosada|2.44 M x 76 cm,5999.00 USD (x1),8999.00 USD (x1),https://www.elmachetazo.com/piscina-de-tubo-redonda-intexrosada244-m-x-76-cm-10955658/p
Jugueteria,Flotador de Cactus Intex,1499.00 USD (x1),1499.00 USD (x1),https://www.elmachetazo.com/flotador-de-cactus-intex-10955664/p
Jugueteria,Flotador de Autobus Intex,1499.00 USD (x1),1499.00 USD (x1),https://www.elmachetazo.com/flotador-de-autobus-intex-10955665/p
Jugueteria,Flotador de Nubes Arcoiris Intex,1499.00 USD (x1),1499.00 USD (x1),https://www.elmachetazo.com/flotador-de-nubes-arcoiris-intex-10955666/p
Jugueteria,Flotador de Corazon Intex,1699.00 USD (x1),1699.00 USD (x1),https://www.elmachetazo.com/flotador-de-corazon-intex-10955667/p
Jugueteria,"Piscina para Bebes 3 Anillos Intex|24"" x 8""",399.00 USD (x1),399.00 USD (x1),https://www.elmachetazo.com/piscina-para-bebes-3-anillos-intex24-x-8-10763507/p
Jugueteria,"Piscina de Limón Intex|58"" x 13""",1099.00 USD (x1),1099.00 USD (x1),https://www.elmachetazo.com/piscina-de-limon-intex58-x-13-10955671/p
Jugueteria,Mascara de Natación Intex|Surtida,499.00 USD (x1),499.00 USD (x1),https://www.elmachetazo.com/mascara-de--natacion-intexsurtida-10728646/p
Jugueteria,Gorras de Natación Intex|Surtida,299.00 USD (x1),299.00 USD (x1),https://www.elmachetazo.com/gorras-de-natacion-intexsurtida-10916497/p
Jugueteria,"Chaleco de Natación para Niños Intex|16"" X 12""",399.00 USD (x1),399.00 USD (x1),https://www.elmachetazo.com/chaleco-de-natacion-para-ninos-intex16-x-12-10955661/p
Jugueteria,"Salvavida para Bebe Intex|Surtido|32""",599.00 USD (x1),599.00 USD (x1),https://www.elmachetazo.com/salvavida-para-bebe-intexsurtido32-10626348/p
Jugueteria,"Pelota Inflable de Playa Intex|42""",299.00 USD (x1),499.00 USD (x1),https://www.elmachetazo.com/pelota-inflable-de-playa-intex42-10598052/p
Jugueteria,Juego de Columpios de 2 Funciones,12999.00 USD (x1),16999.00 USD (x1),https://www.elmachetazo.com/juego-de-columpios-de-2-funciones-10955673/p
Jugueteria,"Figura de Thanos|9.5""",999.00 USD (x1),1499.00 USD (x1),https://www.elmachetazo.com/figura-de-thanos95-10817641/p
Jugueteria,Peppa Pig Vehiculo Mini Caravana,1490.00 USD (x1),1490.00 USD (x1),https://www.elmachetazo.com/peppa-pig-vehiculo-mini-caravana-10863900/p
Jugueteria,Peppa Pig Pequeño Helicoptero,1499.00 USD (x1),1499.00 USD (x1),https://www.elmachetazo.com/peppa-pig-pequeno-helicoptero-10863902/p
Jugueteria,Peppa Pig Vehiculo Pequeño Rojo,1499.00 USD (x1),1499.00 USD (x1),https://www.elmachetazo.com/peppa-pig-vehiculo-pequeno-rojo-10863901/p
Jugueteria,Mini Cubeta Play Doh|Surtido,399.00 USD (x1),899.00 USD (x1),https://www.elmachetazo.com/mini-cubeta-play-dohsurtido-10683222/p
Jugueteria,Mesa Creativa Play Doh 2en1,7999.00 USD (x1),7999.00 USD (x1),https://www.elmachetazo.com/mesa-creativa-play-doh-2en1-10910129/p
Jugueteria,Juego de Mesa Hipopótamos Glotones Lanzadores,1299.00 USD (x1),3499.00 USD (x1),https://www.elmachetazo.com/juego-de-mesa-hipopotamos-glotones-lanzadores-10864138/p
Jugueteria,Tobogán My First Slide Little Tikes,3999.00 USD (x1),6999.00 USD (x1),https://www.elmachetazo.com/tobogan-my-first-slide-little-tikes-10864231/p
Jugueteria,LOL Muñeca Surprise Sunshine Makeover,1299.00 USD (x1),2499.00 USD (x1),https://www.elmachetazo.com/lol-muneca-surprise-sunshine-makeover-10911261/p
Jugueteria,Kitty-Cat Camper de Na Na Na Surprise!,1999.00 USD (x1),16399.00 USD (x1),https://www.elmachetazo.com/kitty-cat-camper-de-na-na-na-surprise-10818061/p
Jugueteria,L.O.L. ¡Sorpresa! Muñeca Baile con Accesorios,499.00 USD (x1),2499.00 USD (x1),https://www.elmachetazo.com/lol-sorpresa-muneca-baile-con-accesorios-10838342/p
Jugueteria,"Bicicleta de Frozen|20""",10999.00 USD (x1),10999.00 USD (x1),https://www.elmachetazo.com/bicicleta-de-frozen20-10922351/p
Jugueteria,Lanzador X-Shot Grafiti Ninja,1299.00 USD (x1),1299.00 USD (x1),https://www.elmachetazo.com/lanzador-x-shot-grafiti-ninja-10957838/p
Jugueteria,Lanzador X-Shot Apocalypse|12 Dardos,1599.00 USD (x1),1599.00 USD (x1),https://www.elmachetazo.com/lanzador-x-shot-apocalypse12-dardos-10957839/p
Jugueteria,Lanzador X-Shot Sonic|12 Dardos,1999.00 USD (x1),1999.00 USD (x1),https://www.elmachetazo.com/lanzador-x-shot-sonic12-dardos-10957840/p
Jugueteria,"Peluche de Pikachu|10""",1999.00 USD (x1),1999.00 USD (x1),https://www.elmachetazo.com/peluche-de-pikachu10-10957983/p
Jugueteria,Carro a Control Remoto Team Sonic Racing|Sonic,3999.00 USD (x1),3999.00 USD (x1),https://www.elmachetazo.com/carro-a-control-remoto-team-sonic-racingsonic-10957827/p
Jugueteria,Carro a Control Remoto Team Sonic Racing|Sonic Shadow,3999.00 USD (x1),3999.00 USD (x1),https://www.elmachetazo.com/carro-a-control-remoto-team-sonic-racingsonic-shadow-10957828/p
Jugueteria,Auto Pull Back Sonic|Azul,899.00 USD (x1),899.00 USD (x1),https://www.elmachetazo.com/auto-pull-back-sonicazul-10957831/p
Jugueteria,Auto Pull Back Sonic|Negro,899.00 USD (x1),899.00 USD (x1),https://www.elmachetazo.com/auto-pull-back-sonicnegro-10957832/p
Jugueteria,Auto Pull Back Knuckles|Amarillo,899.00 USD (x1),899.00 USD (x1),https://www.elmachetazo.com/auto-pull-back-knucklesamarillo-10957833/p
Jugueteria,Rummikub Portatil,895.00 USD (x1),895.00 USD (x1),https://www.elmachetazo.com/rummikub-portatil-10958757/p
Jugueteria,Rummikub Portatil,1499.00 USD (x1),1499.00 USD (x1),https://www.elmachetazo.com/rummikub-portatil-10958758/p
Jugueteria,Rummikub 6 Jugadores,2999.00 USD (x1),2999.00 USD (x1),https://www.elmachetazo.com/rummikub-6-jugadores-10958760/p
Jugueteria,Tableta 3 en 1 Gabby Doll House,2699.00 USD (x1),2699.00 USD (x1),https://www.elmachetazo.com/tableta-3-en-1-gabby-doll-house-10957951/p
Jugueteria,Mochila Gabby Doll House,1499.00 USD (x1),1499.00 USD (x1),https://www.elmachetazo.com/mochila-gabby-doll-house-10957953/p
Jugueteria,Mochila Mensajera Gabby Doll House,1999.00 USD (x1),1999.00 USD (x1),https://www.elmachetazo.com/mochila-mensajera-gabby-doll-house-10957954/p
Jugueteria,Barbie Edición Especial Zafiro,1499.00 USD (x1),2999.00 USD (x1),https://www.elmachetazo.com/barbie-edicion-especial-zafiro-10965008/p
Jugueteria,Muñeca Gabby Dollhouse,1999.00 USD (x1),1999.00 USD (x1),https://www.elmachetazo.com/gabbys-dollhouse-muneca-10927892/p
Jugueteria,Gabby's Dollhouse Set De Juego|Surtido,1499.00 USD (x1),1499.00 USD (x1),https://www.elmachetazo.com/gabbys-dollhouse-set-de-juegosurtido-10927893/p
Jugueteria,Gabby'S Dollhouse Camara De Gatito,1999.00 USD (x1),1999.00 USD (x1),https://www.elmachetazo.com/gabbys-dollhouse-camara-de-gatito-10960512/p
Jugueteria,Go Glam Set Diseño Uñas Brillantes,1199.00 USD (x1),1199.00 USD (x1),https://www.elmachetazo.com/go-glam-set-diseno-unas-brillantes-10965624/p
Jugueteria,Tech Deck Tabla Basica 96Mm X 1 M52|Surtido,499.00 USD (x1),499.00 USD (x1),https://www.elmachetazo.com/tech-deck-tabla-basica-96mm-x-1-m52surtido-10971273/p
Jugueteria,Tech Deck Sk8 Crew Set De Inicio|Surtido,1799.00 USD (x1),1799.00 USD (x1),https://www.elmachetazo.com/tech-deck-sk8-crew-set-de-iniciosurtido-10971275/p
Jugueteria,Unicorn Academy Unicornio Wildstar con Luces,4999.00 USD (x1),4999.00 USD (x1),https://www.elmachetazo.com/unicorn-academy-unicornio-wildstar-con-luces-10965626/p
Jugueteria,Unicorn Academy Baby Unicornios|Surtido,699.00 USD (x1),699.00 USD (x1),https://www.elmachetazo.com/unicorn-academy-baby-unicorniossurtido-10965627/p
Jugueteria,Unicorn Academy Muñeca de Unicornio|Surtido,1999.00 USD (x1),1999.00 USD (x1),https://www.elmachetazo.com/unicorn-academy-muneca-de-unicorniosurtido-10971279/p
Jugueteria,"Batman Batimoto|4""",2899.00 USD (x1),2899.00 USD (x1),https://www.elmachetazo.com/batman-batimoto4-10960505/p
Jugueteria,Fingerlings Mono Interactivo 2.0|Surtido,2699.00 USD (x1),2699.00 USD (x1),https://www.elmachetazo.com/fingerlings-mono-interactivo-20surtido-10960520/p
Jugueteria,Fingerlings Unicornio Interactivo 2.0 Gigi,2699.00 USD (x1),2699.00 USD (x1),https://www.elmachetazo.com/fingerlings-unicornio-interactivo-20-gigi-10960521/p
Jugueteria,Little Live Pets Set Mama Sorpresa,2299.00 USD (x1),2299.00 USD (x1),https://www.elmachetazo.com/little-live-pets-mamma-sorpresa-set-juego-10927954/p
Jugueteria,Gabby'S Dollhouse Muñeca de Viaje,1999.00 USD (x1),1999.00 USD (x1),https://www.elmachetazo.com/gabbys-dollhouse-muneca-de-viaje-10971262/p
Jugueteria,Go Glam Set Foil Estampado de Uñas,1199.00 USD (x1),1199.00 USD (x1),https://www.elmachetazo.com/go-glam-set-foil-estampado-de-unas-10971261/p
Jugueteria,Monster Jam|Escala 1:64|2 Piezas|Surtido,1499.00 USD (x1),1499.00 USD (x1),https://www.elmachetazo.com/monster-jamescala-1642-piezassurtido-10971267/p
Jugueteria,"Set de Batman|8 Piezas|6""",3999.00 USD (x1),3999.00 USD (x1),https://www.elmachetazo.com/set-de-batman8-piezas6-10971257/p
Jugueteria,Hatchimals Alive Rainbow Splash,799.00 USD (x1),799.00 USD (x1),https://www.elmachetazo.com/hatchimals-alive-rainbow-splash-10971265/p
Jugueteria,Hatchimals Alive Secret,599.00 USD (x1),599.00 USD (x1),https://www.elmachetazo.com/hatchimals-alive-secret-10971266/p
Jugueteria,Unicorn Academy Sophia & Wildstar con Luces,2999.00 USD (x1),2999.00 USD (x1),https://www.elmachetazo.com/unicorn-academy-sophia--wildstar-con-luces-10971277/p
Jugueteria,Unicorn Academy Muñeca Sophia Baile Mascaras,3499.00 USD (x1),3499.00 USD (x1),https://www.elmachetazo.com/unicorn-academy-muneca-sophia-baile-mascaras-10965629/p
Jugueteria,"Unicorn Academy Muneca Fashion|9,5"" X 1""|Surtido",2499.00 USD (x1),2499.00 USD (x1),https://www.elmachetazo.com/unicorn-academy-muneca-fashion95-x-1surtido-10971278/p
Jugueteria,"Batman Giant Series Figura|12""|Surtido",1999.00 USD (x1),1999.00 USD (x1),https://www.elmachetazo.com/batman-giant-series-figura12surtido-10971256/p
Jugueteria,Cool Maker Popstyle Set Expansion,1299.00 USD (x1),1299.00 USD (x1),https://www.elmachetazo.com/cool-maker-popstyle-set-expansion-10971260/p
Jugueteria,Little Live Pets Cerdito,3700.00 USD (x1),3700.00 USD (x1),https://www.elmachetazo.com/little-live-pets-cerdito-10918007/p
Jugueteria,Paw Patrol Vehiculo Basico|Surtido,1499.00 USD (x1),1499.00 USD (x1),https://www.elmachetazo.com/paw-patrol-vehiculo-basicosurtido-10971268/p
Jugueteria,Polly Pocket Compacto de Jardín Conejo,2499.00 USD (x1),2499.00 USD (x1),https://www.elmachetazo.com/polly-pocket-compacto-de-jardin-conejo-10969137/p
Jugueteria,Jurassic World Set Camion Mission Mayhem,4499.00 USD (x1),4499.00 USD (x1),https://www.elmachetazo.com/jurassic-world-set-camion-mission-mayhem-10964982/p
Jugueteria,Disney Frozen Elsa y Anna||Muñecas Surtidas,1499.00 USD (x1),1499.00 USD (x1),https://www.elmachetazo.com/disney-frozen-elsa-y-annamunecas-surtidas-10969140/p
Jugueteria,Polly Pocket Mini Mundo de Mascotas|Surtido,799.00 USD (x1),799.00 USD (x1),https://www.elmachetazo.com/polly-pocket-mini-mundo-de-mascotassurtido-10964990/p
Jugueteria,Hot Wheels City Némesis Cocodrilo,2499.00 USD (x1),2499.00 USD (x1),https://www.elmachetazo.com/hot-wheels-city-nemesis-cocodrilo-10969138/p
Jugueteria,Barbie Crucero de los Sueños,3999.00 USD (x1),10999.00 USD (x1),https://www.elmachetazo.com/barbie-crucero-de-los-suenos-10962472/p
Jugueteria,Barbie Pop! Reveal,799.00 USD (x1),2999.00 USD (x1),https://www.elmachetazo.com/barbie-pop-reveal-10953339/p
Jugueteria,Dino Pelotitas Divertidas,4499.00 USD (x1),4499.00 USD (x1),https://www.elmachetazo.com/dino-pelotitas-divertidas-10952949/p
Jugueteria,Andadera de Dos Lados Primeros Pasos,6999.00 USD (x1),6999.00 USD (x1),https://www.elmachetazo.com/andadera-de-dos-lados-primeros-pasos-10953156/p
Jugueteria,Jurassic World Rastreo y Ataque Indoraptor,4999.00 USD (x1),4999.00 USD (x1),https://www.elmachetazo.com/jurassic-world-rastreo-y-ataque-indoraptor-10953289/p
Jugueteria,Disney Frozen Palacio de Arendelle de Anna Apilable,3999.00 USD (x1),3999.00 USD (x1),https://www.elmachetazo.com/disney-frozen-palacio-de-arendelle-de-anna-apilable-10953311/p
Jugueteria,Jurassic World Velociraptor Blue|12’’,1999.00 USD (x1),1999.00 USD (x1),https://www.elmachetazo.com/jurassic-world-velociraptor-blue12-10910784/p
Jugueteria,Monster High Skulltimate Sustos NeónTwyla,4999.00 USD (x1),4999.00 USD (x1),https://www.elmachetazo.com/monster-high-skulltimate-sustos-neontwyla-10953297/p
Jugueteria,Polly Pocket Compacto de Poodle Glam,2499.00 USD (x1),2499.00 USD (x1),https://www.elmachetazo.com/polly-pocket-compacto-de-poodle-glam-10953300/p
Jugueteria,Hot Wheels City Súper Estación de Gasolina,1699.00 USD (x1),2999.00 USD (x1),https://www.elmachetazo.com/hot-wheels-city-super-estacion-de-gasolina-10953314/p
Jugueteria,Hot Wheels City Ataque de Cobra vs Pizzería,4999.00 USD (x1),4999.00 USD (x1),https://www.elmachetazo.com/hot-wheels-city-ataque-de-cobra-vs-pizzeria-10953315/p
Jugueteria,Hot Wheels City Super Tienda de Llantas,2999.00 USD (x1),2999.00 USD (x1),https://www.elmachetazo.com/hot-wheels-city-super-tienda-de-llantas-10962465/p
Jugueteria,Hot Wheels Track Builder Paquete Básico,999.00 USD (x1),999.00 USD (x1),https://www.elmachetazo.com/hot-wheels-track-builder-paquete-basico-10803668/p
Jugueteria,Barbie Cámper de los Sueños,7999.00 USD (x1),12999.00 USD (x1),https://www.elmachetazo.com/barbie-camper-de-los-suenos-10863817/p
Jugueteria,Barbie Sirenas|Muñecas Surtidas,599.00 USD (x1),1099.00 USD (x1),https://www.elmachetazo.com/barbie-sirenasmunecas-surtidas-10953336/p
Jugueteria,Barbie Cutie Reveal Set de Pijamada,2999.00 USD (x1),6999.00 USD (x1),https://www.elmachetazo.com/barbie-cutie-reveal-set-de-pijamada-10953340/p
Jugueteria,Barbie Nueva Casa Glam con Muñeca,3999.00 USD (x1),7499.00 USD (x1),https://www.elmachetazo.com/barbie-nueva-casa-glam-con-muneca-10962479/p
Jugueteria,Polly Pocket Compacto de Pijamada Búho,2499.00 USD (x1),2499.00 USD (x1),https://www.elmachetazo.com/polly-pocket-compacto-de-pijamada-buho-10953301/p
Jugueteria,Disney Princesas Falda con Brillos|Muñecas Surtidas,1699.00 USD (x1),1699.00 USD (x1),https://www.elmachetazo.com/disney-princesas-falda-con-brillosmunecas-surtidas-10953303/p
Jugueteria,Xilófono Gigante,4999.00 USD (x1),4999.00 USD (x1),https://www.elmachetazo.com/xilofono-gigante-10952950/p
Jugueteria,Dj Bouncy Salta Y Aprende,8999.00 USD (x1),8999.00 USD (x1),https://www.elmachetazo.com/dj-bouncy-salta-y-aprende-10953158/p
Jugueteria,Dj Belle Salta Y Aprende,8999.00 USD (x1),8999.00 USD (x1),https://www.elmachetazo.com/dj-belle-salta-y-aprende-10953159/p
Jugueteria,Jurassic World Alboroto Despiadado|Allosaurus,4999.00 USD (x1),4999.00 USD (x1),https://www.elmachetazo.com/jurassic-world-alboroto-despiadadoallosaurus-10953288/p
Jugueteria,Disney Princesa Ariel Cabello Cambios Sorpresa,2499.00 USD (x1),2499.00 USD (x1),https://www.elmachetazo.com/disney-princesa-ariel-cabello-cambios-sorpresa-10953304/p
Jugueteria,Disney Princesas Bailarina|Muñecas Surtidas,1099.00 USD (x1),1099.00 USD (x1),https://www.elmachetazo.com/disney-princesas-bailarinamunecas-surtidas-10953305/p
Jugueteria,Disney Princesa Súper Castillo de Ariel Apilable,7499.00 USD (x1),7499.00 USD (x1),https://www.elmachetazo.com/disney-princesa-super-castillo-de-ariel-apilable-10964992/p
Jugueteria,Disney Collector Rapunzel Celebración,1999.00 USD (x1),4999.00 USD (x1),https://www.elmachetazo.com/disney-collector-rapunzel-celebracion-10964955/p
Jugueteria,Monster High Skulltimate Neon Frankie,4999.00 USD (x1),4999.00 USD (x1),https://www.elmachetazo.com/monster-high-skulltimate-sustos-neon-frankie-monster-high-10953294-machetazo-10953294/p
Jugueteria,Monster High Skulltimate Sustos Neón Ghoulia,4499.00 USD (x1),4499.00 USD (x1),https://www.elmachetazo.com/monster-high-skulltimate-sustos-neon-ghoulia-10953295/p
Jugueteria,Polly Pocket Compacto de Bolsita Gatito,3999.00 USD (x1),3999.00 USD (x1),https://www.elmachetazo.com/polly-pocket-compacto-de-bolsita-gatito-10964989/p
Jugueteria,HW City Paquete de Pistas,1999.00 USD (x1),1999.00 USD (x1),https://www.elmachetazo.com/hw-city-paquete-de-pistas-10953316/p
Jugueteria,HW Action Need Speeders,1999.00 USD (x1),1999.00 USD (x1),https://www.elmachetazo.com/hw-action-need-speeders-10953318/p
Jugueteria,Barbie Piscina Glam con Muñeca,999.00 USD (x1),1999.00 USD (x1),https://www.elmachetazo.com/barbie-piscina-glam-con-muneca-10964943/p
Jugueteria,Barbie Sirenas Sorpresa,799.00 USD (x1),1499.00 USD (x1),https://www.elmachetazo.com/barbie-sirenas-sorpresa-10953335/p
Jugueteria,Disney Princesa Ariel Fiesta en la Piscina,3999.00 USD (x1),3999.00 USD (x1),https://www.elmachetazo.com/disney-princesa-ariel-fiesta-en-la-piscina-10969157/p
Jugueteria,Disney Frozen Elsa y Anna||Muñecas Surtidas,1699.00 USD (x1),1699.00 USD (x1),https://www.elmachetazo.com/disney-frozen-elsa-y-annamunecas-surtidas-10969139/p
Jugueteria,Polly Pocket Compacto de Bolsita Mama Mono,3999.00 USD (x1),3999.00 USD (x1),https://www.elmachetazo.com/polly-pocket-compacto-de-bolsita-chango-10969159/p
Jugueteria,HW City Color Shifters Laboratorio Científico,3999.00 USD (x1),3999.00 USD (x1),https://www.elmachetazo.com/hw-city-color-shifters-laboratorio-cientifico-10522482/p
Jugueteria,HW Action Circuito Giro Veloz,2999.00 USD (x1),2999.00 USD (x1),https://www.elmachetazo.com/hw-action-circuito-giro-veloz-10969150/p
Jugueteria,HW Action Pista Competencia Super Loop,4499.00 USD (x1),4499.00 USD (x1),https://www.elmachetazo.com/hw-action-pista-competencia-super-loop-10965013/p
Jugueteria,"Bicicleta de Niño|20""",5999.00 USD (x1),7999.00 USD (x1),https://www.elmachetazo.com/bicicleta-de-nino20-10851078/p
Jugueteria,"Bicicleta de Niña|20""",5999.00 USD (x1),7999.00 USD (x1),https://www.elmachetazo.com/bicicleta-de-nina20-10851081/p
Jugueteria,"Bicicleta De Niña|20""",6999.00 USD (x1),9999.00 USD (x1),https://www.elmachetazo.com/bicicleta-de-nina20-10851084/p
Jugueteria,Lente para Natación Aqua Burst|Surtido,199.00 USD (x1),199.00 USD (x1),https://www.elmachetazo.com/lente-para-natacion-aqua-burstsurtido-10911414/p
Jugueteria,Máscara para Bucear Dominator|Surtido,499.00 USD (x1),499.00 USD (x1),https://www.elmachetazo.com/mascara-para-bucear-dominatorsurtido-10860410/p
Jugueteria,Tablita De Natación ABC|Surtido,599.00 USD (x1),599.00 USD (x1),https://www.elmachetazo.com/tablita-de-natacion-abcsurtido-10955962/p
Jugueteria,Chaleco Salvavidas ABC con Mangas|Surtido,1699.00 USD (x1),1699.00 USD (x1),https://www.elmachetazo.com/chaleco-salvavidas-abc-con-mangassurtido-10955963/p
Jugueteria,Chaleco Salvavidas ABC|Mediano|Surtido,1499.00 USD (x1),1499.00 USD (x1),https://www.elmachetazo.com/chaleco-salvavidas-abcmedianosurtido-10955965/p
Jugueteria,Flotador Inflable Tabla de Surf|Surtido,699.00 USD (x1),699.00 USD (x1),https://www.elmachetazo.com/flotador-inflable-tabla-de-surfsurtido-10955972/p
Jugueteria,Colchón Inflable de Colores,999.00 USD (x1),999.00 USD (x1),https://www.elmachetazo.com/colchon-inflable-de-colores-10955975/p
Jugueteria,Tobogán Doble H2O GO,2999.00 USD (x1),2999.00 USD (x1),https://www.elmachetazo.com/tobogan-doble-h2o-go-10955976/p
Jugueteria,Piscina Inflable Acuario Fantástico,5499.00 USD (x1),5499.00 USD (x1),https://www.elmachetazo.com/piscina-inflable-acuario-fantastico-10955978/p
Jugueteria,Piscina Inflable Polar,2499.00 USD (x1),2499.00 USD (x1),https://www.elmachetazo.com/piscina-inflable-polar-10955979/p
Jugueteria,Piscina Inflable Splash Jurásico,5499.00 USD (x1),5499.00 USD (x1),https://www.elmachetazo.com/piscina-inflable-splash-jurasico-10955980/p
Jugueteria,"Piscina Redonda|10 X 26""|57457",5999.00 USD (x1),8499.00 USD (x1),https://www.elmachetazo.com/piscina-redonda10-x-2657457-10955981/p
Jugueteria,Silla Inflable Cozy Critters,1299.00 USD (x1),1299.00 USD (x1),https://www.elmachetazo.com/silla-inflable-cozy-critters-10911461/p
Jugueteria,Silla Inflable Astro Glow,1799.00 USD (x1),1799.00 USD (x1),https://www.elmachetazo.com/silla-inflable-astro-glow-10955987/p
Jugueteria,Silla Inflable Mighty Mushroom,1499.00 USD (x1),1499.00 USD (x1),https://www.elmachetazo.com/silla-inflable-mighty-mushroom-10955988/p
Jugueteria,Chaleco Salvavidas Minnie con Mangas,1999.00 USD (x1),1999.00 USD (x1),https://www.elmachetazo.com/chaleco-salvavidas-minnie-con-mangas-10947108/p
Jugueteria,Chaleco Salvavidas Mickey con Mangas,1999.00 USD (x1),1999.00 USD (x1),https://www.elmachetazo.com/chaleco-salvavidas-mickey--con-mangas-10947109/p
Jugueteria,Chaleco Salvavidas de Mickey,1699.00 USD (x1),1699.00 USD (x1),https://www.elmachetazo.com/chaleco-salvavidas-de-mickey-10947111/p
Jugueteria,Flotador Redondo de Mickey,399.00 USD (x1),399.00 USD (x1),https://www.elmachetazo.com/flotador-redondo-de-mickey-10955991/p
Jugueteria,Flotador Redondo de Minnie,399.00 USD (x1),399.00 USD (x1),https://www.elmachetazo.com/flotador-redondo-de-minnie-10955992/p
Jugueteria,Lente para natación Disney Princesas,399.00 USD (x1),399.00 USD (x1),https://www.elmachetazo.com/lente-para-natacion-disney-princesas-10949384/p
Jugueteria,Lente para natación Disney Princesas,599.00 USD (x1),599.00 USD (x1),https://www.elmachetazo.com/lente-para-natacion-disney-princesas-10949390/p
Jugueteria,Cocina de Juguete Mediana Step2|Rosada,3999.00 USD (x1),11999.00 USD (x1),https://www.elmachetazo.com/cocina-de-juguete-mediana-step2rosada-10953267/p
Jugueteria,Trencito|Set con Accesorios|58 Piezas,1699.00 USD (x1),1699.00 USD (x1),https://www.elmachetazo.com/trencitoset-con-accesorios58-piezas-10614346/p
Jugueteria,Mario Karts Carrito Luigi,7999.00 USD (x1),7999.00 USD (x1),https://www.elmachetazo.com/mario-karts-carrito-luigi-10914457/p
Jugueteria,Juego de Mesa Clue Escape Midnight Hotel,2499.00 USD (x1),2499.00 USD (x1),https://www.elmachetazo.com/juego-de-mesa-clue-escape-midnight-hotel-10910085/p
Jugueteria,Juego de Mesa Clue Conspiracy,3499.00 USD (x1),3499.00 USD (x1),https://www.elmachetazo.com/juego-de-mesa-clue-conspiracy-10910086/p
Jugueteria,Monopoly Star Wars Mandalorian,1999.00 USD (x1),5999.00 USD (x1),https://www.elmachetazo.com/monopoly-star-wars-mandalorian-10863930/p
Jugueteria,Monopoly Junior 2 en 1,2999.00 USD (x1),2999.00 USD (x1),https://www.elmachetazo.com/monopoly-junior-2-en-1-10909925/p
Jugueteria,Monopoly Super Mario La Película,3499.00 USD (x1),3499.00 USD (x1),https://www.elmachetazo.com/monopoly-super-mario-la-pelicula-10909926/p
Jugueteria,Monopoly Chance,2999.00 USD (x1),2999.00 USD (x1),https://www.elmachetazo.com/monopoly-chance-10910179/p
Jugueteria,Camión Motor Rush|Luces y Sonido|Surtido,699.00 USD (x1),999.00 USD (x1),https://www.elmachetazo.com/camion-motor-rushluces-y-sonidosurtido-10853211/p
Jugueteria,Cubo Rubik´S Mini 2x2,899.00 USD (x1),899.00 USD (x1),https://www.elmachetazo.com/cubo-rubiks-mini-2x2-10927890/p
Jugueteria,Juego de Mesa Jumanji,2199.00 USD (x1),2199.00 USD (x1),https://www.elmachetazo.com/juego-de-mesa-jumanji-10927940/p
Jugueteria,Nintendo Super Mario Figura|Surtido,1199.00 USD (x1),1199.00 USD (x1),https://www.elmachetazo.com/nintendo-super-mario-figurasurtido-10918023/p
Jugueteria,Juego de Mesa Twister Junior,2999.00 USD (x1),2999.00 USD (x1),https://www.elmachetazo.com/juego-de-mesa-twister-junior-10910382/p
Jugueteria,Juego de Mesa Connect 4 Spin,1299.00 USD (x1),3499.00 USD (x1),https://www.elmachetazo.com/juego-de-mesa-connect-4-spin-10869679/p
Jugueteria,Juego de Mesa Battleship Clásico,1699.00 USD (x1),2599.00 USD (x1),https://www.elmachetazo.com/juego-de-mesa-battleship-clasico-10863934/p
Jugueteria,Paw Patrol Chase Vehiculo Transformable,6999.00 USD (x1),6999.00 USD (x1),https://www.elmachetazo.com/paw-patrol-chase-vehiculo-transformable-10927945/p
Jugueteria,Paw Patrol Movie Peluche Básico|Surtido,1499.00 USD (x1),1499.00 USD (x1),https://www.elmachetazo.com/paw-patrol-movie-peluche-basicosurtido-10927946/p
Jugueteria,Hot Wheels Camión con Herramientas|Luz y Sonido,2199.00 USD (x1),2199.00 USD (x1),https://www.elmachetazo.com/hot-wheels-camion-con-herramientasluz-y-sonido-10912764/p
Jugueteria,Hot Wheels Fast Racer PullBack|Surtido,499.00 USD (x1),499.00 USD (x1),https://www.elmachetazo.com/hot-wheels-fast-racer-pullbacksurtido-10912750/p
Jugueteria,Cubo Educativo Dolu 2 en 1,1499.00 USD (x1),1999.00 USD (x1),https://www.elmachetazo.com/cubo-educativo-dolu-2-en-1-10901840/p
Jugueteria,Sonic Figura de Acción|Set 3 Piezas,999.00 USD (x1),999.00 USD (x1),https://www.elmachetazo.com/sonic-figura-de-accionset-3-piezas-10912548/p
Jugueteria,Carro Montable Sahara|Radio-Mp3|12V,9999.00 USD (x1),29999.00 USD (x1),https://www.elmachetazo.com/carro-montable-sahararadio-mp312v-10901868/p
Jugueteria,Carro Deportivo Dolu con Pedales,2999.00 USD (x1),3499.00 USD (x1),https://www.elmachetazo.com/carro-deportivo-dolu-con-pedales-10518220/p
Jugueteria,Set de Cocina con Accesorios,1999.00 USD (x1),1999.00 USD (x1),https://www.elmachetazo.com/set-de-cocina-con-accesorios-10901858/p
Jugueteria,Tobogán Dolu Junior,3999.00 USD (x1),5999.00 USD (x1),https://www.elmachetazo.com/tobogan-dolu-junior-10901854/p
Jugueteria,Camión Volquete y Cargador|Set de 2 Piezas,699.00 USD (x1),699.00 USD (x1),https://www.elmachetazo.com/camion-volquete-y-cargadorset-de-2-piezas-10614356/p
Jugueteria,Set de Boliche Infantil,999.00 USD (x1),999.00 USD (x1),https://www.elmachetazo.com/set-de-boliche-infantil-10805921/p
Jugueteria,Garaje de Juegos Dolu|4 Niveles|Accesorios,3999.00 USD (x1),3999.00 USD (x1),https://www.elmachetazo.com/garaje-de-juegos-dolu4-nivelesaccesorios-10901864/p
Jugueteria,Garaje de Juegos Dolu|3 Niveles|Accesorios,2499.00 USD (x1),2999.00 USD (x1),https://www.elmachetazo.com/garaje-de-juegos-dolu3-nivelesaccesorios-10901862/p
Jugueteria,Bloques de Construcción Dolu Unicorn|100 Piezas,2499.00 USD (x1),2999.00 USD (x1),https://www.elmachetazo.com/bloques-de-construccion-dolu-unicorn100-piezas-10901846/p
Jugueteria,Bloques de Construcción|100 Piezas,2499.00 USD (x1),2999.00 USD (x1),https://www.elmachetazo.com/bloques-de-construccion100-piezas-10901860/p
Jugueteria,Carro Pick-Up Dolu,699.00 USD (x1),1499.00 USD (x1),https://www.elmachetazo.com/carro-pick-up-dolu-10455333/p
Jugueteria,Naruto|Figura de Acción|Articulada 17 cm,2999.00 USD (x1),2999.00 USD (x1),https://www.elmachetazo.com/narutofigura-de-accionarticulada-17-cm-10912573/p
Jugueteria,"Kakashi|Figura de Acción|Articulada 12""",2999.00 USD (x1),2999.00 USD (x1),https://www.elmachetazo.com/kakashifigura-de-accionarticulada-12-10866227/p
Jugueteria,"Dragon Ball Vegito Super Saiyan Blue|Figura Articulada|12""",2199.00 USD (x1),2199.00 USD (x1),https://www.elmachetazo.com/dragon-ball-vegito-super-saiyan-blue-figura-articulada-12-10912565/p
Jugueteria,"Dragon Ball Goku Ultra Instinto -SIGN-|Figura Articulada|12""",2199.00 USD (x1),2199.00 USD (x1),https://www.elmachetazo.com/dragon-ball-goku-ultra-instinto-sign-figura-articulada-12-10912563/p
Jugueteria,"Dragon Ball Gohan Super Saiyan 2|Figura Articulada|12""",2199.00 USD (x1),2199.00 USD (x1),https://www.elmachetazo.com/dragon-ball-gohan-super-saiyan-2-figura-articulada-12-10912585/p
Jugueteria,"Dragon Ball Gohan|Figura Articulada|12""",2199.00 USD (x1),2199.00 USD (x1),https://www.elmachetazo.com/dragon-ball-gohan-figura-articulada-12-10912562/p
Jugueteria,"Dragon Ball Goku Saiyajin4 Limit Breaker|Figura de Acción|Articulada 12""",2199.00 USD (x1),2199.00 USD (x1),https://www.elmachetazo.com/dragon-ball-goku-saiyajin4-limit-breakerfigura-de-accionarticulada-12-10866222/p
Jugueteria,"Dragon Ball Goku Black Limit Breaker|Figura de Acción|Articulada 12""",2199.00 USD (x1),2199.00 USD (x1),https://www.elmachetazo.com/dragon-ball-goku-black-limit-breakerfigura-de-accionarticulada-12-10912561/p
Jugueteria,"Dragon Ball Goku Ultra Instint Limit Breaker|Figura de Acción|Articulada 12""",2199.00 USD (x1),2199.00 USD (x1),https://www.elmachetazo.com/dragon-ball-goku-ultra-instint-limit-breakerfigura-de-accionarticulada-12-10912584/p
Jugueteria,"Dragon Ball Goku Ultra Instinto|Figura Articulada|5""",1499.00 USD (x1),1499.00 USD (x1),https://www.elmachetazo.com/dragon-ball-goku-ultra-instinto-figura-articulada-5-10866268/p
Jugueteria,"DBZ Goku Super Saiyan|Figura 4""",699.00 USD (x1),699.00 USD (x1),https://www.elmachetazo.com/dragon-ball-goku-super-saiyan-blue-figura-articulada-4-10912557/p
Jugueteria,Piscina DuraPlus Bestway,2999.00 USD (x1),2999.00 USD (x1),https://www.elmachetazo.com/piscina-duraplus-bestway-10911429/p
Jugueteria,Flotador Inflable Colchoneta Bestway Floral Fantasy|Surtido,599.00 USD (x1),599.00 USD (x1),https://www.elmachetazo.com/flotador-inflable-colchoneta-bestway-floral-fantasysurtido-10911421/p
Jugueteria,Flotador Inflable Colchoneta Bestway Fashion|Surtido,499.00 USD (x1),499.00 USD (x1),https://www.elmachetazo.com/flotador-inflable-colchoneta--bestway-fashionsurtido-10911420/p
Jugueteria,Flotador Inflable Colchoneta Bestway|Surtido,399.00 USD (x1),399.00 USD (x1),https://www.elmachetazo.com/flotador-inflable-colchoneta-bestwaysurtido-10212788/p
Jugueteria,Cocina de Juguete Step2 Best Chef,3999.00 USD (x1),14999.00 USD (x1),https://www.elmachetazo.com/cocina-de-juguete-step2-best-chef-10906195/p
Jugueteria,Patineta Barbie Ruedas con Luces,799.00 USD (x1),2499.00 USD (x1),https://www.elmachetazo.com/patineta-barbie-ruedas-con-luces-10917464/p
Jugueteria,Partines en Línea Barbie Talla Ajustable,1999.00 USD (x1),4999.00 USD (x1),https://www.elmachetazo.com/partines-en-linea-barbie-talla-ajustable-10917461/p
Jugueteria,Mario Kart Circuito Set de Juego de Lanzador Bullet Bill,499.00 USD (x1),3499.00 USD (x1),https://www.elmachetazo.com/mario-kart-circuito-set-de-juego-de-lanzador-bullet-bill-10776314/p
Jugueteria,Nintendo Mini Coche de Luigi |Radio Control,1999.00 USD (x1),8999.00 USD (x1),https://www.elmachetazo.com/nintendo-mini-coche-de-carreras-antigravedad-de-luigiradio-control08988-4l-10822027/p
Jugueteria,Nintendo Mini Coche de Carreras Antigravedad de Mario|Radio Control|PKC1-4L,2999.00 USD (x1),9999.00 USD (x1),https://www.elmachetazo.com/nintendo-mini-coche-de-carreras-antigravedad-de-marioradio-controlpkc1-4l-10784315/p
Jugueteria,"Camión Bombero de Rescate Mighty Wheels|26""",3499.00 USD (x1),3499.00 USD (x1),https://www.elmachetazo.com/camion-bombero-de-rescate-mighty-wheels26-10854701/p
Jugueteria,"Camión de Basura Mighty Wheels|16""",2999.00 USD (x1),2999.00 USD (x1),https://www.elmachetazo.com/camion-de-basura-mighty-wheels16-10854699/p
Jugueteria,"Camión de Reciclaje Mighty Wheels|20""",3499.00 USD (x1),3499.00 USD (x1),https://www.elmachetazo.com/camion-de-reciclaje-mighty-wheels20-10854697/p
Jugueteria,"Camión Volquete Mighty Wheels|Set de 2 Piezas|7""|16""",4499.00 USD (x1),4499.00 USD (x1),https://www.elmachetazo.com/camion-volquete-mighty-wheelsset-de-2-piezas716-10854695/p
Jugueteria,"Camión Mezclador Mighty Wheels 16""|Luces y Sonidos",2999.00 USD (x1),2999.00 USD (x1),https://www.elmachetazo.com/camion-mezclador-mighty-wheels-16luces-y-sonidos-10854694/p
Jugueteria,"Grúa Móvil Mighty Wheels 16""|Luces y Sonidos",2999.00 USD (x1),2999.00 USD (x1),https://www.elmachetazo.com/grua-movil-mighty-wheels-16luces-y-sonidos-10854693/p
Jugueteria,"Camión Bajo Mighty Wheels 16""|Luces y Sonidos",2999.00 USD (x1),2999.00 USD (x1),https://www.elmachetazo.com/camion-bajo-mighty-wheels-16luces-y-sonidos-10854692/p
Jugueteria,"Excavadora Frontal Mighty Wheels|16""",2499.00 USD (x1),2499.00 USD (x1),https://www.elmachetazo.com/excavadora-frontal-mighty-wheels16-10854691/p
Jugueteria,"Camión Volquete Mighty Wheels|16""",2499.00 USD (x1),2499.00 USD (x1),https://www.elmachetazo.com/camion-volquete-mighty-wheels16-10854690/p
Jugueteria,"Bus Escolar Mighty Wheels|16""",2999.00 USD (x1),2999.00 USD (x1),https://www.elmachetazo.com/bus-escolar-mighty-wheels16-10854688/p
Jugueteria,"Black Adam Figura de Acción 12""|Surtido",1899.00 USD (x1),1899.00 USD (x1),https://www.elmachetazo.com/black-adam-figura-de-accion-12surtido-10875759/p
Jugueteria,"Black Adam Figura de Acción 4""|Surtido",1299.00 USD (x1),1299.00 USD (x1),https://www.elmachetazo.com/black-adam-figura-de-accion-4surtido-10872326/p
Jugueteria,"Ben 10 Figura XL 11""|Surtido",999.00 USD (x1),1499.00 USD (x1),https://www.elmachetazo.com/ben-10-figura-xl-11surtido-10687604/p
Jugueteria,Ben 10 Omnitrix Lanzador de Discos,1299.00 USD (x1),1299.00 USD (x1),https://www.elmachetazo.com/ben-10-omnitrix-lanzador-de-discos-10879612/p
Jugueteria,Goo Jit Zu DC Heroes|Surtido,1999.00 USD (x1),1999.00 USD (x1),https://www.elmachetazo.com/goo-jit-zu-dc-heroessurtido-10872336/p
Jugueteria,Goo Jit Zu Dino X-Ray|Surtido,1699.00 USD (x1),1699.00 USD (x1),https://www.elmachetazo.com/goo-jit-zu-dino-x-raysurtido-10872334/p
Jugueteria,"Goo Jit Zu DC Mini Héroes 2,5""|Surtidos",799.00 USD (x1),799.00 USD (x1),https://www.elmachetazo.com/goo-jit-zu-dc-mini-heroes-25surtidos-10869353/p
Jugueteria,Creepy Crawlers Máquina de Bichos,3999.00 USD (x1),3999.00 USD (x1),https://www.elmachetazo.com/creepy-crawlers-maquina-de-bichos-10872331/p
Jugueteria,Creepy Crawlers Pack de Recarga,1099.00 USD (x1),1099.00 USD (x1),https://www.elmachetazo.com/creepy-crawlers-pack-de-recarga-10872329/p
Jugueteria,Figuras BlueY con Vehículo|4 Set Surtido,2299.00 USD (x1),2299.00 USD (x1),https://www.elmachetazo.com/figuras-bluey-con-vehiculo4-set-surtido-10884533/p
Jugueteria,Figuras BlueY con Accesorios|Set Surtido,1499.00 USD (x1),1499.00 USD (x1),https://www.elmachetazo.com/figuras-bluey-con-accesoriosset-surtido-10866798/p
Jugueteria,Bakugan Evolutions Set de Inicio,3499.00 USD (x1),3499.00 USD (x1),https://www.elmachetazo.com/bakugan-evolutions-set-de-inicio-10866804/p
Jugueteria,Bakugan Evolutions Power Up|Pack de 3 Piezas,2699.00 USD (x1),2699.00 USD (x1),https://www.elmachetazo.com/bakugan-evolutions-power-uppack-de-3-piezas-10867686/p
Jugueteria,Bakugan Evolutions Deka Metal Premium|Incluye Tarjetas Coleccionables,1999.00 USD (x1),1999.00 USD (x1),https://www.elmachetazo.com/bakugan-evolutions-deka-metal-premiumincluye-tarjetas-coleccionables-10867683/p
Jugueteria,Bakugan Evolutions Figuras Premium|Incluye Tarjetas Coleccionables,1699.00 USD (x1),1699.00 USD (x1),https://www.elmachetazo.com/bakugan-evolutions-figuras-premiumincluye-tarjetas-coleccionables-10867685/p
Jugueteria,Bakugan Evolutions Figuras Básicas|Incluye Tarjetas Coleccionables,1099.00 USD (x1),1099.00 USD (x1),https://www.elmachetazo.com/bakugan-evolutions-figuras-basicasincluye-tarjetas-coleccionables-10867682/p
Jugueteria,"Figuras Among Us|6.7""|",2999.00 USD (x1),2999.00 USD (x1),https://www.elmachetazo.com/figuras-among-us67-10866386/p
Jugueteria,"Among Us 4.5""",2999.00 USD (x1),2999.00 USD (x1),https://www.elmachetazo.com/among-us-45-10866385/p
Jugueteria,Among Us Airship|Dirigible con 3 Tripulantes a Bordo,4999.00 USD (x1),4999.00 USD (x1),https://www.elmachetazo.com/among-us-airshipdirigible-con-3-tripulantes-a-bordo-10866383/p
Jugueteria,"Figuras Among Us|Set de 3 Tripulantes|2""|Surtido",999.00 USD (x1),999.00 USD (x1),https://www.elmachetazo.com/figuras-among-usset-de-3-tripulantes2surtido-10866381/p
Jugueteria,Juego Pista Ciudad y Garaje|Set de 82 Piezas,2499.00 USD (x1),2499.00 USD (x1),https://www.elmachetazo.com/juego-pista-ciudad-y-garajeset-de-82-piezas-10857506/p
Jugueteria,Centro de Rescate Express Wheel|Set de 75 Piezas,1999.00 USD (x1),1999.00 USD (x1),https://www.elmachetazo.com/centro-de-rescate-express-wheelset-de-75-piezas-10857505/p
Jugueteria,Centro Espacial Express Wheels|Set de 30 Piezas,1499.00 USD (x1),1499.00 USD (x1),https://www.elmachetazo.com/centro-espacial-express-wheelsset-de-30-piezas-10857504/p
Jugueteria,Estación Policía Express Wheels|Set de 28 Piezas,1499.00 USD (x1),1499.00 USD (x1),https://www.elmachetazo.com/estacion-policia-express-wheelsset-de-28-piezas-10857503/p
Jugueteria,Granja Express Set de 20 Piezas| Surtido,699.00 USD (x1),699.00 USD (x1),https://www.elmachetazo.com/granja-express-set-de-20-piezas-surtido-10102110/p
Jugueteria,Camión Transporte Estación Policial,1999.00 USD (x1),1999.00 USD (x1),https://www.elmachetazo.com/camion-transporte-estacion-policial-10857502/p
Jugueteria,Pista Dinosaurios Launch Speedsters|Set de 16 Piezas,1299.00 USD (x1),1299.00 USD (x1),https://www.elmachetazo.com/pista-dinosaurios-launch-speedstersset-de-16-piezas-10857501/p
Jugueteria,Auto Maletín Transformable|Set de 15 Piezas,1699.00 USD (x1),1699.00 USD (x1),https://www.elmachetazo.com/auto-maletin-transformableset-de-15-piezas-10857500/p
Jugueteria,Transbordador Espacial,699.00 USD (x1),699.00 USD (x1),https://www.elmachetazo.com/transbordador-espacial-10857499/p
Jugueteria,Bebes Llorones Dressy|Surtido,5999.00 USD (x1),5999.00 USD (x1),https://www.elmachetazo.com/bebes-llorones-dressysurtido-10872320/p
Jugueteria,"Black Adam Figura de Acción|6""",699.00 USD (x1),699.00 USD (x1),https://www.elmachetazo.com/black-adam-figura-de-accion6-10869361/p
Jugueteria,Bebes Llorones Muñeca Fantasy Nessy,1999.00 USD (x1),4499.00 USD (x1),https://www.elmachetazo.com/bebes-llorones-muneca-fantasy-nessy-10839775/p
Jugueteria,Bebes Llorones Muñeca Zena,1999.00 USD (x1),4499.00 USD (x1),https://www.elmachetazo.com/bebes-llorones-muneca-zena-10832262/p
Jugueteria,"Batman Batimoto con Figura de Acción|4""",3999.00 USD (x1),3999.00 USD (x1),https://www.elmachetazo.com/batman-batimoto-con-figura-de-accion4-10867687/p
Jugueteria,Batman Batimóvil,2999.00 USD (x1),2999.00 USD (x1),https://www.elmachetazo.com/batman-batimovil-10875761/p
Jugueteria,"Batman Pack Figuras 2""|Set de 5 Piezas|Surtido",1799.00 USD (x1),1799.00 USD (x1),https://www.elmachetazo.com/batman-pack-figuras-2set-de-5-piezassurtido-10884528/p
Jugueteria,Scooter Spiderman,3499.00 USD (x1),3499.00 USD (x1),https://www.elmachetazo.com/scooter-spiderman-10860126/p
Jugueteria,Scooter Avengers,3499.00 USD (x1),3499.00 USD (x1),https://www.elmachetazo.com/scooter-avengers-10860125/p
Jugueteria,Scooter Spiderman Ruedas con Luces,2499.00 USD (x1),2499.00 USD (x1),https://www.elmachetazo.com/scooter-spiderman-ruedas-con-luces-10860087/p
Jugueteria,Scooter Spiderman Ruedas con Luces,2999.00 USD (x1),2999.00 USD (x1),https://www.elmachetazo.com/scooter-spiderman-ruedas-con-luces-10860084/p
Jugueteria,Auto Control Remoto |Advanced|Luces,1899.00 USD (x1),1899.00 USD (x1),https://www.elmachetazo.com/auto-control-remoto-advancedluces-10856427/p
Jugueteria,"Bicicleta Montañera Huffy Granite Rines 26""|Adulto|Color Burgundy",15999.00 USD (x1),15999.00 USD (x1),https://www.elmachetazo.com/bicicleta-montanera-huffy-granite-rines-26adultocolor-burgundy-10825837/p
Jugueteria,Carro Disparador|Radio Control Sensor|Luces|USB,5299.00 USD (x1),5299.00 USD (x1),https://www.elmachetazo.com/carro-disparadorradio-control-sensorlucesusb-10856425/p
Jugueteria,Motocicleta Radio Control|Luces|Música,2499.00 USD (x1),2499.00 USD (x1),https://www.elmachetazo.com/motocicleta-radio-controllucesmusica-10856422/p
Jugueteria,"Patineta Hot Wheels 31""x8""",2499.00 USD (x1),2499.00 USD (x1),https://www.elmachetazo.com/patineta-hot-wheels-31x8-10860148/p
Jugueteria,Spiderman Set de Casco Rodilleras y Coderas,2499.00 USD (x1),2499.00 USD (x1),https://www.elmachetazo.com/spiderman-set-de-casco-rodilleras-y-coderas-10860145/p
Jugueteria,Patines Iron-Man Ajustable|Talla 28-31,4999.00 USD (x1),4999.00 USD (x1),https://www.elmachetazo.com/patines-iron-man-ajustabletalla-28-31-10860132/p
Jugueteria,Patines Spiderman Ajustable|Talla 28-31,4999.00 USD (x1),4999.00 USD (x1),https://www.elmachetazo.com/patines-spiderman-ajustabletalla-28-31-10860131/p
Jugueteria,Patines Avengers Ajustable|Talla 28-31,4999.00 USD (x1),4999.00 USD (x1),https://www.elmachetazo.com/patines-avengers-ajustabletalla-28-31-10860130/p
Jugueteria,Baby Shark Microfono,1599.00 USD (x1),1599.00 USD (x1),https://www.elmachetazo.com/baby-shark-microfono-10784747/p
Jugueteria,Baby Shark Saxofón Musical Luz y Sonidos,1299.00 USD (x1),1299.00 USD (x1),https://www.elmachetazo.com/baby-shark-saxofon-musical-luz-y-sonidos-10866689/p
Jugueteria,"Figura Anime Heroes Naruto 5""|Surtido",1499.00 USD (x1),1499.00 USD (x1),https://www.elmachetazo.com/figura-anime-heroes-naruto-5surtido-10866231/p
Jugueteria,"Muñeca Minnie 13""",3999.00 USD (x1),3999.00 USD (x1),https://www.elmachetazo.com/muneca-minnie-13-10872719/p
Jugueteria,Scooter Paw Patrol de 3 Ruedas,2499.00 USD (x1),2499.00 USD (x1),https://www.elmachetazo.com/scooter-paw-patrol-de-3-ruedas-10831999/p
Jugueteria,Mickey Set de Casco Rodilleras y Coderas,1999.00 USD (x1),1999.00 USD (x1),https://www.elmachetazo.com/mickey-set-de-casco-rodilleras-y-coderas-10244610/p
Jugueteria,Princesas Set de Casco Rodilleras y Coderas,1999.00 USD (x1),1999.00 USD (x1),https://www.elmachetazo.com/princesas-set-de-casco-rodilleras-y-coderas-10229334/p
Jugueteria,Cars Set de Casco Rodilleras y Coderas,1999.00 USD (x1),1999.00 USD (x1),https://www.elmachetazo.com/cars-set-de-casco-rodilleras-y-coderas-10229338/p
Jugueteria,Mis Primeros Bloques de Construcción|150 Piezas,1499.00 USD (x1),1499.00 USD (x1),https://www.elmachetazo.com/mis-primeros-bloques-de-construccion150-piezas-10614332/p
Jugueteria,Bloques de Construcción Unicorn|70 Piezas,2499.00 USD (x1),2499.00 USD (x1),https://www.elmachetazo.com/bloques-de-construccion-unicorn70-piezas-10852762/p
Jugueteria,Centro de Arte Grandes Creaciones,18999.00 USD (x1),18999.00 USD (x1),https://www.elmachetazo.com/centro-de-arte-grandes-creaciones-10859966/p
Jugueteria,Mega Camión de Basura 43cm,1499.00 USD (x1),1499.00 USD (x1),https://www.elmachetazo.com/mega-camion-de-basura-43cm-10852778/p
Jugueteria,Triciclo de Entrenamiento,1999.00 USD (x1),1999.00 USD (x1),https://www.elmachetazo.com/triciclo-de-entrenamiento-10852776/p
Jugueteria,Caballito Mecedora Convertible,3999.00 USD (x1),3999.00 USD (x1),https://www.elmachetazo.com/caballito-mecedora-convertible-10852775/p
Jugueteria,Set Caracol para Playa,999.00 USD (x1),999.00 USD (x1),https://www.elmachetazo.com/set-caracol-para-playa-10852772/p
Jugueteria,Carretilla de Playa y Accesorios,1299.00 USD (x1),1299.00 USD (x1),https://www.elmachetazo.com/carretilla-de-playa-y-accesorios-10852764/p
Jugueteria,Caballete Infantil de Arte 2 en 1,9999.00 USD (x1),9999.00 USD (x1),https://www.elmachetazo.com/caballete-infantil-de-arte-2-en-1-10614361/p
Jugueteria,Bloques de Construcción Set de 50 Piezas,1099.00 USD (x1),1099.00 USD (x1),https://www.elmachetazo.com/bloques-de-construccion-set-de-50-piezas-10614341/p
Jugueteria,Mis Primeros Bloques de Construcción|100 Piezas,2199.00 USD (x1),2199.00 USD (x1),https://www.elmachetazo.com/mis-primeros-bloques-de-construccion100-piezas-10614338/p
Jugueteria,Mis Primeros Bloques de Contrucción|60 Piezas,1499.00 USD (x1),1499.00 USD (x1),https://www.elmachetazo.com/mis-primeros-bloques-de-contruccion60-piezas-10614336/p
Jugueteria,Mi Primer Deslizable,5199.00 USD (x1),5199.00 USD (x1),https://www.elmachetazo.com/mi-primer-deslizable-10574267/p
Jugueteria,Mega Camión Volquete| 83cm,3999.00 USD (x1),3999.00 USD (x1),https://www.elmachetazo.com/mega-camion-volquete-83cm-10518206/p
Jugueteria,Mi Primer Triciclo con Canasta,3999.00 USD (x1),3999.00 USD (x1),https://www.elmachetazo.com/mi-primer-triciclo-con-canasta-10518205/p
Jugueteria,Camión Pitbull Truck|46cm,1299.00 USD (x1),1299.00 USD (x1),https://www.elmachetazo.com/camion-pitbull-truck46cm-10518201/p
Jugueteria,Camión Volquete Dolu,699.00 USD (x1),699.00 USD (x1),https://www.elmachetazo.com/camion-volquete-dolu-10518200/p
Jugueteria,Carrito Playero Dolu con Accesorios,1699.00 USD (x1),1699.00 USD (x1),https://www.elmachetazo.com/carrito-playero-dolu-con-accesorios-10455335/p
Jugueteria,Bloques Coloridos de Construccion|85 Piezas,1999.00 USD (x1),1999.00 USD (x1),https://www.elmachetazo.com/bloques-coloridos-de-construccion85-piezas-10455324/p
Jugueteria,Tablero Didáctico 94 Accesorios,7999.00 USD (x1),7999.00 USD (x1),https://www.elmachetazo.com/tablero-didactico-94-accesorios-10859965/p
Jugueteria,Mesa de Herramientas y Accesorios,7999.00 USD (x1),7999.00 USD (x1),https://www.elmachetazo.com/mesa-de-herramientas-y-accesorios-10859963/p
Jugueteria,Buggy GT Step 2 |Azul,5999.00 USD (x1),9999.00 USD (x1),https://www.elmachetazo.com/carro-montable-step2-buggy-gtazul-10682776/p
Jugueteria,Escritorio de Estudio,4999.00 USD (x1),4999.00 USD (x1),https://www.elmachetazo.com/escritorio-de-estudio-10518215/p
Jugueteria,Triciclo con Remolque 2 en 1,2999.00 USD (x1),2999.00 USD (x1),https://www.elmachetazo.com/triciclo-con-remolque-2-en-1-10852774/p
Jugueteria,Tractor Ranchero de Pedales con Excavadora|Verde,7999.00 USD (x1),7999.00 USD (x1),https://www.elmachetazo.com/tractor-ranchero-de-pedales-con-excavadoraverde-10852784/p
Jugueteria,Camión de Cemento|42cm,1999.00 USD (x1),1999.00 USD (x1),https://www.elmachetazo.com/camion-de-cemento42cm-10852779/p
Jugueteria,Picnic Set Unicorn Dolu|7 Piezas,399.00 USD (x1),399.00 USD (x1),https://www.elmachetazo.com/picnic-set-unicorn-dolu-7-piezas-10852761/p
Jugueteria,Carrito de Cocina Unicornio|Set de 18 Piezas,1499.00 USD (x1),1499.00 USD (x1),https://www.elmachetazo.com/carrito-de-cocina-unicornioset-de-18-piezas-10728077/p
Jugueteria,Nivelador Tonka Steel Classics,4999.00 USD (x1),4999.00 USD (x1),https://www.elmachetazo.com/nivelador-tonka-steel-classics-10852882/p
Jugueteria,Excavadora Tonka Steel Classic,3499.00 USD (x1),3499.00 USD (x1),https://www.elmachetazo.com/excavadora-tonka-steel-classic-10852876/p
Jugueteria,Juego de Bolitas Rodantes,999.00 USD (x1),999.00 USD (x1),https://www.elmachetazo.com/juego-de-bolitas-rodantes-10780111/p
Jugueteria,"Piscina Redonda con Bomba 12'x30"" (3.66m X 76cm)",18999.00 USD (x1),18999.00 USD (x1),https://www.elmachetazo.com/piscina-redonda-con-bomba-12x30-366m-x-76cm-10579940/p
Jugueteria,"Piscina Redonda de Metal 12' x 30"" (3.66m x 76cm)",9999.00 USD (x1),9999.00 USD (x1),https://www.elmachetazo.com/piscina-redonda-de-metal-12-x-30-366m-x-76cm-10756884/p
Jugueteria,Piscina Infantil Inflable Redonda Intex,6299.00 USD (x1),6299.00 USD (x1),https://www.elmachetazo.com/piscina-infantil-inflable-redonda-intex-10855013/p
Jugueteria,Flotador Redondo Bestway|Surtido,799.00 USD (x1),799.00 USD (x1),https://www.elmachetazo.com/flotador-redondo-bestwaysurtido-10860466/p
Jugueteria,"Silla Inflable de Baloncesto 45""x44""x26|1.14m",1999.00 USD (x1),1999.00 USD (x1),https://www.elmachetazo.com/silla-inflable-de-baloncesto-45x44x26114m-10860455/p
Jugueteria,Ducha Portátil Solar PRO,1099.00 USD (x1),1099.00 USD (x1),https://www.elmachetazo.com/ducha-portatil-solar-pro-10860452/p
Jugueteria,Tira Florescente Flowclear para Piscina Bestway,699.00 USD (x1),699.00 USD (x1),https://www.elmachetazo.com/tira-florescente-flowclear-para-piscina-bestway-10860450/p
Jugueteria,Cobertor para Piscina Bestway|8',799.00 USD (x1),799.00 USD (x1),https://www.elmachetazo.com/cobertor-para-piscina-bestway8-10860437/p
Jugueteria,Piscina Rectangular Infantil Bestway,3999.00 USD (x1),3999.00 USD (x1),https://www.elmachetazo.com/piscina-rectangular-infantil-bestway-10860432/p
Jugueteria,"Flotador para Bebé|Unicornio|20""x36""",1099.00 USD (x1),1099.00 USD (x1),https://www.elmachetazo.com/flotador-para-bebeunicornio20x36-10860425/p
Jugueteria,Juego de Snorkel|Surtido,499.00 USD (x1),499.00 USD (x1),https://www.elmachetazo.com/juego-de-snorkelsurtido-10763467/p
Jugueteria,Set Diseños Tejidos,1999.00 USD (x1),1999.00 USD (x1),https://www.elmachetazo.com/set-disenos-tejidos-10823932/p
Jugueteria,Tablero Magnético Multifuncional con Proyector,2799.00 USD (x1),2799.00 USD (x1),https://www.elmachetazo.com/tablero-magnetico-multifuncional-con-proyector-10778521/p
Jugueteria,Play Doh Rolling Kitty Set,395.00 USD (x1),395.00 USD (x1),https://www.elmachetazo.com/play-doh-rolling-kitty-set-10683473/p
Jugueteria,Juego de Mesa Pis Pis,3295.00 USD (x1),3295.00 USD (x1),https://www.elmachetazo.com/juego-de-mesa-pis-pis-10723862/p
Jugueteria,Juego de Mesa Burbujas Divertidas,2995.00 USD (x1),2995.00 USD (x1),https://www.elmachetazo.com/juego-de-mesa-burbujas-divertidas-10683518/p
Jugueteria,Juego de Mesa Grab And Go Games|Viaje Surtido,999.00 USD (x1),999.00 USD (x1),https://www.elmachetazo.com/juego-de-mesa-grab-and-go-gamesviaje-surtido-10521725/p
Jugueteria,Juego de Mesa Foosketball,3299.00 USD (x1),3299.00 USD (x1),https://www.elmachetazo.com/juego-de-mesa-foosketball-10817695/p
Jugueteria,Juego de Mesa Classic Card Games|Edición Carta,499.00 USD (x1),499.00 USD (x1),https://www.elmachetazo.com/juego-de-mesa-classic-card-gamesedicion-carta-10803169/p
Jugueteria,Juego de Mesa Monopoly Junior Peppa Pig,2499.00 USD (x1),2499.00 USD (x1),https://www.elmachetazo.com/juego-de-mesa-monopoly-junior-peppa-pig-10803069/p
Jugueteria,Tabla de Crecimiento Métrico 120cm Princess,499.00 USD (x1),499.00 USD (x1),https://www.elmachetazo.com/tabla-de-crecimiento-metrico-120cm-princess-10817707/p
Jugueteria,Tabla de Crecimiento Métrico Cars 140cm,399.00 USD (x1),399.00 USD (x1),https://www.elmachetazo.com/tabla-de-crecimiento-metrico-cars-140cm-10817703/p
Jugueteria,Organizador Infantil y Baúl sin Tapa Cars,2499.00 USD (x1),2499.00 USD (x1),https://www.elmachetazo.com/organizador-infantil-y-baul-sin-tapa-cars-10817699/p
Jugueteria,Unicorn Cleaning Set W-Bucket,799.00 USD (x1),799.00 USD (x1),https://www.elmachetazo.com/unicorn-cleaning-set-w-bucket-10728094/p
Jugueteria,Trencito|Set con Accesorios|89 Piezas,2499.00 USD (x1),2499.00 USD (x1),https://www.elmachetazo.com/trencito-set-con-accesorios89-piezas-10614347/p
Jugueteria,Rompecabezas E.T. 500 Piezas,1299.00 USD (x1),1299.00 USD (x1),https://www.elmachetazo.com/rompecabezas-et-500-piezas-10794892/p
Jugueteria,Rompecabezas Mickey 1000 Piezas,1099.00 USD (x1),1099.00 USD (x1),https://www.elmachetazo.com/rompecabezas-mickey-1000-piezas-10796659/p
Jugueteria,Bloques Jumbo Set de 50 Piezas,1099.00 USD (x1),1099.00 USD (x1),https://www.elmachetazo.com/bloques-jumbo-set-de-50-piezas-10780110/p
Jugueteria,Play-Doh Masilla Mini 4-Pack,299.00 USD (x1),299.00 USD (x1),https://www.elmachetazo.com/play-doh-masilla-mini-4-pack-10652523/p
Jugueteria,Play-Doh Masilla Color Burst Ice Cream Pack,799.00 USD (x1),799.00 USD (x1),https://www.elmachetazo.com/play-doh-masilla-color-burst-ice-cream-pack-10783274/p
Jugueteria,Rompecabezas Volver al Futuro 500 Piezas,1299.00 USD (x1),1299.00 USD (x1),https://www.elmachetazo.com/rompecabezas-volver-al-futuro-500-piezas-10794890/p
Jugueteria,Rompecabezas Jaws 500 Piezas,1299.00 USD (x1),1299.00 USD (x1),https://www.elmachetazo.com/rompecabezas-jaws-500-piezas-10794894/p
Jugueteria,Rompecabezas Marvel 500 Piezas,1299.00 USD (x1),1299.00 USD (x1),https://www.elmachetazo.com/rompecabezas-marvel-500-piezas-10794886/p
Jugueteria,Play-Doh Elastix Bold Estira y Moldea,699.00 USD (x1),699.00 USD (x1),https://www.elmachetazo.com/play-doh-elastix-bold-estira-y-moldea-10782466/p
Jugueteria,Play-Doh Elastix Bright Estira y Moldea,699.00 USD (x1),699.00 USD (x1),https://www.elmachetazo.com/play-doh-elastix-bright-estira-y-moldea-10782465/p
Jugueteria,Play-Doh Masilla 2 Piezas,259.00 USD (x1),259.00 USD (x1),https://www.elmachetazo.com/play-doh-masilla-2-piezas-10627732/p
Jugueteria,Play-Doh Masilla Color Burst Bright Pack,799.00 USD (x1),799.00 USD (x1),https://www.elmachetazo.com/play-doh-masilla-color-burst-bright-pack-10783288/p
Jugueteria,Play-Doh Masilla Party Pack,699.00 USD (x1),699.00 USD (x1),https://www.elmachetazo.com/play-doh-masilla-party-pack-10782448/p
Jugueteria,Play-Doh Masilla Rainbow 8 Unidades,899.00 USD (x1),899.00 USD (x1),https://www.elmachetazo.com/play-doh-masilla-rainbow--8-unidades-10718795/p
Jugueteria,Play-Doh Masilla 2 Pack,259.00 USD (x1),259.00 USD (x1),https://www.elmachetazo.com/play-doh-masilla-2-pack-10627734/p
Jugueteria,Tortuga Ordenadora de Formas|5 Piezas,999.00 USD (x1),999.00 USD (x1),https://www.elmachetazo.com/tortuga-ordenadora-de-formas5-piezas-10455331/p
Jugueteria,Juego Magnético,799.00 USD (x1),799.00 USD (x1),https://www.elmachetazo.com/juego-magnetico-10787240/p
Jugueteria,Rompecabezas 20 Piezas,895.00 USD (x1),895.00 USD (x1),https://www.elmachetazo.com/rompecabezas-20-piezas-10731494/p
Jugueteria,Rompecabezas Mandala para Colorear 300 Piezas,999.00 USD (x1),999.00 USD (x1),https://www.elmachetazo.com/rompecabezas-mandala-para-colorear-300-piezas-10731899/p
Jugueteria,Play-Doh Masilla Paquete 2 Unidades,259.00 USD (x1),259.00 USD (x1),https://www.elmachetazo.com/play-doh-masilla-paquete-2-unidades-10627729/p
Jugueteria,Snotty Scotty,1499.00 USD (x1),1499.00 USD (x1),https://www.elmachetazo.com/snotty-scotty-10782479/p
Jugueteria,Farm Oveja Divertida,2999.00 USD (x1),2999.00 USD (x1),https://www.elmachetazo.com/farm-oveja-divertida-10782493/p
Jugueteria,Farm Bronco,1299.00 USD (x1),1299.00 USD (x1),https://www.elmachetazo.com/farm-bronco-10782478/p
Jugueteria,Camión Cargador Frontal,2999.00 USD (x1),2999.00 USD (x1),https://www.elmachetazo.com/camion-cargador-frontal-10782401/p
Jugueteria,Sandwichera Divertida,1499.00 USD (x1),1499.00 USD (x1),https://www.elmachetazo.com/sandwichera-divertida-10782473/p
Jugueteria,Juego de Mesa Monopoly Arcade Pac-Man,4499.00 USD (x1),4499.00 USD (x1),https://www.elmachetazo.com/juego-de-mesa-monopoly-arcade-pac-man-10782276/p
Jugueteria,Juego de Mesa Monopoly Cazafantasmas,4999.00 USD (x1),4999.00 USD (x1),https://www.elmachetazo.com/juego-de-mesa-monopoly-cazafantasmas-10782277/p
Jugueteria,Tablero de Arte Crayola My First,7999.00 USD (x1),7999.00 USD (x1),https://www.elmachetazo.com/tablero-de-arte-crayola-my-first-10048645/p
Jugueteria,Play-Doh Fábrica de Chocolates,3899.00 USD (x1),3899.00 USD (x1),https://www.elmachetazo.com/play-doh-fabrica-de-chocolates-10780902/p
Jugueteria,Play-Doh Buzz Lightyear,2295.00 USD (x1),2295.00 USD (x1),https://www.elmachetazo.com/play-doh-buzz-lightyear-10724028/p
Jugueteria,Play-Doh Trolls Movie,2199.00 USD (x1),2199.00 USD (x1),https://www.elmachetazo.com/play-doh-trolls-movie-10782487/p
Jugueteria,Play-Doh Dulce Fábrica de Cookies,2295.00 USD (x1),2295.00 USD (x1),https://www.elmachetazo.com/play-doh-dulce-fabrica-de-cookies-10718807/p
Jugueteria,Play-Doh Primeras Creaciones,1495.00 USD (x1),1495.00 USD (x1),https://www.elmachetazo.com/play-doh-primeras-creaciones-10527410/p
Jugueteria,Play-Doh El Dentista Bromista,2299.00 USD (x1),2299.00 USD (x1),https://www.elmachetazo.com/play-doh-el-dentista-bromista-10582788/p
Jugueteria,Linkimals Castor Click Clack,2499.00 USD (x1),2499.00 USD (x1),https://www.elmachetazo.com/linkimals-castor-click-clack-10815436/p
Jugueteria,Tapete de Juego Diversión en la Alberca,2999.00 USD (x1),2999.00 USD (x1),https://www.elmachetazo.com/tapete-de-juego-diversion-en-la-alberca-10803608/p
Jugueteria,Llama Peluche de Actividades,3999.00 USD (x1),3999.00 USD (x1),https://www.elmachetazo.com/llama-peluche-de-actividades-10863951/p
Jugueteria,Fisher Price Perrito Andadera de Aprendizaje,6999.00 USD (x1),6999.00 USD (x1),https://www.elmachetazo.com/fisher-price-perrito-andadera-de-aprendizaje-10698460/p
Jugueteria,Fisher Price Smartphone Aprendiendo con Hermanita,2499.00 USD (x1),2499.00 USD (x1),https://www.elmachetazo.com/fisher-price-smartphone-aprendiendo-con-hermanita-10863949/p
Jugueteria,Fisher Price Control Remoto de Hermanita,1299.00 USD (x1),1299.00 USD (x1),https://www.elmachetazo.com/fisher-price-control-remoto-de-hermanita-10863948/p
Jugueteria,Fisher Price Smartphone de Aprendizaje Rosa,1499.00 USD (x1),1499.00 USD (x1),https://www.elmachetazo.com/fisher-price-smartphone-de-aprendizaje-rosa-10863947/p
Jugueteria,Fisher Price Smartphone de Aprendizaje Azul,1499.00 USD (x1),1499.00 USD (x1),https://www.elmachetazo.com/fisher-price-smartphone-de-aprendizaje-azul-10863946/p
Jugueteria,Fisher Price Teléfono Sonidos Divertidos,1099.00 USD (x1),1099.00 USD (x1),https://www.elmachetazo.com/fisher-price-telefono-sonidos-divertidos-10464410/p
Jugueteria,Fisher Price Cassete Mis Primeras Palabras,1499.00 USD (x1),1499.00 USD (x1),https://www.elmachetazo.com/fisher-price-cassete-mis-primeras-palabras-10803713/p
Jugueteria,Fisher Price Carritos Amigos Sorpresa Pingüino,799.00 USD (x1),799.00 USD (x1),https://www.elmachetazo.com/fisher-price-carritos-amigos-sorpresa-pingino-10803712/p
Jugueteria,Fisher Price Tapete de Actividades Extra Grande,4999.00 USD (x1),4999.00 USD (x1),https://www.elmachetazo.com/fisher-price-tapete-de-actividades-extra-grande-10863958/p
Jugueteria,Fisher Price Tablet de Aprendizaje Crece Conmigo Rosa,1999.00 USD (x1),1999.00 USD (x1),https://www.elmachetazo.com/fisher-price-tablet-de-aprendizaje-crece-conmigo-rosa-10863945/p
Jugueteria,Fisher Price Animalitos Luminosos|Peluche Surtido,2299.00 USD (x1),2299.00 USD (x1),https://www.elmachetazo.com/fisher-price-animalitos-luminosospeluche-surtido-10522578/p
Jugueteria,Fisher Price Proyector Hipo Hora de Dormir,2999.00 USD (x1),2999.00 USD (x1),https://www.elmachetazo.com/fisher-price-proyector-hipo-hora-de-dormir-10538405/p
Jugueteria,Fisher Price Sonajero Llavero de Actividades,899.00 USD (x1),899.00 USD (x1),https://www.elmachetazo.com/fisher-price-sonajero-llavero-de-actividades-10402555/p
Jugueteria,Disney Pixar Lightyear Buzz con la nave espacial XL-03,1999.00 USD (x1),1999.00 USD (x1),https://www.elmachetazo.com/disney-pixar-lightyear-buzz-con-la-nave-espacial-xl-03-10864000/p
Jugueteria,Disney Lightyear Nave Espacial XL-02,1999.00 USD (x1),1999.00 USD (x1),https://www.elmachetazo.com/disney-lightyear-nave-espacial-xl-02-10863999/p
Jugueteria,"Disney Pixar Lightyear Figura de 12"" Cyclops",3999.00 USD (x1),3999.00 USD (x1),https://www.elmachetazo.com/disney-pixar-lightyear-figura-de-12-cyclops-10863996/p
Jugueteria,Lightyear Peluche Básico| 12x20cm|Surtido,2299.00 USD (x1),2299.00 USD (x1),https://www.elmachetazo.com/lightyear-peluche-basico-12x20cmsurtido-10863992/p
Jugueteria,Jurassic World Peluche de Mini Dinosaurio con Sonidos|10x13cm,1999.00 USD (x1),1999.00 USD (x1),https://www.elmachetazo.com/jurassic-world-peluche-de-mini-dinosaurio-con-sonidos10x13cm-10863991/p
Jugueteria,Jurassic World Dinosaurios y Personajes Surtidos,2999.00 USD (x1),2999.00 USD (x1),https://www.elmachetazo.com/jurassic-world-dinosaurios-y-personajes-surtidos-10863984/p
Jugueteria,Jurassic World Ankylosaurus Dinosaurio Ruge y Ataca,2999.00 USD (x1),2999.00 USD (x1),https://www.elmachetazo.com/jurassic-world-ankylosaurus-dinosaurio-ruge-y-ataca-10863983/p
Jugueteria,Jurassic World Rugido Feroz Dinosaurios Surtidos,1299.00 USD (x1),1299.00 USD (x1),https://www.elmachetazo.com/jurassic-world-rugido-feroz-dinosaurios-surtidos-10863981/p
Jugueteria,Jurassic World Dinosaurio Figura de 12”,1499.00 USD (x1),1499.00 USD (x1),https://www.elmachetazo.com/jurassic-world-dinosaurio-figura-de-12-10863957/p
Jugueteria,Imaginext Jurassic World Figuras Básicas XL Dinosaurios Sorpresa,1699.00 USD (x1),1699.00 USD (x1),https://www.elmachetazo.com/imaginext-jurassic-world-figuras-basicas-xl-dinosaurios-sorpresa-10803690/p
Jugueteria,Muñeca Little Mommy Aprendiendo a ir al Baño,3999.00 USD (x1),3999.00 USD (x1),https://www.elmachetazo.com/muneca-little-mommy-aprendiendo-a-ir-al-bano-10321563/p
Jugueteria,Muñeca Mariposa My Garden Baby,3499.00 USD (x1),3499.00 USD (x1),https://www.elmachetazo.com/muneca-mariposa-my-garden-baby-10863962/p
Jugueteria,Polly Pocket Hospital Veterinario,4399.00 USD (x1),4399.00 USD (x1),https://www.elmachetazo.com/polly-pocket-hospital-veterinario-10803558/p
Jugueteria,Polly Pocket Set Surtido de Deportes,2499.00 USD (x1),2499.00 USD (x1),https://www.elmachetazo.com/polly-pocket-set-surtido-de-deportes-10863979/p
Jugueteria,Polly Pocket Parque Acuático,3999.00 USD (x1),3999.00 USD (x1),https://www.elmachetazo.com/polly-pocket-parque-acuatico-10863980/p
Jugueteria,Polly Pocket Actividades Acuáticas,1999.00 USD (x1),1999.00 USD (x1),https://www.elmachetazo.com/polly-pocket-actividades-acuaticas-10863959/p
Jugueteria,Polly Pocket Caja de Palomitas Sorpresa,3999.00 USD (x1),3999.00 USD (x1),https://www.elmachetazo.com/polly-pocket-caja-de-palomitas-sorpresa-10803666/p
Jugueteria,Figura Disney Villanas Alas de Maléfica,3999.00 USD (x1),3999.00 USD (x1),https://www.elmachetazo.com/figura-disney-villanas-alas-de-malefica-10863927/p
Jugueteria,Disney Princess Aventuras|Muñecas Surtidas,2499.00 USD (x1),2499.00 USD (x1),https://www.elmachetazo.com/disney-princess-aventurasmunecas-surtidas-10860988/p
Jugueteria,Disney Princess Brillo Real|Muñecas Surtidas|F0882,1999.00 USD (x1),1999.00 USD (x1),https://www.elmachetazo.com/disney-princess-brillo-realmunecas-surtidasf0882-10860949/p
Jugueteria,Disney Princess Brillo Real|Muñecas Surtidas|F0881,1999.00 USD (x1),1999.00 USD (x1),https://www.elmachetazo.com/disney-princess-brillo-realmunecas-surtidasf0881-10860887/p
Jugueteria,Estadio Beyblade Burst Quad Drive,1699.00 USD (x1),1699.00 USD (x1),https://www.elmachetazo.com/estadio-beyblade-burst-quad-drive-10860981/p
Jugueteria,Lanzador Beyblade Cyclone Fury,3499.00 USD (x1),3499.00 USD (x1),https://www.elmachetazo.com/lanzador-beyblade-cyclone-fury-10860979/p
Jugueteria,Beyblade Quad Drive Dual Pack,2699.00 USD (x1),2699.00 USD (x1),https://www.elmachetazo.com/beyblade-quad-drive-dual-pack-10860982/p
Jugueteria,Spiderman Titan Hero figura 12'',1499.00 USD (x1),1499.00 USD (x1),https://www.elmachetazo.com/spiderman-titan-hero-figura-12-10864136/p
Jugueteria,Lanzador Nerf Spiderman Tri-Shot,2999.00 USD (x1),2999.00 USD (x1),https://www.elmachetazo.com/lanzador-nerf-spiderman-tri-shot-10861050/p
Jugueteria,Spiderman Máscara y Mini Lanzador Spider-Verse Gwen,2499.00 USD (x1),2499.00 USD (x1),https://www.elmachetazo.com/spiderman-mascara-y-mini-lanzador-spider-verse-gwen-10861021/p
Jugueteria,Spiderman Máscara Punk Spider-Verse,1699.00 USD (x1),1699.00 USD (x1),https://www.elmachetazo.com/spiderman-mascara-punk-spider-verse-10861018/p
Jugueteria,Black Panther Máscara de Poder Vibranium,4999.00 USD (x1),4999.00 USD (x1),https://www.elmachetazo.com/black-panther-mascara-de-poder-vibranium-10861045/p
Jugueteria,FurReal Lil’ Wilds Lolly la Leopardo,5499.00 USD (x1),5499.00 USD (x1),https://www.elmachetazo.com/furreal-lil-wilds-lolly-la-leopardo-10861077/p
Jugueteria,FurReal Poopalots Perrito Dalmata,3499.00 USD (x1),3499.00 USD (x1),https://www.elmachetazo.com/furreal-poopalots-perrito-dalmata-10861069/p
Jugueteria,FurReal Friends Newborns Kitty,2499.00 USD (x1),2499.00 USD (x1),https://www.elmachetazo.com/furreal-friends-newborns-kitty-10863915/p
Jugueteria,Lanzador Nerf Supersoaker Dinosquad Raptor,799.00 USD (x1),799.00 USD (x1),https://www.elmachetazo.com/lanzador-nerf-supersoaker-dinosquad-raptor-10860966/p
Jugueteria,Lanzador Nerf Super Soaker Rainstorm,1499.00 USD (x1),1499.00 USD (x1),https://www.elmachetazo.com/lanzador-nerf-super-soaker-rainstorm-10861053/p
Jugueteria,Lanzador Nerf Super Soaker Torrent,699.00 USD (x1),699.00 USD (x1),https://www.elmachetazo.com/lanzador-nerf-super-soaker-torrent-10861052/p
Jugueteria,Lanzador Nerf Elite 2.0 Tetrad QS-4,1699.00 USD (x1),1699.00 USD (x1),https://www.elmachetazo.com/lanzador-nerf-elite-20-tetrad-qs-4-10861065/p
Jugueteria,Lanzador Nerf Elite 2.0 Prospect QS4,1099.00 USD (x1),1099.00 USD (x1),https://www.elmachetazo.com/lanzador-nerf-elite-20-prospect-qs4-10861058/p
Jugueteria,Avengers Titan Hero Hulk,1999.00 USD (x1),1999.00 USD (x1),https://www.elmachetazo.com/avengers-titan-hero-hulk-10817638/p
Jugueteria,Avengers Titan Hero Capitan America,999.00 USD (x1),999.00 USD (x1),https://www.elmachetazo.com/avengers-titan-hero-capitan-america-10803209/p
Jugueteria,Avengers Titan Hero Black Panther,1499.00 USD (x1),1499.00 USD (x1),https://www.elmachetazo.com/avengers-titan-hero-black-panther-10860957/p
Jugueteria,Avengers Titan Hero Moon Knight,1499.00 USD (x1),1499.00 USD (x1),https://www.elmachetazo.com/avengers-titan-hero-moon-knight-10863929/p
Jugueteria,"Set Plancha, Tabla y Máquina coser de Juguete",1999.00 USD (x1),1999.00 USD (x1),https://www.elmachetazo.com/set-plancha-tabla-y-maquina-coser-de-juguete-10820435/p
Jugueteria,Super Mario Figura de Acción|10cm|Personajes Surtidos,1699.00 USD (x1),1699.00 USD (x1),https://www.elmachetazo.com/super-mario-figura-de-accion10cmpersonajes-surtidos-10866805/p
Jugueteria,Mario Kart Figura de Luigi Megagiros con Banana,3499.00 USD (x1),3499.00 USD (x1),https://www.elmachetazo.com/mario-kart-figura-de-luigi-megagiros-con-banana-10866796/p
Jugueteria,"Super Mario Cloud Set con Figura de 2.5""",3799.00 USD (x1),3799.00 USD (x1),https://www.elmachetazo.com/super-mario-cloud-set-con-figura-de-25-10866789/p
Jugueteria,Barbie Doctora,3499.00 USD (x1),3499.00 USD (x1),https://www.elmachetazo.com/barbie-doctora-10864031/p
Jugueteria,Barbie Entrenadora de Futbol,3499.00 USD (x1),3499.00 USD (x1),https://www.elmachetazo.com/barbie-entrenadora-de-futbol-10864028/p
Jugueteria,Barbie Deportista Olimpica|Muñeca Surtida,2699.00 USD (x1),2699.00 USD (x1),https://www.elmachetazo.com/barbie-deportista-olimpicamuneca-surtida-10815392/p
Jugueteria,Barbie Cutie Reveal Animales Sorpresa|Muñeca Surtida,3999.00 USD (x1),3999.00 USD (x1),https://www.elmachetazo.com/barbie-cutie-reveal-animales-sorpresamuneca-surtida-10863993/p
Jugueteria,Barbie Color Reveal Set Fiesta Sorpresa,4999.00 USD (x1),4999.00 USD (x1),https://www.elmachetazo.com/barbie-color-reveal-set-fiesta-sorpresa-10863968/p
Jugueteria,Barbie Extra Muñeca Deluxe,4999.00 USD (x1),4999.00 USD (x1),https://www.elmachetazo.com/barbie-extra-muneca-deluxe-10863961/p
Jugueteria,Barbie Skypper Babysitters INC Parque Infantil,3999.00 USD (x1),3999.00 USD (x1),https://www.elmachetazo.com/barbie-skypper-babysitters-inc-parque-infantil-10803546/p
Jugueteria,Carro Electrico Sport Deluxe,16499.00 USD (x1),16499.00 USD (x1),https://www.elmachetazo.com/carro-electrico-sport-deluxe-10853066/p
Jugueteria,Poly Pocket Super Barbacoa,1999.00 USD (x1),1999.00 USD (x1),https://www.elmachetazo.com/poly-pocket-super-barbacoa-10759758/p
Jugueteria,Manilla de Béisbol 10'',1699.00 USD (x1),1699.00 USD (x1),https://www.elmachetazo.com/manilla-de-beisbol-10-10225565/p
Jugueteria,"Piscina Intex Easy Set|10'x24""|8117EH",11499.00 USD (x1),11499.00 USD (x1),https://www.elmachetazo.com/piscina-intex-easy-set10x248117eh-10817306/p
Jugueteria,"Piscina Intex Easy Set|10'x30""|Bomba con Filtro",11999.00 USD (x1),11999.00 USD (x1),https://www.elmachetazo.com/piscina-intex-easy-set10x30-10817307/p
Jugueteria,Piscina con Marco de Metal,6999.00 USD (x1),6999.00 USD (x1),https://www.elmachetazo.com/piscina-con-marco-de-metal-10814089/p
Jugueteria,Encanto Acordeón Musical de Mirabel,5499.00 USD (x1),5499.00 USD (x1),https://www.elmachetazo.com/encanto-acordeon-musical-de-mirabel-10842156/p
Jugueteria,Juego de Mesa Party & Co. Family,3999.00 USD (x1),3999.00 USD (x1),https://www.elmachetazo.com/juego-de-mesa-party--co-family-10784394/p
Jugueteria,Torre Arco Iris,399.00 USD (x1),399.00 USD (x1),https://www.elmachetazo.com/torre-arco-iris-10778358/p
Jugueteria,Set de Muñeca con Cocina,899.00 USD (x1),899.00 USD (x1),https://www.elmachetazo.com/set-de-muneca-con-cocina-10820441/p
Jugueteria,Set de Belleza,799.00 USD (x1),799.00 USD (x1),https://www.elmachetazo.com/set-de-belleza-10823928/p
Jugueteria,Set de Maquillaje,1299.00 USD (x1),1299.00 USD (x1),https://www.elmachetazo.com/set-de-maquillaje-10823930/p
Jugueteria,Juego de Mesa Cartas,199.00 USD (x1),199.00 USD (x1),https://www.elmachetazo.com/juego-de-mesa-cartas-10686757/p
Jugueteria,Masters of The Universe| Land Shark Tanque Devorador,3499.00 USD (x1),3499.00 USD (x1),https://www.elmachetazo.com/masters-of-the-universe-land-shark-tanque-devorador-10826379/p
Jugueteria,Masters of The Universe| Criaturas de Acción,2299.00 USD (x1),2299.00 USD (x1),https://www.elmachetazo.com/masters-of-the-universe-criaturas-de-accion-10803675/p
Jugueteria,Paw Patrol Build a Bot Marshall,999.00 USD (x1),3699.00 USD (x1),https://www.elmachetazo.com/paw-patrol-build-a-bot-marshall-10821932/p
Jugueteria,Frozen Anna Transformación | Figura 12'',4999.00 USD (x1),4999.00 USD (x1),https://www.elmachetazo.com/frozen-anna-transformacion--figura-12-10782555/p
Jugueteria,Frozen Kristoff |Figura 12'',2395.00 USD (x1),2395.00 USD (x1),https://www.elmachetazo.com/frozen-kristoff-figura-12-10738442/p
Jugueteria,Rey León Set Escondite de la Hiena,1999.00 USD (x1),1999.00 USD (x1),https://www.elmachetazo.com/rey-leon-set-escondite-de-la-hiena-10808610/p
Jugueteria,Snake Eyes Ninja Strike Figura de Acción,3699.00 USD (x1),3699.00 USD (x1),https://www.elmachetazo.com/snake-eyes-ninja-strike-figura-de-accion-10818183/p
Jugueteria,Lanzador Shang Chi Leyenda de los 10 Anillos,2999.00 USD (x1),2999.00 USD (x1),https://www.elmachetazo.com/lanzador-shang-chi-leyenda-de-los-10-anillos-10817755/p
Jugueteria,G.I. Joe Moto de Acción Snake Eyes,3699.00 USD (x1),3699.00 USD (x1),https://www.elmachetazo.com/gi-joe-moto-de-accion-snake-eyes-10817702/p
Jugueteria,Power Rangers Rojo Máscara Electrónica,3299.00 USD (x1),3299.00 USD (x1),https://www.elmachetazo.com/power-rangers-rojo-mascara-electronica-10817778/p
Jugueteria,Power Rangers Ranger Rojo Beast Xmode,1499.00 USD (x1),1499.00 USD (x1),https://www.elmachetazo.com/power-rangers-ranger-rojo-beast-xmode-10782134/p
Jugueteria,Power Rangers Mighty Morphin Máscara Ranger Azul,699.00 USD (x1),699.00 USD (x1),https://www.elmachetazo.com/power-rangers-mighty-morphin-mascara-ranger-azul-10817639/p
Jugueteria,Nintendo Super Mario Multipack Set,3499.00 USD (x1),3499.00 USD (x1),https://www.elmachetazo.com/nintendo-super-mario-multipack-set-10822026/p
Jugueteria,Scooter Dragon Ball de 3 Ruedas,1999.00 USD (x1),1999.00 USD (x1),https://www.elmachetazo.com/scooter-dragon-ball-de-3-ruedas-10819575/p
Jugueteria,Enchantimals Amigas Tiernas |Muñecas Surtidas de 30 cm,2999.00 USD (x1),2999.00 USD (x1),https://www.elmachetazo.com/enchantimals-amigas-tiernas-munecas-surtidas-de-30-cm-10701370/p
Jugueteria,Polly Pocket Mini Mundos de Aventura,1999.00 USD (x1),1999.00 USD (x1),https://www.elmachetazo.com/polly-pocket-mini-mundos-de-aventura-10759714/p
Jugueteria,Ken 60 Aniversario|Muñecos Surtidos,1499.00 USD (x1),1499.00 USD (x1),https://www.elmachetazo.com/ken-60-aniversariomunecos-surtidos-10803575/p
Jugueteria,Barbie Malibu 50 Aniversario,1499.00 USD (x1),1499.00 USD (x1),https://www.elmachetazo.com/barbie-malibu-50-aniversario-10815391/p
Jugueteria,Ken Fashionista|Muñecos Surtidos,1999.00 USD (x1),1999.00 USD (x1),https://www.elmachetazo.com/ken-fashionistamunecos-surtidos-10636688/p
Jugueteria,Barbie Fashionista|Muñecas Surtidas,1499.00 USD (x1),1499.00 USD (x1),https://www.elmachetazo.com/barbie-fashionistamunecas-surtidas-10627005/p
Jugueteria,Barbie Profesiones Sets de Juego|Muñecas Surtidas,2999.00 USD (x1),2999.00 USD (x1),https://www.elmachetazo.com/barbie-profesiones-sets-de-juegomunecas-surtidas-10626999/p
Jugueteria,Barbie Chelsea Surfistas|Muñecas Surtidas,1499.00 USD (x1),1499.00 USD (x1),https://www.elmachetazo.com/barbie-chelsea-surfistasmunecas-surtidas-10815390/p
Jugueteria,Barbie Mini Sets |Accesorios,1799.00 USD (x1),1799.00 USD (x1),https://www.elmachetazo.com/barbie-mini-sets-accesorios-10803590/p
Jugueteria,Juego de Mesa Hedbanz Blast Off!,1999.00 USD (x1),1999.00 USD (x1),https://www.elmachetazo.com/juego-de-mesa-hedbanz-blast-off-10822012/p
Jugueteria,Little Mommy Mi Muñeca con Accesorios,1999.00 USD (x1),1999.00 USD (x1),https://www.elmachetazo.com/little-mommy-mi-muneca-con-accesorios-10803696/p
Jugueteria,Muñeca Little Mommy Bebé Recién Nacida,1299.00 USD (x1),1299.00 USD (x1),https://www.elmachetazo.com/muneca-little-mommy-bebe-recien-nacida-10803630/p
Jugueteria,Spirit Caballos Figuras de Acción,1499.00 USD (x1),1499.00 USD (x1),https://www.elmachetazo.com/spirit-caballos-figuras-de-accion-10803694/p
Jugueteria,Spirit Happy Trails Fashion,2099.00 USD (x1),2099.00 USD (x1),https://www.elmachetazo.com/spirit-happy-trails-fashion-10815406/p
Jugueteria,Power Rangers Beast Ultrazord,5595.00 USD (x1),5595.00 USD (x1),https://www.elmachetazo.com/power-rangers-beast-ultrazord-10738434/p
Jugueteria,Rapunzel Melodías Mágicas,3795.00 USD (x1),3795.00 USD (x1),https://www.elmachetazo.com/rapunzel-melodias-magicas-10733581/p
Jugueteria,Power Rangers Lanzador Cheetah,3795.00 USD (x1),3795.00 USD (x1),https://www.elmachetazo.com/power-rangers-lanzador-cheetah-10738437/p
Jugueteria,Power Rangers Black Mega Mighties,1499.00 USD (x1),1499.00 USD (x1),https://www.elmachetazo.com/power-rangers-black-mega-mighties-10782519/p
Jugueteria,Piano Barbie Fashionista,2999.00 USD (x1),2999.00 USD (x1),https://www.elmachetazo.com/piano-barbie-fashionista-10805946/p
Jugueteria,Piano Princess 24 Teclas,2999.00 USD (x1),2999.00 USD (x1),https://www.elmachetazo.com/piano-princess-24-teclas-10614392/p
Jugueteria,Teclado PJ Mask,2499.00 USD (x1),2499.00 USD (x1),https://www.elmachetazo.com/teclado-pj-mask-10674019/p
Jugueteria,Matchbox Surtido de Auto Básico,199.00 USD (x1),199.00 USD (x1),https://www.elmachetazo.com/matchbox-surtido-de-auto-basico-10169057/p
Jugueteria,Hot Wheels Personajes Mario Kart con Glider,1499.00 USD (x1),1499.00 USD (x1),https://www.elmachetazo.com/hot-wheels-personajes-mario-kart-con-glider-10815415/p
Jugueteria,Fisher Price Tortuga Primeros Gateos,3999.00 USD (x1),3999.00 USD (x1),https://www.elmachetazo.com/fisher-price-tortuga-primeros-gateos-10803695/p
Jugueteria,"Batman Figura Acción 6""|Surtido",499.00 USD (x1),499.00 USD (x1),https://www.elmachetazo.com/batman-figura-accion-6surtido-10821999/p
Jugueteria,Fisher Price Hermanita Aprende Conmigo,4999.00 USD (x1),4999.00 USD (x1),https://www.elmachetazo.com/fisher-price-hermanita-aprende-conmigo-10687016/p
Jugueteria,Juego de Mesa Clue Cazafantasmas,3399.00 USD (x1),3399.00 USD (x1),https://www.elmachetazo.com/juego-de-mesa-clue-cazafantasmas-10826022/p
Jugueteria,Espejo Magico Princesa Little Tikes,11499.00 USD (x1),11499.00 USD (x1),https://www.elmachetazo.com/espejo-magico-princesa-little-tikes-10773974/p
Jugueteria,Cocina Super Chef,14999.00 USD (x1),14999.00 USD (x1),https://www.elmachetazo.com/cocina-super-chef-10227559/p
Jugueteria,PJ Mask HQ Rocket,2999.00 USD (x1),2999.00 USD (x1),https://www.elmachetazo.com/pj-mask-hq-rocket-10817776/p
Jugueteria,Bat Tech Batman Figura de Acción 4'' Transformable,1999.00 USD (x1),1999.00 USD (x1),https://www.elmachetazo.com/bat-tech-batman-figura-de-accion-4-transformable-10822031/p
Jugueteria,Batman Máscara Cambio de Voz,5499.00 USD (x1),5499.00 USD (x1),https://www.elmachetazo.com/batman-mascara-cambio-de-voz-10829614/p
Jugueteria,Bat Tech Batman Figuras de Acción 4'',1099.00 USD (x1),1099.00 USD (x1),https://www.elmachetazo.com/bat-tech-batman-figuras-de-accion-4-10822000/p
Jugueteria,Control Juega y Aprende Leap Frog,2599.00 USD (x1),2599.00 USD (x1),https://www.elmachetazo.com/control-juega-y-aprende-leap-frog-10740370/p
Jugueteria,León Abrazos y Caricias Leap Frog,3499.00 USD (x1),3499.00 USD (x1),https://www.elmachetazo.com/leon-abrazos-y-caricias-leap-frog-10829579/p
Jugueteria,Mi Compañero Scout Cantarín Leap Frog,2499.00 USD (x1),2499.00 USD (x1),https://www.elmachetazo.com/mi-companero-scout-cantarin-leap-frog-10653307/p
Jugueteria,Matchbox Action Drivers Fire Rescue Team Playset,4999.00 USD (x1),4999.00 USD (x1),https://www.elmachetazo.com/matchbox-action-drivers-fire-rescue-team-playset-10815427/p
Jugueteria,Hot Wheels Monster Trucks Escala 1:64,799.00 USD (x1),799.00 USD (x1),https://www.elmachetazo.com/hot-wheels-monster-trucks-escala-164-10776179/p
Jugueteria,Hot Wheels Desafío de Vueltas,7499.00 USD (x1),7499.00 USD (x1),https://www.elmachetazo.com/hot-wheels-desafio-de-vueltas-10830451/p
Jugueteria,Polly Pocket Lila y su Conejito,899.00 USD (x1),899.00 USD (x1),https://www.elmachetazo.com/polly-pocket-lila-y-su-conejito-10803538/p
Jugueteria,Dc Modern Batman Multiverse,2499.00 USD (x1),2499.00 USD (x1),https://www.elmachetazo.com/dc-modern-batman-multiverse-10784321/p
Jugueteria,"Dragon Ball Goku Super Saiyan|Figura Articulada|12""",2199.00 USD (x1),2199.00 USD (x1),https://www.elmachetazo.com/dragon-ball-goku-super-saiyan-figura-articulada-12-10821910/p
Jugueteria,Teclado de Frozen,3999.00 USD (x1),3999.00 USD (x1),https://www.elmachetazo.com/teclado-de-frozen-10805955/p
Jugueteria,Micrófono Frozen,1499.00 USD (x1),1499.00 USD (x1),https://www.elmachetazo.com/microfono-frozen-10805952/p
Jugueteria,Dino Mat Kids Carrito con Sonido,2199.00 USD (x1),2199.00 USD (x1),https://www.elmachetazo.com/dino-mat-kids-carrito-con-sonido-10769938/p
Jugueteria,Dino T-Rex con Sonido,1299.00 USD (x1),1299.00 USD (x1),https://www.elmachetazo.com/dino-t-rex-con-sonido-10769934/p
Jugueteria,Barbie Dreamtopia Princesa con Carruaje,4499.00 USD (x1),4499.00 USD (x1),https://www.elmachetazo.com/barbie-dreamtopia-princesa-con-carruaje-10776291/p
Jugueteria,Tybo New Print Studio,2499.00 USD (x1),2499.00 USD (x1),https://www.elmachetazo.com/tybo-new-print-studio-10821914/p
Jugueteria,Tybo Refill Pack Color Box,999.00 USD (x1),999.00 USD (x1),https://www.elmachetazo.com/tybo-refill-pack-color-box-10821913/p
Jugueteria,Hot Wheels Set de Protección,3499.00 USD (x1),3499.00 USD (x1),https://www.elmachetazo.com/hot-wheels-set-de-proteccion-10614377/p
Jugueteria,Mecedora Convertible Unicornio,3999.00 USD (x1),3999.00 USD (x1),https://www.elmachetazo.com/mecedora-convertible-unicornio-10728075/p
Jugueteria,Unicornio Siéntate y Pasea,1899.00 USD (x1),1899.00 USD (x1),https://www.elmachetazo.com/unicornio-sientate-y-pasea-10728081/p
Jugueteria,Unicorn Smart Car|Carro con Pedales,4499.00 USD (x1),4499.00 USD (x1),https://www.elmachetazo.com/unicorn-smart-carcarro-con-pedales-10728080/p
Jugueteria,Crayola Letras y Números Magnéticos 128 Piezas,2499.00 USD (x1),2499.00 USD (x1),https://www.elmachetazo.com/crayola-letras-y-numeros-magneticos-128-piezas-10806975/p
Jugueteria,FabStudio 3-In-1 Vanity Easel,7999.00 USD (x1),7999.00 USD (x1),https://www.elmachetazo.com/fabstudio-3-in-1-vanity-easel-10806969/p
Jugueteria,Canasta de Baloncesto Jump N Dunk Grow'n Up,8999.00 USD (x1),8999.00 USD (x1),https://www.elmachetazo.com/canasta-de-baloncesto-jump-n-dunk-grown-up-10614733/p
Jugueteria,Maxi Truck con Bloques Jumbo,3999.00 USD (x1),3999.00 USD (x1),https://www.elmachetazo.com/maxi-truck-con-bloques-jumbo-10805924/p
Jugueteria,Tipper Truck,1299.00 USD (x1),1299.00 USD (x1),https://www.elmachetazo.com/tipper-truck-10805923/p
Jugueteria,Mega Excavadora 69 cm,3999.00 USD (x1),3999.00 USD (x1),https://www.elmachetazo.com/mega-excavadora-69-cm-10518209/p
Jugueteria,Mega Camión Truck 76cm,3999.00 USD (x1),3999.00 USD (x1),https://www.elmachetazo.com/mega-camion-truck-76cm-10455337/p
Jugueteria,Maxi Truck 69cm,2999.00 USD (x1),2999.00 USD (x1),https://www.elmachetazo.com/maxi-truck-69cm-10518204/p
Jugueteria,Spiral Roadway Set,2499.00 USD (x1),2499.00 USD (x1),https://www.elmachetazo.com/spiral-roadway-set-10614353/p
Jugueteria,Garage Set,2499.00 USD (x1),2499.00 USD (x1),https://www.elmachetazo.com/garage-set-10614352/p
Jugueteria,Activity Table|Mesa de Actividades con 100 Jumblocks,4999.00 USD (x1),4999.00 USD (x1),https://www.elmachetazo.com/activity-tablemesa-de-actividades-con-100-jumblocks-10805913/p
Jugueteria,Shop With Me Stroller|Cochecito para Muñeca,2499.00 USD (x1),2499.00 USD (x1),https://www.elmachetazo.com/shop-with-me-strollercochecito-para-muneca-10807748/p
Jugueteria,Avengers Mech Strike Guante de Ataque Iron Man,2999.00 USD (x1),2999.00 USD (x1),https://www.elmachetazo.com/avengers-mech-strike-guante-de-ataque-iron-man-10817734/p
Jugueteria,Avengers Figura Mech Strike Thanos con Armadura Infinity,4499.00 USD (x1),4499.00 USD (x1),https://www.elmachetazo.com/avengers-figura-mech-strike-thanos-con-armadura-infinity-10817732/p
Jugueteria,Lanzador Nerf Ultra Scream Machine,5899.00 USD (x1),5899.00 USD (x1),https://www.elmachetazo.com/lanzador-nerf-ultra-scream-machine-10817751/p
Jugueteria,Lanzador Nerf Ultra AMP Bravo,4999.00 USD (x1),4999.00 USD (x1),https://www.elmachetazo.com/lanzador-nerf-ultra-amp-bravo-10817759/p
Jugueteria,Lanzador Nerf Elite 2.0 Commander RD-6,2499.00 USD (x1),2499.00 USD (x1),https://www.elmachetazo.com/lanzador-nerf-elite-20-commander-rd-6-10803198/p
Jugueteria,Tonka Steel Classics Tow Truck,2999.00 USD (x1),2999.00 USD (x1),https://www.elmachetazo.com/tonka-steel-classics-tow-truck-10805146/p
Jugueteria,Tablero Jumbo Easel,3999.00 USD (x1),3999.00 USD (x1),https://www.elmachetazo.com/tablero-jumbo-easel-10518214/p
Jugueteria,Mi Carrito de Compras Unicornio,1999.00 USD (x1),1999.00 USD (x1),https://www.elmachetazo.com/mi-carrito-de-compras-unicornio-10805907/p
Jugueteria,Lanzador Nerf Tricera-Blast,3499.00 USD (x1),3499.00 USD (x1),https://www.elmachetazo.com/lanzador-nerf-tricera-blast-10817757/p
Jugueteria,"Muñeca 14"" Dream Girl Collection",1099.00 USD (x1),1099.00 USD (x1),https://www.elmachetazo.com/muneca-14-dream-girl-collection-10793804/p
Jugueteria,"Cobertor Intex para Piscina Redonda|10' x10""",1099.00 USD (x1),1099.00 USD (x1),https://www.elmachetazo.com/cobertor-intex-para-piscina-redonda10-x10-10626362/p
Jugueteria,Piscina de Bolitas para Bebé,1499.00 USD (x1),1499.00 USD (x1),https://www.elmachetazo.com/piscina-de-bolitas-para-bebe-10814083/p
Jugueteria,Cobertor Intex Piscina Rectangular|4.5Mx2.2M,1699.00 USD (x1),1699.00 USD (x1),https://www.elmachetazo.com/cobertor-intex-piscina-rectangular45mx22m-10779175/p
Jugueteria,Anteojos Intex Goggles Play|Surtido,149.00 USD (x1),149.00 USD (x1),https://www.elmachetazo.com/anteojos-intex-goggles-playsurtido-10079776/p
Jugueteria,Flotador Inflable Intex Motocicleta,3299.00 USD (x1),3299.00 USD (x1),https://www.elmachetazo.com/flotador-inflable-intex-motocicleta-10814113/p
Jugueteria,Flotador Inflable Intex Isla Mega Unicornio,3999.00 USD (x1),3999.00 USD (x1),https://www.elmachetazo.com/flotador-inflable-intex-isla-mega-unicornio-10814112/p
Jugueteria,Piscina Centro de Juego Acuático,5999.00 USD (x1),5999.00 USD (x1),https://www.elmachetazo.com/piscina-centro-de-juego-acuatico-10814109/p
Jugueteria,Flotador Inflable Intex Unicornio,1699.00 USD (x1),1699.00 USD (x1),https://www.elmachetazo.com/flotador-inflable-intex-unicornio-10814115/p
Jugueteria,Flotador Inflable Intex Silla con Respaldar,1899.00 USD (x1),1899.00 USD (x1),https://www.elmachetazo.com/flotador-inflable-intex-silla-con-respaldar-10814102/p
Jugueteria,Flotador Inflable Intex Langosta,2199.00 USD (x1),2199.00 USD (x1),https://www.elmachetazo.com/flotador-inflable-intex-langosta-10728638/p
Jugueteria,Colchoneta Inflable Arco Iris,399.00 USD (x1),799.00 USD (x1),https://www.elmachetazo.com/colchoneta-inflable-arco-iris-10814121/p
Jugueteria,Piscina Inflable Intex Sea Aquarium,2999.00 USD (x1),2999.00 USD (x1),https://www.elmachetazo.com/piscina-inflable-intex-sea-aquarium-10598043/p
Jugueteria,Cobertor Intex para Piscinas Rectangulares Prisma|3Mx2M,1299.00 USD (x1),1299.00 USD (x1),https://www.elmachetazo.com/cobertor-intex-para-piscinas-rectangulares-prisma3mx2m-10779172/p
Jugueteria,"Piscina Intex Rectangular|14' x 33""",21999.00 USD (x1),21999.00 USD (x1),https://www.elmachetazo.com/piscina-intex-rectangular14-x-33-10814091/p
Jugueteria,Colchón Inflable Full Dura Beam,1999.00 USD (x1),1999.00 USD (x1),https://www.elmachetazo.com/colchon-inflable-full-dura-beam-10792042/p
Jugueteria,Colchón Inflable Individual Dura Beamc,999.00 USD (x1),999.00 USD (x1),https://www.elmachetazo.com/colchon-inflable-individual-dura-beamc-10792038/p
Jugueteria,"Piscina Inflable Bestway|5"" X 15""|57326",3499.00 USD (x1),3499.00 USD (x1),https://www.elmachetazo.com/piscina-inflable-bestway5-x-1557326-10802543/p
Jugueteria,"Piscina Inflable 58""x58""x48""",3999.00 USD (x1),3999.00 USD (x1),https://www.elmachetazo.com/piscina-inflable-58x58x48-10802455/p
Jugueteria,Flotador Inflable Intex Almeja Pink,4299.00 USD (x1),4299.00 USD (x1),https://www.elmachetazo.com/flotador-inflable-intex-almeja-pink-10792015/p
Jugueteria,Juego de Mesa Avengers Memoria,1199.00 USD (x1),1199.00 USD (x1),https://www.elmachetazo.com/juego-de-mesa-avengers-memoria-10769025/p
Jugueteria,Juego de Mesa Dragon Ball Z Memoria,1099.00 USD (x1),1099.00 USD (x1),https://www.elmachetazo.com/juego-de-mesa-dragon-ball-z-memoria-10794872/p
Jugueteria,Set de Buceo,1499.00 USD (x1),1499.00 USD (x1),https://www.elmachetazo.com/set-de-buceo-10728645/p
Jugueteria,Pistas Dinosauros Track,1299.00 USD (x1),1299.00 USD (x1),https://www.elmachetazo.com/pistas-dinosauros-track-10777891/p
Jugueteria,Juego de Parchis,299.00 USD (x1),299.00 USD (x1),https://www.elmachetazo.com/juego-de-parchis-10670580/p
Jugueteria,Trolls World Tour Vestido Poppy Reversible 2 en 1,3999.00 USD (x1),3999.00 USD (x1),https://www.elmachetazo.com/trolls-world-tour-vestido-poppy-reversible-2-en-1-10782259/p
Jugueteria,Trolls World Tour Peluca Trollifica,2499.00 USD (x1),2499.00 USD (x1),https://www.elmachetazo.com/trolls-world-tour-peluca-trollifica-10782255/p
Jugueteria,Pj Masks Mega Vehículo,4999.00 USD (x1),4999.00 USD (x1),https://www.elmachetazo.com/pj-masks-mega-vehiculo-10782242/p
Jugueteria,Dragon con Luces y Sonido,2999.00 USD (x1),2999.00 USD (x1),https://www.elmachetazo.com/dragon-con-luces-y-sonido-10769941/p
Jugueteria,UNICORN VANITY TABLE & STOOL SET,2999.00 USD (x1),2999.00 USD (x1),https://www.elmachetazo.com/unicorn-vanity-table--stool-set-10780093/p
Jugueteria,Unicorn Doll Stroller,1999.00 USD (x1),1999.00 USD (x1),https://www.elmachetazo.com/unicorn-doll-stroller-10728095/p
Jugueteria,Bloques de Construcción Unicorn|50 Piezas,1299.00 USD (x1),1299.00 USD (x1),https://www.elmachetazo.com/bloques-de-construccion-unicorn50-piezas-10728092/p
Jugueteria,Establo de Enchantimals Set Haydie Horse y Trotter,2699.00 USD (x1),2699.00 USD (x1),https://www.elmachetazo.com/establo-de-enchantimals-set-haydie-horse-y-trotter-10776301/p
Jugueteria,Cave Club Story in a Box,2699.00 USD (x1),2699.00 USD (x1),https://www.elmachetazo.com/cave-club-story-in-a-box-10781581/p
Jugueteria,Muñeca Bebe Little Mommy Cuidame Mami,3999.00 USD (x1),3999.00 USD (x1),https://www.elmachetazo.com/muneca-bebe-little-mommy-cuidame-mami-10781574/p
Jugueteria,Monster Jam Set de Inicio Kinético,1999.00 USD (x1),1999.00 USD (x1),https://www.elmachetazo.com/monster-jam-set-de-inicio-kinetico-10782184/p
Jugueteria,Bakugan Spin Master Premium|Surtidos,1499.00 USD (x1),1499.00 USD (x1),https://www.elmachetazo.com/bakugan-spin-master-premiumsurtidos-10740410/p
Jugueteria,Bakugan Spin Master Básico|Surtidos,999.00 USD (x1),999.00 USD (x1),https://www.elmachetazo.com/bakugan-spin-master-basicosurtidos-10740411/p
Jugueteria,Centro de Juegos Piscina Dinosaurio,5499.00 USD (x1),5499.00 USD (x1),https://www.elmachetazo.com/centro-de-juegos-piscina-dinosaurio-10351691/p
Jugueteria,Trolls Tour Ballon,2999.00 USD (x1),2999.00 USD (x1),https://www.elmachetazo.com/trolls-tour-ballon-10782386/p
Jugueteria,Carro de Empujar para Niño,11499.00 USD (x1),11499.00 USD (x1),https://www.elmachetazo.com/carro-de-empujar-para-nino-10582750/p
Jugueteria,Mesa y Dos Sillas Unicornio,2299.00 USD (x1),2299.00 USD (x1),https://www.elmachetazo.com/mesa-y-dos-sillas-unicornio-10728072/p
Jugueteria,Maxi Truck,2999.00 USD (x1),2999.00 USD (x1),https://www.elmachetazo.com/maxi-truck-10614357/p
Jugueteria,Camión Jumbo con Bloques|Set de 40 Piezas,1299.00 USD (x1),1299.00 USD (x1),https://www.elmachetazo.com/camion-jumbo-con-bloquesset-de-40-piezas-10780123/p
Jugueteria,Cubo Clasificador de Formas,599.00 USD (x1),599.00 USD (x1),https://www.elmachetazo.com/cubo-clasificador-de-formas-10518197/p
Jugueteria,Piscina Inflable Intex Paradise,3799.00 USD (x1),3799.00 USD (x1),https://www.elmachetazo.com/piscina-inflable-intex-paradise-10728643/p
Jugueteria,Triciclo Minnie con Actividades,5499.00 USD (x1),5499.00 USD (x1),https://www.elmachetazo.com/triciclo-minnie-con-actividades-10731704/p
Jugueteria,Scooter Minnie|3 Ruedas,3999.00 USD (x1),3999.00 USD (x1),https://www.elmachetazo.com/scooter-minnie3-ruedas-10597056/p
Jugueteria,Casa de Juegos Color Marrón,21999.00 USD (x1),21999.00 USD (x1),https://www.elmachetazo.com/casa-de-juegos-color-marron-10773968/p
Jugueteria,Camión Tonka Mighty Metal Fleet,1999.00 USD (x1),1999.00 USD (x1),https://www.elmachetazo.com/camion-contenedor-tonka-10769620-machetazo/p
Jugueteria,Juego de Mesa Jenga Super Mario Bros.,3099.00 USD (x1),3099.00 USD (x1),https://www.elmachetazo.com/juego-de-mesa-jenga-super-mario-bros-10782274/p
Jugueteria,Barbie Teresa Set de Gimnasia,2699.00 USD (x1),2699.00 USD (x1),https://www.elmachetazo.com/barbie-teresa-set-de-gimnasia-10776269/p
Jugueteria,Barbie Nat Geo Cuidadora de Mariposas,3999.00 USD (x1),3999.00 USD (x1),https://www.elmachetazo.com/barbie-nat-geo-cuidadora-de-mariposas-10776196/p
Jugueteria,Fisher Price Pila de Aritos Gigante,2699.00 USD (x1),2699.00 USD (x1),https://www.elmachetazo.com/fisher-price-pila-de-aritos-gigante-10776329/p
Jugueteria,Smart Study Desk,2499.00 USD (x1),2499.00 USD (x1),https://www.elmachetazo.com/smart-study-desk-10574359/p
Jugueteria,Escritorio Unicornio,3699.00 USD (x1),3699.00 USD (x1),https://www.elmachetazo.com/escritorio-unicornio-10728097/p
Jugueteria,Caballete Unicornio de Arte,3999.00 USD (x1),3999.00 USD (x1),https://www.elmachetazo.com/caballete-unicornio-de-arte-10780095/p
Jugueteria,Coche con Muñeca,2499.00 USD (x1),2499.00 USD (x1),https://www.elmachetazo.com/coche-con-muneca-10788504/p
Jugueteria,Baby Shark Lets Go School Bus,999.00 USD (x1),999.00 USD (x1),https://www.elmachetazo.com/baby-shark-lets-go-school-bus-10784740/p
Jugueteria,Baby Shark Peluche Musical,1999.00 USD (x1),1999.00 USD (x1),https://www.elmachetazo.com/baby-shark-peluche-musical-10730765/p
Jugueteria,Na! na! na! Surprise 2 en 1,2999.00 USD (x1),2999.00 USD (x1),https://www.elmachetazo.com/na-na-na-surprise-2-en-1-10776051/p
Jugueteria,Juego de Mesa Uno Quick Draw,2999.00 USD (x1),2999.00 USD (x1),https://www.elmachetazo.com/juego-de-mesa-uno-quick-draw-10781586/p
Jugueteria,"Piscina Rectangular Intex|14'9 1/4""x7'2 5/8"" x 33""",19999.00 USD (x1),19999.00 USD (x1),https://www.elmachetazo.com/piscina-rectangular-intex149-14x72-58-x-33-10579955/p
Jugueteria,Scooter Paw Patrol de 3 Ruedas,2499.00 USD (x1),2499.00 USD (x1),https://www.elmachetazo.com/scooter-paw-patrol-de-3-ruedas-10597042/p
Jugueteria,Muñeca Frozen Elsa,2499.00 USD (x1),2499.00 USD (x1),https://www.elmachetazo.com/muneca-frozen-elsa-10738439/p
Jugueteria,Barbie Princesa|Muñeca Surtida,799.00 USD (x1),799.00 USD (x1),https://www.elmachetazo.com/barbie-princesamuneca-surtida-10583189/p
Jugueteria,Juego de Mesa Operation Pet Scan,2999.00 USD (x1),2999.00 USD (x1),https://www.elmachetazo.com/juego-de-mesa-operation-pet-scan-10782279/p
Jugueteria,Tractor Dolu Pedales con Remolque |Verde,6999.00 USD (x1),7999.00 USD (x1),https://www.elmachetazo.com/tractor-ranchero-de-pedales-con-remolqueverde-10518224/p
Jugueteria,Basketball Hoop|Aro Infantil,3499.00 USD (x1),3499.00 USD (x1),https://www.elmachetazo.com/basketball-hooparo-infantil-10728101/p
Jugueteria,Trampolín Infantil|4.6 Pies,9999.00 USD (x1),9999.00 USD (x1),https://www.elmachetazo.com/trampolin-infantil46-pies-10787205/p
Jugueteria,Hairdorables Hairmazing Muñeca de Moda,3799.00 USD (x1),3799.00 USD (x1),https://www.elmachetazo.com/hairdorables-hairmazing-muneca-de-moda-10782288/p
Jugueteria,Mix My Medicine All Better Baby Blonde Hair,3299.00 USD (x1),3299.00 USD (x1),https://www.elmachetazo.com/mix-my-medicine-all-better-baby-blonde-hair-10782286/p
Jugueteria,School Bus,999.00 USD (x1),999.00 USD (x1),https://www.elmachetazo.com/school-bus-10512457/p
Jugueteria,Juego de Mesa Monopoly Nintendo Super Mario,3499.00 USD (x1),3499.00 USD (x1),https://www.elmachetazo.com/juego-de-mesa-monopoly-nintendo-super-mario-10780713/p
Jugueteria,Silla Inflable Infantil Intex Happy Animal,999.00 USD (x1),999.00 USD (x1),https://www.elmachetazo.com/silla-inflable-infantil-intex-happy-animal-10677564/p
Jugueteria,Smartwatch Kidzoom,6499.00 USD (x1),6499.00 USD (x1),https://www.elmachetazo.com/smartwatch-kidzoom-10684219/p
Jugueteria,Singing Poppy,2999.00 USD (x1),2999.00 USD (x1),https://www.elmachetazo.com/singing-poppy-10782387/p
Jugueteria,Hot Wheels City Robo Shark Frenzy Set,4199.00 USD (x1),4199.00 USD (x1),https://www.elmachetazo.com/hot-wheels-city-robo-shark-frenzy-set-10776292/p
Jugueteria,Hot Wheels Deluxe Stunt Box,6999.00 USD (x1),6999.00 USD (x1),https://www.elmachetazo.com/hot-wheels-deluxe-stunt-box-10776234/p
Jugueteria,Pollyville Stores,1999.00 USD (x1),1999.00 USD (x1),https://www.elmachetazo.com/pollyville-stores-10776220/p
Jugueteria,Muñeca Enchantimals con Mascota y Accesorio,1899.00 USD (x1),1899.00 USD (x1),https://www.elmachetazo.com/muneca-enchantimals-con-mascota-y-accesorio-10636802/p
Jugueteria,Garden Table,999.00 USD (x1),999.00 USD (x1),https://www.elmachetazo.com/garden-table-10615587/p
Jugueteria,UNICORN PICNIC TABLE FOR 4,4999.00 USD (x1),4999.00 USD (x1),https://www.elmachetazo.com/unicorn-picnic-table-for-4-10728079/p
Jugueteria,Columpio Mecedor Ajustable Rosa Unicornio,2999.00 USD (x1),2999.00 USD (x1),https://www.elmachetazo.com/columpio-mecedor-ajustable-rosa-unicornio-10728098/p
Jugueteria,Mesita de Picnic Infantil Dolu,4999.00 USD (x1),4999.00 USD (x1),https://www.elmachetazo.com/mesita-de-picnic-infantil-dolu-10674718/p
Jugueteria,Columpio Mecedor Ajustable Exclusivo,2999.00 USD (x1),2999.00 USD (x1),https://www.elmachetazo.com/columpio-mecedor-ajustable-exclusivo-10780125/p
Jugueteria,Columpio Mecedor Infantil Rosado,4999.00 USD (x1),4999.00 USD (x1),https://www.elmachetazo.com/columpio-mecedor-infantil-rosado-10458944/p
Jugueteria,Excavadora Bulldozer Tonka Steel Classic,3499.00 USD (x1),3499.00 USD (x1),https://www.elmachetazo.com/excavadora-bulldozer-tonka-steel-classic-10769611/p
Jugueteria,Camión Volquete Tonka Mighty Metal,1999.00 USD (x1),1999.00 USD (x1),https://www.elmachetazo.com/camion-volquete-tonka-mighty-metal-10769619/p
Jugueteria,Camión Volquete Mighty Steel Classics,7999.00 USD (x1),7999.00 USD (x1),https://www.elmachetazo.com/camion-volquete-mighty-steel-classics-10769614/p
Jugueteria,Camión Volquete Tonka Steel Classics,4499.00 USD (x1),4499.00 USD (x1),https://www.elmachetazo.com/camion-volquete-tonka-steel-classics-10769612/p
Jugueteria,Colchón Inflable Intex King Dura Beam,2699.00 USD (x1),2699.00 USD (x1),https://www.elmachetazo.com/colchon-inflable-king-dura-beam-10779304/p
Jugueteria,Bomba de Mano,499.00 USD (x1),499.00 USD (x1),https://www.elmachetazo.com/bomba-de-mano-10058973/p
Jugueteria,Fisher Price Cebra Andadera de Aprendizaje,7199.00 USD (x1),7199.00 USD (x1),https://www.elmachetazo.com/fisher-price-cebra-andadera-de-aprendizaje-10581403/p
Jugueteria,Mi Primera Muñeca,1499.00 USD (x1),1499.00 USD (x1),https://www.elmachetazo.com/mi-primera-muneca-10209319/p
Jugueteria,Mascota Alpha Leap Frog,4999.00 USD (x1),4999.00 USD (x1),https://www.elmachetazo.com/mascota-alpha-leap-frog-10470582/p
Jugueteria,Robot Bi Bot 360,6495.00 USD (x1),6495.00 USD (x1),https://www.elmachetazo.com/robot-bi-bot-360-10644472/p
Jugueteria,Barbie Chef de Pizzería,4995.00 USD (x1),4995.00 USD (x1),https://www.elmachetazo.com/barbie-chef-de-pizzeria-10687053/p
Jugueteria,Little Mommy Fiesta de Cumpleaños,3699.00 USD (x1),3699.00 USD (x1),https://www.elmachetazo.com/little-mommy-fiesta-de-cumpleanos-10776321/p
Jugueteria,Piscina Inflable Intex|4 Anillos,1299.00 USD (x1),1299.00 USD (x1),https://www.elmachetazo.com/piscina-inflable-intex4-anillos-10779285/p
Jugueteria,"Piscina Intex Prisma|Redonda|12' x 30""",12999.00 USD (x1),12999.00 USD (x1),https://www.elmachetazo.com/piscina-intex-prismaredonda12-x-30-10728665/p
Jugueteria,"Piscina Intex Prisma|Redonda|10'X30""",15999.00 USD (x1),15999.00 USD (x1),https://www.elmachetazo.com/piscina-intex-prismaredonda10x30-10728664/p
Jugueteria,Fisher Price Teléfono Parlanchín,1299.00 USD (x1),1299.00 USD (x1),https://www.elmachetazo.com/fisher-price-telefono-parlanchin-10581426/p
Jugueteria,Juego de Mesa Uno Flip!,699.00 USD (x1),699.00 USD (x1),https://www.elmachetazo.com/juego-de-mesa-uno-flip-10759761/p
Jugueteria,Colchoneta Inflable Intex|Diseños Surtidos,199.00 USD (x1),499.00 USD (x1),https://www.elmachetazo.com/colchoneta-inflable-intexdisenos-surtidos-10677539/p
Jugueteria,"Piscina Rígida Intex Océano|6'X10""",1299.00 USD (x1),1299.00 USD (x1),https://www.elmachetazo.com/piscina-rigida-intex-oceano6x10-10070229/p
Jugueteria,Colchón Inflable Twin Classic,1499.00 USD (x1),1499.00 USD (x1),https://www.elmachetazo.com/colchon-inflable-twin-classic-10723140/p
Jugueteria,Juego de Mesa Speak Out Show Down,3499.00 USD (x1),3499.00 USD (x1),https://www.elmachetazo.com/juego-de-mesa-speak-out-show-down-10683514/p
Jugueteria,Juego de Mesa ¿Qué Dijooo?,2899.00 USD (x1),2899.00 USD (x1),https://www.elmachetazo.com/juego-de-mesa-que-dijooo-10613038/p
Deportes,Polly Pocket Set Surtido de Deportes,2499.00 USD (x1),2499.00 USD (x1),https://www.elmachetazo.com/polly-pocket-set-surtido-de-deportes-10863979/p
Deportes,Princesas Set de Casco Rodilleras y Coderas,1999.00 USD (x1),1999.00 USD (x1),https://www.elmachetazo.com/princesas-set-de-casco-rodilleras-y-coderas-10229334/p
Deportes,Cars Set de Casco Rodilleras y Coderas,1999.00 USD (x1),1999.00 USD (x1),https://www.elmachetazo.com/cars-set-de-casco-rodilleras-y-coderas-10229338/p
Deportes,Spiderman Set de Casco Rodilleras y Coderas,2499.00 USD (x1),2499.00 USD (x1),https://www.elmachetazo.com/spiderman-set-de-casco-rodilleras-y-coderas-10860145/p
Deportes,Mickey Set de Casco Rodilleras y Coderas,1999.00 USD (x1),1999.00 USD (x1),https://www.elmachetazo.com/mickey-set-de-casco-rodilleras-y-coderas-10244610/p
Deportes,"Silla Inflable de Baloncesto 45""x44""x26|1.14m",1999.00 USD (x1),1999.00 USD (x1),https://www.elmachetazo.com/silla-inflable-de-baloncesto-45x44x26114m-10860455/p
Deportes,Hot Wheels Set de Protección,3499.00 USD (x1),3499.00 USD (x1),https://www.elmachetazo.com/hot-wheels-set-de-proteccion-10614377/p
Bicicletas,"Bicicleta Eastern Fat Bike|Rines 24""|Gris",10999.00 USD (x1),25999.00 USD (x1),https://www.elmachetazo.com/bicicleta-eastern-fat-bikerines-24gris-10952394/p
Bicicletas,Bicicleta BMX Bloss Girl Rines 20'',22999.00 USD (x1),22999.00 USD (x1),https://www.elmachetazo.com/bicicleta-bmx-bloss-girl-rines-20-10820906/p
Bicicletas,Bicicleta BMX Rines 12''|Avanti Sport,7999.00 USD (x1),7999.00 USD (x1),https://www.elmachetazo.com/bicicleta-bmx-rines-12avanti-sport-10832180/p
Bicicletas,Bicicleta BMX Rines 12''|Avanti Bike Sport,7999.00 USD (x1),7999.00 USD (x1),https://www.elmachetazo.com/bicicleta-bmx-rines-12avanti-bike-sport-10832184/p
Bicicletas,"Bicicleta Huffy BMX Pro Thunder Rines 16""",11999.00 USD (x1),11999.00 USD (x1),https://www.elmachetazo.com/bicicleta-huffy-bmx-pro-thunder-rines-16-10782598/p
Bicicletas,"Bicicleta BMX Hot Wheels|Rines 16""",7999.00 USD (x1),7999.00 USD (x1),https://www.elmachetazo.com/bicicleta-bmx-hot-wheelsrines-16-10860154/p
Bicicletas,Tubo de Bicicleta Autosellante 700x20,499.00 USD (x1),499.00 USD (x1),https://www.elmachetazo.com/tubo-de-bicicleta-autosellante-700x20-10717622/p
Sederia,Armadura para Quepi,449.00 USD (x1),449.00 USD (x1),https://www.elmachetazo.com/armadura-para-quepi-10974558/p
Sederia,Armadura para Quepi Cristina,449.00 USD (x1),449.00 USD (x1),https://www.elmachetazo.com/armadura-para-quepi-cristina-10974559/p
Sederia,Cordón Rayo Tricolor|5 mm,49.00 USD (x1),49.00 USD (x1),https://www.elmachetazo.com/cordon-rayo-tricolor5-mm-10933228/p
Sederia,Rosario,249.00 USD (x1),249.00 USD (x1),https://www.elmachetazo.com/rosario-10930683/p
Sederia,Moneda Tapa Hueso,69.00 USD (x1),69.00 USD (x1),https://www.elmachetazo.com/moneda-tapa-hueso-10930679/p
Sederia,Balcón de Niña,399.00 USD (x1),399.00 USD (x1),https://www.elmachetazo.com/balcon-de-nina-10933222/p
Sederia,Brazalete de Mujer,249.00 USD (x1),249.00 USD (x1),https://www.elmachetazo.com/brazalete-de-mujer-10933224/p
Sederia,Cadena Chata Grande,699.00 USD (x1),699.00 USD (x1),https://www.elmachetazo.com/cadena-chata-grande-10930678/p
Sederia,Balcón,899.00 USD (x1),899.00 USD (x1),https://www.elmachetazo.com/balcon-10930682/p
Sederia,Peineta Roba Corazón,899.00 USD (x1),899.00 USD (x1),https://www.elmachetazo.com/peineta-roba-corazon-10930675/p
Sederia,Aretes,149.00 USD (x1),149.00 USD (x1),https://www.elmachetazo.com/aretes-10930676/p
Sederia,Barras de Silicona Delgada Deli|10 Piezas,169.00 USD (x1),169.00 USD (x1),https://www.elmachetazo.com/barras-de-silicona-delgada-deli10-piezas-10981702/p
Sederia,Pistola de Silicona Deli|60W,799.00 USD (x1),799.00 USD (x1),https://www.elmachetazo.com/pistola-de-silicona-deli60w-10959160/p
Sederia,Tijera Deli|170mm|Colores Surtidos,299.00 USD (x1),299.00 USD (x1),https://www.elmachetazo.com/tijera-deli170mmcolores-surtidos-10981715/p
Sederia,Tijera Deli|175mm|Azul,299.00 USD (x1),299.00 USD (x1),https://www.elmachetazo.com/tijera-deli175mmazul-10981413/p
Sederia,Alambre para Tembleques|0.3mm,149.00 USD (x1),149.00 USD (x1),https://www.elmachetazo.com/alambre-para-tembleques03mm-10930694/p
Sederia,Alambre para Tembleques|0.4mm,149.00 USD (x1),149.00 USD (x1),https://www.elmachetazo.com/alambre-para-tembleques04mm-10930695/p
Sederia,Foam Circular Chico,149.00 USD (x1),149.00 USD (x1),https://www.elmachetazo.com/foam-circular-chico-10918075/p
Sederia,Foam Corazon Grande,149.00 USD (x1),149.00 USD (x1),https://www.elmachetazo.com/foam-corazon-grande-10918074/p
Sederia,Hilo de Algodón para Tejer|Verde Oscuro|500 M,369.00 USD (x1),369.00 USD (x1),https://www.elmachetazo.com/hilo-de-algodon-para-tejerverde-oscuro500-m-10171987/p
Sederia,Hilo de Algodón para Tejer|Menta|500,369.00 USD (x1),369.00 USD (x1),https://www.elmachetazo.com/hilo-de-algodon-para-tejermenta500-10804680/p
Sederia,Hilo de Algodón para Tejer|Verde|500 M,369.00 USD (x1),369.00 USD (x1),https://www.elmachetazo.com/hilo-de-algodon-para-tejerverde500-m-10533139/p
Sederia,Hilo de Algodón para Tejer|Multicolor|500 M,369.00 USD (x1),369.00 USD (x1),https://www.elmachetazo.com/hilo-de-algodon-para-tejermulticolor500-m-10171989/p
Sederia,Hilo de Algodón para Tejer|Beige|500 M,369.00 USD (x1),369.00 USD (x1),https://www.elmachetazo.com/hilo-de-algodon-para-tejerbeige500-m-10804662/p
Sederia,Hilo de Algodón para Tejer|Beige Claro|500 M,369.00 USD (x1),369.00 USD (x1),https://www.elmachetazo.com/hilo-de-algodon-para-tejerbeige-claro500-m-10182075/p
Sederia,Hilo de Algodón para Tejer|Amarillo Claro|500 M,369.00 USD (x1),369.00 USD (x1),https://www.elmachetazo.com/hilo-de-algodon-para-tejeramarillo-claro500-m-10182079/p
Sederia,Hilo de Algodón para Tejer|Amarillo|500 M,369.00 USD (x1),369.00 USD (x1),https://www.elmachetazo.com/hilo-de-algodon-para-tejeramarillo500-m-10159280/p
Sederia,Hilo de Algodón para Tejer|Amarillo Pastel|500 M,369.00 USD (x1),369.00 USD (x1),https://www.elmachetazo.com/hilo-de-algodon-para-tejeramarillo-pastel500-m-10182081/p
Sederia,Hilo de Algodón para Tejer|Fucsia|500 M,295.00 USD (x1),295.00 USD (x1),https://www.elmachetazo.com/hilo-de-algodon-para-tejerfucsia500-m-10718828/p
Sederia,Hilo de Algodón para Tejer|Azul y Blanco|500 M,369.00 USD (x1),369.00 USD (x1),https://www.elmachetazo.com/hilo-de-algodon-para-tejerazul-y-blanco500-m-10173574/p
Sederia,Hilo de Algodón para Tejer|Verde|500 M,369.00 USD (x1),369.00 USD (x1),https://www.elmachetazo.com/hilo-de-algodon-para-tejerverde500-m-10171988/p
Sederia,Hilo de Algodón para Tejer|Rosa|500 M,369.00 USD (x1),369.00 USD (x1),https://www.elmachetazo.com/hilo-de-algodon-para-tejerrosa500-m-10172766/p
Sederia,Hilo de Algodón para Tejer|Fucsia|500 M,369.00 USD (x1),369.00 USD (x1),https://www.elmachetazo.com/hilo-de-algodon-para-tejerfucsia500-m-10533142/p
Sederia,Hilo de Algodón para Tejer|Fucsia Oscuro|500 M,369.00 USD (x1),369.00 USD (x1),https://www.elmachetazo.com/hilo-de-algodon-para-tejerfucsia-oscuro500-m-10172762/p
Sederia,Hilo de Algodón para Tejer|Violeta|500 M,369.00 USD (x1),369.00 USD (x1),https://www.elmachetazo.com/hilo-de-algodon-para-tejervioleta500-m-10172763/p
Sederia,Hilo de Algodón para Tejer|Violeta Claro|500 M,369.00 USD (x1),369.00 USD (x1),https://www.elmachetazo.com/hilo-de-algodon-para-tejervioleta-claro500-m-10172765/p
Sederia,Hilo de Algodón para Tejer|Naranja|500 M,369.00 USD (x1),369.00 USD (x1),https://www.elmachetazo.com/hilo-de-algodon-para-tejernaranja500-m-10172767/p
Sederia,Hilo de Algodón para Tejer|Marrón Claro|500 M,349.00 USD (x1),349.00 USD (x1),https://www.elmachetazo.com/hilo-de-algodon-para-tejermarron-claro500-m-10804682/p
Sederia,Hilo de Algodón para Tejer|Marrón Oscuro|500 M,369.00 USD (x1),369.00 USD (x1),https://www.elmachetazo.com/hilo-de-algodon-para-tejermarron-oscuro500-m-10533145/p
Sederia,Hilo de Algodón para Tejer|Marron|500 M,369.00 USD (x1),369.00 USD (x1),https://www.elmachetazo.com/hilo-de-algodon-para-tejermarron500-m-10172769/p
Sederia,Hilo de Algodón para Tejer|Celeste Pastel|500 M,369.00 USD (x1),369.00 USD (x1),https://www.elmachetazo.com/hilo-de-algodon-para-tejerceleste-pastel500-m-10182797/p
Sederia,Hilo de Algodón para Tejer|Celeste|500 M,369.00 USD (x1),369.00 USD (x1),https://www.elmachetazo.com/hilo-de-algodon-para-tejerceleste500-m-10182796/p
Sederia,Hilo de Algodón para Tejer|Azul|500 M,349.00 USD (x1),349.00 USD (x1),https://www.elmachetazo.com/hilo-de-algodon-para-tejerazul500-m-10807258/p
Sederia,Hilo de Algodón para Tejer|Azul Claro|500 M,369.00 USD (x1),369.00 USD (x1),https://www.elmachetazo.com/hilo-de-algodon-para-tejerazul-claro500-m-10182800/p
Sederia,Hilo de Algodón para Tejer|Multicolor|500 M,369.00 USD (x1),369.00 USD (x1),https://www.elmachetazo.com/hilo-de-algodon-para-tejermulticolor500-m-10718830/p
Sederia,Hilo de Algodón para Tejer|Rosa Y Blanco|500 M,369.00 USD (x1),369.00 USD (x1),https://www.elmachetazo.com/hilo-de-algodon-para-tejerrosa-y-blanco500-m-10533154/p
Sederia,Hilo de Algodón para Tejer|Amarillo y Naranja|500 M,369.00 USD (x1),369.00 USD (x1),https://www.elmachetazo.com/hilo-de-algodon-para-tejeramarillo-y-naranja500-m-10160876/p
Sederia,Hilo de Algodón para Tejer|Verde y Amarillo|500 M,369.00 USD (x1),369.00 USD (x1),https://www.elmachetazo.com/hilo-de-algodon-para-tejerverde-y-amarillo500-m-10533210/p
Sederia,Hilo de Algodón para Tejer|Rosa y Blanco|500 M,369.00 USD (x1),369.00 USD (x1),https://www.elmachetazo.com/hilo-de-algodon-para-tejerrosa-y-blanco500-m-10465600/p
Sederia,Hilo de Algodón para Tejer|Rosa y Celeste|500 M,369.00 USD (x1),369.00 USD (x1),https://www.elmachetazo.com/hilo-de-algodon-para-tejerrosa-y-celeste500-m-10174390/p
Sederia,Hilo de Algodón para Tejer|Marrón Claro|500 M,369.00 USD (x1),369.00 USD (x1),https://www.elmachetazo.com/hilo-de-algodon-para-tejermarron-claro500-m-10173568/p
Sederia,Hilo de Algodón para Tejer|Beige|500 M,369.00 USD (x1),369.00 USD (x1),https://www.elmachetazo.com/hilo-de-algodon-para-tejerbeige500-m-10173566/p
Sederia,Hilo de Algodón para Tejer|Blanco|500 M,369.00 USD (x1),369.00 USD (x1),https://www.elmachetazo.com/hilo-de-algodon-para-tejerblanco500-m-10173569/p
Sederia,Hilo de Algodón para Tejer|Blanco|500 M,369.00 USD (x1),369.00 USD (x1),https://www.elmachetazo.com/hilo-de-algodon-para-tejerblanco500-m-10173570/p
Sederia,Hilo de Algodón para Tejer|Gris claro|500 M,349.00 USD (x1),349.00 USD (x1),https://www.elmachetazo.com/hilo-de-algodon-para-tejergris-claro500-m-10821749/p
Sederia,Hilo de Algodón para Tejer|Gris Oscuro|500 M,369.00 USD (x1),369.00 USD (x1),https://www.elmachetazo.com/hilo-de-algodon-para-tejergris-oscuro500-m-10670225/p
Sederia,Hilo de Algodón para Tejer|Negro|500 M,369.00 USD (x1),369.00 USD (x1),https://www.elmachetazo.com/hilo-de-algodon-para-tejernegro500-m-10173572/p
Sederia,Hilo de Algodón para Tejer|Blanco y Negro|500 M,369.00 USD (x1),369.00 USD (x1),https://www.elmachetazo.com/hilo-de-algodon-para-tejerblanco-y-negro500-m-10533148/p
Sederia,Hilo de Algodón para Tejer|Naranja y Blanco|500 M,369.00 USD (x1),369.00 USD (x1),https://www.elmachetazo.com/hilo-de-algodon-para-tejernaranja-y-blanco500-m-10173573/p
Sederia,Hilo de Algodón para Tejer|Celeste y Blanco|500 M,369.00 USD (x1),369.00 USD (x1),https://www.elmachetazo.com/hilo-de-algodon-para-tejerceleste-y-blanco500-m-10670228/p
Sederia,Hilo de Algodón para Tejer|Azul|500 M,369.00 USD (x1),369.00 USD (x1),https://www.elmachetazo.com/hilo-de-algodon-para-tejerazul500-m-10533124/p
Sederia,Hilo de Algodón para Tejer|Rosa Pastel|500 M,369.00 USD (x1),369.00 USD (x1),https://www.elmachetazo.com/hilo-de-algodon-para-tejerrosa-pastel500-m-10182806/p
Sederia,Hilo de Algodón para Tejer|Rosa|500 M,369.00 USD (x1),369.00 USD (x1),https://www.elmachetazo.com/hilo-de-algodon-para-tejerrosa500-m-10171210/p
Sederia,Hilo de Algodón para Tejer|Beige|500 M,349.00 USD (x1),349.00 USD (x1),https://www.elmachetazo.com/hilo-de-algodon-para-tejerbeige500-m-10171203/p
Sederia,Hilo de Algodón para Tejer|Rosa Claro|500 M,369.00 USD (x1),369.00 USD (x1),https://www.elmachetazo.com/hilo-de-algodon-para-tejerrosa-claro500-m-10716644/p
Sederia,Hilo de Algodón para Tejer|Rojo|500 M,369.00 USD (x1),369.00 USD (x1),https://www.elmachetazo.com/hilo-de-algodon-para-tejerrojo500-m-10171207/p
Sederia,Hilo de Algodón para Tejer|Beige|500 M,369.00 USD (x1),369.00 USD (x1),https://www.elmachetazo.com/hilo-de-algodon-para-tejerbeige500-m-10533221/p
Sederia,Hilo de Algodón para Tejer|Multicolor|500 M,369.00 USD (x1),369.00 USD (x1),https://www.elmachetazo.com/hilo-de-algodon-para-tejermulticolor500-m-10174389/p
Sederia,Hilo de Algodón para Tejer|Fucsia Claro|500 M,369.00 USD (x1),369.00 USD (x1),https://www.elmachetazo.com/hilo-de-algodon-para-tejerfucsia-claro500-m-10171206/p
Sederia,Hilo de Algodón para Tejer|Fucsia Oscuro|500 M,369.00 USD (x1),369.00 USD (x1),https://www.elmachetazo.com/hilo-de-algodon-para-tejerfucsia-oscuro500-m-10171204/p
Sederia,Hilo de Algodón para Tejer|Magenta|500 M,369.00 USD (x1),369.00 USD (x1),https://www.elmachetazo.com/hilo-de-algodon-para-tejermagenta500-m-10171209/p
Sederia,Hilo de Algodón para Tejer|Mostaza|500 M,349.00 USD (x1),349.00 USD (x1),https://www.elmachetazo.com/hilo-de-algodon-para-tejermostaza500-m-10804676/p
Sederia,Hilo de Algodón para Tejer|Naranja|500 M,369.00 USD (x1),369.00 USD (x1),https://www.elmachetazo.com/hilo-de-algodon-para-tejernaranja500-m-10160092/p
Sederia,Hilo de Algodón para Tejer|Naranja Oscuro|500 M,369.00 USD (x1),369.00 USD (x1),https://www.elmachetazo.com/hilo-de-algodon-para-tejernaranja-oscuro500-m-10171213/p
Sederia,Hilo de Algodón para Tejer|Verde|500 M,369.00 USD (x1),369.00 USD (x1),https://www.elmachetazo.com/hilo-de-algodon-para-tejerverde500-m-10159274/p
Sederia,Hilo de Algodón para Tejer|Crema,625.00 USD (x1),625.00 USD (x1),https://www.elmachetazo.com/hilo-de-algodon-para-tejercrema-10807262/p
Sederia,Hilo de Algodón para Tejer|Crema,625.00 USD (x1),625.00 USD (x1),https://www.elmachetazo.com/hilo-de-algodon-para-tejercrema-10178372/p
Sederia,Hilo de Algodón para Tejer|Amarillo,625.00 USD (x1),625.00 USD (x1),https://www.elmachetazo.com/hilo-de-algodon-para-tejeramarillo-10179115/p
Sederia,Hilo de Algodón para Tejer|Amarillo,625.00 USD (x1),625.00 USD (x1),https://www.elmachetazo.com/hilo-de-algodon-para-tejeramarillo-10159278/p
Sederia,Hilo de Algodón para Tejer|Amarillo,625.00 USD (x1),625.00 USD (x1),https://www.elmachetazo.com/hilo-de-algodon-para-tejeramarillo-10816530/p
Sederia,Hilo de Algodón para Tejer|Celeste,625.00 USD (x1),625.00 USD (x1),https://www.elmachetazo.com/hilo-de-algodon-para-tejerceleste-10179121/p
Sederia,Hilo de Algodón para Tejer|Turquesa,625.00 USD (x1),625.00 USD (x1),https://www.elmachetazo.com/hilo-de-algodon-para-tejerturquesa-10179119/p
Sederia,Hilo de Algodón para Tejer|Celeste,625.00 USD (x1),625.00 USD (x1),https://www.elmachetazo.com/hilo-de-algodon-para-tejerceleste-10179120/p
Sederia,Hilo de Algodón para Tejer|Azul Claro,625.00 USD (x1),625.00 USD (x1),https://www.elmachetazo.com/hilo-de-algodon-para-tejerazul-claro-10179123/p
Sederia,Hilo de Algodón para Tejer|Azul,625.00 USD (x1),625.00 USD (x1),https://www.elmachetazo.com/hilo-de-algodon-para-tejerazul-10408407/p
Sederia,Hilo de Algodón para Tejer|Azul Oscuro,599.00 USD (x1),599.00 USD (x1),https://www.elmachetazo.com/hilo-de-algodon-para-tejerazul-oscuro-10804655/p
Sederia,Hilo de Algodón para Tejer|Rosa,625.00 USD (x1),625.00 USD (x1),https://www.elmachetazo.com/hilo-de-algodon-para-tejerrosa-10179835/p
Sederia,Hilo de Algodón para Tejer|Rosa,625.00 USD (x1),625.00 USD (x1),https://www.elmachetazo.com/hilo-de-algodon-para-tejerrosa-10179842/p
Sederia,Hilo de Algodón para Tejer|Verde Menta,625.00 USD (x1),625.00 USD (x1),https://www.elmachetazo.com/hilo-de-algodon-para-tejerverde-menta-10804658/p
Sederia,Hilo de Algodón para Tejer|Verde Esmeralda,625.00 USD (x1),625.00 USD (x1),https://www.elmachetazo.com/hilo-de-algodon-para-tejerverde-esmeralda-10670216/p
Sederia,Hilo de Algodón para Tejer|Rosa Pastel,625.00 USD (x1),625.00 USD (x1),https://www.elmachetazo.com/hilo-de-algodon-para-tejerrosa-pastel-10716643/p
Sederia,Hilo de Algodón para Tejer|Rojo,625.00 USD (x1),625.00 USD (x1),https://www.elmachetazo.com/hilo-de-algodon-para-tejerrojo-10179839/p
Sederia,Hilo de Algodón para Tejer|Rojo Vibrante,625.00 USD (x1),625.00 USD (x1),https://www.elmachetazo.com/hilo-de-algodon-para-tejerrojo-vibrante-10179838/p
Sederia,Hilo de Algodón para Tejer|Rojo Oscuro,625.00 USD (x1),625.00 USD (x1),https://www.elmachetazo.com/hilo-de-algodon-para-tejerrojo-oscuro-10179837/p
Sederia,Hilo de Algodón para Tejer|Rojo Vino,625.00 USD (x1),625.00 USD (x1),https://www.elmachetazo.com/hilo-de-algodon-para-tejerrojo-vino-10179841/p
Sederia,Hilo de Algodón para Tejer|Amarillo Oscuro,625.00 USD (x1),625.00 USD (x1),https://www.elmachetazo.com/hilo-de-algodon-para-tejeramarillo-oscuro-10533956/p
Sederia,Hilo de Algodón para Tejer|Naranja,625.00 USD (x1),625.00 USD (x1),https://www.elmachetazo.com/hilo-de-algodon-para-tejernaranja-10179844/p
Sederia,Hilo de Algodón para Tejer|Naranja Claro,625.00 USD (x1),625.00 USD (x1),https://www.elmachetazo.com/hilo-de-algodon-para-tejernaranja-claro-10180577/p
Sederia,Hilo de Algodón para Tejer|Verde Caña,625.00 USD (x1),625.00 USD (x1),https://www.elmachetazo.com/hilo-de-algodon-para-tejerverde-cana-10669698/p
Sederia,Hilo de Algodón para Tejer|Fucsia,625.00 USD (x1),625.00 USD (x1),https://www.elmachetazo.com/hilo-de-algodon-para-tejerfucsia-10180586/p
Sederia,Hilo de Algodón para Tejer|Magenta,625.00 USD (x1),625.00 USD (x1),https://www.elmachetazo.com/hilo-de-algodon-para-tejermagenta-10408413/p
Sederia,Hilo de Algodón para Tejer|Morado Claro,625.00 USD (x1),625.00 USD (x1),https://www.elmachetazo.com/hilo-de-algodon-para-tejermorado-claro-10180585/p
Sederia,Hilo de Algodón para Tejer|Chocolate Oscuro,625.00 USD (x1),625.00 USD (x1),https://www.elmachetazo.com/hilo-de-algodon-para-tejerchocolate-oscuro-10181330/p
Sederia,Hilo de Algodón para Tejer|Crema Oscuro,625.00 USD (x1),625.00 USD (x1),https://www.elmachetazo.com/hilo-de-algodon-para-tejercrema-oscuro-10181331/p
Sederia,Hilo de Algodón para Tejer|Crema Claro,625.00 USD (x1),625.00 USD (x1),https://www.elmachetazo.com/hilo-de-algodon-para-tejercrema-claro-10181332/p
Sederia,Hilo de Algodón para Tejer|Blanco,625.00 USD (x1),625.00 USD (x1),https://www.elmachetazo.com/hilo-de-algodon-para-tejerblanco-10181334/p
Sederia,Hilo de Algodón para Tejer|Blanco Hueso,630.00 USD (x1),630.00 USD (x1),https://www.elmachetazo.com/hilo-de-algodon-para-tejerblanco-hueso-10181335/p
Sederia,Hilo de Algodón para Tejer|Gris,625.00 USD (x1),625.00 USD (x1),https://www.elmachetazo.com/hilo-de-algodon-para-tejergris-10824353/p
Sederia,Hilo de Algodón para Tejer|Verde Esmeralda,625.00 USD (x1),625.00 USD (x1),https://www.elmachetazo.com/hilo-de-algodon-para-tejerverde-esmeralda-10180578/p
Sederia,Hilo de Algodón para Tejer|Turquesa,625.00 USD (x1),625.00 USD (x1),https://www.elmachetazo.com/hilo-de-algodon-para-tejerturquesa-10812452/p
Sederia,Hilo de Algodón para Tejer|Verde,625.00 USD (x1),625.00 USD (x1),https://www.elmachetazo.com/hilo-de-algodon-para-tejerverde-10180582/p
Sederia,Hilo de Algodón para Tejer|Naranja,625.00 USD (x1),625.00 USD (x1),https://www.elmachetazo.com/hilo-de-algodon-para-tejernaranja-10181337/p
Sederia,Hilo de Algodón para Tejer|Celeste y Blanco,625.00 USD (x1),625.00 USD (x1),https://www.elmachetazo.com/hilo-de-algodon-para-tejerceleste-y-blanco-10954799/p
Sederia,Hilo de Algodón para Tejer|Rojo Multicolor,625.00 USD (x1),625.00 USD (x1),https://www.elmachetazo.com/hilo-de-algodon-para-tejerrojo-multicolor-10181338/p
Sederia,Hilo de Algodón para Tejer|Multicolor,625.00 USD (x1),625.00 USD (x1),https://www.elmachetazo.com/hilo-de-algodon-para-tejermulticolor-10832220/p
Sederia,Hilo de Algodón para Tejer|Rosado y Blanco,625.00 USD (x1),625.00 USD (x1),https://www.elmachetazo.com/hilo-de-algodon-para-tejerrosado-y-blanco-10843513/p
Sederia,Hilo de Algodón para Tejer|Multicolor,625.00 USD (x1),625.00 USD (x1),https://www.elmachetazo.com/hilo-de-algodon-para-tejermulticolor-10954786/p
Sederia,Hilo de Algodón para Tejer|Amarillo Multicolor,625.00 USD (x1),625.00 USD (x1),https://www.elmachetazo.com/hilo-de-algodon-para-tejeramarillo-multicolor-10533096/p
Sederia,Hilo de Algodón para Tejer|Rosado Oscuro Multicolor,625.00 USD (x1),625.00 USD (x1),https://www.elmachetazo.com/hilo-de-algodon-para-tejerrosado-oscuro-multicolor-10533079/p
Sederia,Hilo de Algodón para Tejer|Verde y Amarillo,625.00 USD (x1),625.00 USD (x1),https://www.elmachetazo.com/hilo-de-algodon-para-tejerverde-y-amarillo-10533101/p
Sederia,Hilo de Algodón para Tejer|Multicolor,625.00 USD (x1),625.00 USD (x1),https://www.elmachetazo.com/hilo-de-algodon-para-tejermulticolor-10181341/p
Sederia,Hilo de Algodón para Tejer|Multicolor,625.00 USD (x1),625.00 USD (x1),https://www.elmachetazo.com/hilo-de-algodon-para-tejermulticolor-10533112/p
Sederia,Pinturas 3D|Colores Neon|3 oz,49.00 USD (x1),379.00 USD (x1),https://www.elmachetazo.com/pinturas-3dcolores-neon3-oz-10902808/p
Sederia,Pompones|3 cm,149.00 USD (x1),149.00 USD (x1),https://www.elmachetazo.com/pompones3-cm-10901275/p
Sederia,Cuentas Plástica Rosada|200 Piezas,179.00 USD (x1),179.00 USD (x1),https://www.elmachetazo.com/cuentas-plastica-rosada200-piezas-10901306/p
Sederia,Botellita Plastica|8 Piezas,169.00 USD (x1),169.00 USD (x1),https://www.elmachetazo.com/botellita-plastica8-piezas-10901265/p
Sederia,Foam Rectangular,149.00 USD (x1),149.00 USD (x1),https://www.elmachetazo.com/foam-rectangular-10901289/p
Sederia,Flores de Foami|6 Piezas,149.00 USD (x1),149.00 USD (x1),https://www.elmachetazo.com/flores-de-foami6-piezas-10857296/p
Sederia,Sticker de Piedra|Celeste,79.00 USD (x1),169.00 USD (x1),https://www.elmachetazo.com/sticker-de-piedraceleste-10922697/p
Sederia,Foam Rectangular|2 x 4 x 12,149.00 USD (x1),149.00 USD (x1),https://www.elmachetazo.com/foam-rectangular2-x-4-x-12-10901288/p
Sederia,Cinta Adhesiva|Verde|30 Yardas,149.00 USD (x1),149.00 USD (x1),https://www.elmachetazo.com/cinta-adhesivaverde30-yardas-10875273/p
Sederia,Alambre para Flores,169.00 USD (x1),169.00 USD (x1),https://www.elmachetazo.com/alambre-para-flores-10875275/p
Sederia,Cuentas Plásticas|Blanco|200 Piezas,179.00 USD (x1),179.00 USD (x1),https://www.elmachetazo.com/cuentas-plasticasblanco200-piezas-10901309/p
Sederia,Letras de Madera|Plateada,149.00 USD (x1),149.00 USD (x1),https://www.elmachetazo.com/letras-de-maderaplateada-10901311/p
Sederia,Sticker de Perlas|Ivory,169.00 USD (x1),169.00 USD (x1),https://www.elmachetazo.com/sticker-de-perlasivory-10901335/p
Sederia,Sticker de Mariposa|Blanca,169.00 USD (x1),169.00 USD (x1),https://www.elmachetazo.com/sticker-de-mariposablanca-10922694/p
Sederia,Cordón Elástico|0.5 mm,149.00 USD (x1),149.00 USD (x1),https://www.elmachetazo.com/cordon-elastico05-mm-10901237/p
Sederia,Cuentas Plástica Negra|200 Piezas,179.00 USD (x1),179.00 USD (x1),https://www.elmachetazo.com/cuentas-plastica-negra200-piezas-10901303/p
Sederia,Calas de Foami|12 Piezas|Rosado,125.00 USD (x1),125.00 USD (x1),https://www.elmachetazo.com/calas-de-foami12-piezasrosado-10947508/p
Sederia,Letra de Madera Dorada|1.5 cm,149.00 USD (x1),149.00 USD (x1),https://www.elmachetazo.com/letra-de-madera-dorada15-cm-10901310/p
Sederia,Pistola de Goma|20 Watts,199.00 USD (x1),199.00 USD (x1),https://www.elmachetazo.com/pistola-de-goma20-watts-10901348/p
Sederia,Mini Bolitas de Foam|7 mm,149.00 USD (x1),149.00 USD (x1),https://www.elmachetazo.com/mini-bolitas-de-foam7-mm-10901273/p
Sederia,Alambre De Bisutería|Dorado,125.00 USD (x1),125.00 USD (x1),https://www.elmachetazo.com/alambre-de-bisuteriadorado-10875265/p
Sederia,Cinta Adhesiva Chocolate|30 Yardas,149.00 USD (x1),149.00 USD (x1),https://www.elmachetazo.com/cinta-adhesiva-chocolate30-yardas-10886182/p
Sederia,Cordón de Algodón|4 Yardas,125.00 USD (x1),125.00 USD (x1),https://www.elmachetazo.com/cordon-de-algodon4-yardas-10901332/p
Sederia,Cordón Elástico|0.7,169.00 USD (x1),169.00 USD (x1),https://www.elmachetazo.com/cordon-elastico07-10875322/p
Sederia,Coronita Dorada|13 Piezas,99.00 USD (x1),99.00 USD (x1),https://www.elmachetazo.com/coronita-dorada13-piezas-10922710/p
Sederia,Flores Artificiales,179.00 USD (x1),179.00 USD (x1),https://www.elmachetazo.com/flores-artificiales-10857333/p
Sederia,Sticker para Mini Tablero,79.00 USD (x1),149.00 USD (x1),https://www.elmachetazo.com/sticker-para-mini-tablero-10857319/p
Sederia,Sticker de Perlas|Dorada|6 mm,169.00 USD (x1),169.00 USD (x1),https://www.elmachetazo.com/sticker-de-perlasdorada6-mm-10901333/p
Sederia,Cordón de Macramé|3 mm,299.00 USD (x1),299.00 USD (x1),https://www.elmachetazo.com/cordon-de-macrame3-mm-10923516/p
Sederia,Accesorio de Bisutería|40 Piezas,169.00 USD (x1),169.00 USD (x1),https://www.elmachetazo.com/accesorio-de-bisuteria40-piezas-10886188/p
Sederia,Flores de Papel Rosada|12 Piezas,169.00 USD (x1),169.00 USD (x1),https://www.elmachetazo.com/flores-de-papel-rosada12-piezas-10901298/p
Sederia,Cordon de Yute,149.00 USD (x1),149.00 USD (x1),https://www.elmachetazo.com/cordon-de-yute-10857317/p
Sederia,Alambre De Bisutería|Plateado,125.00 USD (x1),125.00 USD (x1),https://www.elmachetazo.com/alambre-de-bisuteriaplateado-10901241/p
Sederia,Cinta De Yute,79.00 USD (x1),169.00 USD (x1),https://www.elmachetazo.com/cinta-de-yute-10922714/p
Sederia,Limpiapipa|25 Piezas|Rojo,149.00 USD (x1),149.00 USD (x1),https://www.elmachetazo.com/limpiapipa25-piezasrojo-10890945/p
Sederia,Limpiapipa|25 Piezas,149.00 USD (x1),149.00 USD (x1),https://www.elmachetazo.com/limpiapipa25-piezas-10890949/p
Sederia,Banda de Rhinestone|Plateado,169.00 USD (x1),169.00 USD (x1),https://www.elmachetazo.com/banda-de-rhinestoneplateado-10875315/p
Sederia,Rosa de Foami Rosa Pastel|6 Piezas,169.00 USD (x1),169.00 USD (x1),https://www.elmachetazo.com/rosa-de-foami-rosa-pastel6-piezas-10901294/p
Sederia,Pluma de Pavo Real Chica,199.00 USD (x1),199.00 USD (x1),https://www.elmachetazo.com/pluma-de-pavo-real-chica-10875271/p
Sederia,Banda de Rhinestone,149.00 USD (x1),149.00 USD (x1),https://www.elmachetazo.com/banda-de-rhinestone-10857340/p
Sederia,Hilo Pabilo|Negro y Blanco|2 Piezas,25.00 USD (x1),125.00 USD (x1),https://www.elmachetazo.com/hilo-pabilonegro-y-blanco2-piezas-10916441/p
Sederia,Hilo Pabilo|Verde y Blanco|2 Piezas,25.00 USD (x1),125.00 USD (x1),https://www.elmachetazo.com/hilo-pabiloverde-y-blanco2-piezas-10916440/p
Sederia,Hilo Pabilo|Azul y Blanco|2 Piezas,25.00 USD (x1),125.00 USD (x1),https://www.elmachetazo.com/hilo-pabiloazul-y-blanco2-piezas-10916438/p
Sederia,Hilo Pabilo|Rosa y Blanco|2 Piezas,25.00 USD (x1),125.00 USD (x1),https://www.elmachetazo.com/hilo-pabilorosa-y-blanco2-piezas-10916439/p
Sederia,Barrill Plateado|7 Piezas,79.00 USD (x1),149.00 USD (x1),https://www.elmachetazo.com/barrill-plateado7-piezas-10922669/p
Sederia,Gancho para Bisutería|40 Piezas,149.00 USD (x1),149.00 USD (x1),https://www.elmachetazo.com/gancho-para--bisuteria40-piezas-10857293/p
Sederia,Sticker de Cruces|13 Piezas,79.00 USD (x1),169.00 USD (x1),https://www.elmachetazo.com/sticker-de-cruces13-piezas-10922709/p
Sederia,Sticker de Rhinestone|Plateado,149.00 USD (x1),149.00 USD (x1),https://www.elmachetazo.com/sticker-de-rhinestoneplateado-10922726/p
Sederia,Ojo Grande|2 Piezas,169.00 USD (x1),169.00 USD (x1),https://www.elmachetazo.com/ojo-grande2-piezas-10947505/p
Sederia,Iman de Madera,79.00 USD (x1),149.00 USD (x1),https://www.elmachetazo.com/iman-de-madera-10890955/p
Sederia,Letras de Foami|189 Piezas,149.00 USD (x1),149.00 USD (x1),https://www.elmachetazo.com/letras-de-foami189-piezas-10901344/p
Sederia,Circulos de Foami|12 Piezas,149.00 USD (x1),149.00 USD (x1),https://www.elmachetazo.com/circulos-de-foami12-piezas-10901337/p
Sederia,Cuentas de Letras|30 Piezas,169.00 USD (x1),169.00 USD (x1),https://www.elmachetazo.com/cuentas-de-letras30-piezas-10857289/p
Sederia,Letras de Madera|20 Piezas,149.00 USD (x1),149.00 USD (x1),https://www.elmachetazo.com/letras-de-madera20-piezas-10901345/p
Sederia,Flores de Foami|12 Piezas,149.00 USD (x1),149.00 USD (x1),https://www.elmachetazo.com/flores-de-foami12-piezas-10901338/p
Sederia,Sticker de Navidad,79.00 USD (x1),149.00 USD (x1),https://www.elmachetazo.com/sticker-de-navidad-10916436/p
Sederia,Disco de Foam 1x10|2 Piezas,169.00 USD (x1),169.00 USD (x1),https://www.elmachetazo.com/foam-redondo1x102-piezas-10901291/p
Sederia,Cuentas de Letra|120 Piezas|Negra,125.00 USD (x1),125.00 USD (x1),https://www.elmachetazo.com/cuentas-de-letra120-piezasnegra-10901941/p
Sederia,Sticker de Piedras Azules|36 Piezas|6 mm,49.00 USD (x1),99.00 USD (x1),https://www.elmachetazo.com/sticker-de-piedras-azules36-piezas6-mm-10922739/p
Sederia,Cinta Adhesiva Magnética,199.00 USD (x1),199.00 USD (x1),https://www.elmachetazo.com/cinta-adhesiva-magnetica-10922684/p
Sederia,Botellita con Tapa de Corcho|6 Piezas,169.00 USD (x1),169.00 USD (x1),https://www.elmachetazo.com/botellita-con-tapa-de-corcho6-piezas-10857337/p
Sederia,Mini Bolitas Foam de Colores|2 mm,149.00 USD (x1),149.00 USD (x1),https://www.elmachetazo.com/mini-bolitas-foam-de-colores2-mm-10901272/p
Sederia,Sticker de Piedras Rosadas|36 Piezas|6 mm,49.00 USD (x1),99.00 USD (x1),https://www.elmachetazo.com/sticker-de-piedras-rosadas36-piezas6-mm-10922740/p
Sederia,Sticker Infantil para Niño,49.00 USD (x1),99.00 USD (x1),https://www.elmachetazo.com/sticker-infantil-para-nino-10857284/p
Sederia,Goma Para Foami|4 oz,99.00 USD (x1),199.00 USD (x1),https://www.elmachetazo.com/goma-para-foami4-oz-10922719/p
Sederia,Palito de Madera|40 Piezas,169.00 USD (x1),169.00 USD (x1),https://www.elmachetazo.com/palito-de-madera40-piezas-10922687/p
Sederia,Cuentas de Madera|Cremas|6 mm,149.00 USD (x1),149.00 USD (x1),https://www.elmachetazo.com/cuentas-de-maderacremas6-mm-10916428/p
Sederia,Pétalos de Rosas Plateado|15 g,79.00 USD (x1),179.00 USD (x1),https://www.elmachetazo.com/petalos-de-rosas-plateado15-g-10901301/p
Sederia,Cuentas de Letras,149.00 USD (x1),149.00 USD (x1),https://www.elmachetazo.com/cuentas-de-letras-10857292/p
Sederia,Cordón de Yute|4 yardas,149.00 USD (x1),149.00 USD (x1),https://www.elmachetazo.com/cordon-de-yute4-yardas-10916433/p
Sederia,Cuentas de Madera|Rojo Chocolate|8 mm,79.00 USD (x1),149.00 USD (x1),https://www.elmachetazo.com/cuentas-de-maderarojo-chocolate8-mm-10916425/p
Sederia,Sticker de Mariposas Celestes,79.00 USD (x1),169.00 USD (x1),https://www.elmachetazo.com/sticker-de-mariposas-celestes-10922693/p
Sederia,Pompones Blancos Surtidos|100 Piezas,99.00 USD (x1),99.00 USD (x1),https://www.elmachetazo.com/pompones-blancos-surtidos100-piezas-10901277/p
Sederia,Pom Pom de Colores|100 Piezas,99.00 USD (x1),99.00 USD (x1),https://www.elmachetazo.com/pom-pom-de-colores100-piezas-10922682/p
Sederia,Sticker de Rosas Rosadas,79.00 USD (x1),169.00 USD (x1),https://www.elmachetazo.com/sticker-de-rosas-rosadas-10922707/p
Sederia,Sticker De Mariposa|3 Piezas,199.00 USD (x1),199.00 USD (x1),https://www.elmachetazo.com/sticker-de-mariposa3-piezas-10922722/p
Sederia,Botellita Plastica|4 Piezas,169.00 USD (x1),169.00 USD (x1),https://www.elmachetazo.com/botellita-plastica4-piezas-10907403/p
Sederia,Cinta de Yute,79.00 USD (x1),169.00 USD (x1),https://www.elmachetazo.com/cinta-de-yute-10922713/p
Sederia,Sticker de Piedras Transparente,169.00 USD (x1),169.00 USD (x1),https://www.elmachetazo.com/sticker-de-piedras-transparente-10922698/p
Sederia,Pompones Brillantes Surtidos|100 Piezas,149.00 USD (x1),149.00 USD (x1),https://www.elmachetazo.com/pompones-brillantes-surtidos100-piezas-10901276/p
Sederia,Cascabel Plateado|11 Piezas,79.00 USD (x1),149.00 USD (x1),https://www.elmachetazo.com/cascabel-plateado11-piezas-10922715/p
Sederia,Cinta Adhesiva Verde,149.00 USD (x1),149.00 USD (x1),https://www.elmachetazo.com/cinta-adhesiva-verde-10867650/p
Sederia,Cascabel Dorado|11 Piezas,149.00 USD (x1),149.00 USD (x1),https://www.elmachetazo.com/cascabel-dorado11-piezas-10922716/p
Sederia,Sticker De Navidad,79.00 USD (x1),149.00 USD (x1),https://www.elmachetazo.com/sticker-de-navidad-10916435/p
Sederia,Cuentas Acrilicas Amarillas|30 Piezas,79.00 USD (x1),179.00 USD (x1),https://www.elmachetazo.com/cuentas-acrilicas-amarillas30-piezas-10916422/p
Sederia,Cordon de Algodón Blanco|18 M,149.00 USD (x1),149.00 USD (x1),https://www.elmachetazo.com/cordon-de-algodon-blanco18-m-10901240/p
Sederia,Girasoles de Foami|6 Piezas,125.00 USD (x1),125.00 USD (x1),https://www.elmachetazo.com/girasoles-de-foami6-piezas-10901341/p
Sederia,Pompones Surtidos|75 Piezas,99.00 USD (x1),99.00 USD (x1),https://www.elmachetazo.com/pompones-surtidos75-piezas-10922683/p
Sederia,Campanitas Doradas para Plantas|24 Piezas,149.00 USD (x1),149.00 USD (x1),https://www.elmachetazo.com/campanitas-doradas-para-plantas24-piezas-10916430/p
Sederia,Aguja de Maquina para Tapizar|24 Piezas,179.00 USD (x1),249.00 USD (x1),https://www.elmachetazo.com/aguja-de-maquina-para-tapizar24-piezas-10873988/p
Sederia,Imperdibles Dorados|175 Piezas,169.00 USD (x1),169.00 USD (x1),https://www.elmachetazo.com/imperdibles-dorados175-piezas-10930157/p
Sederia,Aguja para Máquina de Acolchado,179.00 USD (x1),179.00 USD (x1),https://www.elmachetazo.com/aguja-para-maquina-de-acolchado-10873971/p
Sederia,"Tijera Sweet|8""",179.00 USD (x1),179.00 USD (x1),https://www.elmachetazo.com/tijera-sweet8-10855235/p
Sederia,"Tijera Polka|8""",179.00 USD (x1),179.00 USD (x1),https://www.elmachetazo.com/tijera-polka8-10855236/p
Sederia,Alfiletero,99.00 USD (x1),149.00 USD (x1),https://www.elmachetazo.com/alfiletero-10855277/p
Sederia,Elástico|3-4,99.00 USD (x1),149.00 USD (x1),https://www.elmachetazo.com/elastico3-4-10855287/p
Sederia,Velcro Negro|2 Piezas,179.00 USD (x1),179.00 USD (x1),https://www.elmachetazo.com/velcro-negro2-piezas-10855370/p
Sederia,Set de Dedales,169.00 USD (x1),169.00 USD (x1),https://www.elmachetazo.com/set-de-dedales-10855387/p
Sederia,Hilo Serger|Poliester|Azul Oscuro|1640 Yardas,125.00 USD (x1),125.00 USD (x1),https://www.elmachetazo.com/hilo-sergerpoliesterazul-oscuro1640-yardas-10930151/p
Sederia,Hilo Serger|Poliester|Celeste|1640 Yardas,125.00 USD (x1),125.00 USD (x1),https://www.elmachetazo.com/hilo-sergerpoliesterceleste1640-yardas-10930152/p
Sederia,Hilo Serger|Poliester|Rojo Chocolate|1640 Yardas,125.00 USD (x1),125.00 USD (x1),https://www.elmachetazo.com/hilo-sergerpoliesterrojo-chocolate1640-yardas-10930155/p
Sederia,Set de Hilos Blanco y Negro,179.00 USD (x1),179.00 USD (x1),https://www.elmachetazo.com/set-de-hilos-blanco-y-negro-10855395/p
Sederia,Set de Hilos|10 Piezas,399.00 USD (x1),399.00 USD (x1),https://www.elmachetazo.com/set-de-hilos10-piezas-10855433/p
Sederia,"Tijera Bordabo|4""",99.00 USD (x1),179.00 USD (x1),https://www.elmachetazo.com/tijera-bordabo4-10873977/p
Sederia,Dedales Plásticos|3 Piezas,179.00 USD (x1),179.00 USD (x1),https://www.elmachetazo.com/dedales-plasticos3-piezas-10873980/p
Sederia,"Tijera|8""",199.00 USD (x1),199.00 USD (x1),https://www.elmachetazo.com/tijera8-10873983/p
Sederia,Aguja Bordado| 24 Piezas,249.00 USD (x1),249.00 USD (x1),https://www.elmachetazo.com/aguja-bordado-24-piezas-10873987/p
Sederia,Set De Tijeras|4 Piezas,649.00 USD (x1),649.00 USD (x1),https://www.elmachetazo.com/set-de-tijeras4-piezas-10930133/p
Sederia,Horquilla Para Costura|12 Piezas,225.00 USD (x1),225.00 USD (x1),https://www.elmachetazo.com/horquilla-para-costura12-piezas-10930141/p
Sederia,"Tijera|7""",99.00 USD (x1),179.00 USD (x1),https://www.elmachetazo.com/tijera7-10930146/p
Sederia,Hilo Serger|Poliester|Blanco|1640 Yardas,125.00 USD (x1),125.00 USD (x1),https://www.elmachetazo.com/hilo-sergerpoliesterblanco1640-yardas-10930147/p
Sederia,"Tijera|8""",179.00 USD (x1),179.00 USD (x1),https://www.elmachetazo.com/tijera8-10855252/p
Sederia,Goma en Barra|5 Piezas,169.00 USD (x1),169.00 USD (x1),https://www.elmachetazo.com/goma-en-barra5-piezas-10855655/p
Sederia,Goma para Textil,169.00 USD (x1),169.00 USD (x1),https://www.elmachetazo.com/goma-para-textil-10930142/p
Sederia,"Tijera|7½""",99.00 USD (x1),179.00 USD (x1),https://www.elmachetazo.com/tijera7-10930156/p
Sederia,Set de Enhebrador y Agujas|30 Piezas,169.00 USD (x1),169.00 USD (x1),https://www.elmachetazo.com/set-de-enhebrador-y-agujas30-piezas-10930158/p
Sederia,Set de Hilos Madeja Pasteles,169.00 USD (x1),169.00 USD (x1),https://www.elmachetazo.com/set-de-hilos-madeja-pasteles-10855588/p
Sederia,Alfileres|40 Piezas,169.00 USD (x1),169.00 USD (x1),https://www.elmachetazo.com/alfileres40-piezas-10855659/p
Sederia,Pistola de Silicona 120 Voltios,399.00 USD (x1),399.00 USD (x1),https://www.elmachetazo.com/pistola-de-silicona-delgada-10855662/p
Sederia,"Tijera Polka|3.75""",399.00 USD (x1),399.00 USD (x1),https://www.elmachetazo.com/tijera-polka375-10855234/p
Sederia,"Tijera Todo Uso|8""",179.00 USD (x1),179.00 USD (x1),https://www.elmachetazo.com/tijera-todo-uso8-10855251/p
Sederia,Marcadores para Tela|Color Neon,179.00 USD (x1),179.00 USD (x1),https://www.elmachetazo.com/marcadores-para-telacolor-neon-10874000/p
Sederia,Set de Hilos|45 Piezas,179.00 USD (x1),179.00 USD (x1),https://www.elmachetazo.com/set-de-hilos45-piezas-10855397/p
Sederia,Set de Agujas y Tape,169.00 USD (x1),169.00 USD (x1),https://www.elmachetazo.com/set-de-agujas-y-tape-10855411/p
Sederia,"Cinta Métrica|60""",169.00 USD (x1),169.00 USD (x1),https://www.elmachetazo.com/cinta-metrica60-10949903/p
Sederia,Aguja de Mano|19 Piezas,149.00 USD (x1),149.00 USD (x1),https://www.elmachetazo.com/aguja-de-mano19-piezas-10855448/p
Sederia,Cordones de Colores,179.00 USD (x1),179.00 USD (x1),https://www.elmachetazo.com/cordones-de-colores-10855535/p
Sederia,Limpia Pipa Surtido,149.00 USD (x1),149.00 USD (x1),https://www.elmachetazo.com/limpia-pipa-surtido-10855542/p
Sederia,Cuentas de Colores|300 Piezas,169.00 USD (x1),169.00 USD (x1),https://www.elmachetazo.com/cuentas-de-colores300-piezas-10855548/p
Sederia,"Tijera|5 1/2""",169.00 USD (x1),169.00 USD (x1),https://www.elmachetazo.com/tijera5-12-10855238/p
Sederia,"Tijera|6""",179.00 USD (x1),179.00 USD (x1),https://www.elmachetazo.com/tijera6-10855240/p
Sederia,"Tijera|6 1/2""",179.00 USD (x1),179.00 USD (x1),https://www.elmachetazo.com/tijera6-12-10855243/p
Sederia,"Tijerapara Corte|5""",179.00 USD (x1),179.00 USD (x1),https://www.elmachetazo.com/tijerapara-corte5-10855246/p
Sederia,"Tijera|6¼""",199.00 USD (x1),199.00 USD (x1),https://www.elmachetazo.com/tijera6-10855256/p
Sederia,Aguja de Mano|7 Unidades,149.00 USD (x1),149.00 USD (x1),https://www.elmachetazo.com/aguja-de-mano7-unidades-10855263/p
Sederia,Aguja de Mano|50 Unidades,149.00 USD (x1),149.00 USD (x1),https://www.elmachetazo.com/aguja-de-mano50-unidades-10855264/p
Sederia,Soltador de Costura,249.00 USD (x1),249.00 USD (x1),https://www.elmachetazo.com/soltador-de-costura-10873975/p
Sederia,"Tijera|4""",179.00 USD (x1),179.00 USD (x1),https://www.elmachetazo.com/tijera4-10873982/p
Sederia,Alfiletero Magnético,199.00 USD (x1),199.00 USD (x1),https://www.elmachetazo.com/alfiletero-magnetico-10873989/p
Sederia,Marcador de Costura,179.00 USD (x1),179.00 USD (x1),https://www.elmachetazo.com/marcador-de-costura-10873990/p
Sederia,Aguja Tejer|4 Unidades,179.00 USD (x1),179.00 USD (x1),https://www.elmachetazo.com/aguja-tejer4-unidades-10873992/p
Sederia,Set de Tijeras,449.00 USD (x1),449.00 USD (x1),https://www.elmachetazo.com/set-de-tijeras-10874079/p
Sederia,Enebradores de Hilo|3 Unidades,149.00 USD (x1),149.00 USD (x1),https://www.elmachetazo.com/enebradores-de-hilo3-unidades-10855268/p
Sederia,"Cinta Métrica|120""",169.00 USD (x1),169.00 USD (x1),https://www.elmachetazo.com/cinta-metrica120-10855278/p
Sederia,"Cinta Métrica|96""",149.00 USD (x1),149.00 USD (x1),https://www.elmachetazo.com/cinta-metrica96-10855280/p
Sederia,Kit de Hilos|12 Unidades,179.00 USD (x1),179.00 USD (x1),https://www.elmachetazo.com/kit-de-hilos12-unidades-10855389/p
Sederia,Bobinas Plásticas con Hilo|10 Unidades,169.00 USD (x1),169.00 USD (x1),https://www.elmachetazo.com/bobinas-plasticas-con-hilo10-unidades-10949902/p
Sederia,Marcador Soluble de Tela,149.00 USD (x1),149.00 USD (x1),https://www.elmachetazo.com/marcador-soluble-de-tela-10949905/p
Sederia,"Tijera de Titanio|8.25""",599.00 USD (x1),599.00 USD (x1),https://www.elmachetazo.com/tijera-de-titanio825-10956809/p
Sederia,"Tijera de Titanio|10""",699.00 USD (x1),699.00 USD (x1),https://www.elmachetazo.com/tijera-de-titanio10-10956810/p
Sederia,"Tijera de Bordado|3¼""",125.00 USD (x1),125.00 USD (x1),https://www.elmachetazo.com/tijera-de-bordado3-10902864/p
Sederia,"Tijera de Zic Zac|9""",999.00 USD (x1),999.00 USD (x1),https://www.elmachetazo.com/tijera-de-zic-zac9-10902865/p
Sederia,Lupa|5X,179.00 USD (x1),179.00 USD (x1),https://www.elmachetazo.com/lupa5x-10902866/p
Sederia,Alfileres Surtidos|100 Unidades,149.00 USD (x1),149.00 USD (x1),https://www.elmachetazo.com/alfileres-surtidos100-unidades-10902869/p
Sederia,Kit de Costura,599.00 USD (x1),599.00 USD (x1),https://www.elmachetazo.com/kit-de-costura-10902870/p
Sederia,Kit de Costura,169.00 USD (x1),169.00 USD (x1),https://www.elmachetazo.com/kit-de-costura-10902872/p
Sederia,Cordón de Yute|6 mm,149.00 USD (x1),149.00 USD (x1),https://www.elmachetazo.com/cordon-de-yute6-mm-10930140/p
Sederia,Kit de Agujas|70 Unidades,169.00 USD (x1),169.00 USD (x1),https://www.elmachetazo.com/kit-de-agujas70-unidades-10930163/p
Sederia,Kit de Agujas,169.00 USD (x1),169.00 USD (x1),https://www.elmachetazo.com/kit-de-agujas-10930164/p
Sederia,Cordón de Yute|42 m,149.00 USD (x1),149.00 USD (x1),https://www.elmachetazo.com/cordon-de-yute42-m-10930168/p
Sederia,Goma Silicona Líquida|250ml,299.00 USD (x1),299.00 USD (x1),https://www.elmachetazo.com/goma-silicona-liquida250ml-10743628/p
Sederia,Pistola de Silicona Grande,549.00 USD (x1),549.00 USD (x1),https://www.elmachetazo.com/pistola-de-silicona-grande-10738334/p
Sederia,Goma para Manualidades,169.00 USD (x1),169.00 USD (x1),https://www.elmachetazo.com/goma-para-manualidades-10855657/p
Sederia,Set de Hilos de Madejas Colores Medios,169.00 USD (x1),169.00 USD (x1),https://www.elmachetazo.com/set-de-hilos-de-madejas-colores-medios-10855597/p
Sederia,Set de Hilos de Madejas Colores Oscuros,169.00 USD (x1),169.00 USD (x1),https://www.elmachetazo.com/set-de-hilos-de-madejas-colores-oscuros-10855571/p
Sederia,Velcro Autoadhesivo en Tiras|8 Sets,179.00 USD (x1),179.00 USD (x1),https://www.elmachetazo.com/velcro-autoadhesivo-en-tiras8-sets-10855358/p
Sederia,Parches para Tela,149.00 USD (x1),149.00 USD (x1),https://www.elmachetazo.com/parches-para-tela-10855323/p
Sederia,Cinta para Costura,169.00 USD (x1),169.00 USD (x1),https://www.elmachetazo.com/cinta-para-costura-10855290/p
Sederia,"Elástico 1/4"" x 108""",99.00 USD (x1),149.00 USD (x1),https://www.elmachetazo.com/elastico-14-x-108-10855285/p
Sederia,Soltador Ergonómico,225.00 USD (x1),225.00 USD (x1),https://www.elmachetazo.com/soltador-ergonomico-10855282/p
Sederia,Soltador de Costura,169.00 USD (x1),169.00 USD (x1),https://www.elmachetazo.com/soltador-de-costura-10855281/p
Sederia,Soltador de Costura,149.00 USD (x1),149.00 USD (x1),https://www.elmachetazo.com/soltador-de-costura-10855276/p
Sederia,Cinta Métrica|150cm,149.00 USD (x1),149.00 USD (x1),https://www.elmachetazo.com/cinta-metrica150cm-10855275/p
Sederia,Alfileres con Cabecita,149.00 USD (x1),149.00 USD (x1),https://www.elmachetazo.com/alfileres-con-cabecita-10855274/p
Sederia,Broches de Presión,169.00 USD (x1),169.00 USD (x1),https://www.elmachetazo.com/broches-de-presion-10855414/p
Sederia,Set de Botones|175pcs,169.00 USD (x1),169.00 USD (x1),https://www.elmachetazo.com/set-de-botones175pcs-10855403/p
Sederia,Aguja y Bobina para Máquina|15 Piezas,169.00 USD (x1),169.00 USD (x1),https://www.elmachetazo.com/aguja-y-bobina-para-maquina15-piezas-10855400/p
Sederia,Kit de Hilos de Colores|12pcs,179.00 USD (x1),179.00 USD (x1),https://www.elmachetazo.com/kit-de-hilos-de-colores12pcs-10855392/p
Sederia,Bobinas de metal 3pcs,169.00 USD (x1),169.00 USD (x1),https://www.elmachetazo.com/bobinas-de-metal-3pcs-10855386/p
Sederia,Aceite para Máquina de Coser,169.00 USD (x1),169.00 USD (x1),https://www.elmachetazo.com/aceite-para-maquina-de-coser-10855385/p
Sederia,Bobinas Plásticas|8 Pcs,179.00 USD (x1),179.00 USD (x1),https://www.elmachetazo.com/bobinas-plasticas8-pcs-10855384/p
Sederia,Aguja Universal No. 11|12|14|16|6 Piezas,169.00 USD (x1),169.00 USD (x1),https://www.elmachetazo.com/aguja-universal-no-111214166-piezas-10855383/p
Sederia,Velcro Circular Adhesivo Negro,179.00 USD (x1),179.00 USD (x1),https://www.elmachetazo.com/velcro-circular-adhesivo-negro-10855382/p
Sederia,Círculo de Foam 10cm 4 Piezas,25.00 USD (x1),129.00 USD (x1),https://www.elmachetazo.com/circulo-de-foam-10cm-4-piezas-10792489/p
Sederia,Corazón de Foam 5.5cm 6 Piezas,49.00 USD (x1),79.00 USD (x1),https://www.elmachetazo.com/corazon-de-foam-55cm-6-piezas-10792484/p
Sederia,Rosa de Foam 18cm,69.00 USD (x1),99.00 USD (x1),https://www.elmachetazo.com/rosa-de-foam-18cm-10792483/p
Sederia,Flor de Foam13cm 2 Piezas,69.00 USD (x1),99.00 USD (x1),https://www.elmachetazo.com/flor-de-foam13cm-2-piezas-10792482/p
Sederia,Hilo de Poliéster Omega,49.00 USD (x1),49.00 USD (x1),https://www.elmachetazo.com/hilo-de-poliester-omega-10184291/p
Sederia,Hilo Omegacrys Omega,149.00 USD (x1),149.00 USD (x1),https://www.elmachetazo.com/hilo-omegacrys-omega-10452914/p
Sederia,Hilo Nylon La Espiga #9,399.00 USD (x1),599.00 USD (x1),https://www.elmachetazo.com/hilo-nylon-la-espiga-9-10522990/p
Sederia,Hilo Crochet Omega No. 20,199.00 USD (x1),199.00 USD (x1),https://www.elmachetazo.com/hilo-crochet-omega-no-20-10104044/p
Sederia,Hilo de Poliéster Omega,49.00 USD (x1),49.00 USD (x1),https://www.elmachetazo.com/hilo-de-poliester-omega-10192911/p
Sederia,Hilo de Poliéster Omega,49.00 USD (x1),49.00 USD (x1),https://www.elmachetazo.com/hilo-de-poliester-omega-10184285/p
Sederia,Hilo Fantasía Omega,279.00 USD (x1),279.00 USD (x1),https://www.elmachetazo.com/hilo-fantasia-omega-10169539/p
Sederia,Hilo Nylon la Espiga,399.00 USD (x1),599.00 USD (x1),https://www.elmachetazo.com/hilo-nylon-la-espiga-10774561/p
Sederia,Hilo Nylon la Espiga,399.00 USD (x1),599.00 USD (x1),https://www.elmachetazo.com/hilo-nylon-la-espiga-10774559/p
Sederia,Hilo Nylon la Espiga,599.00 USD (x1),599.00 USD (x1),https://www.elmachetazo.com/hilo-nylon-la-espiga-10774553/p
Sederia,Hilo Crochet Omega No. 30,199.00 USD (x1),199.00 USD (x1),https://www.elmachetazo.com/hilo-crochet-omega-no-30-10427923/p
Sederia,Hilo Crochet Omega No. 10,199.00 USD (x1),199.00 USD (x1),https://www.elmachetazo.com/hilo-crochet-omega-no-10-10427917/p
Sederia,Hilo Crochet Omega No. 10,199.00 USD (x1),199.00 USD (x1),https://www.elmachetazo.com/hilo-crochet-omega-no-10-10427914/p
Sederia,Hilo de Bordado 219 Omega,79.00 USD (x1),79.00 USD (x1),https://www.elmachetazo.com/hilo-de-bordado-219-omega-10179083/p
Sederia,Hilo Matizado de Bordado 909 Omega,79.00 USD (x1),79.00 USD (x1),https://www.elmachetazo.com/hilo-matizado-de-bordado-909-omega-10176751/p
Sederia,Hilo Crochet Omega No. 20,199.00 USD (x1),199.00 USD (x1),https://www.elmachetazo.com/hilo-crochet-omega-no-20-10104043/p
Sederia,Hilo Crochet Omega No. 20,199.00 USD (x1),199.00 USD (x1),https://www.elmachetazo.com/hilo-crochet-omega-no-20-10103264/p
Sederia,Hilo Crochet Omega No. 20,199.00 USD (x1),199.00 USD (x1),https://www.elmachetazo.com/hilo-crochet-omega-no-20-10103261/p
Sederia,Hilo Crochet Omega No. 20,199.00 USD (x1),199.00 USD (x1),https://www.elmachetazo.com/hilo-crochet-omega-no-20-10103259/p
Sederia,Hilo Crochet Omega No. 20,199.00 USD (x1),199.00 USD (x1),https://www.elmachetazo.com/hilo-crochet-omega-no-20-10103256/p
Sederia,Hilo de Poliéster Omega,49.00 USD (x1),49.00 USD (x1),https://www.elmachetazo.com/hilo-de-poliester-omega-10192903/p
Sederia,Hilo de Poliéster Omega,49.00 USD (x1),49.00 USD (x1),https://www.elmachetazo.com/hilo-de-poliester-omega-10192172/p
Sederia,Hilo de Poliéster Omega,49.00 USD (x1),49.00 USD (x1),https://www.elmachetazo.com/hilo-de-poliester-omega-10192171/p
Sederia,Hilo de Poliéster Omega,49.00 USD (x1),49.00 USD (x1),https://www.elmachetazo.com/hilo-de-poliester-omega-10192169/p
Sederia,Hilo Fantasía Omega,279.00 USD (x1),279.00 USD (x1),https://www.elmachetazo.com/hilo-fantasia-omega-10168703/p
Sederia,Hilo Crochet Omega No. 40,249.00 USD (x1),249.00 USD (x1),https://www.elmachetazo.com/hilo-crochet-omega-no-40-10161603/p
Sederia,Tambor Plástico para Costura|Numero 8,49.00 USD (x1),199.00 USD (x1),https://www.elmachetazo.com/tambor-plastico--8-10794962/p
Sederia,Hilo Matizado de Bordado 908 Omega,79.00 USD (x1),79.00 USD (x1),https://www.elmachetazo.com/hilo-matizado-de-bordado-908-omega-10176750/p
Sederia,Hilo Matizado de Bordado 902 Omega,79.00 USD (x1),79.00 USD (x1),https://www.elmachetazo.com/hilo-matizado-de-bordado-902-omega-10175957/p
Sederia,Hilo Matizado de Bordado 813 Omega,79.00 USD (x1),79.00 USD (x1),https://www.elmachetazo.com/hilo-matizado-de-bordado-813-omega-10175955/p
Sederia,Hilo Crochet Omega No. 20,199.00 USD (x1),199.00 USD (x1),https://www.elmachetazo.com/hilo-crochet-omega-no-20-10102497/p
Sederia,Hilo Crochet Omega No. 20,199.00 USD (x1),199.00 USD (x1),https://www.elmachetazo.com/hilo-crochet-omega-no-20-10102494/p
Sederia,Hilo Crochet Omega No. 20,199.00 USD (x1),199.00 USD (x1),https://www.elmachetazo.com/hilo-crochet-omega-no-20-10102493/p
Sederia,Hilo Crochet Omega No. 20,199.00 USD (x1),199.00 USD (x1),https://www.elmachetazo.com/hilo-crochet-omega-no-20-10102491/p
Sederia,Hilo Crochet Omega No. 20,199.00 USD (x1),199.00 USD (x1),https://www.elmachetazo.com/hilo-crochet-omega-no-20-10102489/p
Sederia,Hilo Crochet Omega No. 20,199.00 USD (x1),199.00 USD (x1),https://www.elmachetazo.com/hilo-crochet-omega-no-20-10102488/p
Sederia,Hilo de Nylon Omega No.5,99.00 USD (x1),349.00 USD (x1),https://www.elmachetazo.com/hilo-de-nylon-omega-no5-10186764/p
Sederia,Hilo Omegacrys Omega,149.00 USD (x1),149.00 USD (x1),https://www.elmachetazo.com/hilo-omegacrys-omega-10160805/p
Sederia,Hilo Omegacrys Omega,149.00 USD (x1),149.00 USD (x1),https://www.elmachetazo.com/hilo-omegacrys-omega-10160804/p
Sederia,Hilo Omegacrys Omega,149.00 USD (x1),149.00 USD (x1),https://www.elmachetazo.com/hilo-omegacrys-omega-10160028/p
Sederia,Hilo Omegacrys Omega,149.00 USD (x1),149.00 USD (x1),https://www.elmachetazo.com/hilo-omegacrys-omega-10160023/p
Sederia,Hilo Nylon Omega No.5,99.00 USD (x1),349.00 USD (x1),https://www.elmachetazo.com/hilo-nylon-omega-no5-10548709/p
Sederia,Hilo Nylon Omega No.5,99.00 USD (x1),349.00 USD (x1),https://www.elmachetazo.com/hilo-nylon-omega-no5-10548704/p
Sederia,Hilo Nylon Omega No.5,99.00 USD (x1),349.00 USD (x1),https://www.elmachetazo.com/hilo-nylon-omega-no5-10548700/p
Sederia,Hilo Nylon Omega No.5,99.00 USD (x1),349.00 USD (x1),https://www.elmachetazo.com/hilo-nylon-omega-no5-10548698/p
Sederia,Hilo Nylon la Espiga,399.00 USD (x1),599.00 USD (x1),https://www.elmachetazo.com/hilo-nylon-la-espiga-10523009/p
Sederia,Hilo Nylon la Espiga,399.00 USD (x1),599.00 USD (x1),https://www.elmachetazo.com/hilo-nylon-la-espiga-10523007/p
Sederia,Hilo de Poliéster Omega,49.00 USD (x1),49.00 USD (x1),https://www.elmachetazo.com/hilo-de-poliester-omega-10195141/p
Sederia,Hilo de Poliéster Omega,49.00 USD (x1),49.00 USD (x1),https://www.elmachetazo.com/hilo-de-poliester-omega-10194382/p
Sederia,Hilo de Poliéster Omega,49.00 USD (x1),49.00 USD (x1),https://www.elmachetazo.com/hilo-de-poliester-omega-10194375/p
Sederia,Hilo de Poliéster Omega,49.00 USD (x1),49.00 USD (x1),https://www.elmachetazo.com/hilo-de-poliester-omega-10193653/p
Sederia,Hilo Matizado de Bordado 904 Omega,79.00 USD (x1),79.00 USD (x1),https://www.elmachetazo.com/hilo-matizado-de-bordado-904-omega-10314634/p
Sederia,Hilo de Bordado 001 Omega,79.00 USD (x1),79.00 USD (x1),https://www.elmachetazo.com/hilo-de-bordado-001-omega-10187539/p
Sederia,Hilo de Bordado 800 Omega,79.00 USD (x1),79.00 USD (x1),https://www.elmachetazo.com/hilo-de-bordado-800-omega-10175141/p
Sederia,Hilo de Bordado 717 Omega,79.00 USD (x1),79.00 USD (x1),https://www.elmachetazo.com/hilo-de-bordado-717-omega-10174310/p
Sederia,Hilo Crochet Omega No. 20,199.00 USD (x1),199.00 USD (x1),https://www.elmachetazo.com/hilo-crochet-omega-no-20-10101699/p
Sederia,Hilo Crochet Omega No. 20,199.00 USD (x1),199.00 USD (x1),https://www.elmachetazo.com/hilo-crochet-omega-no-20-10101695/p
Sederia,Hilo de Nylon Omega No.5,99.00 USD (x1),349.00 USD (x1),https://www.elmachetazo.com/hilo-de-nylon-omega-no5-10186763/p
Sederia,Hilo de Nylon Omega No.5,99.00 USD (x1),349.00 USD (x1),https://www.elmachetazo.com/hilo-de-nylon-omega-no5-10186759/p
Sederia,Hilo de Nylon Omega No.5,99.00 USD (x1),349.00 USD (x1),https://www.elmachetazo.com/hilo-de-nylon-omega-no5-10186758/p
Sederia,Hilo de Nylon Omega No.5,99.00 USD (x1),349.00 USD (x1),https://www.elmachetazo.com/hilo-de-nylon-omega-no5-10185961/p
Sederia,Hilo Omegacrys Omega,149.00 USD (x1),149.00 USD (x1),https://www.elmachetazo.com/hilo-omegacrys-omega-10159205/p
Sederia,Hilo Omegacrys Omega,149.00 USD (x1),149.00 USD (x1),https://www.elmachetazo.com/hilo-omegacrys-omega-10159203/p
Sederia,Hilo Omegacrys Omega,149.00 USD (x1),149.00 USD (x1),https://www.elmachetazo.com/hilo-omegacrys-omega-10159200/p
Sederia,Hilo Omegacrys Omega,149.00 USD (x1),149.00 USD (x1),https://www.elmachetazo.com/hilo-omegacrys-omega-10159199/p
Sederia,Hilo Omegacrys Omega,149.00 USD (x1),149.00 USD (x1),https://www.elmachetazo.com/hilo-omegacrys-omega-10158381/p
Sederia,Hilo Nylon la Espiga,399.00 USD (x1),599.00 USD (x1),https://www.elmachetazo.com/hilo-nylon-la-espiga-10523000/p
Sederia,Hilo Omegacrys Omega,149.00 USD (x1),149.00 USD (x1),https://www.elmachetazo.com/hilo-omegacrys-omega-10458722/p
Sederia,Hilo de Poliéster Omega,49.00 USD (x1),49.00 USD (x1),https://www.elmachetazo.com/hilo-de-poliester-omega-10192912/p
Sederia,Hilo de Bordado 341 Omega,79.00 USD (x1),79.00 USD (x1),https://www.elmachetazo.com/hilo-de-bordado-341-omega-10182014/p
Sederia,Hilo de Poliéster Omega,49.00 USD (x1),49.00 USD (x1),https://www.elmachetazo.com/hilo-de-poliester-omega-10184294/p
Sederia,Hilo Omegacrys Omega,149.00 USD (x1),149.00 USD (x1),https://www.elmachetazo.com/hilo-omegacrys-omega-10158379/p
Sederia,Hilo Crochet Omega No. 20,199.00 USD (x1),199.00 USD (x1),https://www.elmachetazo.com/hilo-crochet-omega-no-20-10104850/p
Sederia,Pintura Verde Country,99.00 USD (x1),99.00 USD (x1),https://www.elmachetazo.com/pintura-verde-country-10634494/p
Sederia,Pintura Verde Caña,99.00 USD (x1),99.00 USD (x1),https://www.elmachetazo.com/pintura-verde-cana-10163209/p
Sederia,Marcador para Tela Naranja,149.00 USD (x1),149.00 USD (x1),https://www.elmachetazo.com/marcador-para-tela-naranja-10148508/p
Sederia,Marcador para Tela Verde Caña,149.00 USD (x1),149.00 USD (x1),https://www.elmachetazo.com/marcador-para-tela-verde-cana-10148506/p
Sederia,Marcador para Tela Amarillo Oro,149.00 USD (x1),149.00 USD (x1),https://www.elmachetazo.com/marcador-para-tela-amarillo-oro-10148504/p
Sederia,Marcador para Tela Rosado,149.00 USD (x1),149.00 USD (x1),https://www.elmachetazo.com/marcador-para-tela-rosado-10148502/p
Sederia,Marcador para Tela Azul Turquesa,149.00 USD (x1),149.00 USD (x1),https://www.elmachetazo.com/marcador-para-tela-azul-turquesa-10148501/p
Sederia,Pintura Fluorescente Verde,129.00 USD (x1),129.00 USD (x1),https://www.elmachetazo.com/pintura-fluorescente-verde-10780618/p
Sederia,Pintura Fluorescente Azul,129.00 USD (x1),129.00 USD (x1),https://www.elmachetazo.com/pintura-fluorescente-azul-10780617/p
Sederia,Pintura Fluorescente Rosada,129.00 USD (x1),129.00 USD (x1),https://www.elmachetazo.com/pintura-fluorescente-rosada-10780614/p
Sederia,Pintura Fluorescente Roja,129.00 USD (x1),129.00 USD (x1),https://www.elmachetazo.com/pintura-fluorescente-roja-10780610/p
Sederia,Pintura Fluorescente Naranja,129.00 USD (x1),129.00 USD (x1),https://www.elmachetazo.com/pintura-fluorescente-naranja-10780607/p
Sederia,Pintura Fluorescente Amarillo Limón,129.00 USD (x1),129.00 USD (x1),https://www.elmachetazo.com/pintura-fluorescente-amarillo-limon-10780599/p
Sederia,Pintura Rojo Tomate,99.00 USD (x1),99.00 USD (x1),https://www.elmachetazo.com/pintura-rojo-tomate-10147707/p
Sederia,Pintura Verde Grama,99.00 USD (x1),99.00 USD (x1),https://www.elmachetazo.com/pintura-verde-grama-10147706/p
Sederia,Pintura Magenta,99.00 USD (x1),99.00 USD (x1),https://www.elmachetazo.com/pintura-magenta-10146940/p
Sederia,Pintura Violeta,99.00 USD (x1),99.00 USD (x1),https://www.elmachetazo.com/pintura-violeta-10146936/p
Sederia,Pintura Rosada,99.00 USD (x1),99.00 USD (x1),https://www.elmachetazo.com/pintura-rosada-10146934/p
Sederia,Pintura Negra,99.00 USD (x1),99.00 USD (x1),https://www.elmachetazo.com/pintura-negra-10146931/p
Sederia,Pintura Blanca,99.00 USD (x1),99.00 USD (x1),https://www.elmachetazo.com/pintura-blanca-10146930/p
Sederia,Pintura Naranja,99.00 USD (x1),99.00 USD (x1),https://www.elmachetazo.com/pintura-naranja-10146162/p
Sederia,Pintura Pitaya,99.00 USD (x1),99.00 USD (x1),https://www.elmachetazo.com/pintura-pitaya-10634502/p
Sederia,Pintura Vermelo Profundo,99.00 USD (x1),99.00 USD (x1),https://www.elmachetazo.com/pintura-vermelo-profundo-10634500/p
Sederia,Pintura Amarillo Oro,99.00 USD (x1),99.00 USD (x1),https://www.elmachetazo.com/pintura-amarillo-oro-10146157/p
Sederia,Pintura Azul Celeste,99.00 USD (x1),99.00 USD (x1),https://www.elmachetazo.com/pintura-azul-celeste-10146155/p
Fiestas,Canasta Metálica para Halloween,199.00 USD (x1),199.00 USD (x1),https://www.elmachetazo.com/canasta-metalica-para-halloween-fantastik-season-10970010-machetazo/p
Fiestas,Adorno de Halloween|Rosa Eterna,299.00 USD (x1),299.00 USD (x1),https://www.elmachetazo.com/adorno-de-halloween-rosa-eterna-regent-10239779-machetazo/p
Fiestas,Adorno de Halloween|Telaraña Brillante,399.00 USD (x1),399.00 USD (x1),https://www.elmachetazo.com/adorno-de-halloween-telarana-brillante-qz-10419041-machetazo/p
Fiestas,Vincha de Halloween con Cuernos,149.00 USD (x1),149.00 USD (x1),https://www.elmachetazo.com/vincha-de-halloween-con-cuernos-regent-halloween-10961595-machetazo/p
Fiestas,Adorno de Halloween con Luces|Surtido,399.00 USD (x1),399.00 USD (x1),https://www.elmachetazo.com/adorno-de-halloween-con-luces-surtido-fantastik-season-10970013-machetazo/p
Fiestas,Lentes Luminosos|Colores Surtidos,149.00 USD (x1),149.00 USD (x1),https://www.elmachetazo.com/lentes-luminosos-colores-surtidos-fantastik-season-10984811-machetazo/p
Fiestas,Maquillaje para Disfraz,199.00 USD (x1),199.00 USD (x1),https://www.elmachetazo.com/maquillaje-para-disfraz-dimach-11004318-machetazo/p
Fiestas,Dientes de Vampiro y Sangre|Halloween,99.00 USD (x1),99.00 USD (x1),https://www.elmachetazo.com/dientes-de-vampiro-y-sangre-halloween-dimach-11004319-machetazo/p
Fiestas,Set de Maquillaje para Disfraz,299.00 USD (x1),299.00 USD (x1),https://www.elmachetazo.com/set-de-maquillaje-para-disfraz-dimach-11004320-machetazo/p
Fiestas,Velo con Corona para Disfraz,149.00 USD (x1),149.00 USD (x1),https://www.elmachetazo.com/velo-con-corona-para-disfraz-regent-halloween-11008579-machetazo/p
Fiestas,Linterna de Halloween|Surtido,249.00 USD (x1),249.00 USD (x1),https://www.elmachetazo.com/linterna-de-halloween-surtido-regent-halloween-11008586-machetazo/p
Fiestas,Globos Redondos N°12|25 Piezas|Rojo Ruby Cromado,349.00 USD (x1),349.00 USD (x1),https://www.elmachetazo.com/globos-redondos-n1225-piezasrojo-ruby-cromado-10936637/p
Fiestas,Globos Redondos N°12|25 Piezas|Lavanda Cromado,349.00 USD (x1),349.00 USD (x1),https://www.elmachetazo.com/globos-redondos-n1225-piezaslavanda-cromado-10936639/p
Fiestas,Globos Redondos N°12|15 Piezas|Rosa Dorado,99.00 USD (x1),99.00 USD (x1),https://www.elmachetazo.com/globos-redondos-n1215-piezasrosa-dorado-10817450/p
Fiestas,Globos Redondos N°12|15 Piezas|Fucsia,99.00 USD (x1),99.00 USD (x1),https://www.elmachetazo.com/globos-redondos-n1215-piezasfucsia-10817452/p
Fiestas,Globos Redondos N°12|50 Piezas|Rosa Dorado,249.00 USD (x1),249.00 USD (x1),https://www.elmachetazo.com/globos-redondos-n1250-piezasrosa-dorado-10817607/p
Fiestas,Globos Redondos N°12|50 Piezas|Púrpura Pastel,249.00 USD (x1),249.00 USD (x1),https://www.elmachetazo.com/globos-redondos-n1250-piezaspurpura-pastel-10817605/p
Fiestas,Globos Redondos N°12|50 Piezas|Azul Pastel,249.00 USD (x1),249.00 USD (x1),https://www.elmachetazo.com/globos-redondos-n1250-piezasazul-pastel-10817606/p
Fiestas,Globos Largos|Color Pastel|Surtido,299.00 USD (x1),299.00 USD (x1),https://www.elmachetazo.com/globos-largoscolor-pastelsurtido-11001303/p
Fiestas,Bolsa de Regalo|Verde Limón|S,79.00 USD (x1),79.00 USD (x1),https://www.elmachetazo.com/bolsa-de-regaloverde-limons-10887969/p
Fiestas,Globos Redondos|50 Piezas|Morado Neón,499.00 USD (x1),499.00 USD (x1),https://www.elmachetazo.com/globos-redondos50-piezasmorado-neon-10946230/p
Fiestas,Globos Redondos|50 Piezas|Verde Neón,499.00 USD (x1),499.00 USD (x1),https://www.elmachetazo.com/globos-redondos50-piezasverde-neon-10946231/p
Fiestas,Globos Redondos|15 Piezas|Color Neón|Surtido,179.00 USD (x1),179.00 USD (x1),https://www.elmachetazo.com/globos-redondos15-piezascolor-neonsurtido-10946233/p
Fiestas,Globos Redondos N°12|50 Piezas|Naranja Pastel,249.00 USD (x1),249.00 USD (x1),https://www.elmachetazo.com/globos-redondos-n1250-piezasnaranja-pastel-10769946/p
Fiestas,Globos Redondos N°12|50 Piezas|Amarillo Pastel,249.00 USD (x1),249.00 USD (x1),https://www.elmachetazo.com/globos-redondos-n1250-piezasamarillo-pastel-10769947/p
Fiestas,Globos Redondos N°12|50 Piezas|Sandia Pastel,249.00 USD (x1),249.00 USD (x1),https://www.elmachetazo.com/globos-redondos-n1250-piezassandia-pastel-10769948/p
Fiestas,Globos Redondos|25 Piezas|Color Cromado|Surtido,349.00 USD (x1),349.00 USD (x1),https://www.elmachetazo.com/globos-redondos25-piezascolor-cromadosurtido-10946226/p
Fiestas,Globos Redondos N°12|15 Piezas|Magenta,99.00 USD (x1),99.00 USD (x1),https://www.elmachetazo.com/globos-redondos-n1215-piezasmagenta-10946220/p
Fiestas,Globos Redondos N°12|50 Piezas|Blanco,249.00 USD (x1),249.00 USD (x1),https://www.elmachetazo.com/globos-redondos-n1250-piezasblanco-10769918/p
Fiestas,Globos Redondos N°12|50 Piezas|Naranja,249.00 USD (x1),249.00 USD (x1),https://www.elmachetazo.com/globos-redondos-n1250-piezasnaranja-10769920/p
Fiestas,Globos Redondos N°12|50 Piezas|Morado,249.00 USD (x1),249.00 USD (x1),https://www.elmachetazo.com/globos-redondos-n1250-piezasmorado-10769922/p
Fiestas,Globos Redondos N°12|50 Piezas|Fucsia,249.00 USD (x1),249.00 USD (x1),https://www.elmachetazo.com/globos-redondos-n1250-piezasfucsia-10769923/p
Fiestas,Globos Redondos N°12|50 Piezas|Rojo,249.00 USD (x1),249.00 USD (x1),https://www.elmachetazo.com/globos-redondos-n1250-piezasrojo-10769924/p
Fiestas,Globos Redondos N°12|50 Piezas|Verde Limón,249.00 USD (x1),249.00 USD (x1),https://www.elmachetazo.com/globos-redondos-n1250-piezasverde-limon-10769925/p
Fiestas,Globos Redondos N°12|50 Piezas|Verde,249.00 USD (x1),249.00 USD (x1),https://www.elmachetazo.com/globos-redondos-n1250-piezasverde-10769928/p
Fiestas,Globos Redondos N°12|50 Piezas|Azul Royal,249.00 USD (x1),249.00 USD (x1),https://www.elmachetazo.com/globos-redondos-n1250-piezasazul-royal-10769937/p
Fiestas,Globos Redondos N°12|50 Piezas|Negro,249.00 USD (x1),249.00 USD (x1),https://www.elmachetazo.com/globos-redondos-n1250-piezasnegro-10769940/p
Fiestas,Globos Redondos N°12|50 Piezas|Dorado,249.00 USD (x1),249.00 USD (x1),https://www.elmachetazo.com/globos-redondos-n1250-piezasdorado-10769942/p
Fiestas,Bolsa de Regalo|Celeste|S,79.00 USD (x1),79.00 USD (x1),https://www.elmachetazo.com/bolsa-de-regalocelestes-10887987/p
Fiestas,Bolsa de Regalo|Fucsia|S,79.00 USD (x1),79.00 USD (x1),https://www.elmachetazo.com/bolsa-de-regalofucsias-10887972/p
Fiestas,Bolsa de Regalo|Gris|M,99.00 USD (x1),99.00 USD (x1),https://www.elmachetazo.com/bolsa-de-regalogrism-10887976/p
Fiestas,Bolsa de Regalo|Gris|S,79.00 USD (x1),79.00 USD (x1),https://www.elmachetazo.com/bolsa-de-regalogriss-10887975/p
Fiestas,Bolsa de Regalo|Lila Pastel|L,149.00 USD (x1),149.00 USD (x1),https://www.elmachetazo.com/bolsa-de-regalolila-pastell-10887986/p
Fiestas,Bolsa de Regalo|Naranja Pastel|L,149.00 USD (x1),149.00 USD (x1),https://www.elmachetazo.com/bolsa-de-regalonaranja-pastell-10887983/p
Fiestas,Bolsa de Regalo|Negra|L,149.00 USD (x1),149.00 USD (x1),https://www.elmachetazo.com/bolsa-de-regalonegral-10887980/p
Fiestas,Bolsa de Regalo|Roja|L,149.00 USD (x1),149.00 USD (x1),https://www.elmachetazo.com/bolsa-de-regalorojal-10887968/p
Fiestas,Bolsa de Regalo|Rosada|M,99.00 USD (x1),99.00 USD (x1),https://www.elmachetazo.com/bolsa-de-regalorosadam-10887991/p
Fiestas,Bolsa de Regalo|Verde Limón|M,99.00 USD (x1),99.00 USD (x1),https://www.elmachetazo.com/bolsa-de-regaloverde-limonm-10887970/p
Fiestas,Bolsa de Regalo|Azul Royal|L,149.00 USD (x1),149.00 USD (x1),https://www.elmachetazo.com/bolsa-de-regaloazul-royall-10887965/p
Fiestas,Bolsa de Regalo|Azul Royal|S,79.00 USD (x1),79.00 USD (x1),https://www.elmachetazo.com/bolsa-de-regaloazul-royals-10887963/p
Fiestas,Bolsa de Regalo|Azul|L,149.00 USD (x1),149.00 USD (x1),https://www.elmachetazo.com/bolsa-de-regaloazull-10887962/p
Fiestas,Bolsa de Regalo|Azul|S,79.00 USD (x1),79.00 USD (x1),https://www.elmachetazo.com/bolsa-de-regaloazuls-10887960/p
Fiestas,Casco de Bombero para Disfraz Infantil|Amarillo,199.00 USD (x1),199.00 USD (x1),https://www.elmachetazo.com/casco-de-bombero-para-disfraz-infantilamarillo-10982432/p
Fiestas,Casco de Bombero para Disfraz Infantil|Amarillo,199.00 USD (x1),199.00 USD (x1),https://www.elmachetazo.com/casco-de-bombero-para-disfraz-infantilamarillo-10982429/p
Fiestas,Canasta De Pascua,399.00 USD (x1),399.00 USD (x1),https://www.elmachetazo.com/canasta-de-pascua-10987840/p
Fiestas,Botella Plástica Princesa Disney,349.00 USD (x1),349.00 USD (x1),https://www.elmachetazo.com/botella-plastica-princesa-disney-10884467/p
Fiestas,Botella con Carrizo Mickey|500ml,349.00 USD (x1),349.00 USD (x1),https://www.elmachetazo.com/botella-con-carrizo-de-mickey-500-ml-10884624-machetazo/p
Fiestas,Vestido de Princesa para Niña|Rosado,1099.00 USD (x1),1099.00 USD (x1),https://www.elmachetazo.com/vestido-de-princesa-para-nina-rosado-regent-halloween-10959664-machetazo/p
Fiestas,Vestido de Princesa para Niña|Rosado,1295.00 USD (x1),1295.00 USD (x1),https://www.elmachetazo.com/vestido-de-princesa-para-nina-rosado-expressions-10633094-machetazo/p
Fiestas,Gorro de Hechicero|Surtido,349.00 USD (x1),349.00 USD (x1),https://www.elmachetazo.com/gorro-de-hechicero-ornica-10969994-machetazo/p
Fiestas,Espada de Halloween|Surtido,299.00 USD (x1),299.00 USD (x1),https://www.elmachetazo.com/espada-de-halloween-regent-halloween-10961590-machetazo/p
Fiestas,Hacha Doble de Hallowen,199.00 USD (x1),199.00 USD (x1),https://www.elmachetazo.com/hacha-doble-de-halloween-ornica-10970004-machetazo/p
Fiestas,Sombrero de Vaquera,399.00 USD (x1),399.00 USD (x1),https://www.elmachetazo.com/sombrero-de-vaquera-regent-halloween-10961598-machetazo/p
Fiestas,Adorno de Halloween Brazo de Esqueleto,199.00 USD (x1),199.00 USD (x1),https://www.elmachetazo.com/adorno-de-halloween-brazo-de-esqueleto-10923047-machetazo/p
Fiestas,Calabaza con Luz y Sonido,299.00 USD (x1),299.00 USD (x1),https://www.elmachetazo.com/calabaza-con-luz-y-sonido-10922190/p
Fiestas,Máscara de Fantasma|Morada,399.00 USD (x1),399.00 USD (x1),https://www.elmachetazo.com/mascara-de-fantasma-morada-10921543-machetazo/p
Fiestas,Pastillero de Halloween|Surtido,249.00 USD (x1),249.00 USD (x1),https://www.elmachetazo.com/pastillero-de-halloween-surtido-10923044-machetazo/p
Fiestas,Decoración de Murciélago|10 Piezas,249.00 USD (x1),249.00 USD (x1),https://www.elmachetazo.com/decoracion-de-murcielago-10-piezas-ornica-10872243-machetazo/p
Fiestas,Vincha de Halloween|Drácula,199.00 USD (x1),199.00 USD (x1),https://www.elmachetazo.com/vincha-de-halloween-dracula-10923509-machetazo/p
Fiestas,Adorno de Halloween Decorativo|Calabaza,299.00 USD (x1),299.00 USD (x1),https://www.elmachetazo.com/adorno-de-halloween-decorativo-calabaza-10919288-machetazo/p
Fiestas,Cubo de Halloween|Surtido,199.00 USD (x1),199.00 USD (x1),https://www.elmachetazo.com/cubo-de-halloween-surtido-regent-10923054-machetazo/p
Fiestas,Máscara de Payaso para Halloween,699.00 USD (x1),699.00 USD (x1),https://www.elmachetazo.com/mascara-de-payaso-para-halloween-10873776-machetazo/p
Fiestas,Caldero de Halloween Decorativo,999.00 USD (x1),999.00 USD (x1),https://www.elmachetazo.com/caldero-de-halloween-decorativo-alef-10919289-machetazo/p
Fiestas,Arana Gigante Decorativa,299.00 USD (x1),299.00 USD (x1),https://www.elmachetazo.com/arana-gigante-decorativa-10923507/p
Fiestas,Adorno de Halloween|Calabaza con Sombrero,299.00 USD (x1),299.00 USD (x1),https://www.elmachetazo.com/adorno-de-halloween-calabaza-con-sombrero-alef-10919296-machetazo/p
Fiestas,Corona de Halloween,499.00 USD (x1),499.00 USD (x1),https://www.elmachetazo.com/corona-de-halloween-10921539-machetazo/p
Fiestas,Guantes para Halloween,399.00 USD (x1),399.00 USD (x1),https://www.elmachetazo.com/guantes-para-halloween-10923041-machetazo/p
Fiestas,Vincha de Halloween|Cuernos y Alas,199.00 USD (x1),499.00 USD (x1),https://www.elmachetazo.com/vincha-de-halloween-cuernos-y-alas-10872218-machetazo/p
Fiestas,Telaraña Decorativa Halloween|Surtido,249.00 USD (x1),249.00 USD (x1),https://www.elmachetazo.com/telarana-decorativa-halloween-surtido-10834733-machetazo/p
Fiestas,Adorno de Halloween|Calabaza y Gato,299.00 USD (x1),299.00 USD (x1),https://www.elmachetazo.com/adorno-de-halloween-calabaza-y-gato-alef-10919293-machetazo/p
Fiestas,Decoración de Halloween|Araña,299.00 USD (x1),299.00 USD (x1),https://www.elmachetazo.com/decoracion-de-halloween-arana-10922184-machetazo/p
Fiestas,"Plato de Minnie Bebe|7""",139.00 USD (x1),199.00 USD (x1),https://www.elmachetazo.com/plato-de-minnie-bebe7-10838624/p
Fiestas,Mantel de Minnie Mouse|108 x 182 cm,349.00 USD (x1),499.00 USD (x1),https://www.elmachetazo.com/mantel-de-minnie-mouse108-x-182-cm-10838622/p
Fiestas,Servilletas de Minnie Bebe,139.00 USD (x1),199.00 USD (x1),https://www.elmachetazo.com/servilletas-de-minnie-bebe-10838623/p
Fiestas,Banderines de Minnie Bebe|19 x 27 cm,104.00 USD (x1),149.00 USD (x1),https://www.elmachetazo.com/banderines-de-minnie-bebe19-x-27-cm-10838628/p
Fiestas,Bolsitas de Piñata|Minnie Bebe,104.00 USD (x1),149.00 USD (x1),https://www.elmachetazo.com/bolsitas-de-pinataminnie-bebe-10838621/p
Fiestas,"Vaso de Minnie Bebe|9""|5 Piezas",104.00 USD (x1),149.00 USD (x1),https://www.elmachetazo.com/vaso-de-minnie-bebe95-piezas-10838619/p
Fiestas,"Plato de Mickey Bebe|7""",139.00 USD (x1),199.00 USD (x1),https://www.elmachetazo.com/plato-de-mickey-bebe7-10838596/p
Fiestas,Mantel de Mickey Bebe|108 x 182 cm,349.00 USD (x1),499.00 USD (x1),https://www.elmachetazo.com/mantel-de-mickey-bebe108-x-182-cm-10838594/p
Fiestas,Servilletas de Mickey Bebe,139.00 USD (x1),199.00 USD (x1),https://www.elmachetazo.com/servilletas-de-mickey-bebe-10838595/p
Fiestas,Banderines de Mickey Bebe|19 x 27 cm,104.00 USD (x1),149.00 USD (x1),https://www.elmachetazo.com/banderines-de-mickey-bebe19-x-27-cm-10838600/p
Fiestas,Bolsitas de Piñata|Mickey Bebe,104.00 USD (x1),149.00 USD (x1),https://www.elmachetazo.com/bolsitas-de-pinatamickey-bebe-10838593/p
Fiestas,"Vaso de Mickey Bebe|9""|5 Piezas",104.00 USD (x1),149.00 USD (x1),https://www.elmachetazo.com/vaso-de-mickey-bebe95-piezas-10838591/p
Fiestas,Decoración Halloween Gato Boo,299.00 USD (x1),299.00 USD (x1),https://www.elmachetazo.com/decoracion-halloween-gato-boo-10919292/p
Fiestas,Envase Ironman,599.00 USD (x1),599.00 USD (x1),https://www.elmachetazo.com/envase-ironman-10844882/p
Fiestas,Plato Unicornio 7x7x3.4 cm,49.00 USD (x1),99.00 USD (x1),https://www.elmachetazo.com/plato-unicornio-7x7x34-cm-10800972/p
Fiestas,Envase LOL Surprise,199.00 USD (x1),349.00 USD (x1),https://www.elmachetazo.com/envase-lol-surprise-10800929/p
Fiestas,Envase PJ Mask,99.00 USD (x1),249.00 USD (x1),https://www.elmachetazo.com/envase-pj-mask-10800910/p
Fiestas,Botella Avengers|450 ml,499.00 USD (x1),499.00 USD (x1),https://www.elmachetazo.com/botella-avengers450-ml-10738479/p
Fiestas,Botella Frozen 350 ml,499.00 USD (x1),499.00 USD (x1),https://www.elmachetazo.com/botella-frozen-350-ml-10864891/p
Fiestas,Cantimplora Frozen 450 ml,499.00 USD (x1),499.00 USD (x1),https://www.elmachetazo.com/cantimplora-frozen-450-ml-10864889/p
Fiestas,Botella Frozen 560 ml,199.00 USD (x1),399.00 USD (x1),https://www.elmachetazo.com/botella-frozen-560-ml-10864887/p
Fiestas,Botella Frozen 850 ml,299.00 USD (x1),599.00 USD (x1),https://www.elmachetazo.com/botella-frozen-850-ml-10864886/p
Fiestas,Envase Spiderman para Lonchera,299.00 USD (x1),599.00 USD (x1),https://www.elmachetazo.com/envase-spiderman-para-lonchera-10864885/p
Fiestas,Envase Spiderman con Cubiertos,399.00 USD (x1),399.00 USD (x1),https://www.elmachetazo.com/envase-spiderman-con-cubiertos-10864884/p
Fiestas,Envase Spiderman para Lonchera,599.00 USD (x1),599.00 USD (x1),https://www.elmachetazo.com/envase-spiderman-para-lonchera-10864883/p
Fiestas,Botella L.O.L. 350 ml,499.00 USD (x1),499.00 USD (x1),https://www.elmachetazo.com/botella-lol-350-ml-10864900/p
Fiestas,Botella Avengers 350 ml,199.00 USD (x1),499.00 USD (x1),https://www.elmachetazo.com/botella-avengers-350-ml-10864896/p
Fiestas,Botella Unicornio 850ml,199.00 USD (x1),399.00 USD (x1),https://www.elmachetazo.com/botella-unicornio-850ml-10864882/p
Fiestas,Botella Paw Patrol 350 ml,199.00 USD (x1),499.00 USD (x1),https://www.elmachetazo.com/botella-paw-patrol-350-ml-10864880/p
Fiestas,Cantimplora Paw Patrol 450 ml,499.00 USD (x1),499.00 USD (x1),https://www.elmachetazo.com/cantimplora-paw-patrol-450-ml-10864879/p
Fiestas,Botella Paw Patrol de 410 ml,499.00 USD (x1),499.00 USD (x1),https://www.elmachetazo.com/botella-paw-patrol-de-410-ml-10864877/p
Fiestas,Vaso Soy Luna 400 ml,199.00 USD (x1),349.00 USD (x1),https://www.elmachetazo.com/vaso-soy-luna-400-ml-10864874/p
Fiestas,Botella Soy Luna 580 ml,199.00 USD (x1),599.00 USD (x1),https://www.elmachetazo.com/botella-soy-luna-580-ml-10864873/p
Fiestas,Envase Soy Luna,99.00 USD (x1),299.00 USD (x1),https://www.elmachetazo.com/envase-soy-luna-10864872/p
Fiestas,Botella Princesas de 540 ml,199.00 USD (x1),599.00 USD (x1),https://www.elmachetazo.com/botella-princesas-de-540-ml-10864871/p
Fiestas,Botella Mickey de 410 ml,199.00 USD (x1),499.00 USD (x1),https://www.elmachetazo.com/botella-mickey-de-410-ml-10864861/p
Fiestas,Vaso 3D Mickey 360 ml,199.00 USD (x1),599.00 USD (x1),https://www.elmachetazo.com/vaso-3d-mickey-360-ml-10864860/p
Fiestas,Botella Mickey Mouse 640 ml,199.00 USD (x1),499.00 USD (x1),https://www.elmachetazo.com/botella-mickey-mouse-640-ml-10864859/p
Fiestas,Botella Minnie de 440 ml,199.00 USD (x1),599.00 USD (x1),https://www.elmachetazo.com/botella-minnie-de-440-ml-10864858/p
Fiestas,Vaso con Carrizo Minnie 360 ml,199.00 USD (x1),599.00 USD (x1),https://www.elmachetazo.com/vaso-con-carrizo-minnie-360-ml-10864857/p
Fiestas,Envase Minnie para Lonchera,299.00 USD (x1),599.00 USD (x1),https://www.elmachetazo.com/envase-minnie-para-lonchera-10864855/p
Fiestas,Botella Avengers 410 ml,199.00 USD (x1),499.00 USD (x1),https://www.elmachetazo.com/botella-avengers-410-ml-10864894/p
Fiestas,Botella Princesas de 560 ml,399.00 USD (x1),399.00 USD (x1),https://www.elmachetazo.com/botella-princesas-de-560-ml-10864870/p
Fiestas,Botella Princesas|350 ml,199.00 USD (x1),499.00 USD (x1),https://www.elmachetazo.com/botella-princesas-de-350-ml-10864869/p
Fiestas,Botella Princesas de 410 ml,499.00 USD (x1),499.00 USD (x1),https://www.elmachetazo.com/botella-princesas-de-410-ml-10864868/p
Fiestas,Plato con Vaso Set 3 Piezas,299.00 USD (x1),599.00 USD (x1),https://www.elmachetazo.com/plato-con-vaso-set-3-piezas-10864867/p
Fiestas,Botella Minnie de 400 ml,499.00 USD (x1),499.00 USD (x1),https://www.elmachetazo.com/botella-minnie-de-400-ml-10864854/p
Fiestas,Botella Frozen 540 ml,199.00 USD (x1),599.00 USD (x1),https://www.elmachetazo.com/botella-frozen-540-ml-10864892/p
Fiestas,Botella Mickey de 410 ml,199.00 USD (x1),399.00 USD (x1),https://www.elmachetazo.com/botella-mickey-de-410-ml-10864862/p
Fiestas,Botella Minnie 560 ml,199.00 USD (x1),399.00 USD (x1),https://www.elmachetazo.com/botella-minnie-560-ml-10864850/p
Fiestas,Botella LOL Surprise 390 ml,199.00 USD (x1),499.00 USD (x1),https://www.elmachetazo.com/botella-lol-surprise-390-ml-10844881/p
Fiestas,Botella Avengers|420 ml,99.00 USD (x1),199.00 USD (x1),https://www.elmachetazo.com/botella-avengers420-ml-10801036/p
Fiestas,Cantimplora Minnie 670ml,399.00 USD (x1),399.00 USD (x1),https://www.elmachetazo.com/cantimplora-minnie-670ml-10800962/p
Fiestas,Envase Minnie Deco Fashion,199.00 USD (x1),599.00 USD (x1),https://www.elmachetazo.com/envase-minnie-deco-fashion-10800917/p
Fiestas,Envase LOL Surprise Rock On,99.00 USD (x1),299.00 USD (x1),https://www.elmachetazo.com/envase-lol-surprise-rock-on-10744329/p
Fiestas,Envase LOL para Emparedado,199.00 USD (x1),599.00 USD (x1),https://www.elmachetazo.com/envase-lol-para-emparedado-10744327/p
Fiestas,Botella Mickey Mouse 340ml,199.00 USD (x1),199.00 USD (x1),https://www.elmachetazo.com/botella-mickey-mouse-340ml-10800995/p
Fiestas,Botella 400ml Soy Luna,99.00 USD (x1),299.00 USD (x1),https://www.elmachetazo.com/botella-400ml-soy-luna-10638308/p
Fiestas,Set Carrizos de Colores 4 Piezas,199.00 USD (x1),199.00 USD (x1),https://www.elmachetazo.com/set-carrizos-de-colores-4-piezas-10812192/p
Fiestas,Set Carrizos de Colores 4 Piezas,199.00 USD (x1),199.00 USD (x1),https://www.elmachetazo.com/set-carrizos-de-colores-4-piezas-10812191/p
Fiestas,Set Carrizos de Colores 4 Piezas,199.00 USD (x1),199.00 USD (x1),https://www.elmachetazo.com/set-carrizos-de-colores-4-piezas-10812190/p
Fiestas,Globos Payasos Azul Set 50 Piezas,279.00 USD (x1),279.00 USD (x1),https://www.elmachetazo.com/globos-payasos-azul-set-50-piezas-10839102/p
Fiestas,Globos Payasos Negro Set 50 Piezas,279.00 USD (x1),279.00 USD (x1),https://www.elmachetazo.com/globos-payasos-negro-set-50-piezas-10839101/p
Fiestas,Globos Payasos Blanco Set 50 Piezas,279.00 USD (x1),279.00 USD (x1),https://www.elmachetazo.com/globos-payasos-blanco-set-50-piezas-10839100/p
Fiestas,Globos Payasos Rosados Set 50 Piezas,279.00 USD (x1),279.00 USD (x1),https://www.elmachetazo.com/globos-payasos-rosados-set-50-piezas-10839095/p
Fiestas,Cortina Decorativa Dorada 100 x 182 cm,249.00 USD (x1),249.00 USD (x1),https://www.elmachetazo.com/cortina-decorativa-dorada-100-x-182-cm-10762806/p
Fiestas,Cortina Decorativa Negra|100x182 cm,249.00 USD (x1),249.00 USD (x1),https://www.elmachetazo.com/cortina-decorativa-negra100x182-cm-10807181/p
Fiestas,Cortina Decorativa Fucsia|100x182 cm,249.00 USD (x1),249.00 USD (x1),https://www.elmachetazo.com/cortina-decorativa-fucsia100x182-cm-10807183/p
Fiestas,Cortina Decorativa Azul|100x182 cm,249.00 USD (x1),249.00 USD (x1),https://www.elmachetazo.com/cortina-decorativa-azul100x182-cm-10807186/p
Fiestas,Cortina Decorativa Plateada 100 x 182 cm,249.00 USD (x1),249.00 USD (x1),https://www.elmachetazo.com/cortina-decorativa-plateada-100-x-182-cm-10762807/p
Fiestas,Vaso Feliz Cumpleaños Niña,199.00 USD (x1),199.00 USD (x1),https://www.elmachetazo.com/vaso-feliz-cumpleanos-nina-10762368/p
Fiestas,Platos Feliz Cumpleaños Adulto,199.00 USD (x1),199.00 USD (x1),https://www.elmachetazo.com/platos-feliz-cumpleanos-adulto-10762383/p
Fiestas,Servilletas Feliz Cumpleaños Niño,149.00 USD (x1),149.00 USD (x1),https://www.elmachetazo.com/servilletas-feliz-cumpleanos-nino-10762393/p
Fiestas,Banner Feliz Cumpleaños Niño,249.00 USD (x1),249.00 USD (x1),https://www.elmachetazo.com/banner-feliz-cumpleanos-nino-10762404/p
Fiestas,Cajita para Dulce Niño,49.00 USD (x1),299.00 USD (x1),https://www.elmachetazo.com/cajita-para-dulce-nino-10762520/p
Fiestas,Vaso Feliz Cumpleaños Niña,199.00 USD (x1),199.00 USD (x1),https://www.elmachetazo.com/vaso-feliz-cumpleanos-nina-10762366/p
Fiestas,Servilletas Feliz Cumpleaños Niña,149.00 USD (x1),149.00 USD (x1),https://www.elmachetazo.com/servilletas-feliz-cumpleanos-nina-10762392/p
Fiestas,Plato Desechable Feliz Cumpleaños Niña,199.00 USD (x1),199.00 USD (x1),https://www.elmachetazo.com/plato-desechable-feliz-cumpleanos-nina-10762380/p
Fiestas,Guirnalda Fiesta Feliz Cumpleaños para Niña,25.00 USD (x1),199.00 USD (x1),https://www.elmachetazo.com/guirnalda-fiesta-feliz-cumpleanos-para-nina-10794189/p
Fiestas,Cajita para Dulce Niña,49.00 USD (x1),299.00 USD (x1),https://www.elmachetazo.com/cajita-para-dulce-nina-10762518/p
Fiestas,Bolsitas Feliz Cumpleaños Niña,199.00 USD (x1),199.00 USD (x1),https://www.elmachetazo.com/bolsitas-feliz-cumpleanos-nina-10762854/p
Fiestas,Banderines Feliz Cumpleaños Niña,149.00 USD (x1),149.00 USD (x1),https://www.elmachetazo.com/banderines-feliz-cumpleanos-nina-10762458/p
Fiestas,Servilletas Niño o Niña,149.00 USD (x1),149.00 USD (x1),https://www.elmachetazo.com/servilletas-nino-o-nina-10762391/p
Fiestas,Invitaciones Feliz Cumpleaños Niña,149.00 USD (x1),149.00 USD (x1),https://www.elmachetazo.com/invitaciones-feliz-cumpleanos-nina-10762855/p
Fiestas,Servilletas Feliz Cumpleaños para Adulto,149.00 USD (x1),149.00 USD (x1),https://www.elmachetazo.com/servilletas-feliz-cumpleanos-para-adulto-10762394/p
Fiestas,Vaso con Carrizo Spiderman de 690ml,99.00 USD (x1),349.00 USD (x1),https://www.elmachetazo.com/vaso-con-carrizo-spiderman-de-690ml-10801038/p
Fiestas,Envase Plástico|730ml,349.00 USD (x1),349.00 USD (x1),https://www.elmachetazo.com/envase-plastico730ml-10800948/p
Fiestas,Envase Plástico|500ml,299.00 USD (x1),299.00 USD (x1),https://www.elmachetazo.com/envase-plastico500ml-10800946/p
Fiestas,Individual Spiderman,99.00 USD (x1),149.00 USD (x1),https://www.elmachetazo.com/individual-spiderman-10800990/p
Fiestas,Envase Plástico Spiderman con Cubiertos,399.00 USD (x1),399.00 USD (x1),https://www.elmachetazo.com/envase-plastico-spiderman-con-cubiertos-10800988/p
Fiestas,Botella Spiderman de 340 ml,99.00 USD (x1),249.00 USD (x1),https://www.elmachetazo.com/botella-spiderman-de-340-ml-10800987/p
Fiestas,Envase Paw Patrol para Emparedado,399.00 USD (x1),399.00 USD (x1),https://www.elmachetazo.com/envase-paw-patrol-para-emparedado-10800965/p
Fiestas,Vaso Spiderman 415 ml,199.00 USD (x1),349.00 USD (x1),https://www.elmachetazo.com/vaso-spiderman-415-ml-10801022/p
Fiestas,Botella Spiderman de 400ml,99.00 USD (x1),269.00 USD (x1),https://www.elmachetazo.com/botella-spiderman-de-400ml-10800992/p
Fiestas,Individual de Paw Patrol,99.00 USD (x1),99.00 USD (x1),https://www.elmachetazo.com/individual-de-paw-patrol-10800966/p
Fiestas,"Plato Llano de Frozen Tamaño 9""",269.00 USD (x1),269.00 USD (x1),https://www.elmachetazo.com/plato-llano-de-frozen-tamano-9-10748926/p
Fiestas,Vela Feliz Cumpleaños,149.00 USD (x1),149.00 USD (x1),https://www.elmachetazo.com/vela-feliz-cumpleanos-10768317/p
