categoria,nombre,precio_oferta,precio_regular,enlace
Bebé,ASPIRADOR NASAL,8.27 USD (x1),8.27 USD (x1),https://www.ribasmith.com/index.php/26201-aspirador-nasal.html
Bebé,"Pañales Pampers Swaddlers Talla 4, 66 Unidades",27.50 USD (x1),30.92 USD (x1),https://www.ribasmith.com/index.php/272376-pampers-sw-addlers-talla-4.html
Bebé,A FARM CNUT MELTS ORG MXD BERR,5.65 USD (x1),5.65 USD (x1),https://www.ribasmith.com/index.php/360891-a-farm-cnut-melts-org-mxd-berr.html
Bebé,STRAW BET TEETHERS CRACKERS OG,7.46 USD (x1),7.46 USD (x1),https://www.ribasmith.com/index.php/357262-straw-bet-teethers-crackers-og.html
Bebé,AFARM SOFT BAKED BAR ORG BANAN,6.75 USD (x1),6.75 USD (x1),https://www.ribasmith.com/index.php/360871-afarm-soft-baked-bar-org-banan.html
Bebé,CEREBELLY BARS ORG STRAWBERRY,6.00 USD (x1),6.00 USD (x1),https://www.ribasmith.com/index.php/360869-cerebelly-bars-org-strawberry.html
Bebé,AMARA FRUIT BITES ORG APPLE,7.50 USD (x1),7.50 USD (x1),https://www.ribasmith.com/index.php/360944-amara-fruit-bites-org-apple.html
Bebé,A FARM PUFFS ORG MANGO,5.15 USD (x1),5.15 USD (x1),https://www.ribasmith.com/index.php/360885-a-farm-puffs-org-mango.html
Bebé,AMARA ORG SMOOTHIE MELT MXD,7.85 USD (x1),7.85 USD (x1),https://www.ribasmith.com/index.php/360950-amara-org-smoothie-melt-mxd.html
Bebé,AMARA FRUIT BITES ORG STRAWBER,7.85 USD (x1),7.85 USD (x1),https://www.ribasmith.com/index.php/360949-amara-fruit-bites-org-strawber.html
Bebé,A FARM PUFFS ORG APPLE,4.70 USD (x1),4.70 USD (x1),https://www.ribasmith.com/index.php/360882-a-farm-puffs-org-apple.html
Bebé,AMARA ORG SMOOTHIE MANGO CARRO,7.85 USD (x1),7.85 USD (x1),https://www.ribasmith.com/index.php/360947-amara-org-smoothie-mango-carro.html
Bebé,AMARA SMOOTHIE ORG BEET N BERR,7.85 USD (x1),7.85 USD (x1),https://www.ribasmith.com/index.php/360941-amara-smoothie-org-beet-n-berr.html
Bebé,AMARA ORG SMOOTHIE MELTS,7.85 USD (x1),7.85 USD (x1),https://www.ribasmith.com/index.php/360942-amara-org-smoothie-melts.html
Bebé,AMARA ORG SMOOTHIE RASP CARROT,7.50 USD (x1),7.50 USD (x1),https://www.ribasmith.com/index.php/360943-amara-org-smoothie-rasp-carrot.html
Bebé,PAÑAL BEBE T-3 M BIO BABY,14.94 USD (x1),14.94 USD (x1),https://www.ribasmith.com/index.php/351668-pa-al-bebe-t-3-m-bio-baby.html
Bebé,PANAL HUGGIES ACTIVO T GRANDE,9.61 USD (x1),9.61 USD (x1),https://www.ribasmith.com/index.php/358121-panal-huggies-activo-t-grande.html
Bebé,"A FARM BAR ORG APPLE,POTATO &S",7.35 USD (x1),7.35 USD (x1),https://www.ribasmith.com/index.php/360895-a-farm-bar-org-apple-potato-s.html
Bebé,PANALES SUNKISS TALLA G,10.57 USD (x1),10.57 USD (x1),https://www.ribasmith.com/index.php/359310-panales-sunkiss-talla-g.html
Bebé,A FARM BAR ORG STRAWBERRY PUMP,7.35 USD (x1),7.35 USD (x1),https://www.ribasmith.com/index.php/360878-a-farm-bar-org-strawberry-pump.html
Bebé,"PEVA BAGS- TRUCK, BUS, TRACTOR",13.79 USD (x1),13.79 USD (x1),https://www.ribasmith.com/index.php/348709-peva-bags-truck-bus-tractor.html
Bebé,HUGGIES LITTLE SWIMMER L UN,3.65 USD (x1),3.65 USD (x1),https://www.ribasmith.com/index.php/310941-huggies-little-swimmer-l-un.html
Bebé,BEAR SHARK SANDWICH CUTTER,10.85 USD (x1),10.85 USD (x1),https://www.ribasmith.com/index.php/361693-bear-shark-sandwich-cutter.html
Bebé,AMARA BREAKFAST ORG OAT MELTS,11.15 USD (x1),11.15 USD (x1),https://www.ribasmith.com/index.php/360948-amara-breakfast-org-oat-melts.html
Bebé,CEBELLY BAR ORG BLUEBERRY BANA,6.50 USD (x1),6.50 USD (x1),https://www.ribasmith.com/index.php/360887-cebelly-bar-org-blueberry-bana.html
Bebé,AMARA BREAKFAST ORG OAT MELTS,11.15 USD (x1),11.15 USD (x1),https://www.ribasmith.com/index.php/360945-amara-breakfast-org-oat-melts.html
Bebé,SILICONE STRAWS CLEANING BRUSH,8.72 USD (x1),8.72 USD (x1),https://www.ribasmith.com/index.php/348783-silicone-straws-cleaning-brush.html
Bebé,CEBELLY BARS ORG APPLE KALE,4.20 USD (x1),6.50 USD (x1),https://www.ribasmith.com/index.php/360872-cebelly-bars-org-apple-kale.html
Bebé,A FARM BAR ORG RASPBERRY,7.40 USD (x1),7.40 USD (x1),https://www.ribasmith.com/index.php/360929-a-farm-bar-org-raspberry.html
Bebé,A FARM SOFT BAR ORGANIC APPLE,6.65 USD (x1),6.65 USD (x1),https://www.ribasmith.com/index.php/360934-a-farm-soft-bar-organic-apple.html
Bebé,6PK PEDIASURE PETIGRO,23.58 USD (x1),23.58 USD (x1),https://www.ribasmith.com/index.php/362518-6pk-pediasure-petigro.html
Bebé,AMARA FRUITS BITES BLUEBERRY,7.85 USD (x1),7.85 USD (x1),https://www.ribasmith.com/index.php/360946-amara-fruits-bites-blueberry.html
Bebé,ENTEREX NINOS VAINILLA,17.65 USD (x1),17.65 USD (x1),https://www.ribasmith.com/index.php/360542-enterex-ninos-vainilla.html
Bebé,CEBELLY SMOOTHIE ORG SPINACH S,4.75 USD (x1),4.75 USD (x1),https://www.ribasmith.com/index.php/360870-cebelly-smoothie-org-spinach-s.html
Bebé,PANAL HUG NATCARE XXXG,25.26 USD (x1),32.38 USD (x1),https://www.ribasmith.com/index.php/362129-panal-hug-natcare-xxxg.html
Bebé,PEDIASURE VANILLA PEPTIGRO,70.36 USD (x1),70.36 USD (x1),https://www.ribasmith.com/index.php/352939-pediasure-vanilla-peptigro.html
Bebé,A FARM CNUT MELTS ORG MANGO,6.10 USD (x1),6.10 USD (x1),https://www.ribasmith.com/index.php/360874-a-farm-cnut-melts-org-mango.html
Bebé,CEREBELLY PUREE ORG BUTTERNUT,4.80 USD (x1),4.80 USD (x1),https://www.ribasmith.com/index.php/360940-cerebelly-puree-org-butternut.html
Bebé,A FARM CNUT MELTS ORG STRAWBER,6.10 USD (x1),6.10 USD (x1),https://www.ribasmith.com/index.php/360897-a-farm-cnut-melts-org-strawber.html
Bebé,ORGAIN KIDS PROTEIN VAINILLA,3.38 USD (x1),3.38 USD (x1),https://www.ribasmith.com/index.php/219625-orgain-kids-protein-vainilla.html
Bebé,VASO 360 10 OZ MIRACLE ACERO I,24.13 USD (x1),24.13 USD (x1),https://www.ribasmith.com/index.php/314392-vaso-360-10-oz-miracle-acero-i.html
Bebé,PANAL HUGGIES XXXXG,25.23 USD (x1),33.07 USD (x1),https://www.ribasmith.com/index.php/358656-panal-huggies-mufasa-xxxxg.html
Bebé,CEREBELLY PUREE ORG SPINACH AP,4.10 USD (x1),4.10 USD (x1),https://www.ribasmith.com/index.php/360936-cerebelly-puree-org-spinach-ap.html
Bebé,PAÑAL BEBE T-6 XXG BIO BABY,17.53 USD (x1),17.53 USD (x1),https://www.ribasmith.com/index.php/351671-pa-al-bebe-t-6-xxg-bio-baby.html
Bebé,SANDWICH CUTTER SQUARE & TRIAN,10.18 USD (x1),10.18 USD (x1),https://www.ribasmith.com/index.php/348716-sandwich-cutter-square-trian.html
Bebé,CEREBELLY SMOOTHIE ORG SWEET P,4.67 USD (x1),4.67 USD (x1),https://www.ribasmith.com/index.php/360938-cerebelly-smoothie-org-sweet-p.html
Bebé,SMOOTHIE MELTS ORG BLUEBERRY,6.05 USD (x1),6.05 USD (x1),https://www.ribasmith.com/index.php/360915-smoothie-melts-org-blueberry.html
Bebé,ORGAIN KIDS PROTEIN CHOCOLATE,3.37 USD (x1),3.37 USD (x1),https://www.ribasmith.com/index.php/219624-orgain-kids-protein-chocolate.html
Bebé,YUMI BAR ORG STRAWBERRY,7.90 USD (x1),7.90 USD (x1),https://www.ribasmith.com/index.php/360431-yumi-bar-org-strawberry.html
Bebé,PANAL PAMPERS SWAD S7,36.33 USD (x1),36.33 USD (x1),https://www.ribasmith.com/index.php/356151-panal-pampers-swad-s7.html
Bebé,CEREBELLY PUREE ORG BEET CARRO,4.10 USD (x1),4.10 USD (x1),https://www.ribasmith.com/index.php/360931-cerebelly-puree-org-beet-carro.html
Bebé,PEDIASURE FRESA PEPTIGRO,4.39 USD (x1),4.39 USD (x1),https://www.ribasmith.com/index.php/351497-pediasure-fresa-peptigro.html
Bebé,MUSHIE SILICONE PLACE MATS PLANETS UN,14.50 USD (x1),14.50 USD (x1),https://www.ribasmith.com/index.php/314746-mushie-silicone-place-mats-planets-un.html
Bebé,MORDEDOR CON TEXTURAS,5.53 USD (x1),5.53 USD (x1),https://www.ribasmith.com/index.php/324579-mordedor-con-texturas.html
Bebé,PANALES PANTS PAMPERS XXXG,24.95 USD (x1),32.47 USD (x1),https://www.ribasmith.com/index.php/350130-panales-pants-pampers-xxxg.html
Bebé,YUMI SMOOTHIE MELT ORG MANGO C,8.75 USD (x1),8.75 USD (x1),https://www.ribasmith.com/index.php/360433-yumi-smoothie-melt-org-mango-c.html
Bebé,CREMA ANTIPANALITIS SANOSAN,6.16 USD (x1),6.16 USD (x1),https://www.ribasmith.com/index.php/358527-crema-antipanalitis-sanosan.html
Bebé,CEREBELLY PUREE ORG BROCCOLI P,4.10 USD (x1),4.10 USD (x1),https://www.ribasmith.com/index.php/360932-cerebelly-puree-org-broccoli-p.html
Bebé,PEDIASURE VAINILLA PEPTIGRO,4.52 USD (x1),4.52 USD (x1),https://www.ribasmith.com/index.php/351498-pediasure-vainilla-peptigro.html
Bebé,SONAJERO DE LEON CON AGARADERO,7.52 USD (x1),7.52 USD (x1),https://www.ribasmith.com/index.php/348497-sonajero-de-leon-con-agaradero.html
Bebé,SONAJERO GIRA Y GIRA PLAYGRO,5.64 USD (x1),5.64 USD (x1),https://www.ribasmith.com/index.php/348494-sonajero-gira-y-gira-playgro.html
Bebé,TOALLITAS HUMEDAS PAMPERS,7.61 USD (x1),7.61 USD (x1),https://www.ribasmith.com/index.php/359876-toallitas-humedas-pampers.html
Bebé,CHAMPU Y GUANTE SPIDERMAN,8.42 USD (x1),8.42 USD (x1),https://www.ribasmith.com/index.php/357542-champu-y-guante-spiderman.html
Bebé,CEREBELLY PUREE ORG CARROT PUM,4.10 USD (x1),4.10 USD (x1),https://www.ribasmith.com/index.php/360933-cerebelly-puree-org-carrot-pum.html
Bebé,VASELINA Z DERM 100G,2.31 USD (x1),2.72 USD (x1),https://www.ribasmith.com/index.php/243239-vaselina-z-derm-100g.html
Bebé,HAPPYB ORG MANGO PUMPK TEETHER,7.46 USD (x1),7.46 USD (x1),https://www.ribasmith.com/index.php/357260-happyb-org-mango-pumpk-teether.html
Bebé,PEDIASURE VAINILLA PTGRO,20.73 USD (x1),20.73 USD (x1),https://www.ribasmith.com/index.php/350426-pediasure-vainilla-ptgro.html
Bebé,GERB ORGANIC OATMEAL CEREAL,6.00 USD (x1),6.00 USD (x1),https://www.ribasmith.com/index.php/229459-gerb-organic-oatmeal-cereal.html
Bebé,PANAL SWAD S8 PAMPERS,27.50 USD (x1),30.92 USD (x1),https://www.ribasmith.com/index.php/350129-panal-swad-s8-pampers.html
Bebé,NIGHTTIME PANTS FOR G/B S/M,11.25 USD (x1),11.25 USD (x1),https://www.ribasmith.com/index.php/317433-nighttime-pants-for-g-b-s-m.html
Bebé,HAPPYB ORG BANA & POTAT TEETHE,7.50 USD (x1),7.50 USD (x1),https://www.ribasmith.com/index.php/357261-happyb-org-bana-potat-teethe.html
Bebé,PROBIOTIC OATMEAL BANANA,6.35 USD (x1),6.35 USD (x1),https://www.ribasmith.com/index.php/346404-probiotic-oatmeal-banana.html
Bebé,CEREBELLY PUREE ORG KALE SWEET,4.10 USD (x1),4.10 USD (x1),https://www.ribasmith.com/index.php/360930-cerebelly-puree-org-kale-sweet.html
Bebé,TOALLITAS HUMEDAS PAMPERS 156U,14.93 USD (x1),14.93 USD (x1),https://www.ribasmith.com/index.php/359877-toallitas-humedas-pampers-156u.html
Bebé,PAÑAL BEBE T-4 G BIO BABY,16.33 USD (x1),16.33 USD (x1),https://www.ribasmith.com/index.php/351669-pa-al-bebe-t-4-g-bio-baby.html
Bebé,VASELINA Z DERM 60G,1.75 USD (x1),2.06 USD (x1),https://www.ribasmith.com/index.php/121893-vaselina-z-derm-60g.html
Bebé,SHAMPOO MANZANILLA KIDS,4.47 USD (x1),4.47 USD (x1),https://www.ribasmith.com/index.php/148898-shampoo-manzanilla-kids.html
Bebé,COMPLEMENT PEDIASURE CHOCOLATE,20.73 USD (x1),20.73 USD (x1),https://www.ribasmith.com/index.php/349696-complement-pediasure-chocolate.html
Bebé,GRAIN & GROW HEARTY BITS MULTI,5.89 USD (x1),5.89 USD (x1),https://www.ribasmith.com/index.php/346407-grain-grow-hearty-bits-multi.html
Bebé,HAPPYB ORG BLUE & CARROT TEETH,7.50 USD (x1),7.50 USD (x1),https://www.ribasmith.com/index.php/357263-happyb-org-blue-carrot-teeth.html
Bebé,TOALLITAS HUGGIES LIMP DIA,5.06 USD (x1),5.06 USD (x1),https://www.ribasmith.com/index.php/358118-toallitas-huggies-limp-dia.html
Bebé,PEDIASURE 10 MAS VAINILLA,35.60 USD (x1),41.88 USD (x1),https://www.ribasmith.com/index.php/350424-pediasure-10-mas-vainilla.html
Bebé,CHAMPU PARA NINOS TE NATURVITA,8.22 USD (x1),8.22 USD (x1),https://www.ribasmith.com/index.php/356526-champu-para-ninos-te-naturvita.html
Bebé,PANAL PAMPERS SWAD S4,36.33 USD (x1),36.33 USD (x1),https://www.ribasmith.com/index.php/356148-panal-pampers-swad-s4.html
Bebé,MUSHIE EXTRA SOFT MUSLIN PAD BLUSH UN,20.60 USD (x1),20.60 USD (x1),https://www.ribasmith.com/index.php/310212-mushie-extra-soft-muslin-pad-blush-un.html
Bebé,INFADERM DR ZN CREMA TUBO 60GR,5.15 USD (x1),5.15 USD (x1),https://www.ribasmith.com/index.php/353049-infaderm-dr-zn-crema-tubo-60gr.html
Bebé,2 TETINA ANTICOLICO 6M,9.38 USD (x1),9.38 USD (x1),https://www.ribasmith.com/index.php/348498-2-tetina-anticolico-6m.html
Bebé,CEREBELLY PUREE ORG SWEET POTA,5.35 USD (x1),5.35 USD (x1),https://www.ribasmith.com/index.php/360939-cerebelly-puree-org-sweet-pota.html
Bebé,EZY-FIT DELUXE CLIP-ON FAN,12.56 USD (x1),12.56 USD (x1),https://www.ribasmith.com/index.php/335197-ezy-fit-deluxe-clip-on-fan.html
Bebé,PEDIASURE PTGRO FRESA,40.66 USD (x1),40.66 USD (x1),https://www.ribasmith.com/index.php/350431-pediasure-ptgro-fresa.html
Bebé,PAÑAL BEBE T-5 XG BIO BABY,16.77 USD (x1),16.77 USD (x1),https://www.ribasmith.com/index.php/351670-pa-al-bebe-t-5-xg-bio-baby.html
Bebé,EARTH BEST ORG PEANUT BUTTER,3.85 USD (x1),3.85 USD (x1),https://www.ribasmith.com/index.php/358091-earth-best-org-peanut-butter.html
Bebé,WIPES DISNEY FROZEN 80 UN,3.31 USD (x1),3.31 USD (x1),https://www.ribasmith.com/index.php/327909-wipes-disney-frozen-80-un.html
Bebé,CHUPETE DE ALIMENTACION,5.61 USD (x1),5.61 USD (x1),https://www.ribasmith.com/index.php/349439-chupete-de-alimentacion.html
Bebé,MUNCHKIN WHITE HOT SAFETY BATH DUCKY UN,3.62 USD (x1),3.62 USD (x1),https://www.ribasmith.com/index.php/303107-munchkin-white-hot-safety-bath-ducky-un.html
Bebé,GRAIN & GROW BANA STRAWB OATME,6.00 USD (x1),6.00 USD (x1),https://www.ribasmith.com/index.php/346406-grain-grow-bana-strawb-oatme.html
Bebé,PANAL HUGGIES ACTIVO XG,9.61 USD (x1),9.61 USD (x1),https://www.ribasmith.com/index.php/358122-panal-huggies-activo-xg.html
Bebé,OUAF YOGURT ALT MIXED BERRY,4.98 USD (x1),4.98 USD (x1),https://www.ribasmith.com/index.php/359227-ouaf-yogurt-alt-mixed-berry.html
Bebé,CRUISERS 360 SIZE 4,16.25 USD (x1),16.25 USD (x1),https://www.ribasmith.com/index.php/352383-cruisers-360-size-4.html
Bebé,"ONCE FARM STRAWB, SQUASH, COCO",4.49 USD (x1),4.49 USD (x1),https://www.ribasmith.com/index.php/355926-once-farm-strawb-squash-coco.html
Bebé,PANAL PAMPERS SWAD S5,36.33 USD (x1),36.33 USD (x1),https://www.ribasmith.com/index.php/356149-panal-pampers-swad-s5.html
Bebé,DELUXE EZY FIT CLIP ON FAN BLA,12.95 USD (x1),12.95 USD (x1),https://www.ribasmith.com/index.php/344469-deluxe-ezy-fit-clip-on-fan-bla.html
Bebé,PEDIASURE FRESA PPTGRO,20.73 USD (x1),20.73 USD (x1),https://www.ribasmith.com/index.php/350429-pediasure-fresa-pptgro.html
Bebé,GRAIN & GROW MULTIGRAIN CEREAL,5.95 USD (x1),5.95 USD (x1),https://www.ribasmith.com/index.php/346402-grain-grow-multigrain-cereal.html
Bebé,CHAMPU BIOTOONS SONIC,5.66 USD (x1),5.66 USD (x1),https://www.ribasmith.com/index.php/352725-champu-biotoons-sonic.html
Bebé,INFADERM ZN TARRO,6.48 USD (x1),6.48 USD (x1),https://www.ribasmith.com/index.php/354825-infaderm-zn-tarro.html
Bebé,CHUPETE BOCA ANCHA LLL,9.19 USD (x1),9.19 USD (x1),https://www.ribasmith.com/index.php/346611-chupete-boca-ancha-lll.html
Bebé,TOALLITAS HUMEDAS STITCH,2.96 USD (x1),2.96 USD (x1),https://www.ribasmith.com/index.php/353113-toallitas-humedas-stitch.html
Bebé,CHUPETE BOCA ANCHA L,9.19 USD (x1),9.19 USD (x1),https://www.ribasmith.com/index.php/346609-chupete-boca-ancha-l.html
Bebé,SF STARS S APPLE ORANGE CARROT,6.40 USD (x1),6.40 USD (x1),https://www.ribasmith.com/index.php/339204-sf-stars-s-apple-orange-carrot.html
Bebé,LECHE NAN SUPREME 1 800G,32.33 USD (x1),32.33 USD (x1),https://www.ribasmith.com/index.php/294946-leche-nan-supreme-1-800g.html
Bebé,PAÑAL BEBE T-1 BIO BABY,7.89 USD (x1),7.89 USD (x1),https://www.ribasmith.com/index.php/351667-pa-al-bebe-t-1-bio-baby.html
Bebé,HB ORG BNNS PINNPLE AVCD & GRA,3.00 USD (x1),3.00 USD (x1),https://www.ribasmith.com/index.php/358053-hb-org-bnns-pinnple-avcd-gra.html
Bebé,MEDICINE SET,3.52 USD (x1),3.52 USD (x1),https://www.ribasmith.com/index.php/227538-medicine-set.html
Bebé,MORDEDOR GIRA Y TUERCE,8.03 USD (x1),8.03 USD (x1),https://www.ribasmith.com/index.php/324595-mordedor-gira-y-tuerce.html
Bebé,BIBERON NATURAL CON ABERTURA,16.91 USD (x1),16.91 USD (x1),https://www.ribasmith.com/index.php/348501-biberon-natural-con-abertura.html
Bebé,PEDIASURE VAINILLA PEPTIGRO,35.60 USD (x1),41.88 USD (x1),https://www.ribasmith.com/index.php/349695-pediasure-vainilla-peptigro.html
Bebé,INFADERM ZN TUBO,5.09 USD (x1),5.09 USD (x1),https://www.ribasmith.com/index.php/354822-infaderm-zn-tubo.html
Bebé,SNACK BARS STRAWBERRY,5.30 USD (x1),5.30 USD (x1),https://www.ribasmith.com/index.php/224579-snack-bars-strawberry.html
Bebé,TOALLITAS HUMEDAS BOB ESPONJA,2.96 USD (x1),2.96 USD (x1),https://www.ribasmith.com/index.php/353115-toallitas-humedas-bob-esponja.html
Bebé,PANAL PAMPERS SWAD S6,36.33 USD (x1),36.33 USD (x1),https://www.ribasmith.com/index.php/356150-panal-pampers-swad-s6.html
Bebé,WAFLE WHEEL BANANA CREAM,4.95 USD (x1),4.95 USD (x1),https://www.ribasmith.com/index.php/216996-wafle-wheel-banana-cream.html
Bebé,PLAY GRO GIRA Y GIRA SUPER SHAKER UN,7.55 USD (x1),7.55 USD (x1),https://www.ribasmith.com/index.php/324599-play-gro-gira-y-gira-super-shaker-un.html
Bebé,SF STARS STRAWBERRY RHUBARB,6.40 USD (x1),6.40 USD (x1),https://www.ribasmith.com/index.php/339205-sf-stars-strawberry-rhubarb.html
Bebé,CREMA DE PEINAR RIZOS PERFECTO,8.51 USD (x1),8.51 USD (x1),https://www.ribasmith.com/index.php/350615-crema-de-peinar-rizos-perfecto.html
Bebé,PANAL HUGGIES ACTIVO XXG,9.61 USD (x1),9.61 USD (x1),https://www.ribasmith.com/index.php/358123-panal-huggies-activo-xxg.html
Bebé,SPIN CONTAINER XL PINK,10.75 USD (x1),10.75 USD (x1),https://www.ribasmith.com/index.php/361682-spin-container-xl-pink.html
Bebé,"Pañales Huggies Little Snugglers Size 1 (8-14 lbs), 32 Ct",17.81 USD (x1),17.81 USD (x1),https://www.ribasmith.com/index.php/302060-huggies-little-snugglers-s1.html
Bebé,PIGEON ASPIRADOR NASAL TIPO TUBO UN,10.50 USD (x1),10.50 USD (x1),https://www.ribasmith.com/index.php/26202-pigeon-aspirador-nasal-tipo-tubo-un.html
Bebé,CHUPETE BOCA ANCHA M,9.19 USD (x1),9.19 USD (x1),https://www.ribasmith.com/index.php/346608-chupete-boca-ancha-m.html
Bebé,PEDIASURE CHOCOLATE PETIGRO,41.88 USD (x1),41.88 USD (x1),https://www.ribasmith.com/index.php/349698-pediasure-chocolate-petigro.html
Bebé,SHAMPOO MARVEL AVENGERS 2 EN 1,3.20 USD (x1),3.20 USD (x1),https://www.ribasmith.com/index.php/315258-shampoo-marvel-avengers-2-en-1.html
Bebé,PROTECTOR SOLAR P BEBE AUTO,13.91 USD (x1),13.91 USD (x1),https://www.ribasmith.com/index.php/314374-protector-solar-p-bebe-auto.html
Bebé,SIMILAC TOTAL CONFORT 2 NINOS,43.14 USD (x1),43.14 USD (x1),https://www.ribasmith.com/index.php/359228-similac-total-confort-2-ninos.html
Bebé,TOALLITAS HUMEDAS UNICORNIO,2.96 USD (x1),2.96 USD (x1),https://www.ribasmith.com/index.php/353114-toallitas-humedas-unicornio.html
Bebé,JABON BARRA JJBABY GLICERINA,1.30 USD (x1),1.30 USD (x1),https://www.ribasmith.com/index.php/354411-jabon-barra-jjbaby-glicerina.html
Bebé,STROLLER HOOK CARABINER 2PK SL,7.95 USD (x1),7.95 USD (x1),https://www.ribasmith.com/index.php/335199-stroller-hook-carabiner-2pk-sl.html
Bebé,TRAINING PANT 4T 5T COLOR,20.15 USD (x1),20.15 USD (x1),https://www.ribasmith.com/index.php/345302-training-pant-4t-5t-color.html
Bebé,ENFAMIL PROMENTAL PREMIUM,16.80 USD (x1),16.80 USD (x1),https://www.ribasmith.com/index.php/351831-enfamil-promental-premium.html
Bebé,OUAF ORG FRUIT&VEG APPLE&KALE,4.49 USD (x1),4.49 USD (x1),https://www.ribasmith.com/index.php/353106-ouaf-org-fruit-veg-apple-kale.html
Bebé,FORMULA SIMILAC SIN LACTOSA,38.91 USD (x1),38.91 USD (x1),https://www.ribasmith.com/index.php/359453-formula-similac-sin-lactosa.html
Bebé,BABY ACOND GOTAS BRILLO,5.98 USD (x1),5.98 USD (x1),https://www.ribasmith.com/index.php/230059-baby-acond-gotas-brillo.html
Bebé,CHUPETE BOCA ANCHA SS,9.19 USD (x1),9.19 USD (x1),https://www.ribasmith.com/index.php/346606-chupete-boca-ancha-ss.html
Bebé,SNACK SPROUT FRUTOS ROJOS,8.20 USD (x1),8.20 USD (x1),https://www.ribasmith.com/index.php/298502-snack-sprout-frutos-rojos.html
Bebé,HAPPYTOT ORG APL ACAI MILK CHI,3.10 USD (x1),3.10 USD (x1),https://www.ribasmith.com/index.php/349302-happytot-org-apl-acai-milk-chi.html
Bebé,CHAMPU BIOTOONS STITCH,5.66 USD (x1),5.66 USD (x1),https://www.ribasmith.com/index.php/352724-champu-biotoons-stitch.html
Bebé,FORMULA SENSITIVI EARTHS BEST,45.00 USD (x1),45.00 USD (x1),https://www.ribasmith.com/index.php/308990-formula-sensitivi-earths-best.html
Bebé,PAÑAL BEBE T-2P BIO BABY,14.18 USD (x1),14.18 USD (x1),https://www.ribasmith.com/index.php/171843-pa-al-bebe-t-2p-bio-baby.html
Bebidas y Jugos,DEL MONTE BEBIDA CITRUS BLEND 1890 ML,2.36 USD (x1),2.36 USD (x1),https://www.ribasmith.com/index.php/190990-bebida-citrus-blend.html
Bebidas y Jugos,CARMENCITA TE DE TILA 12 GR,0.95 USD (x1),0.95 USD (x1),https://www.ribasmith.com/index.php/319714-carmencita-te-de-tila-12-gr.html
Bebidas y Jugos,CARMENCITA TE VERDE CON MENTA 15 GR,0.91 USD (x1),0.91 USD (x1),https://www.ribasmith.com/index.php/319713-carmencita-te-verde-con-menta-15-gr.html
Bebidas y Jugos,CARMENCITA MANZANILLA CON ANIS 13 GR,0.86 USD (x1),0.86 USD (x1),https://www.ribasmith.com/index.php/319704-carmencita-manzanilla-con-anis-13-gr.html
Bebidas y Jugos,CARMENCITA TE JENGIBRE CURCUMA CANELA 15 GR,1.21 USD (x1),1.21 USD (x1),https://www.ribasmith.com/index.php/319701-carmencita-te-jengibre-curcuma-canela-15-gr.html
Bebidas y Jugos,CARMENCITA JENGIBRE CON MIEL 15 GR,1.31 USD (x1),1.31 USD (x1),https://www.ribasmith.com/index.php/319700-carmencita-jengibre-con-miel-15-gr.html
Bebidas y Jugos,CARMENCITA FRUTOS ROJO 15 GR,1.08 USD (x1),1.08 USD (x1),https://www.ribasmith.com/index.php/319698-carmencita-frutos-rojo-15-gr.html
Bebidas y Jugos,CARMENCITA TE VERDE 15 GR,0.86 USD (x1),0.86 USD (x1),https://www.ribasmith.com/index.php/319803-carmencita-te-verde-15-gr.html
Bebidas y Jugos,CARMENCITA POLEO MENTA 15 GR,0.92 USD (x1),0.92 USD (x1),https://www.ribasmith.com/index.php/319708-carmencita-poleo-menta-15-gr.html
Bebidas y Jugos,CARMENCITA TE MANZANILLA CON MIEL 13 GR,1.21 USD (x1),1.21 USD (x1),https://www.ribasmith.com/index.php/319706-carmencita-te-manzanilla-con-miel-13-gr.html
Bebidas y Jugos,CARMENCITA TE MANZANILLA CON MENTA 13 GR,0.86 USD (x1),0.86 USD (x1),https://www.ribasmith.com/index.php/319705-carmencita-te-manzanilla-con-menta-13-gr.html
Bebidas y Jugos,BALBOA SPICES VANILLA MASALA CHAI 50 GR,12.77 USD (x1),12.77 USD (x1),https://www.ribasmith.com/index.php/315436-balboa-spices-vanilla-masala-chai-50-gr.html
Bebidas y Jugos,HAWALLAN PNCH GREEN BERRY RUSH,0.85 USD (x1),0.85 USD (x1),https://www.ribasmith.com/index.php/hawallan-pnch-green-berry-rush.html
Bebidas y Jugos,PEPSI PREBIOTIC COLA,1.07 USD (x1),1.07 USD (x1),https://www.ribasmith.com/index.php/356352-pepsi-prebiotic-cola.html
Bebidas y Jugos,MOUNTAIN DEW DIRTY,1.07 USD (x1),1.07 USD (x1),https://www.ribasmith.com/index.php/363304-mountain-dew-dirty.html
Bebidas y Jugos,BEBIDA MOLECOLA CLASICA,1.08 USD (x1),1.08 USD (x1),https://www.ribasmith.com/index.php/364341-bebida-molecola-clasica.html
Bebidas y Jugos,BEBIDA MOLECOLA SIN AZUCAR,1.08 USD (x1),1.08 USD (x1),https://www.ribasmith.com/index.php/364342-bebida-molecola-sin-azucar.html
Bebidas y Jugos,BLOOM POP PEACH PINEAPPLE,2.95 USD (x1),2.95 USD (x1),https://www.ribasmith.com/index.php/361325-bloom-pop-peach-pineapple.html
Bebidas y Jugos,BLOOM POP ROOT BEER FLOAT,2.95 USD (x1),2.95 USD (x1),https://www.ribasmith.com/index.php/361327-bloom-pop-root-beer-float.html
Bebidas y Jugos,STRAWBERRY CREAM SODA,1.80 USD (x1),1.80 USD (x1),https://www.ribasmith.com/index.php/361320-strawberry-cream-soda.html
Bebidas y Jugos,CLASSIC ORANGE SODA,2.95 USD (x1),2.95 USD (x1),https://www.ribasmith.com/index.php/361321-classic-orange-soda.html
Bebidas y Jugos,SHIRLEY TEMPLE SODA,2.95 USD (x1),2.95 USD (x1),https://www.ribasmith.com/index.php/361323-shirley-temple-soda.html
Bebidas y Jugos,RASPBERRY LEMONADE SODA,2.95 USD (x1),2.95 USD (x1),https://www.ribasmith.com/index.php/361318-raspberry-lemonade-soda.html
Bebidas y Jugos,SODA WATERMELON LIME,2.95 USD (x1),2.95 USD (x1),https://www.ribasmith.com/index.php/361316-soda-watermelon-lime.html
Bebidas y Jugos,PREBIOTIC SODA RIDGE RUSH,3.04 USD (x1),3.04 USD (x1),https://www.ribasmith.com/index.php/358367-prebiotic-soda-ridge-rush.html
Bebidas y Jugos,MT DEW BAJA BLAST TROPICAL LIM,0.75 USD (x1),1.07 USD (x1),https://www.ribasmith.com/index.php/315996-mt-dew-baja-blast-tropical-lim.html
Bebidas y Jugos,CHERRY CITRUS SODA PREBIOTIC,2.45 USD (x1),2.45 USD (x1),https://www.ribasmith.com/index.php/360128-cherry-citrus-soda-prebiotic.html
Bebidas y Jugos,BLACKBERRY LIME SODA PREBIOTIC,2.45 USD (x1),2.45 USD (x1),https://www.ribasmith.com/index.php/360126-blackberry-lime-soda-prebiotic.html
Bebidas y Jugos,ORANGE CREAM CARBONATED,2.45 USD (x1),2.45 USD (x1),https://www.ribasmith.com/index.php/360127-orange-cream-carbonated.html
Bebidas y Jugos,LUNISH PREBIOTIC SODA PINEAPPL,1.80 USD (x1),1.80 USD (x1),https://www.ribasmith.com/index.php/357208-lunish-prebiotic-soda-pineappl.html
Bebidas y Jugos,LUNISH PREBIOTIC SODA GINGER L,1.80 USD (x1),1.80 USD (x1),https://www.ribasmith.com/index.php/357203-lunish-prebiotic-soda-ginger-l.html
Bebidas y Jugos,LUNISH PREBIOTIC SODA GRAPE,1.80 USD (x1),1.80 USD (x1),https://www.ribasmith.com/index.php/357204-lunish-prebiotic-soda-grape.html
Bebidas y Jugos,LUNISH PREBIOTIC SODA ORANGE,1.80 USD (x1),1.80 USD (x1),https://www.ribasmith.com/index.php/357206-lunish-prebiotic-soda-orange.html
Bebidas y Jugos,LUNISH PREBIOTIC SODA PASSION,1.80 USD (x1),1.80 USD (x1),https://www.ribasmith.com/index.php/357207-lunish-prebiotic-soda-passion.html
Bebidas y Jugos,LUNISH PREBIOTIC SODA STRAWBER,1.80 USD (x1),1.80 USD (x1),https://www.ribasmith.com/index.php/357209-lunish-prebiotic-soda-strawber.html
Bebidas y Jugos,LUNISH PREBIOTIC SODA MANGO,1.80 USD (x1),1.80 USD (x1),https://www.ribasmith.com/index.php/357205-lunish-prebiotic-soda-mango.html
Bebidas y Jugos,LUNISH PREBIOTIC SODA WATERMEL,1.80 USD (x1),1.80 USD (x1),https://www.ribasmith.com/index.php/357210-lunish-prebiotic-soda-watermel.html
Bebidas y Jugos,CHERRY FLOAT COKE,1.10 USD (x1),1.10 USD (x1),https://www.ribasmith.com/index.php/358827-cherry-float-coke.html
Bebidas y Jugos,PREBIOTIC SODA CREAM SODA,3.04 USD (x1),3.04 USD (x1),https://www.ribasmith.com/index.php/358363-prebiotic-soda-cream-soda.html
Bebidas y Jugos,CLASSIC GRAPE SODA,3.04 USD (x1),3.04 USD (x1),https://www.ribasmith.com/index.php/358368-classic-grape-soda.html
Bebidas y Jugos,PREBIOTIC SODA VINTAGE COLA,3.04 USD (x1),3.04 USD (x1),https://www.ribasmith.com/index.php/358369-prebiotic-soda-vintage-cola.html
Bebidas y Jugos,PREBIOTIC SODA LEMON LIME,3.04 USD (x1),3.04 USD (x1),https://www.ribasmith.com/index.php/358365-prebiotic-soda-lemon-lime.html
Bebidas y Jugos,PREBIOTIC SODA STRAW VAINILLA,3.04 USD (x1),3.04 USD (x1),https://www.ribasmith.com/index.php/358370-prebiotic-soda-straw-vainilla.html
Bebidas y Jugos,PREBIOTIC SODA CHERRY COLA,3.04 USD (x1),3.04 USD (x1),https://www.ribasmith.com/index.php/358364-prebiotic-soda-cherry-cola.html
Bebidas y Jugos,PREBIOTIC SODA GINGER ALE,3.04 USD (x1),3.04 USD (x1),https://www.ribasmith.com/index.php/358366-prebiotic-soda-ginger-ale.html
Bebidas y Jugos,OLIPOP ORANGE CREAM SODA,3.91 USD (x1),3.91 USD (x1),https://www.ribasmith.com/index.php/358373-olipop-orange-cream-soda.html
Bebidas y Jugos,OLIPOP PEACHES & CREAM SODA,3.91 USD (x1),3.91 USD (x1),https://www.ribasmith.com/index.php/358374-olipop-peaches-cream-soda.html
Bebidas y Jugos,SODA CANADA D LATA 355ML,0.65 USD (x1),0.65 USD (x1),https://www.ribasmith.com/index.php/357485-soda-canada-d-lata-355ml.html
Bebidas y Jugos,COCA COLA 12PACK LATA,8.68 USD (x1),8.68 USD (x1),https://www.ribasmith.com/index.php/301117-coca-cola-12pack-lata.html
Bebidas y Jugos,SPRITE CHILL CHERRY LIME,1.10 USD (x1),1.10 USD (x1),https://www.ribasmith.com/index.php/354767-sprite-chill-cherry-lime.html
Bebidas y Jugos,SODA BAHIA MANSA COLA,1.87 USD (x1),1.87 USD (x1),https://www.ribasmith.com/index.php/304332-soda-bahia-mansa-cola.html
Bebidas y Jugos,CLASSIC ROOT BEER SODA,3.04 USD (x1),3.04 USD (x1),https://www.ribasmith.com/index.php/353218-classic-root-beer-soda.html
Bebidas y Jugos,7 UP TROPICAL SODA,0.83 USD (x1),0.83 USD (x1),https://www.ribasmith.com/index.php/351413-7-up-tropical-soda.html
Bebidas y Jugos,7 UP TROPICAL ZERO SUGAR,0.83 USD (x1),0.83 USD (x1),https://www.ribasmith.com/index.php/351414-7-up-tropical-zero-sugar.html
Bebidas y Jugos,SODA GINGER LEMONGRAS,2.95 USD (x1),2.95 USD (x1),https://www.ribasmith.com/index.php/349092-soda-ginger-lemongras.html
Bebidas y Jugos,SODA STRAW VAINILLA FNCTNL,2.95 USD (x1),2.95 USD (x1),https://www.ribasmith.com/index.php/349094-soda-straw-vainilla-fnctnl.html
Bebidas y Jugos,SODA ROOTBEER FNCTNL,2.95 USD (x1),2.95 USD (x1),https://www.ribasmith.com/index.php/349093-soda-rootbeer-fnctnl.html
Bebidas y Jugos,SODA BERRY BBLY FNCTNL,2.95 USD (x1),2.95 USD (x1),https://www.ribasmith.com/index.php/349091-soda-berry-bbly-fnctnl.html
Bebidas y Jugos,DR PEPPER ZERO 12 OZ,1.07 USD (x1),1.07 USD (x1),https://www.ribasmith.com/index.php/330578-dr-pepper-zero-12-oz.html
Bebidas y Jugos,CAFE RESERVA ESPECIAL,6.47 USD (x1),6.47 USD (x1),https://www.ribasmith.com/index.php/361460-cafe-reserva-especial.html
Bebidas y Jugos,CAFE SELECCION TIERRAS ALTAS,7.55 USD (x1),7.55 USD (x1),https://www.ribasmith.com/index.php/361459-cafe-seleccion-tierras-altas.html
Bebidas y Jugos,CAFE ARABICO 100 PURO,6.96 USD (x1),6.96 USD (x1),https://www.ribasmith.com/index.php/359663-cafe-arabico-100-puro.html
Bebidas y Jugos,CAFE 100 PURO ARABICO,3.72 USD (x1),3.72 USD (x1),https://www.ribasmith.com/index.php/359664-cafe-100-puro-arabico.html
Bebidas y Jugos,CAFE JUAN VALDEZ VOLCAN,16.84 USD (x1),16.84 USD (x1),https://www.ribasmith.com/index.php/227367-cafe-juan-valdez-volcan.html
Bebidas y Jugos,CAFE MONTANA MOLIDO JVALDEZ,11.34 USD (x1),11.34 USD (x1),https://www.ribasmith.com/index.php/360013-cafe-montana-molido-jvaldez.html
Bebidas y Jugos,CAFE ARABICO MOLIDO MOLIDO,18.24 USD (x1),18.24 USD (x1),https://www.ribasmith.com/index.php/359666-cafe-arabico-molido-molido.html
Bebidas y Jugos,CAFE VICTORIA MIEL MOLIDO,10.66 USD (x1),10.66 USD (x1),https://www.ribasmith.com/index.php/358023-cafe-victoria-miel-molido.html
Bebidas y Jugos,CAFE SELLO ROJO TRADICIONAL,7.12 USD (x1),7.12 USD (x1),https://www.ribasmith.com/index.php/356920-cafe-sello-rojo-tradicional.html
Bebidas y Jugos,CAFE SELLO ROJO,3.66 USD (x1),3.66 USD (x1),https://www.ribasmith.com/index.php/356919-cafe-sello-rojo.html
Bebidas y Jugos,PALO ALTO CAFE EXPORT 212 GR,4.69 USD (x1),4.69 USD (x1),https://www.ribasmith.com/index.php/56802-cafe-palo-alto-export.html
Bebidas y Jugos,CAFE PERELIS CAFE DON MANOLO S BREAK BLEND 425 GR,10.54 USD (x1),10.54 USD (x1),https://www.ribasmith.com/index.php/179509-cafe-don-manolo-s-break-blend.html
Bebidas y Jugos,CAFE PERELIS CAF DON MANOLO S TURKISH ROAST 425 GR,10.54 USD (x1),10.54 USD (x1),https://www.ribasmith.com/index.php/179510-caf-don-manolo-s-turkish-roast.html
Bebidas y Jugos,CAFE PERELIS DON MANOLO S EXPRES ROAST 425 GR,10.54 USD (x1),10.54 USD (x1),https://www.ribasmith.com/index.php/179511-cafe-don-manolo-s-expres-roast.html
Bebidas y Jugos,CAFE VICTORIA CAFE ROYAL ORGANICO 250 GR,5.70 USD (x1),5.70 USD (x1),https://www.ribasmith.com/index.php/255687-cafe-royal-organico.html
Bebidas y Jugos,CAFE VICTORIA CAFE LIGERO VICTORIA 250 GR,5.84 USD (x1),5.84 USD (x1),https://www.ribasmith.com/index.php/257652-cafe-ligero-victoria.html
Bebidas y Jugos,COFFEE HAT CAFE ORO NEGRO TRADICIONAL MO 200 GR,2.67 USD (x1),3.26 USD (x1),https://www.ribasmith.com/index.php/282264-oreo-negro-cafe-tradicional-mo.html
Bebidas y Jugos,FINCA LERIDA CAFE STATE COFFEE 500 GR,13.58 USD (x1),13.58 USD (x1),https://www.ribasmith.com/index.php/297677-cafe-state-coffee-500g.html
Bebidas y Jugos,DURAN CAFE DOCENAS LBS,5.86 USD (x1),5.86 USD (x1),https://www.ribasmith.com/index.php/5473-cafe-duran-docenas.html
Bebidas y Jugos,DURAN CAFE ALTURA M REGURLA 1 LB.,8.76 USD (x1),8.76 USD (x1),https://www.ribasmith.com/index.php/5474-cafe-altura-1-lb-m-regurla.html
Bebidas y Jugos,DURAN CAFE ALTURA E F. 1 LB.,8.76 USD (x1),8.76 USD (x1),https://www.ribasmith.com/index.php/5475-cafe-altura-e-f.html
Bebidas y Jugos,DURAN CAFE TRADI REGULAR 1 LB.,7.88 USD (x1),7.88 USD (x1),https://www.ribasmith.com/index.php/5476-cafe-tradi-regular.html
Bebidas y Jugos,DURAN CAFE TRADICIONAL E F. 1 LB.,7.88 USD (x1),7.88 USD (x1),https://www.ribasmith.com/index.php/5477-cafe-tradicional-e-f.html
Bebidas y Jugos,DURAN CAFE TRADICIONAL EN 1/2LB,4.17 USD (x1),4.17 USD (x1),https://www.ribasmith.com/index.php/5491-cafe-tradicional-en-1-2-lb.html
Bebidas y Jugos,DURAN CAFE DURAN ALTURA 1/2LB,4.48 USD (x1),4.48 USD (x1),https://www.ribasmith.com/index.php/5527-cafe-duran-altura-212-gr.html
Bebidas y Jugos,CAFE COCLE 425 GR,6.95 USD (x1),6.95 USD (x1),https://www.ribasmith.com/index.php/12919-cafe-cocle-libras.html
Bebidas y Jugos,DEL FINO CAFE 212 GR,4.75 USD (x1),4.75 USD (x1),https://www.ribasmith.com/index.php/32038-cafe-del-fino-212gr.html
Bebidas y Jugos,DEL FINO CAFE 425 GR,8.06 USD (x1),8.06 USD (x1),https://www.ribasmith.com/index.php/32039-cafe-del-fino-425gr.html
Bebidas y Jugos,PALO ALTO CAFE MOLIDO 425 GR,8.91 USD (x1),8.91 USD (x1),https://www.ribasmith.com/index.php/56803-cafe-p-alto-exp-425gr.html
Bebidas y Jugos,ILLY CAFE TOSTADO MOLIDO REG 250 GR,14.50 USD (x1),14.50 USD (x1),https://www.ribasmith.com/index.php/70045-cafe-tostado-molido-reg.html
Bebidas y Jugos,SUAREZ CAFE 400 GR,9.50 USD (x1),9.50 USD (x1),https://www.ribasmith.com/index.php/82560-cafe-suarez-400-gr.html
Bebidas y Jugos,SUAREZ CAFE 200 GR,4.77 USD (x1),4.77 USD (x1),https://www.ribasmith.com/index.php/82561-cafe-suarez-200-gr.html
Bebidas y Jugos,PALO ALTO CAFE MOLIDO EXTRA FINO 425 GR,9.13 USD (x1),9.13 USD (x1),https://www.ribasmith.com/index.php/84498-cafe-molido-extra-fino-425gr.html
Bebidas y Jugos,CAFÈ DE ELETA CAFE GOURMET CITY ROAST 250 GR,6.76 USD (x1),6.76 USD (x1),https://www.ribasmith.com/index.php/126401-cafe-gourmet-city-roast.html
Bebidas y Jugos,CAFÈ DE ELETA CITY ROAST MOLIDO 125 GR,3.94 USD (x1),3.94 USD (x1),https://www.ribasmith.com/index.php/126426-city-roast-molido.html
Bebidas y Jugos,DURAN CAFE ALTURA MOLIDO EXTRA FINO 212 GR,4.48 USD (x1),4.48 USD (x1),https://www.ribasmith.com/index.php/137019-cafe-altura-molido-extra-fino.html
Bebidas y Jugos,DURAN CAFE TRADICIONAL M EXT FINO 212 GR,4.17 USD (x1),4.17 USD (x1),https://www.ribasmith.com/index.php/137020-cafe-tradicional-m-ext-fino.html
Bebidas y Jugos,JANSON FAMILY COFFEE MOLIDO 12 OZ,7.34 USD (x1),7.34 USD (x1),https://www.ribasmith.com/index.php/140564-janson-family-coffe-molido.html
Bebidas y Jugos,JUAN VALDEZ CAFE PREMIUM CUMBRE 250 GR,16.05 USD (x1),16.05 USD (x1),https://www.ribasmith.com/index.php/145696-cafe-premium-cumbre.html
Bebidas y Jugos,SPRITE TEA,1.10 USD (x1),1.10 USD (x1),https://www.ribasmith.com/index.php/349564-sprite-tea.html
Bebidas y Jugos,JUAN VALDEZ CAFE PREMIUM COLINA 250 GR,16.05 USD (x1),16.05 USD (x1),https://www.ribasmith.com/index.php/145697-cafe-premium-colina.html
Bebidas y Jugos,AMISTAD CAFE MOLIDO 212 GR,3.64 USD (x1),3.64 USD (x1),https://www.ribasmith.com/index.php/160177-cafe-amistad-molido.html
Bebidas y Jugos,JANSON GEISHA MOLIDO 200 GR,19.16 USD (x1),19.16 USD (x1),https://www.ribasmith.com/index.php/189911-janson-geisha-coffe-molido.html
Bebidas y Jugos,PRINCESA JANCA CAFE PURO MOLIDO 454 GR,11.47 USD (x1),11.47 USD (x1),https://www.ribasmith.com/index.php/193924-cafe-puro-molido.html
Bebidas y Jugos,PRINCESA JANCA CAFE PURO MOLIDO 227 GR,6.22 USD (x1),6.22 USD (x1),https://www.ribasmith.com/index.php/193925-cafe-puro-molido.html
Bebidas y Jugos,CAFE MOLIDO NATURAL,14.30 USD (x1),14.30 USD (x1),https://www.ribasmith.com/index.php/cafe-molido-natural.html
Bebidas y Jugos,CAFE MOLIDO WASHED,14.30 USD (x1),14.30 USD (x1),https://www.ribasmith.com/index.php/cafe-molido-washed.html
Bebidas y Jugos,CAFE MOLIDO PE,10.22 USD (x1),10.22 USD (x1),https://www.ribasmith.com/index.php/cafe-molido-pe.html
Bebidas y Jugos,CAFE MOLIDO HONEY,14.30 USD (x1),14.30 USD (x1),https://www.ribasmith.com/index.php/cafe-molido-honey.html
Bebidas y Jugos,DURAN ORIGEN VOLCAN MOLIDA 340 GR,11.63 USD (x1),11.63 USD (x1),https://www.ribasmith.com/index.php/220442-origen-volcan-molida.html
Bebidas y Jugos,DURAN ORIGEN BOQUETE MOLIDO 340 GR,11.63 USD (x1),11.63 USD (x1),https://www.ribasmith.com/index.php/220445-origen-boquete-molido.html
Bebidas y Jugos,CAFE INSTANT MOLINO CRIOLLO,3.65 USD (x1),3.65 USD (x1),https://www.ribasmith.com/index.php/362062-cafe-instant-molino-criollo.html
Bebidas y Jugos,SHINE WATER PAW P GRAPE RASPBE,5.50 USD (x1),5.50 USD (x1),https://www.ribasmith.com/index.php/363853-shine-water-paw-p-grape-raspbe.html
Bebidas y Jugos,CAFE FLOR CHIRIQUI REGULAR 454 GR,6.02 USD (x1),6.02 USD (x1),https://www.ribasmith.com/index.php/233945-cafe-chiriqui-regular.html
Bebidas y Jugos,SHINE WATER APPLE BERRY TETRA,5.50 USD (x1),5.50 USD (x1),https://www.ribasmith.com/index.php/363826-shine-water-apple-berry-tetra.html
Bebidas y Jugos,COLCAFE CAPUCHINO CLASICO,8.65 USD (x1),8.65 USD (x1),https://www.ribasmith.com/index.php/80870-colcafe-capuchino-clasico.html
Bebidas y Jugos,KIMBO CAFE ESPRESSO NAPOLETANO MOLID 250 GR,10.37 USD (x1),10.37 USD (x1),https://www.ribasmith.com/index.php/243647-cafe-espresso-napoletano-molid.html
Bebidas y Jugos,KIMBO CAFE ARABICA MOLIDO 250 GR,11.96 USD (x1),11.96 USD (x1),https://www.ribasmith.com/index.php/243648-cafe-100-arabica-molido.html
Bebidas y Jugos,BEBIDA NARANJA PINA EAZUL,1.47 USD (x1),1.47 USD (x1),https://www.ribasmith.com/index.php/363895-bebida-naranja-pina-eazul.html
Bebidas y Jugos,ICE COFFE AU LAIT 4 PK,10.45 USD (x1),10.45 USD (x1),https://www.ribasmith.com/index.php/304004-ice-coffe-au-lait-4-pk.html
Bebidas y Jugos,COLCAFE CAPUCHINO F VAINILLA,8.65 USD (x1),8.65 USD (x1),https://www.ribasmith.com/index.php/80869-colcafe-capuchino-f-vainilla.html
Bebidas y Jugos,CAFE COLCAFE INSTA VAINILLA,5.53 USD (x1),5.53 USD (x1),https://www.ribasmith.com/index.php/359522-cafe-colcafe-insta-vainilla.html
Bebidas y Jugos,TRIP MINDFL BLND TROP MANGO,3.25 USD (x1),3.25 USD (x1),https://www.ribasmith.com/index.php/361026-trip-mindfl-blnd-trop-mango.html
Bebidas y Jugos,CAFE VICTORIA CAFE EXPRESS MOLIDO ORGANICO 250 GR,6.45 USD (x1),6.45 USD (x1),https://www.ribasmith.com/index.php/255688-cafe-express-molido-organico.html
Bebidas y Jugos,PROTEINA SABOR CAFE LATTE,4.11 USD (x1),4.11 USD (x1),https://www.ribasmith.com/index.php/360565-proteina-sabor-cafe-latte.html
Bebidas y Jugos,CAFE VICTORIA CAFE TURCO MOLIDO 250 GR,6.70 USD (x1),6.70 USD (x1),https://www.ribasmith.com/index.php/255690-cafe-turco-molido.html
Bebidas y Jugos,CAFE COLCAFE AMARETTO,5.53 USD (x1),5.53 USD (x1),https://www.ribasmith.com/index.php/359521-cafe-colcafe-amaretto.html
Bebidas y Jugos,PROTEINA SABOR VAINILLA,4.11 USD (x1),4.11 USD (x1),https://www.ribasmith.com/index.php/360558-proteina-sabor-vainilla.html
Bebidas y Jugos,EE 100% JUICE VEGETABLE,6.20 USD (x1),6.20 USD (x1),https://www.ribasmith.com/index.php/359609-ee-100-juice-vegetable.html
Bebidas y Jugos,CAFE GEISHA BOURBON PACAMARA,25.00 USD (x1),25.00 USD (x1),https://www.ribasmith.com/index.php/358312-cafe-geisha-bourbon-pacamara.html
Bebidas y Jugos,CAFE DESCAFEINADO COLCAFE,7.01 USD (x1),7.01 USD (x1),https://www.ribasmith.com/index.php/359270-cafe-descafeinado-colcafe.html
Bebidas y Jugos,EVIVE SMOOTHIE STRWBRRY FRAPPE,8.75 USD (x1),8.75 USD (x1),https://www.ribasmith.com/index.php/353164-evive-smoothie-strwbrry-frappe.html
Bebidas y Jugos,TRIP SPARKLING DRINK MNDF CHER,3.25 USD (x1),3.25 USD (x1),https://www.ribasmith.com/index.php/361028-trip-sparkling-drink-mndf-cher.html
Bebidas y Jugos,CAFE ROGUSTA CAFE MOLIDO 400 GR,8.16 USD (x1),8.16 USD (x1),https://www.ribasmith.com/index.php/258770-cafe-molido.html
Bebidas y Jugos,LINO CAFE ALTO MOLIDO PREMIUM 425 GR,11.08 USD (x1),11.08 USD (x1),https://www.ribasmith.com/index.php/261131-cafe-alto-molido-premium.html
Bebidas y Jugos,CAFE COLCAFE DESCAFEINADO,4.55 USD (x1),4.55 USD (x1),https://www.ribasmith.com/index.php/359269-cafe-colcafe-descafeinado.html
Bebidas y Jugos,EVIVE SMOOTHIE VANILLA MAPLE,8.75 USD (x1),8.75 USD (x1),https://www.ribasmith.com/index.php/359716-evive-smoothie-vanilla-maple.html
Bebidas y Jugos,TRIP WATER SPARKLING RASPBERRY,3.25 USD (x1),3.25 USD (x1),https://www.ribasmith.com/index.php/362570-trip-water-sparkling-raspberry.html
Bebidas y Jugos,CAFE EXOTICO GEISHA MOLIDO,22.97 USD (x1),22.97 USD (x1),https://www.ribasmith.com/index.php/358310-cafe-exotico-geisha-molido.html
Bebidas y Jugos,CAFE UNIDO ESPRESSO BLEND MOLIDO 340 GR,16.64 USD (x1),16.64 USD (x1),https://www.ribasmith.com/index.php/264606-espresso-blend-molido.html
Bebidas y Jugos,EVIVE SMOOTHIE COCOA FRAPPE,8.75 USD (x1),8.75 USD (x1),https://www.ribasmith.com/index.php/359720-evive-smoothie-cocoa-frappe.html
Bebidas y Jugos,NESCAFE LATE CARAMELO SALADO,5.87 USD (x1),5.87 USD (x1),https://www.ribasmith.com/index.php/355693-nescafe-late-caramelo-salado.html
Bebidas y Jugos,TRIP WATER SPARKLING MB,3.25 USD (x1),3.25 USD (x1),https://www.ribasmith.com/index.php/362569-trip-water-sparkling-mb.html
Bebidas y Jugos,CAFE NESCAFE CLASICO,4.47 USD (x1),4.47 USD (x1),https://www.ribasmith.com/index.php/356941-cafe-nescafe-clasico.html
Bebidas y Jugos,STRAWBERRIES & CREAM CLEAN PRO,4.65 USD (x1),4.65 USD (x1),https://www.ribasmith.com/index.php/359865-strawberries-cream-clean-pro.html
Bebidas y Jugos,CAFE UNIDO HOUSE BLENDE MOLIDO 340 GR,15.33 USD (x1),15.33 USD (x1),https://www.ribasmith.com/index.php/264608-house-blende-molido.html
Bebidas y Jugos,TRIP WATER SP WILD STRAWBERRY,2.85 USD (x1),2.85 USD (x1),https://www.ribasmith.com/index.php/362572-trip-water-sp-wild-strawberry.html
Bebidas y Jugos,CAFE ARABICO EN GRANO,18.92 USD (x1),18.92 USD (x1),https://www.ribasmith.com/index.php/359675-cafe-arabico-en-grano.html
Bebidas y Jugos,CAFE STARBUCKS VAINILLA MADAGA,10.23 USD (x1),10.23 USD (x1),https://www.ribasmith.com/index.php/309954-cafe-starbucks-vainilla-madaga.html
Bebidas y Jugos,JANSON GEISHA CAFE NATURAL MOLIDO 200 GR,26.08 USD (x1),26.08 USD (x1),https://www.ribasmith.com/index.php/266229-cafe-natural-molido.html
Bebidas y Jugos,CAPRISUN PACIFI COOLER,2.70 USD (x1),2.70 USD (x1),https://www.ribasmith.com/index.php/362660-caprisun-pacifi-cooler.html
Carnes y Embutidos,ASADO DE AGUJA,11.43 USD (x1),11.43 USD (x1),https://www.ribasmith.com/index.php/49048-asado-de-aguja.html
Carnes y Embutidos,PEPERONI REBANADO IMPORTADO,17.95 USD (x1),17.95 USD (x1),https://www.ribasmith.com/index.php/peperoni-rebanado-importado-242367.html
Carnes y Embutidos,FILETE ENCUENTRO MELO BAND,7.48 USD (x1),7.48 USD (x1),https://www.ribasmith.com/index.php/filete-encuentro-melo-band-33289.html
Carnes y Embutidos,INTOKU STEAK BURGER 2/8 OZ,39.24 USD (x1),39.24 USD (x1),https://www.ribasmith.com/index.php/167000-intoku-steak-burger-2-8-oz.html
Carnes y Embutidos,FILETE PECHUGA MELO BAND,8.54 USD (x1),8.54 USD (x1),https://www.ribasmith.com/index.php/19201-filete-pechuga-melo-band.html
Carnes y Embutidos,INTOKU VINTAGE AKAUSHI GR BEEF,14.25 USD (x1),14.25 USD (x1),https://www.ribasmith.com/index.php/297165-intoku-vintage-akaushi-gr-beef.html
Carnes y Embutidos,PICNIC FRESCO PRECIO POR KILOGRAMO,9.70 USD (x1),9.70 USD (x1),https://www.ribasmith.com/index.php/25524-picnic-fresco-precio-por-kilogramo.html
Carnes y Embutidos,LECHONA RIMITH,3.65 USD (x1),3.95 USD (x1),https://www.ribasmith.com/index.php/267341-lechona-rimith.html
Carnes y Embutidos,CHULETA AHUMADA,12.64 USD (x1),12.64 USD (x1),https://www.ribasmith.com/index.php/chuleta-ahumada-en-plato-kg-23835-verano.html
Carnes y Embutidos,CHULETA AHUMADA COGOTE REB PLA,11.35 USD (x1),11.35 USD (x1),https://www.ribasmith.com/index.php/chuleta-ahumada-cogote-reb-pla-253219.html
Carnes y Embutidos,RABITO DE CERDO AHUMADO,6.96 USD (x1),6.96 USD (x1),https://www.ribasmith.com/index.php/rabito-de-cerdo-ahumado-23914.html
Carnes y Embutidos,COSTILLA ESPEC CORTE INDIVIDUA,12.28 USD (x1),12.28 USD (x1),https://www.ribasmith.com/index.php/costilla-espec-corte-individua-60292.html
Carnes y Embutidos,GUISADO DE CERDO,7.97 USD (x1),7.97 USD (x1),https://www.ribasmith.com/index.php/guisado-de-cerdo-25513.html
Carnes y Embutidos,PAPADA DE CERDO,6.47 USD (x1),6.47 USD (x1),https://www.ribasmith.com/index.php/papada-de-cerdo-25511.html
Carnes y Embutidos,FALDA DE CERDO,14.43 USD (x1),14.43 USD (x1),https://www.ribasmith.com/index.php/falda-de-cerdo-25510.html
Carnes y Embutidos,CODILLO DE CERDO,7.77 USD (x1),7.77 USD (x1),https://www.ribasmith.com/index.php/codillo-de-cerdo-25488.html
Carnes y Embutidos,COSTILLITAS (SPARE RIBS),14.43 USD (x1),14.43 USD (x1),https://www.ribasmith.com/index.php/costillitas-spare-ribs-25491.html
Carnes y Embutidos,COSTILLAS DE CERDO PORCION,14.48 USD (x1),14.48 USD (x1),https://www.ribasmith.com/index.php/costillas-de-cerdo-porcion-138070.html
Carnes y Embutidos,PIERNA CERDO DESHUESADA,7.97 USD (x1),7.97 USD (x1),https://www.ribasmith.com/index.php/pierna-cerdo-deshuesada-253336.html
Carnes y Embutidos,CHULETA DE CERDO DESHUESADA,12.28 USD (x1),12.28 USD (x1),https://www.ribasmith.com/index.php/chuleta-de-cerdo-deshuesada-25508.html
Carnes y Embutidos,COSTILLA ESPECIAL DE CERDO,11.17 USD (x1),11.17 USD (x1),https://www.ribasmith.com/index.php/costilla-especial-de-cerdo-25489.html
Carnes y Embutidos,TIRA DE COSTILLA ESPECIAL,12.28 USD (x1),12.28 USD (x1),https://www.ribasmith.com/index.php/tira-de-costilla-especial-60291.html
Carnes y Embutidos,CHULETA PRIMIUM BAND,11.91 USD (x1),11.91 USD (x1),https://www.ribasmith.com/index.php/chuleta-primium-band-25487.html
Carnes y Embutidos,PUNTAS DE FILETES CERDO,22.47 USD (x1),22.47 USD (x1),https://www.ribasmith.com/index.php/puntas-de-filetes-cerdo-71479.html
Carnes y Embutidos,MUSLITOS DE CERDO,7.97 USD (x1),7.97 USD (x1),https://www.ribasmith.com/index.php/muslitos-de-cerdo-201471.html
Carnes y Embutidos,MEDALLONES DE CERDO,12.28 USD (x1),12.28 USD (x1),https://www.ribasmith.com/index.php/medallones-de-cerdo-70305.html
Carnes y Embutidos,COSTILLA DE CHULETA (BABY B RI,17.56 USD (x1),17.56 USD (x1),https://www.ribasmith.com/index.php/costilla-de-chuleta-baby-b-ri-25518.html
Carnes y Embutidos,PATITA DE CERDO,3.75 USD (x1),3.75 USD (x1),https://www.ribasmith.com/index.php/patita-de-cerdo-25494.html
Carnes y Embutidos,BISTEC LOMO PALOMILLA CERDO,7.97 USD (x1),7.97 USD (x1),https://www.ribasmith.com/index.php/bistec-lomo-palomilla-cerdo-253333.html
Carnes y Embutidos,CHULETA SELECTA LBS,12.28 USD (x1),12.28 USD (x1),https://www.ribasmith.com/index.php/chuleta-selecta-lbs-25517.html
Carnes y Embutidos,RABO DE CERDO,6.70 USD (x1),6.70 USD (x1),https://www.ribasmith.com/index.php/rabo-de-cerdo-25501.html
Carnes y Embutidos,TIRA DE CHULETA BBQ,11.91 USD (x1),11.91 USD (x1),https://www.ribasmith.com/index.php/tira-de-chuleta-bbq-25536.html
Carnes y Embutidos,FILETE DE CERDO,22.47 USD (x1),22.47 USD (x1),https://www.ribasmith.com/index.php/filete-de-cerdo-25502.html
Carnes y Embutidos,ASADO DE CERDO RIMITH,18.17 USD (x1),18.17 USD (x1),https://www.ribasmith.com/index.php/asado-de-cerdo-rimith-25486.html
Carnes y Embutidos,COSTILLITA DE CERDO AHUMADAS,7.19 USD (x1),7.19 USD (x1),https://www.ribasmith.com/index.php/costillita-de-cerdo-ahumadas-76936.html
Carnes y Embutidos,CODILLO DE CERDO ENTERO,10.01 USD (x1),10.01 USD (x1),https://www.ribasmith.com/index.php/codillo-de-cerdo-entero-25516.html
Carnes y Embutidos,LOMITO DE CERDO,7.97 USD (x1),7.97 USD (x1),https://www.ribasmith.com/index.php/lomito-de-cerdo-25520.html
Carnes y Embutidos,PUERCO LISO,8.29 USD (x1),8.29 USD (x1),https://www.ribasmith.com/index.php/puerco-liso-25500.html
Carnes y Embutidos,LONJA DE CERDO,4.92 USD (x1),4.92 USD (x1),https://www.ribasmith.com/index.php/lonja-de-cerdo-25493.html
Carnes y Embutidos,PERNIL DE CERDO PRECIO POR KILOGRAMO,10.10 USD (x1),10.10 USD (x1),https://www.ribasmith.com/index.php/25497-pernil-de-cerdo-precio-por-kilogramo.html
Carnes y Embutidos,SECRETO DE CERDO,16.58 USD (x1),16.58 USD (x1),https://www.ribasmith.com/index.php/secreto-de-cerdo-203598.html
Carnes y Embutidos,BRAZUELO DE CERDO,7.97 USD (x1),7.97 USD (x1),https://www.ribasmith.com/index.php/brazuelo-de-cerdo-70307.html
Carnes y Embutidos,MOLIDA DE PUERCO Y RES,13.28 USD (x1),13.28 USD (x1),https://www.ribasmith.com/index.php/molida-de-puerco-y-res.html
Carnes y Embutidos,PUNTA PALOMILLA CERDO REBANADA,8.40 USD (x1),8.40 USD (x1),https://www.ribasmith.com/index.php/punta-palomilla-cerdo-rebanada-253335.html
Carnes y Embutidos,ASADO DE PIERNA,18.17 USD (x1),18.17 USD (x1),https://www.ribasmith.com/index.php/asado-de-pierna-25496.html
Carnes y Embutidos,MILANESA DE CERDO APANADO,14.03 USD (x1),14.03 USD (x1),https://www.ribasmith.com/index.php/milanesa-de-cerdo-apanado-111943.html
Carnes y Embutidos,COSTILLA DE CERDO CON TOCINO,10.96 USD (x1),10.96 USD (x1),https://www.ribasmith.com/index.php/costilla-de-cerdo-con-tocino-25490.html
Carnes y Embutidos,BISTEK DE CERDO,7.97 USD (x1),7.97 USD (x1),https://www.ribasmith.com/index.php/bistek-de-cerdo-25519.html
Carnes y Embutidos,FAJITAS DE CERDO,7.22 USD (x1),7.22 USD (x1),https://www.ribasmith.com/index.php/fajitas-de-cerdo-253332.html
Carnes y Embutidos,ASADO DE CHULETA,11.69 USD (x1),11.69 USD (x1),https://www.ribasmith.com/index.php/asado-de-chuleta-25515.html
Carnes y Embutidos,ASADO DE CHULETA S HUESO,18.24 USD (x1),18.24 USD (x1),https://www.ribasmith.com/index.php/asado-de-chuleta-s-hueso-60296.html
Carnes y Embutidos,PUNTA PALOMILLA CERDO,7.97 USD (x1),7.97 USD (x1),https://www.ribasmith.com/index.php/punta-palomilla-cerdo-253334.html
Carnes y Embutidos,PUERCO MOLIDO,12.55 USD (x1),12.55 USD (x1),https://www.ribasmith.com/index.php/puerco-molido-25531.html
Carnes y Embutidos,CARRILLERA DE CERDO,7.25 USD (x1),7.25 USD (x1),https://www.ribasmith.com/index.php/carrillera-de-cerdo-203599.html
Carnes y Embutidos,COSTILLAS PREP EN SALSA BBQ,13.96 USD (x1),13.96 USD (x1),https://www.ribasmith.com/index.php/costillas-prep-en-salsa-bbq-9200.html
Carnes y Embutidos,TROCITOS DE CERDO,7.22 USD (x1),7.22 USD (x1),https://www.ribasmith.com/index.php/trocitos-de-cerdo-253331.html
Carnes y Embutidos,MILANESA DE CERDO,8.44 USD (x1),8.44 USD (x1),https://www.ribasmith.com/index.php/milanesa-de-cerdo-253330.html
Carnes y Embutidos,CHULETA CERDO REG CP,6.36 USD (x1),6.36 USD (x1),https://www.ribasmith.com/index.php/chuleta-cerdo-cogote-reg-cp-219319.html
Carnes y Embutidos,PUERCO LISO,9.07 USD (x1),9.07 USD (x1),https://www.ribasmith.com/index.php/puerco-liso-25550.html
Carnes y Embutidos,CHULETA REBANADAS RIMITH,12.14 USD (x1),12.14 USD (x1),https://www.ribasmith.com/index.php/chuleta-rebanadas-rimith-23834.html
Carnes y Embutidos,COSTILLA ESPECIAL DE CERDO,12.22 USD (x1),12.22 USD (x1),https://www.ribasmith.com/index.php/costilla-especial-de-cerdo-25551.html
Carnes y Embutidos,CHULETA DE CERDO,13.03 USD (x1),13.03 USD (x1),https://www.ribasmith.com/index.php/chuleta-de-cerdo-25553.html
Carnes y Embutidos,COSTILLA DE CERDO C TOCINO,10.79 USD (x1),11.99 USD (x1),https://www.ribasmith.com/index.php/costilla-de-cerdo-c-tocino-25552.html
Carnes y Embutidos,SPARE RIBS NEVERA,15.78 USD (x1),15.78 USD (x1),https://www.ribasmith.com/index.php/spare-ribs-nevera-25554.html
Carnes y Embutidos,COSTILLAS BABY BACK LB,19.21 USD (x1),19.21 USD (x1),https://www.ribasmith.com/index.php/costillas-baby-back-lb-78617.html
Carnes y Embutidos,CHULETA SELECTA,13.43 USD (x1),13.43 USD (x1),https://www.ribasmith.com/index.php/chuleta-selecta-254640.html
Carnes y Embutidos,MILANESA DE CERDO,9.24 USD (x1),9.24 USD (x1),https://www.ribasmith.com/index.php/milanesa-de-cerdo-254642.html
Carnes y Embutidos,MILANESAS DE POLLO APANADO,10.60 USD (x1),10.60 USD (x1),https://www.ribasmith.com/index.php/milanesas-de-pollo-apanado-63062.html
Carnes y Embutidos,FILETE DE SOBREPALETA,17.25 USD (x1),17.25 USD (x1),https://www.ribasmith.com/index.php/filete-de-sobrepaleta-70304.html
Carnes y Embutidos,BISTEK DE PULPA NEGRA RIMITH,15.59 USD (x1),15.59 USD (x1),https://www.ribasmith.com/index.php/25424-bistek-de-pulpa-negra-rimith.html
Carnes y Embutidos,BISTEC PICADO RIMITH,15.10 USD (x1),15.10 USD (x1),https://www.ribasmith.com/index.php/bistec-picado-rimith-25393.html
Carnes y Embutidos,FILETE SIN MOLIDA,29.26 USD (x1),29.26 USD (x1),https://www.ribasmith.com/index.php/filete-de-res-25405.html
Carnes y Embutidos,PECHO CON COSTILLA CP,4.17 USD (x1),4.17 USD (x1),https://www.ribasmith.com/index.php/pecho-con-costilla-cp-219322.html
Carnes y Embutidos,HUESO DE SOPA,2.90 USD (x1),2.90 USD (x1),https://www.ribasmith.com/index.php/hueso-de-sopa-252712.html
Carnes y Embutidos,CINTA DESHUESADA,14.81 USD (x1),14.81 USD (x1),https://www.ribasmith.com/index.php/cinta-deshuesada-25397.html
Carnes y Embutidos,FALDA DE RES RIMITH,11.96 USD (x1),11.96 USD (x1),https://www.ribasmith.com/index.php/falda-de-res-rimith-25401.html
Carnes y Embutidos,PUNTA DE RINCON REBANADA,16.95 USD (x1),16.95 USD (x1),https://www.ribasmith.com/index.php/punta-de-rincon-rebanada-60290.html
Carnes y Embutidos,LOMO DE TERNERA,12.19 USD (x1),12.19 USD (x1),https://www.ribasmith.com/index.php/lomo-de-ternera-25466.html
Carnes y Embutidos,BISTEK DE TERNERA,12.19 USD (x1),12.19 USD (x1),https://www.ribasmith.com/index.php/bistek-de-ternera-25456.html
Carnes y Embutidos,ENTRAÑA FINA,13.67 USD (x1),13.67 USD (x1),https://www.ribasmith.com/index.php/entra-a-fina-181562.html
Carnes y Embutidos,MILANESA,15.96 USD (x1),15.96 USD (x1),https://www.ribasmith.com/index.php/milanesa-60285.html
Carnes y Embutidos,OSOBUCO DE TERNERA,5.28 USD (x1),5.28 USD (x1),https://www.ribasmith.com/index.php/osobuco-de-ternera-25465.html
Carnes y Embutidos,LOMO DE COSTILLA RIMITH,14.42 USD (x1),14.42 USD (x1),https://www.ribasmith.com/index.php/lomo-de-costilla-rimith-25440.html
Carnes y Embutidos,LOMO REDONDO RIMITH,12.66 USD (x1),12.66 USD (x1),https://www.ribasmith.com/index.php/25414-lomo-redondo-rimith.html
Carnes y Embutidos,PUNTA DE RINCON RIMITH,16.95 USD (x1),16.95 USD (x1),https://www.ribasmith.com/index.php/25418-punta-de-rincon-rimith.html
Carnes y Embutidos,RIBEYE,15.34 USD (x1),15.34 USD (x1),https://www.ribasmith.com/index.php/ribeye-60287.html
Carnes y Embutidos,BRAZUELO DE RES,11.67 USD (x1),11.67 USD (x1),https://www.ribasmith.com/index.php/brazuelo-de-res-25438.html
Carnes y Embutidos,BOFE,4.37 USD (x1),4.37 USD (x1),https://www.ribasmith.com/index.php/bofe-25475.html
Carnes y Embutidos,MALAYA,2.55 USD (x1),2.55 USD (x1),https://www.ribasmith.com/index.php/malaya-60295.html
Carnes y Embutidos,PECHO DE TERNERA,5.28 USD (x1),5.28 USD (x1),https://www.ribasmith.com/index.php/pecho-de-ternera-25467.html
Carnes y Embutidos,COSTILLA DE PECHO ESPECIAL BAN,8.81 USD (x1),8.81 USD (x1),https://www.ribasmith.com/index.php/costilla-de-pecho-especial-ban-25442.html
Carnes y Embutidos,FALDA BLANCA 1 LB,7.46 USD (x1),7.46 USD (x1),https://www.ribasmith.com/index.php/falda-blanca-1-lb-78983.html
Carnes y Embutidos,JARRETE CP,6.50 USD (x1),6.50 USD (x1),https://www.ribasmith.com/index.php/jarrete-cp-219317.html
Carnes y Embutidos,BOLA DE RINCON RIMITH,16.82 USD (x1),16.82 USD (x1),https://www.ribasmith.com/index.php/bola-de-rincon-rimith-25394.html
Carnes y Embutidos,ESPALDILLA (BRISKET),13.10 USD (x1),13.10 USD (x1),https://www.ribasmith.com/index.php/espaldilla-brisket-25454.html
Carnes y Embutidos,RIMITH CARNE MOLIDA DE RES BAND MOLIDA PREMIUM,11.80 USD (x1),11.80 USD (x1),https://www.ribasmith.com/index.php/molida-de-res-band-25528.html
Carnes y Embutidos,COSTILLA ESPECIAL RES EMPACADO,7.86 USD (x1),7.86 USD (x1),https://www.ribasmith.com/index.php/25453-costilla-especial-res-empacado.html
Carnes y Embutidos,PAJARILLA,2.70 USD (x1),2.70 USD (x1),https://www.ribasmith.com/index.php/pajarilla-25480.html
Carnes y Embutidos,BABILLA CP,7.15 USD (x1),7.15 USD (x1),https://www.ribasmith.com/index.php/babilla-cp-219315.html
Carnes y Embutidos,COSTILLA DE PIERNA RIMITH,7.86 USD (x1),7.86 USD (x1),https://www.ribasmith.com/index.php/25398-costilla-de-pierna-rimith.html
Carnes y Embutidos,PULPA NEGRA ENTERA RIMITH,15.59 USD (x1),15.59 USD (x1),https://www.ribasmith.com/index.php/pulpa-negra-entera-rimith-25419.html
Carnes y Embutidos,BISTEC DE RINCON RIMITH,16.78 USD (x1),16.78 USD (x1),https://www.ribasmith.com/index.php/bistec-de-rincon-rimith.html
Carnes y Embutidos,ASADO DE TERNERA,11.19 USD (x1),11.19 USD (x1),https://www.ribasmith.com/index.php/25455-asado-de-ternera.html
Carnes y Embutidos,FILETE DE TERNERA,23.47 USD (x1),23.47 USD (x1),https://www.ribasmith.com/index.php/25462-filete-de-ternera.html
Carnes y Embutidos,OSOBUCO DE RES BANDEJA,8.64 USD (x1),8.64 USD (x1),https://www.ribasmith.com/index.php/osobuco-de-res-bandeja-25410.html
Carnes y Embutidos,TIRAS DE RES-BEEF STRIPS,5.23 USD (x1),5.23 USD (x1),https://www.ribasmith.com/index.php/tiras-de-res-beef-strips-252564.html
Carnes y Embutidos,GUISO DE TERNERA,10.22 USD (x1),10.22 USD (x1),https://www.ribasmith.com/index.php/guiso-de-ternera-25463.html
Carnes y Embutidos,CARNE MOLIDA DE PRIMERA,4.74 USD (x1),4.74 USD (x1),https://www.ribasmith.com/index.php/carne-molida-de-primera-cp-219321.html
Carnes y Embutidos,COSTILLA ESPECIAL EN TIRA,7.43 USD (x1),7.43 USD (x1),https://www.ribasmith.com/index.php/costilla-especial-en-tira-25434.html
Carnes y Embutidos,BISTEK AL MINUTO,15.84 USD (x1),15.84 USD (x1),https://www.ribasmith.com/index.php/bistek-al-minuto-25391.html
Carnes y Embutidos,RABO DE TERNERA,5.28 USD (x1),5.28 USD (x1),https://www.ribasmith.com/index.php/rabo-de-ternera-25469.html
Carnes y Embutidos,LOMITO DE RINCON RIMITH,17.14 USD (x1),17.14 USD (x1),https://www.ribasmith.com/index.php/lomito-de-rincon-rimith-25415.html
Carnes y Embutidos,RABO DE RES RIMITH,7.96 USD (x1),7.96 USD (x1),https://www.ribasmith.com/index.php/rabo-de-res-rimith-25409.html
Carnes y Embutidos,LOMITO DE ENTREÑA EMP,15.04 USD (x1),15.04 USD (x1),https://www.ribasmith.com/index.php/lomito-de-entre-a-emp-65243.html
Carnes y Embutidos,PUNTA DE PALOMILLA REBANADA,14.72 USD (x1),14.72 USD (x1),https://www.ribasmith.com/index.php/punta-de-palomilla-rebanada-60288.html
Carnes y Embutidos,BISTEC DE PULPA BLANCA BAND,13.51 USD (x1),13.51 USD (x1),https://www.ribasmith.com/index.php/bistec-de-pulpa-blanca-band-25433.html
Carnes y Embutidos,LENGUA DE RES,10.57 USD (x1),10.57 USD (x1),https://www.ribasmith.com/index.php/lengua-de-res-25482.html
Carnes y Embutidos,COSTILLA DE TERNERA,6.67 USD (x1),6.67 USD (x1),https://www.ribasmith.com/index.php/costilla-de-ternera-25457.html
Carnes y Embutidos,LOMO REDONDO EN RODAJAS,13.05 USD (x1),13.05 USD (x1),https://www.ribasmith.com/index.php/lomo-redondo-en-rodajas-60289.html
Carnes y Embutidos,LOMO DE PALETA RIMITH,14.13 USD (x1),14.13 USD (x1),https://www.ribasmith.com/index.php/25441-lomo-de-paleta-rimith.html
Carnes y Embutidos,ALBONDIGAS DE RES,9.50 USD (x1),9.50 USD (x1),https://www.ribasmith.com/index.php/albondigas-de-res-53771.html
Carnes y Embutidos,LOMO CHATO RIMITH,13.37 USD (x1),13.37 USD (x1),https://www.ribasmith.com/index.php/lomo-chato-rimith-25439.html
Carnes y Embutidos,CHOCOZUELA RIMITH,2.66 USD (x1),2.66 USD (x1),https://www.ribasmith.com/index.php/chocozuela-rimith-25400.html
Carnes y Embutidos,GUISADO DE RES RIMITH,14.63 USD (x1),14.63 USD (x1),https://www.ribasmith.com/index.php/guisado-de-res-rimith-25406.html
Carnes y Embutidos,PTA DE PALOMILLA DE TERNERA,12.19 USD (x1),12.19 USD (x1),https://www.ribasmith.com/index.php/pta-de-palomilla-de-ternera-25473.html
Carnes y Embutidos,TIRAS DE RIBEYE,8.61 USD (x1),8.61 USD (x1),https://www.ribasmith.com/index.php/tiras-de-ribeye-254651.html
Carnes y Embutidos,CRIADILLAS DE TORO,2.41 USD (x1),2.41 USD (x1),https://www.ribasmith.com/index.php/criadillas-de-toro-166621.html
Carnes y Embutidos,BISTEC DE CINTA CON HUESO CP,6.15 USD (x1),6.15 USD (x1),https://www.ribasmith.com/index.php/bistec-de-cinta-con-hueso-cp-219316.html
Carnes y Embutidos,LOMO CHATO,14.60 USD (x1),14.60 USD (x1),https://www.ribasmith.com/index.php/lomo-chato-25544.html
Carnes y Embutidos,STRIP LOIN,16.20 USD (x1),16.20 USD (x1),https://www.ribasmith.com/index.php/strip-loin-254650.html
Carnes y Embutidos,CINTA DESHUESADA,16.17 USD (x1),16.17 USD (x1),https://www.ribasmith.com/index.php/cinta-deshuesada-25547.html
Carnes y Embutidos,FALDA,13.06 USD (x1),13.06 USD (x1),https://www.ribasmith.com/index.php/falda-25548.html
Carnes y Embutidos,CARNE MOLIDA,12.96 USD (x1),12.96 USD (x1),https://www.ribasmith.com/index.php/carne-molida-25558.html
Carnes y Embutidos,PUNTA DE PALOMILLA CERDO REBAN,9.19 USD (x1),9.19 USD (x1),https://www.ribasmith.com/index.php/punta-de-palomilla-cerdo-reban-254644.html
Carnes y Embutidos,BISTEC PICADO,16.47 USD (x1),16.47 USD (x1),https://www.ribasmith.com/index.php/bistec-picado-25560.html
Carnes y Embutidos,PULPA NEGRA,16.99 USD (x1),16.99 USD (x1),https://www.ribasmith.com/index.php/pulpa-negra-25539.html
Carnes y Embutidos,PUNTA DE RINCON,18.49 USD (x1),18.49 USD (x1),https://www.ribasmith.com/index.php/punta-de-rincon-25537.html
Carnes y Embutidos,RINCON,18.19 USD (x1),18.19 USD (x1),https://www.ribasmith.com/index.php/rincon-25538.html
Carnes y Embutidos,PUNTA DE PALOMILLA,16.09 USD (x1),16.09 USD (x1),https://www.ribasmith.com/index.php/punta-de-palomilla-25542.html
Carnes y Embutidos,COSTILLA DE PECHO ESPECIAL,8.88 USD (x1),8.88 USD (x1),https://www.ribasmith.com/index.php/costilla-de-pecho-especial-25555.html
Carnes y Embutidos,GUISADO DE RES,15.73 USD (x1),15.73 USD (x1),https://www.ribasmith.com/index.php/guisado-de-res-25559.html
Carnes y Embutidos,LOMO DE PALETA,15.43 USD (x1),15.43 USD (x1),https://www.ribasmith.com/index.php/lomo-de-paleta-25545.html
Carnes y Embutidos,COSTILLON,15.74 USD (x1),15.74 USD (x1),https://www.ribasmith.com/index.php/costillon-25549.html
Carnes y Embutidos,LOMO REDONDO,15.32 USD (x1),15.32 USD (x1),https://www.ribasmith.com/index.php/lomo-redondo-25543.html
Carnes y Embutidos,FALDA BLANCA,8.13 USD (x1),8.13 USD (x1),https://www.ribasmith.com/index.php/falda-blanca-254647.html
Carnes y Embutidos,COSTILLA ESPECIAL EN TIRA,8.11 USD (x1),8.11 USD (x1),https://www.ribasmith.com/index.php/costilla-especial-en-tira-254649.html
Carnes y Embutidos,PALOMILLA,16.99 USD (x1),16.99 USD (x1),https://www.ribasmith.com/index.php/palomilla-25541.html
Carnes y Embutidos,RIBEYE STEAK,16.74 USD (x1),16.74 USD (x1),https://www.ribasmith.com/index.php/ribeye-steak-254645.html
Carnes y Embutidos,PULPA BLANCA DE NEVERA,14.74 USD (x1),14.74 USD (x1),https://www.ribasmith.com/index.php/pulpa-blanca-de-nevera-25563.html
Carnes y Embutidos,OSOBUCO DE RES,9.43 USD (x1),9.43 USD (x1),https://www.ribasmith.com/index.php/osobuco-de-res-25556.html
Comidas Preparadas,LOMO EN SALSA GRAVY (4PORC),11.95 USD (x1),11.95 USD (x1),https://www.ribasmith.com/index.php/289958-lomo-en-salsa-gravy-4porc.html
Comidas Preparadas,ARROZ CON GUANDU (FAMILIAR),7.70 USD (x1),7.70 USD (x1),https://www.ribasmith.com/index.php/289967-arroz-con-guandu-familiar.html
Comidas Preparadas,SOPA DE MARISCOS BOWL (1PORC),3.45 USD (x1),3.45 USD (x1),https://www.ribasmith.com/index.php/289990-sopa-de-mariscos-bowl-1porc.html
Comidas Preparadas,COMBO 2 A.GUANDU POLLO SB PLA,5.95 USD (x1),5.95 USD (x1),https://www.ribasmith.com/index.php/211793-combo-2-a-guandu-pollo-sb-pla.html
Comidas Preparadas,COMBO 5 A.BL LENT POLLO ASADO,4.75 USD (x1),4.75 USD (x1),https://www.ribasmith.com/index.php/211796-combo-5-a-bl-lent-pollo-asado.html
Comidas Preparadas,ARROZ CON POLLO (FAMILIAR),10.00 USD (x1),10.00 USD (x1),https://www.ribasmith.com/index.php/289968-arroz-con-pollo-familiar.html
Comidas Preparadas,TEQUEÑO GMT QUESO UNCOOKED 8UN,6.67 USD (x1),6.67 USD (x1),https://www.ribasmith.com/index.php/280092-teque-o-gmt-queso-uncooked-8un.html
Comidas Preparadas,LA COCINA DE SENEN TORTILLA DE PATATA SIN CEBOLLA 700gr,13.18 USD (x1),13.18 USD (x1),https://www.ribasmith.com/index.php/259176-la-cocina-de-senen-tortilla-de-patata-sin-cebolla-700gr.html
Comidas Preparadas,LA COCINA DE SENEN TORTILLA D PATATA CN Q CABRA 360 GR,7.54 USD (x1),7.54 USD (x1),https://www.ribasmith.com/index.php/259198-la-cocina-de-senen-tortilla-d-patata-cn-q-cabra-360-gr.html
Comidas Preparadas,LA COCINA DE SENEN TORTILLA DE PATATA CON CEBOLLA 360 GR,14.66 USD (x1),14.66 USD (x1),https://www.ribasmith.com/index.php/259195-la-cocina-de-senen-tortilla-de-patata-con-cebolla-360-gr.html
Comidas Preparadas,LA COCINA DE SENEN TORTILLA DE PATATA CON CEBOLLA 700gr,13.18 USD (x1),13.18 USD (x1),https://www.ribasmith.com/index.php/259188-la-cocina-de-senen-tortilla-de-patata-con-cebolla-700gr.html
Comidas Preparadas,LA COCINA DE SENEN TORTILLA D PATATA CON MORCILLA 360 GR,7.54 USD (x1),7.54 USD (x1),https://www.ribasmith.com/index.php/259197-la-cocina-de-senen-tortilla-d-patata-con-morcilla-360-gr.html
Comidas Preparadas,LA COCINA DE SENEN TORTILLA DE PATATA SIN CEBOLLA 360 GR,14.66 USD (x1),14.66 USD (x1),https://www.ribasmith.com/index.php/259196-la-cocina-de-senen-tortilla-de-patata-sin-cebolla-360-gr.html
Comidas Preparadas,COMBO 6 A.BL POLLO DES SR PLA,4.95 USD (x1),4.95 USD (x1),https://www.ribasmith.com/index.php/211797-combo-6-a-bl-pollo-des-sr-pla.html
Comidas Preparadas,PLATANO EN TENTACIÓN (FAMILIAR,4.25 USD (x1),4.25 USD (x1),https://www.ribasmith.com/index.php/289973-platano-en-tentacion-familiar.html
Comidas Preparadas,ARROZ CON POLLO D,5.01 USD (x1),5.01 USD (x1),https://www.ribasmith.com/index.php/9135-arroz-con-pollo-d.html
Comidas Preparadas,SOPA DE LENTEJAS CARNE ARROZ,4.20 USD (x1),4.20 USD (x1),https://www.ribasmith.com/index.php/289989-sopa-de-lentejas-carne-arroz.html
Comidas Preparadas,SOPA DE POLLO CON ARROZ,3.95 USD (x1),3.95 USD (x1),https://www.ribasmith.com/index.php/289988-sopa-de-pollo-con-arroz.html
Comidas Preparadas,COMBO 1 A.GUANDU BISTEC PLAT,5.95 USD (x1),5.95 USD (x1),https://www.ribasmith.com/index.php/211792-combo  1 a.guandu bistec plat.html
Comidas Preparadas,ARROZ C GUANDU POLLO DESH SR T,5.00 USD (x1),5.00 USD (x1),https://www.ribasmith.com/index.php/211794-combo-3-a-guandu-pollo-sr-taj.html
Comidas Preparadas,COMBO 9 A.C POLLO PLATANO TEN,4.95 USD (x1),4.95 USD (x1),https://www.ribasmith.com/index.php/211800-combo-9-a-c-pollo-platano-ten.html
Comidas Preparadas,TEQUEÑO QUESO PRE-COOKED 8UN,7.82 USD (x1),7.82 USD (x1),https://www.ribasmith.com/index.php/280093-teque-o-queso-pre-cooked-8un.html
Comidas Preparadas,ARROZ CON POLLO DELIRYS,1.91 USD (x1),1.91 USD (x1),https://www.ribasmith.com/index.php/9149-arroz-con-pollo-delirys.html
Comidas Preparadas,CANELONES GRATINADOS POLLO,8.51 USD (x1),8.51 USD (x1),https://www.ribasmith.com/index.php/59479-canelones-gratinados-pollo.html
Comidas Preparadas,CANELONES CON CARNE,10.51 USD (x1),10.51 USD (x1),https://www.ribasmith.com/index.php/59476-canelones-con-carne.html
Comidas Preparadas,LASAGÑA DE CARNE MINI,5.76 USD (x1),5.76 USD (x1),https://www.ribasmith.com/index.php/128623-lasag-a-de-carne-mini.html
Comidas Preparadas,LASAGNA DE CARNE CHICA,11.96 USD (x1),11.96 USD (x1),https://www.ribasmith.com/index.php/9147-lasagna-de-carne-chica.html
Comidas Preparadas,LASAGNA DE CARNE HORNEADO,12.96 USD (x1),12.96 USD (x1),https://www.ribasmith.com/index.php/9150-lasagna-de-carne-horneado.html
Comidas Preparadas,LASAGNA MARINARA MINI,2.98 USD (x1),2.98 USD (x1),https://www.ribasmith.com/index.php/288680-lasagna-marinara-mini.html
Comidas Preparadas,LASAGNA DE CARNE GRANDE,18.96 USD (x1),18.96 USD (x1),https://www.ribasmith.com/index.php/9148-lasagna-de-carne-grande.html
Comidas Preparadas,LASAGNA DE POLLO HORNEADA,12.96 USD (x1),12.96 USD (x1),https://www.ribasmith.com/index.php/9151-lasagna-de-pollo-horneada.html
Comidas Preparadas,LASAGNA DE POLLO CHICO,11.96 USD (x1),11.96 USD (x1),https://www.ribasmith.com/index.php/9146-lasagna-de-pollo-chico.html
Comidas Preparadas,LASAGÑA DE POLLO GRANDE,20.96 USD (x1),20.96 USD (x1),https://www.ribasmith.com/index.php/109624-lasag-a-de-pollo-grande.html
Comidas Preparadas,LASAGNA POLLO GRATINADA,13.76 USD (x1),13.76 USD (x1),https://www.ribasmith.com/index.php/59483-lasagna-pollo-salsa-blanca.html
Comidas Preparadas,LASAGÑA DE POLLO MINI,5.76 USD (x1),5.76 USD (x1),https://www.ribasmith.com/index.php/128624-lasag-a-de-pollo-mini.html
Comidas Preparadas,LASAGNA DE VEGETALES HORNEAD,9.27 USD (x1),9.27 USD (x1),https://www.ribasmith.com/index.php/9230-lasagna-de-vegetales-hornead.html
Comidas Preparadas,PASTEL DE CARNE MINI,3.25 USD (x1),3.25 USD (x1),https://www.ribasmith.com/index.php/262037-pastel-de-carne-mini.html
Comidas Preparadas,PASTEL DE CARNE HORNEADO,9.71 USD (x1),9.71 USD (x1),https://www.ribasmith.com/index.php/112444-pastel-de-carne-horneado.html
Comidas Preparadas,PASTEL DE CARNE GRANDE,17.96 USD (x1),17.96 USD (x1),https://www.ribasmith.com/index.php/112445-pastel-de-carne-grande.html
Comidas Preparadas,PASTEL DE POLLO HORNEADO,9.51 USD (x1),9.51 USD (x1),https://www.ribasmith.com/index.php/9188-pastel-de-pollo-horneado.html
Comidas Preparadas,PASTEL DE POLLO GRANDE,16.96 USD (x1),16.96 USD (x1),https://www.ribasmith.com/index.php/9224-pastel-de-pollo-grande.html
Comidas Preparadas,PASTEL DE POLLO MINI,2.86 USD (x1),2.86 USD (x1),https://www.ribasmith.com/index.php/114093-pastel-de-pollo-mini.html
Comidas Preparadas,PASTEL POLLO CHICO,8.26 USD (x1),8.26 USD (x1),https://www.ribasmith.com/index.php/9225-pastel-pollo-chico.html
Comidas Preparadas,PITA JAMON,5.15 USD (x1),5.15 USD (x1),https://www.ribasmith.com/index.php/pita-jamon-174014.html
Comidas Preparadas,PITA PEPERONI,5.15 USD (x1),5.15 USD (x1),https://www.ribasmith.com/index.php/pita-peperoni-174015.html
Comidas Preparadas,EMP HARINA Q BLANCO MED 6UN,4.10 USD (x1),4.10 USD (x1),https://www.ribasmith.com/index.php/emp-harina-q-blanco-med-6un-285928.html
Comidas Preparadas,TORTILLAS WRAPS ESPINACA 12,3.88 USD (x1),3.88 USD (x1),https://www.ribasmith.com/index.php/tortillas-wraps-espinaca-12-247944.html
Comidas Preparadas,PATACONES PREFRITOS,3.55 USD (x1),3.55 USD (x1),https://www.ribasmith.com/index.php/281796-patacones-prefritos.html
Comidas Preparadas,CARIMANOLAS MINI CARNE FIESTA,5.76 USD (x1),5.76 USD (x1),https://www.ribasmith.com/index.php/186117-carimanolas-mini-carne-fiesta.html
Comidas Preparadas,TACOS COMBINACION,3.30 USD (x1),3.30 USD (x1),https://www.ribasmith.com/index.php/tacos-combinacion-174009.html
Comidas Preparadas,TACOS POLLO,3.30 USD (x1),3.30 USD (x1),https://www.ribasmith.com/index.php/tacos-pollo-174008.html
Comidas Preparadas,TACOS ENCHIL POLLO,3.30 USD (x1),3.30 USD (x1),https://www.ribasmith.com/index.php/tacos-enchil-pollo-174010.html
Comidas Preparadas,TACOS ENCHIL COMBINACION,3.15 USD (x1),3.15 USD (x1),https://www.ribasmith.com/index.php/tacos-enchil-combinacion-174012.html
Comidas Preparadas,TACOS PEPERONI,3.30 USD (x1),3.30 USD (x1),https://www.ribasmith.com/index.php/tacos-peperoni-174005.html
Comidas Preparadas,TACOS SALAMI,3.30 USD (x1),3.30 USD (x1),https://www.ribasmith.com/index.php/tacos-salami-174007.html
Comidas Preparadas,TACOS ENCHIL PEPERONI,3.15 USD (x1),3.15 USD (x1),https://www.ribasmith.com/index.php/tacos-enchil-peperoni-174011.html
Comidas Preparadas,TACOS JAMON,3.30 USD (x1),3.30 USD (x1),https://www.ribasmith.com/index.php/tacos-jamon-174006.html
Comidas Preparadas,POLLO DESHUESADO SALSA ROJA,6.43 USD (x1),6.43 USD (x1),https://www.ribasmith.com/index.php/pollo-deshuesado-salsa-roja-283669.html
Comidas Preparadas,POLLO DESHUESADO SALSA BLANCA,7.19 USD (x1),7.19 USD (x1),https://www.ribasmith.com/index.php/pollo-deshuesado-salsa-blanca283668.html
Comidas Preparadas,BISTEC PICADO EMPACADO,7.95 USD (x1),7.95 USD (x1),https://www.ribasmith.com/index.php/269721-bistec-picado-empacado.html
Comidas Preparadas,ROPA VIEJA EN SALSA EMPACADO,8.95 USD (x1),8.95 USD (x1),https://www.ribasmith.com/index.php/270163-ropa-vieja-en-salsa-empacado.html
Comidas Preparadas,SALCHICHAS AHUMADAS GUISADAS E,4.65 USD (x1),4.65 USD (x1),https://www.ribasmith.com/index.php/269310-salchichas-ahumadas-guisadas-e.html
Comidas Preparadas,ENSALADA PAPA ROJA POLLO,3.50 USD (x1),3.50 USD (x1),https://www.ribasmith.com/index.php/ensalada-papa-roja-pollo-191937.html
Comidas Preparadas,ENSALADA PAPA BLANCA POLLO,3.50 USD (x1),3.50 USD (x1),https://www.ribasmith.com/index.php/ensalada-papa-blanca-pollo-191935.html
Comidas Preparadas,ENSALADA PAPA CON VEGETALES,3.10 USD (x1),3.10 USD (x1),https://www.ribasmith.com/index.php/ensalada-papa-con-vegetales-191940.html
Comidas Preparadas,ENSALADA AMERICANA,3.35 USD (x1),3.35 USD (x1),https://www.ribasmith.com/index.php/270228-ensalada-americana.html
Comidas Preparadas,ENSALADA TRADICIONAL,3.35 USD (x1),3.35 USD (x1),https://www.ribasmith.com/index.php/270227-ensalada-tradicional.html
Comidas Preparadas,ENSALADA ROMANA CLASICA,3.35 USD (x1),3.35 USD (x1),https://www.ribasmith.com/index.php/63043-ensalada-romana-clasica.html
Comidas Preparadas,ENSALADA MIXTA AMERICANA,3.35 USD (x1),3.35 USD (x1),https://www.ribasmith.com/index.php/270226-ensalada-mixta-americana.html
Comidas Preparadas,ENSALADA MEDITERRANEA,3.35 USD (x1),3.35 USD (x1),https://www.ribasmith.com/index.php/277415-ensalada-mediterranea.html
Comidas Preparadas,ENS VERDE FAJITAS POLLO SUPER,4.25 USD (x1),4.25 USD (x1),https://www.ribasmith.com/index.php/ens-verde-fajitas-pollo-super-204049.html
Comidas Preparadas,ENS FESTIVE SUPER,4.25 USD (x1),4.25 USD (x1),https://www.ribasmith.com/index.php/ens-festive-super-204052.html
Comidas Preparadas,ENSALADA VERDE,2.45 USD (x1),2.45 USD (x1),https://www.ribasmith.com/index.php/ensalada-verde-191960.html
Comidas Preparadas,ENSALADA KRISTOFF,3.60 USD (x1),3.60 USD (x1),https://www.ribasmith.com/index.php/ensalada-kristoff-191963.html
Comidas Preparadas,ENSALADA MIXTA,2.45 USD (x1),2.45 USD (x1),https://www.ribasmith.com/index.php/ensalada-mixta-191959.html
Comidas Preparadas,SPAGUETTI CON ALBONDIGAS SS,5.95 USD (x1),5.95 USD (x1),https://www.ribasmith.com/index.php/spaguetti-con-albondigas-ss-218084.html
Comidas Preparadas,ARROZ CON POLLO SS,3.45 USD (x1),3.45 USD (x1),https://www.ribasmith.com/index.php/arroz-con-pollo-ss-218082.html
Comidas Preparadas,RAVIOLI RICOTTA SS,6.50 USD (x1),6.50 USD (x1),https://www.ribasmith.com/index.php/ravioli-ricotta-ss-218085.html
Comidas Preparadas,SPAGUETTI CON POLLO SS,4.95 USD (x1),4.95 USD (x1),https://www.ribasmith.com/index.php/spaguetti-con-pollo-ss-218083.html
Comidas Preparadas,BISTEC PICADO CON ARROZ SS,3.75 USD (x1),3.75 USD (x1),https://www.ribasmith.com/index.php/bistec-picado-con-arroz-ss-218486.html
Comidas Preparadas,PASTA SALSA FUNGI,5.30 USD (x1),5.30 USD (x1),https://www.ribasmith.com/index.php/pasta-salsa-fungi-231704.html
Comidas Preparadas,ARROZ CON GUANDU SS,3.00 USD (x1),3.00 USD (x1),https://www.ribasmith.com/index.php/arroz-con-guandu-ss-221167.html
Comidas Preparadas,STIR FRY POLLO CON ARROZ SS,4.95 USD (x1),4.95 USD (x1),https://www.ribasmith.com/index.php/stir-fry-pollo-con-arroz-ss-218487.html
Comidas Preparadas,PASTA SALSA BOLOGNESA,5.95 USD (x1),5.95 USD (x1),https://www.ribasmith.com/index.php/pasta-salsa-bolognesa-231699.html
Comidas Preparadas,MONDONGO EN SALSA SS,8.00 USD (x1),8.00 USD (x1),https://www.ribasmith.com/index.php/mondongo-en-salsa-ss-221168.html
Comidas Preparadas,CREMA DE ZAPALLO,1.80 USD (x1),1.80 USD (x1),https://www.ribasmith.com/index.php/182744-crema-de-zapallo.html
Comidas Preparadas,CREMA DE HONGOS COURMET,3.40 USD (x1),3.40 USD (x1),https://www.ribasmith.com/index.php/crema-de-hongos-courmet-230874.html
Comidas Preparadas,CREMA DE BROCOLI GOURMET,2.75 USD (x1),2.75 USD (x1),https://www.ribasmith.com/index.php/crema-de-brocoli-gourmet-230872.html
Comidas Preparadas,CREMA DE ZANAHORIA GOURMET,1.80 USD (x1),1.80 USD (x1),https://www.ribasmith.com/index.php/crema-de-zanahoria-gourmet-230873.html
Comidas Preparadas,PIZZA HAM BACON CHEESE,4.15 USD (x1),4.15 USD (x1),https://www.ribasmith.com/index.php/284612-pizza-ham-bacon-cheese.html
Comidas Preparadas,CRISPERS 20 OZ POTATOES CRYSP,8.50 USD (x1),8.50 USD (x1),https://www.ribasmith.com/index.php/3398-crispers-20-oz-potatoes-crysp.html
Comidas Preparadas,OREIDA SWT POT CRNKLE CUT FRY,8.55 USD (x1),8.55 USD (x1),https://www.ribasmith.com/index.php/oreida-swt-pot-crnkle-cut-fry-289676.html
Comidas Preparadas,CHOCOLATE TEQUEÑO PARTY PRE,28.50 USD (x1),28.50 USD (x1),https://www.ribasmith.com/index.php/chocolate-teque-o-party-pre-287972.html
Comidas Preparadas,PAPAS CORTE FRANCES MCCAIN,3.83 USD (x1),3.83 USD (x1),https://www.ribasmith.com/index.php/358969-papas-corte-frances-mccain.html
Comidas Preparadas,ORE IDA MINI TATER TOTS,9.35 USD (x1),9.35 USD (x1),https://www.ribasmith.com/index.php/47383-ore-ida-mini-tater-tots.html
Comidas Preparadas,ORE IDA FAST FRIES 26 OZ,6.40 USD (x1),6.40 USD (x1),https://www.ribasmith.com/index.php/3391-ore-ida-fast-fries-26-oz.html
Comidas Preparadas,FRENCH FRIES 2 LB,7.96 USD (x1),7.96 USD (x1),https://www.ribasmith.com/index.php/1105-french-fries-2-lb.html
Comidas Preparadas,CRAV'N FRIED POTATOES STRAIGHT,6.50 USD (x1),6.50 USD (x1),https://www.ribasmith.com/index.php/357229-crav-n-fried-potatoes-straight.html
Comidas Preparadas,PAPAS CORTE ONDULADO MCCAIN,3.83 USD (x1),3.83 USD (x1),https://www.ribasmith.com/index.php/358772-papas-corte-ondulado-mccain.html
Comidas Preparadas,CRAV'N FRIED POTATOES SHOESTRI,6.55 USD (x1),6.55 USD (x1),https://www.ribasmith.com/index.php/357225-crav-n-fried-potatoes-shoestri.html
Comidas Preparadas,CRAVN CURLY FRIED POTATOES,7.60 USD (x1),7.60 USD (x1),https://www.ribasmith.com/index.php/359021-cravn-curly-fried-potatoes.html
Comidas Preparadas,CRAV'N FRIED POTATOES STEAK CU,4.95 USD (x1),4.95 USD (x1),https://www.ribasmith.com/index.php/357226-crav-n-fried-potatoes-steak-cu.html
Comidas Preparadas,CRAV'N FRIED POTATOES WAFFLE C,6.85 USD (x1),6.85 USD (x1),https://www.ribasmith.com/index.php/357233-crav-n-fried-potatoes-waffle-c.html
Comidas Preparadas,CRAV'N SHREDDED POTATOES,13.75 USD (x1),13.75 USD (x1),https://www.ribasmith.com/index.php/357223-crav-n-shredded-potatoes.html
Comidas Preparadas,CRAV'N POTATOES TATER TREATS,6.95 USD (x1),6.95 USD (x1),https://www.ribasmith.com/index.php/357224-crav-n-potatoes-tater-treats.html
Comidas Preparadas,CRAV'N FRIED PTATOES FAST FOOD,6.35 USD (x1),6.35 USD (x1),https://www.ribasmith.com/index.php/357227-crav-n-fried-ptatoes-fast-food.html
Comidas Preparadas,CRAV'N POTATOES WAFFLE CUT,6.05 USD (x1),6.05 USD (x1),https://www.ribasmith.com/index.php/357216-crav-n-potatoes-waffle-cut.html
Comidas Preparadas,CRAV'N SWEET POTATOES STRAIGHT,6.65 USD (x1),6.65 USD (x1),https://www.ribasmith.com/index.php/357231-crav-n-sweet-potatoes-straight.html
Comidas Preparadas,CRAV'N FRENCH FRIED POTATOES,6.50 USD (x1),6.50 USD (x1),https://www.ribasmith.com/index.php/357230-crav-n-french-fried-potatoes.html
Comidas Preparadas,CRAV'N FRIED POTATOES CRINKL C,13.55 USD (x1),13.55 USD (x1),https://www.ribasmith.com/index.php/357232-crav-n-fried-potatoes-crinkl-c.html
Comidas Preparadas,CRAV'N FRIED POTATOES SEASOND,5.65 USD (x1),5.65 USD (x1),https://www.ribasmith.com/index.php/357228-crav-n-fried-potatoes-seasond.html
Comidas Preparadas,CRAV'N POTATOES TATER ROUNDS,8.69 USD (x1),8.69 USD (x1),https://www.ribasmith.com/index.php/357217-crav-n-potatoes-tater-rounds.html
Comidas Preparadas,GOLDEN TWIRLS,7.85 USD (x1),7.85 USD (x1),https://www.ribasmith.com/index.php/3393-golden-twirls.html
Comidas Preparadas,FRENCH FRIES POTAT CNRT STL,8.65 USD (x1),8.65 USD (x1),https://www.ribasmith.com/index.php/125168-french-fries-potat-cnrt-stl.html
Comidas Preparadas,ESEVERY CRINKLE FRIES POTATOE,5.65 USD (x1),5.65 USD (x1),https://www.ribasmith.com/index.php/242893-esevery-crinkle-fries-potatoe.html
Comidas Preparadas,ESSEEVERY CLASSIC FRIES FRENCH,3.16 USD (x1),3.16 USD (x1),https://www.ribasmith.com/index.php/242894-esseevery-classic-fries-french.html
Comidas Preparadas,ESSEEVRY POTATO ROUND SEASONED,5.65 USD (x1),5.65 USD (x1),https://www.ribasmith.com/index.php/354048-esseevry-potato-round-seasoned.html
Comidas Preparadas,ESSEVERY SEASONED FRENCH FRIED,5.65 USD (x1),5.65 USD (x1),https://www.ribasmith.com/index.php/354049-essevery-seasoned-french-fried.html
Comidas Preparadas,EESSEVRYDY WAFFLE FRIES,5.50 USD (x1),5.50 USD (x1),https://www.ribasmith.com/index.php/346047-eessevrydy-waffle-fries.html
Comidas Preparadas,PATATAS PREFRITAS 3/8 10MM,3.09 USD (x1),3.09 USD (x1),https://www.ribasmith.com/index.php/245857-patatas-prefritas-3-8-10mm.html
Comidas Preparadas,PAPA CRIOLLA,3.42 USD (x1),3.42 USD (x1),https://www.ribasmith.com/index.php/291075-papa-criolla.html
Comidas Preparadas,VEGETABLES FOR ROASTING,6.80 USD (x1),6.80 USD (x1),https://www.ribasmith.com/index.php/333405-vegetables-for-roasting.html
Comidas Preparadas,PASTA WANTON PARA FREIR,3.87 USD (x1),3.87 USD (x1),https://www.ribasmith.com/index.php/359139-pasta-wanton-para-freir.html
Comidas Preparadas,DUMPLING DE PUERCO Y MAIZ,4.42 USD (x1),4.42 USD (x1),https://www.ribasmith.com/index.php/359137-dumpling-de-puerco-y-maiz.html
Comidas Preparadas,AIR FRYER RED POTATOES ONION,6.37 USD (x1),6.37 USD (x1),https://www.ribasmith.com/index.php/314039-air-fryer-red-potatoes-onion.html
Comidas Preparadas,DUMPLING PUERCO CON HONGOS,4.65 USD (x1),4.65 USD (x1),https://www.ribasmith.com/index.php/359138-dumpling-puerco-con-hongos.html
Comidas Preparadas,CRAVN VEGETABLE EGG ROLL,6.12 USD (x1),6.12 USD (x1),https://www.ribasmith.com/index.php/358977-cravn-vegetable-egg-roll.html
Comidas Preparadas,MCC SEASONED SPIRALS,6.01 USD (x1),6.01 USD (x1),https://www.ribasmith.com/index.php/282333-mcc-seasoned-spirals.html
Comidas Preparadas,CRAVN PORK EGG ROLL,6.12 USD (x1),6.12 USD (x1),https://www.ribasmith.com/index.php/358987-cravn-pork-egg-roll.html
Comidas Preparadas,CRAVN CHICKN EGG ROLL,6.12 USD (x1),6.12 USD (x1),https://www.ribasmith.com/index.php/358979-cravn-chickn-egg-roll.html
Comidas Preparadas,ESSEVERY EGG ROLL PORK,5.50 USD (x1),5.50 USD (x1),https://www.ribasmith.com/index.php/354054-essevery-egg-roll-pork.html
Comidas Preparadas,PAPAS CONGELADAS MCCAIN,4.68 USD (x1),4.68 USD (x1),https://www.ribasmith.com/index.php/347464-papas-congeladas-mccain.html
Comidas Preparadas,ALEXIA CRISPY ROSEMARY FRIES,8.31 USD (x1),8.31 USD (x1),https://www.ribasmith.com/index.php/233925-alexia-crispy-rosemary-fries.html
Comidas Preparadas,ESSEVERY EGG ROLLS CHICKEN,5.50 USD (x1),5.50 USD (x1),https://www.ribasmith.com/index.php/354053-essevery-egg-rolls-chicken.html
Comidas Preparadas,BIBIGO CHICKEN FRIED RICE,11.50 USD (x1),11.50 USD (x1),https://www.ribasmith.com/index.php/352978-bibigo-chicken-fried-rice.html
Comidas Preparadas,ALEXIA WAFFLE FRIES,8.81 USD (x1),8.81 USD (x1),https://www.ribasmith.com/index.php/153033-alexia-waffle-fries.html
Comidas Preparadas,POTATO PUFFS CRISPY SEASONED,8.63 USD (x1),8.63 USD (x1),https://www.ribasmith.com/index.php/222232-potato-puffs-crispy-seasoned.html
Comidas Preparadas,WANTON CON PUERCO PARA SOPA,8.24 USD (x1),8.24 USD (x1),https://www.ribasmith.com/index.php/349453-wanton-con-puerco-para-sopa.html
Comidas Preparadas,OVEN CRINKLES CLASSIC ORGANIC,6.95 USD (x1),6.95 USD (x1),https://www.ribasmith.com/index.php/121804-oven-crinkles-classic-organic.html
Comidas Preparadas,WOW BAO CHINESE STYLE BBQ PORK,10.56 USD (x1),10.56 USD (x1),https://www.ribasmith.com/index.php/349878-wow-bao-chinese-style-bbq-pork.html
Comidas Preparadas,YUKON GOLD JULI FRIES SEA SALT,6.95 USD (x1),6.95 USD (x1),https://www.ribasmith.com/index.php/113912-yukon-gold-juli-fries-sea-salt.html
Comidas Preparadas,DUMPLING BIBIGO,12.78 USD (x1),12.78 USD (x1),https://www.ribasmith.com/index.php/341488-dumpling-bibigo.html
Comidas Preparadas,MINI WONTON BIBIGO,11.00 USD (x1),11.00 USD (x1),https://www.ribasmith.com/index.php/341489-mini-wonton-bibigo.html
Comidas Preparadas,ALEXIA HOUSE CUT JULIENNE FRIE,8.96 USD (x1),8.96 USD (x1),https://www.ribasmith.com/index.php/261174-alexia-house-cut-julienne-frie.html
Comidas Preparadas,DUMPLING DE CERDO BIBIGO,12.43 USD (x1),12.43 USD (x1),https://www.ribasmith.com/index.php/341491-dumpling-de-cerdo-bibigo.html
Comidas Preparadas,FRIDAYS POTATO SKIN CHEDDAR,10.59 USD (x1),10.59 USD (x1),https://www.ribasmith.com/index.php/321532-fridays-potato-skin-cheddar.html
Comidas Preparadas,MC SHOEST CUT F FRIES LATIN,5.31 USD (x1),5.31 USD (x1),https://www.ribasmith.com/index.php/82025-mc-shoest-cut-f-fries-latin.html
Comidas Preparadas,MC CRINCLE CUT FR LATIN 12 1KG,5.31 USD (x1),5.31 USD (x1),https://www.ribasmith.com/index.php/10188-mc-crincle-cut-fr-latin-12-1kg.html
Comidas Preparadas,TEQUEÑOS CON CHOCOLATE 12UN,7.75 USD (x1),7.75 USD (x1),https://www.ribasmith.com/index.php/359774-teque-os-con-chocolate-12un.html
Comidas Preparadas,MC STRAIGHT CUT FRIES LATIN,5.17 USD (x1),5.17 USD (x1),https://www.ribasmith.com/index.php/10187-mc-straight-cut-fries-latin.html
Congelado,ARROZ CON POLLO D,5.01 USD (x1),5.01 USD (x1),https://www.ribasmith.com/index.php/9135-arroz-con-pollo-d.html
Congelado,ARROZ CON POLLO DELIRYS,1.91 USD (x1),1.91 USD (x1),https://www.ribasmith.com/index.php/9149-arroz-con-pollo-delirys.html
Congelado,CANELONES GRATINADOS POLLO,8.51 USD (x1),8.51 USD (x1),https://www.ribasmith.com/index.php/59479-canelones-gratinados-pollo.html
Congelado,CANELONES CON CARNE,10.51 USD (x1),10.51 USD (x1),https://www.ribasmith.com/index.php/59476-canelones-con-carne.html
Congelado,LASAGÑA DE CARNE MINI,5.76 USD (x1),5.76 USD (x1),https://www.ribasmith.com/index.php/128623-lasag-a-de-carne-mini.html
Congelado,LASAGNA DE CARNE CHICA,11.96 USD (x1),11.96 USD (x1),https://www.ribasmith.com/index.php/9147-lasagna-de-carne-chica.html
Congelado,LASAGNA DE CARNE HORNEADO,12.96 USD (x1),12.96 USD (x1),https://www.ribasmith.com/index.php/9150-lasagna-de-carne-horneado.html
Congelado,LASAGNA MARINARA MINI,2.98 USD (x1),2.98 USD (x1),https://www.ribasmith.com/index.php/288680-lasagna-marinara-mini.html
Congelado,LASAGNA DE CARNE GRANDE,18.96 USD (x1),18.96 USD (x1),https://www.ribasmith.com/index.php/9148-lasagna-de-carne-grande.html
Congelado,LASAGNA DE POLLO HORNEADA,12.96 USD (x1),12.96 USD (x1),https://www.ribasmith.com/index.php/9151-lasagna-de-pollo-horneada.html
Congelado,LASAGNA DE POLLO CHICO,11.96 USD (x1),11.96 USD (x1),https://www.ribasmith.com/index.php/9146-lasagna-de-pollo-chico.html
Congelado,LASAGÑA DE POLLO GRANDE,20.96 USD (x1),20.96 USD (x1),https://www.ribasmith.com/index.php/109624-lasag-a-de-pollo-grande.html
Congelado,LASAGNA POLLO GRATINADA,13.76 USD (x1),13.76 USD (x1),https://www.ribasmith.com/index.php/59483-lasagna-pollo-salsa-blanca.html
Congelado,LASAGÑA DE POLLO MINI,5.76 USD (x1),5.76 USD (x1),https://www.ribasmith.com/index.php/128624-lasag-a-de-pollo-mini.html
Congelado,LASAGNA DE VEGETALES HORNEAD,9.27 USD (x1),9.27 USD (x1),https://www.ribasmith.com/index.php/9230-lasagna-de-vegetales-hornead.html
Congelado,PASTEL DE CARNE MINI,3.25 USD (x1),3.25 USD (x1),https://www.ribasmith.com/index.php/262037-pastel-de-carne-mini.html
Congelado,PASTEL DE CARNE HORNEADO,9.71 USD (x1),9.71 USD (x1),https://www.ribasmith.com/index.php/112444-pastel-de-carne-horneado.html
Congelado,PASTEL DE CARNE GRANDE,17.96 USD (x1),17.96 USD (x1),https://www.ribasmith.com/index.php/112445-pastel-de-carne-grande.html
Congelado,PASTEL DE POLLO HORNEADO,9.51 USD (x1),9.51 USD (x1),https://www.ribasmith.com/index.php/9188-pastel-de-pollo-horneado.html
Congelado,PASTEL DE POLLO GRANDE,16.96 USD (x1),16.96 USD (x1),https://www.ribasmith.com/index.php/9224-pastel-de-pollo-grande.html
Congelado,PASTEL DE POLLO MINI,2.86 USD (x1),2.86 USD (x1),https://www.ribasmith.com/index.php/114093-pastel-de-pollo-mini.html
Congelado,PASTEL POLLO CHICO,8.26 USD (x1),8.26 USD (x1),https://www.ribasmith.com/index.php/9225-pastel-pollo-chico.html
Congelado,PITA JAMON,5.15 USD (x1),5.15 USD (x1),https://www.ribasmith.com/index.php/pita-jamon-174014.html
Congelado,PITA PEPERONI,5.15 USD (x1),5.15 USD (x1),https://www.ribasmith.com/index.php/pita-peperoni-174015.html
Congelado,TACOS COMBINACION,3.30 USD (x1),3.30 USD (x1),https://www.ribasmith.com/index.php/tacos-combinacion-174009.html
Congelado,TACOS POLLO,3.30 USD (x1),3.30 USD (x1),https://www.ribasmith.com/index.php/tacos-pollo-174008.html
Congelado,TACOS ENCHIL POLLO,3.30 USD (x1),3.30 USD (x1),https://www.ribasmith.com/index.php/tacos-enchil-pollo-174010.html
Congelado,TACOS ENCHIL COMBINACION,3.15 USD (x1),3.15 USD (x1),https://www.ribasmith.com/index.php/tacos-enchil-combinacion-174012.html
Congelado,TACOS PEPERONI,3.30 USD (x1),3.30 USD (x1),https://www.ribasmith.com/index.php/tacos-peperoni-174005.html
Congelado,TACOS SALAMI,3.30 USD (x1),3.30 USD (x1),https://www.ribasmith.com/index.php/tacos-salami-174007.html
Congelado,TACOS ENCHIL PEPERONI,3.15 USD (x1),3.15 USD (x1),https://www.ribasmith.com/index.php/tacos-enchil-peperoni-174011.html
Congelado,TACOS JAMON,3.30 USD (x1),3.30 USD (x1),https://www.ribasmith.com/index.php/tacos-jamon-174006.html
Congelado,HELADO GUANABANA NF & NS,5.50 USD (x1),5.50 USD (x1),https://www.ribasmith.com/index.php/helado-guanabana-nf-ns.html
Congelado,HELADO DE VAINILLA NF & NS,4.95 USD (x1),4.95 USD (x1),https://www.ribasmith.com/index.php/helado-de-vainilla-nf-ns.html
Congelado,SUNDAE DE DULCE DE LECHE,3.85 USD (x1),3.85 USD (x1),https://www.ribasmith.com/index.php/sundae-de-dulce-de-leche-265063.html
Congelado,HELADO DE AMARETTO 1/8GL,4.95 USD (x1),4.95 USD (x1),https://www.ribasmith.com/index.php/helado-de-amaretto-1-8gl.html
Congelado,HELADO DE FRESA,7.90 USD (x1),7.90 USD (x1),https://www.ribasmith.com/index.php/helado-de-fresa-170384.html
Congelado,HELADO CHOCOLATE AVELLANA,5.50 USD (x1),5.50 USD (x1),https://www.ribasmith.com/index.php/helado-chocolate-avellana.html
Congelado,HELADO DE FRESA,6.20 USD (x1),6.20 USD (x1),https://www.ribasmith.com/index.php/helado-de-fresa-54128.html
Congelado,HELADO PISTACHO 100ML,1.35 USD (x1),1.35 USD (x1),https://www.ribasmith.com/index.php/helado-pistacho-100ml-212170.html
Congelado,RON CON PASAS,6.95 USD (x1),6.95 USD (x1),https://www.ribasmith.com/index.php/235773-ron-con-pasas.html
Congelado,HELADO DE FRESA,4.95 USD (x1),4.95 USD (x1),https://www.ribasmith.com/index.php/helado-de-fresa.html
Congelado,HELADO DE GRAPE NUT,5.45 USD (x1),5.45 USD (x1),https://www.ribasmith.com/index.php/helado-de-grape-nut-78480.html
Congelado,SORBETO DE LIMON 3.5 OZ,1.35 USD (x1),1.35 USD (x1),https://www.ribasmith.com/index.php/sorbeto-de-limon-35-oz-212171.html
Congelado,HELADO GUANABANA 100ML,1.35 USD (x1),1.35 USD (x1),https://www.ribasmith.com/index.php/helado-guanabana-100ml-212173.html
Congelado,HELADO DE VAINILLA,6.95 USD (x1),6.95 USD (x1),https://www.ribasmith.com/index.php/helado-de-vainilla-170385.html
Congelado,HELADO DE VAINILLA,4.95 USD (x1),4.95 USD (x1),https://www.ribasmith.com/index.php/helado-de-vainilla.html
Congelado,HELADO DE MANJAR,4.95 USD (x1),4.95 USD (x1),https://www.ribasmith.com/index.php/helado-de-manjar-241728.html
Congelado,HELADO DE CHOCOMALVA & NUEZ,4.95 USD (x1),4.95 USD (x1),https://www.ribasmith.com/index.php/helado-de-chocomalva-nuez-121895.html
Congelado,HELADO DE NAPOLITANO,5.45 USD (x1),5.45 USD (x1),https://www.ribasmith.com/index.php/helado-de-napolitano-169262.html
Congelado,HELADO CHOCO CRUNCH,6.95 USD (x1),6.95 USD (x1),https://www.ribasmith.com/index.php/helado-choco-crunch-232498.html
Congelado,HELADO ALM CON TURRON,5.50 USD (x1),5.50 USD (x1),https://www.ribasmith.com/index.php/helado-alm-con-turron-241635.html
Congelado,HELADO DE CHOCOLATE,5.45 USD (x1),5.45 USD (x1),https://www.ribasmith.com/index.php/helado-de-chocolate-169260.html
Congelado,HELADO GALLETAS,6.95 USD (x1),6.95 USD (x1),https://www.ribasmith.com/index.php/helado-galletas-232497.html
Congelado,SUNDAE DE CEREZA,3.85 USD (x1),3.85 USD (x1),https://www.ribasmith.com/index.php/sundae-de-cereza-265067.html
Congelado,HELADO GALLETA,5.45 USD (x1),5.45 USD (x1),https://www.ribasmith.com/index.php/helado-galleta-232495.html
Congelado,HELADO DE FRAMBUESA,4.95 USD (x1),4.95 USD (x1),https://www.ribasmith.com/index.php/helado-de-frambuesa.html
Congelado,HELADO DE CHOCOALMENDRA,5.50 USD (x1),5.50 USD (x1),https://www.ribasmith.com/index.php/helado-de-chocoalmendra-119969.html
Congelado,HELADO VAINILLA 100ML,1.35 USD (x1),1.35 USD (x1),https://www.ribasmith.com/index.php/helado-vainilla-100ml-212177.html
Congelado,HELADO DE CHOCOLATE,4.95 USD (x1),4.95 USD (x1),https://www.ribasmith.com/index.php/helado-de-chocolate.html
Congelado,HELADO CEREZA,5.45 USD (x1),5.45 USD (x1),https://www.ribasmith.com/index.php/helado-cereza-235760.html
Congelado,HELADO DE ALMENDRA,5.50 USD (x1),5.50 USD (x1),https://www.ribasmith.com/index.php/helado-de-almendra.html
Congelado,HELADO AGUA DE PIPA 100ML,1.35 USD (x1),1.35 USD (x1),https://www.ribasmith.com/index.php/helado-agua-de-pipa-100ml-212172.html
Congelado,SUNDAE DE FRESA,3.85 USD (x1),3.85 USD (x1),https://www.ribasmith.com/index.php/sundae-de-fresa-265102.html
Congelado,HELADO DE MANI TURRON,4.95 USD (x1),4.95 USD (x1),https://www.ribasmith.com/index.php/helado-de-mani-turron-241634.html
Congelado,SORBETO DE NANCE,1.35 USD (x1),1.35 USD (x1),https://www.ribasmith.com/index.php/sorbeto-de-nance-212176.html
Congelado,SORBETO DE NANCE 1 8 GL,5.50 USD (x1),5.50 USD (x1),https://www.ribasmith.com/index.php/sorbeto-de-nance-1-8-gl.html
Congelado,HELADO DE GUANABANA,5.50 USD (x1),5.50 USD (x1),https://www.ribasmith.com/index.php/helado-de-guanabana.html
Congelado,HELADO DE CHOCOLATE,6.95 USD (x1),6.95 USD (x1),https://www.ribasmith.com/index.php/helado-de-chocolate-54203.html
Congelado,HELADO DE NAPOLITANO,6.95 USD (x1),6.95 USD (x1),https://www.ribasmith.com/index.php/helado-de-napolitano-170387.html
Congelado,HELADO DE GRAPE NUT,6.95 USD (x1),6.95 USD (x1),https://www.ribasmith.com/index.php/helado-de-grape-nut-170386.html
Congelado,HELADO COCO 100ML,1.35 USD (x1),1.35 USD (x1),https://www.ribasmith.com/index.php/helado-coco-100ml-212168.html
Congelado,HELADO CHOCOLATE 100ML,1.35 USD (x1),1.35 USD (x1),https://www.ribasmith.com/index.php/helado-chocolate-100ml-212178.html
Congelado,SUNDAE DE CARAMELO,3.85 USD (x1),3.85 USD (x1),https://www.ribasmith.com/index.php/sundae-de-caramelo-265064.html
Congelado,HEL MENTA CON CHOCOLATE,5.50 USD (x1),5.50 USD (x1),https://www.ribasmith.com/index.php/hel-menta-con-chocolate-241636.html
Congelado,HELADO DE PISTACHO 1/8GL,5.50 USD (x1),5.50 USD (x1),https://www.ribasmith.com/index.php/helado-de-pistacho-1-8gl.html
Congelado,HELADO AMERICANA DE BROWNIE,4.95 USD (x1),4.95 USD (x1),https://www.ribasmith.com/index.php/helado-americana-de-brownie-119963.html
Congelado,HELADO DE COCO,5.50 USD (x1),5.50 USD (x1),https://www.ribasmith.com/index.php/helado-de-coco.html
Congelado,HELADO AGUA DE PIPA,5.50 USD (x1),5.50 USD (x1),https://www.ribasmith.com/index.php/helado-agua-de-pipa.html
Congelado,HELADO DE MANJAR,1.35 USD (x1),1.35 USD (x1),https://www.ribasmith.com/index.php/helado-de-manjar-241730.html
Congelado,HELADO CEREZA,6.95 USD (x1),6.95 USD (x1),https://www.ribasmith.com/index.php/helado-cereza-235771.html
Congelado,HELADO DE CAFE 1/8GL,4.95 USD (x1),4.95 USD (x1),https://www.ribasmith.com/index.php/helado-de-cafe-1-8gl.html
Congelado,SUNDAE DE CHOCOLATE,3.85 USD (x1),3.85 USD (x1),https://www.ribasmith.com/index.php/sundae-de-chocolate-265068.html
Congelado,HELADO CHOCO CRUNCH,5.45 USD (x1),5.45 USD (x1),https://www.ribasmith.com/index.php/helado-choco-crunch-232496.html
Congelado,RON CON PASAS,5.45 USD (x1),5.45 USD (x1),https://www.ribasmith.com/index.php/235701-ron-con-pasas.html
Congelado,HELADO DE VAINILLA,5.45 USD (x1),5.45 USD (x1),https://www.ribasmith.com/index.php/helado-de-vainilla-169261.html
Congelado,SORBETO DE LIMON,4.95 USD (x1),4.95 USD (x1),https://www.ribasmith.com/index.php/sorbeto-de-limon.html
Congelado,SORBETO DE MARACUYA 3.5 OZ,1.35 USD (x1),1.35 USD (x1),https://www.ribasmith.com/index.php/sorbeto-de-maracuya-35-oz-212169.html
Congelado,SORBETO DE NARANJA PIÑA 3.5 OZ,1.35 USD (x1),1.35 USD (x1),https://www.ribasmith.com/index.php/sorbeto-de-naranja-pina-35-oz-212179.html
Congelado,SORBETO DE MARACUYA 1 8 GL,4.95 USD (x1),4.95 USD (x1),https://www.ribasmith.com/index.php/sorbeto-de-maracuya-1-8-gl.html
Congelado,SORBETO DE NARANJA PIÑA,4.95 USD (x1),4.95 USD (x1),https://www.ribasmith.com/index.php/sorbeto-de-naranja-pi-a.html
Congelado,HELADO YOGURT FRESA 100ML,1.35 USD (x1),1.35 USD (x1),https://www.ribasmith.com/index.php/helado-yogurt-fresa-100ml-212167.html
Congelado,HELADO YOGURT MELOCOTON 100ML,1.35 USD (x1),1.35 USD (x1),https://www.ribasmith.com/index.php/helado-yogurt-melocoton-100ml-212174.html
Congelado,HELADO DE YOGURT FRAMBUESA,4.95 USD (x1),4.95 USD (x1),https://www.ribasmith.com/index.php/helado-de-yogurt-frambuesa.html
Congelado,HELADO DE YOGURT MELOCOTON,4.95 USD (x1),4.95 USD (x1),https://www.ribasmith.com/index.php/helado-de-yogurt-melocoton.html
Congelado,HELADO DE YOGURT DE FRESA,4.95 USD (x1),4.95 USD (x1),https://www.ribasmith.com/index.php/helado-de-yogurt-de-fresa.html
Congelado,PALETA DE SORBETO SURTIDAS,5.80 USD (x1),5.80 USD (x1),https://www.ribasmith.com/index.php/paleta-de-sorbeto-surtidas.html
Congelado,CAJA DE PALETA DE GUANABANA,6.00 USD (x1),6.00 USD (x1),https://www.ribasmith.com/index.php/caja-de-paleta-de-guanabana-282477.html
Congelado,PALETA DE FRUTAS SURTIDAS,6.00 USD (x1),6.00 USD (x1),https://www.ribasmith.com/index.php/paleta-de-frutas-surtidas-175522.html
Congelado,CAJA DE SORBETO DE MARACUYA,5.80 USD (x1),5.80 USD (x1),https://www.ribasmith.com/index.php/caja-de-sorbeto-de-maracuya-282480.html
Congelado,CAJA DE SORBETO DE LIMON,4.80 USD (x1),4.80 USD (x1),https://www.ribasmith.com/index.php/caja-de-sorbeto-de-limon-282479.html
Congelado,CAJA DE PALETA DE COCO,6.00 USD (x1),6.00 USD (x1),https://www.ribasmith.com/index.php/caja-de-paleta-de-coco-282478.html
Congelado,CHOCOPIE C,7.55 USD (x1),7.55 USD (x1),https://www.ribasmith.com/index.php/chocopie-c-176089.html
Congelado,CAJA DE PALETA DE FRESA,6.00 USD (x1),6.00 USD (x1),https://www.ribasmith.com/index.php/caja-de-paleta-de-fresa-282476.html
Congelado,CARIMANOLAS MINI CARNE FIESTA,5.76 USD (x1),5.76 USD (x1),https://www.ribasmith.com/index.php/186117-carimanolas-mini-carne-fiesta.html
Congelado,EMP HARINA Q BLANCO MED 6UN,4.10 USD (x1),4.10 USD (x1),https://www.ribasmith.com/index.php/emp-harina-q-blanco-med-6un-285928.html
Congelado,PATACONES PREFRITOS,3.55 USD (x1),3.55 USD (x1),https://www.ribasmith.com/index.php/281796-patacones-prefritos.html
Congelado,HELADO DE TURRON DE ALICANTE,10.50 USD (x1),10.50 USD (x1),https://www.ribasmith.com/index.php/361275-helado-de-turron-de-alicante.html
Congelado,HELADO DE TURRON DE PISTACHO,10.50 USD (x1),10.50 USD (x1),https://www.ribasmith.com/index.php/361277-helado-de-turron-de-pistacho.html
Congelado,HELADO DE TURRON DE CHOCOLATE,10.50 USD (x1),10.50 USD (x1),https://www.ribasmith.com/index.php/361281-helado-de-turron-de-chocolate.html
Congelado,HELADO DE TURRON DE JIJONA,10.50 USD (x1),10.50 USD (x1),https://www.ribasmith.com/index.php/361274-helado-de-turron-de-jijona.html
Congelado,HELADO DE TURRON DE YEMA TOSTA,10.50 USD (x1),10.50 USD (x1),https://www.ribasmith.com/index.php/361279-helado-de-turron-de-yema-tosta.html
Congelado,H DEL M HELADO C CHOCOLATE BLA,4.50 USD (x1),4.50 USD (x1),https://www.ribasmith.com/index.php/289635-h-del-m-helado-c-chocolate-bla.html
Congelado,BEN&JERRY PHISHFOOD ICE CREAM,6.45 USD (x1),6.45 USD (x1),https://www.ribasmith.com/index.php/362555-ben-jerry-phishfood-ice-cream.html
Congelado,BRY CHERRY VAN ICE CREAM,8.15 USD (x1),8.15 USD (x1),https://www.ribasmith.com/index.php/47583-bry-cherry-van-ice-cream.html
Congelado,BREYERS CHOCOLATE PEANUTH,6.50 USD (x1),6.50 USD (x1),https://www.ribasmith.com/index.php/361161-breyers-chocolate-peanuth.html
Congelado,H DEL M HELADO CON CHOC NEGRO,4.00 USD (x1),4.50 USD (x1),https://www.ribasmith.com/index.php/162850-h-del-m-helado-con-choc-negro.html
Congelado,VANLEEUWEN ICREAM MARSHMALLOW,9.45 USD (x1),9.45 USD (x1),https://www.ribasmith.com/index.php/360910-vanleeuwen-icream-marshmallow.html
Congelado,VANLEEUWEN ICE CREAM PISTACHIO,8.95 USD (x1),8.95 USD (x1),https://www.ribasmith.com/index.php/360907-vanleeuwen-ice-cream-pistachio.html
Congelado,VAN LEEUWEN ICREAM COOKIE DOUG,8.95 USD (x1),8.95 USD (x1),https://www.ribasmith.com/index.php/360911-van-leeuwen-icream-cookie-doug.html
Congelado,VANLEEUWEN ICREAM COOKIE&CREAM,8.85 USD (x1),8.85 USD (x1),https://www.ribasmith.com/index.php/360909-vanleeuwen-icream-cookie-cream.html
Congelado,VANLEEUWEN ICREAM COFEE AFOGAT,8.85 USD (x1),8.85 USD (x1),https://www.ribasmith.com/index.php/360912-vanleeuwen-icream-cofee-afogat.html
Congelado,CRVN VANILLA CHOCOLATE SWIRL,7.90 USD (x1),7.90 USD (x1),https://www.ribasmith.com/index.php/359018-crvn-vanilla-chocolate-swirl.html
Congelado,CRAVN ICE CREAM CARAML CARIBOU,8.15 USD (x1),8.15 USD (x1),https://www.ribasmith.com/index.php/359016-cravn-ice-cream-caraml-caribou.html
Congelado,CRAVN ICE CREAM CONES VANILLA,12.95 USD (x1),12.95 USD (x1),https://www.ribasmith.com/index.php/358974-cravn-ice-cream-cones-vanilla.html
Congelado,B&J 2 TWISTED EVERYTHING BUT T,7.50 USD (x1),7.50 USD (x1),https://www.ribasmith.com/index.php/106095-b-j-2-twisted-everything-but-t.html
Congelado,BLUE BUNNY SOFT VANILLA,8.95 USD (x1),8.95 USD (x1),https://www.ribasmith.com/index.php/352996-blue-bunny-soft-vanilla.html
Congelado,BLUE BUNNY SOFT CHURRO,8.95 USD (x1),8.95 USD (x1),https://www.ribasmith.com/index.php/357661-blue-bunny-soft-churro.html
Congelado,HELADO CON CAFE NF/RA,1.35 USD (x1),1.35 USD (x1),https://www.ribasmith.com/index.php/76563-helado-con-cafe-nf-ra.html
Congelado,H DEL M HELADO CON MELON,4.50 USD (x1),4.50 USD (x1),https://www.ribasmith.com/index.php/25217-h-del-m-helado-con-melon.html
Congelado,H DEL M HELADO C YOGURT NATURA,3.95 USD (x1),3.95 USD (x1),https://www.ribasmith.com/index.php/78453-h-del-m-helado-c-yogurt-natura.html
Congelado,HELADO VAINILLA HAAGEN DAZS,8.14 USD (x1),8.14 USD (x1),https://www.ribasmith.com/index.php/2956-helado-vainilla-haagen-dazs.html
Congelado,KELLOGS FROSTED FLAKES,6.29 USD (x1),6.29 USD (x1),https://www.ribasmith.com/index.php/354073-kellogs-frosted-flakes.html
Congelado,EGGO ICE CREAM CHOCOLATE CHIP,4.95 USD (x1),6.29 USD (x1),https://www.ribasmith.com/index.php/354069-eggo-ice-cream-chocolate-chip.html
Congelado,FROOT LOOPS ICE CREAM,6.29 USD (x1),6.29 USD (x1),https://www.ribasmith.com/index.php/354074-froot-loops-ice-cream.html
Congelado,POP TARTS ICE CREAM STRAWBERRY,4.95 USD (x1),6.29 USD (x1),https://www.ribasmith.com/index.php/354072-pop-tarts-ice-cream-strawberry.html
Congelado,POP TARTS ICE CREAM S´MORES,4.95 USD (x1),6.29 USD (x1),https://www.ribasmith.com/index.php/354071-pop-tarts-ice-cream-s-mores.html
Congelado,TALENTI COFFEE CHOCOLATE CHIP,15.75 USD (x1),15.75 USD (x1),https://www.ribasmith.com/index.php/352997-talenti-coffee-chocolate-chip.html
Congelado,KELLOGS HONEY SMACKS ICE CREAM,4.95 USD (x1),6.29 USD (x1),https://www.ribasmith.com/index.php/354076-kellogs-honey-smacks-ice-cream.html
Congelado,KELLOGGS APPLE JACKS ICE CREAM,6.29 USD (x1),6.29 USD (x1),https://www.ribasmith.com/index.php/354075-kelloggs-apple-jacks-ice-cream.html
Congelado,EGGO ICE CREAM BLUEBERRY,4.95 USD (x1),6.29 USD (x1),https://www.ribasmith.com/index.php/354070-eggo-ice-cream-blueberry.html
Congelado,HELADO HD TIRAMISU PINTA,8.14 USD (x1),8.14 USD (x1),https://www.ribasmith.com/index.php/348525-helado-hd-tiramisu-pinta.html
Congelado,BEN JERRYS CHOC PBUTTER SPLIT,6.95 USD (x1),6.95 USD (x1),https://www.ribasmith.com/index.php/346196-ben-jerry-s-choc-pbutter-split.html
Congelado,BEN JERRYS NETFLIX,6.75 USD (x1),6.75 USD (x1),https://www.ribasmith.com/index.php/346195-ben-jerry-s-netflix.html
Congelado,MAGNUM COOKIE DUET BARS,6.25 USD (x1),6.25 USD (x1),https://www.ribasmith.com/index.php/346193-magnum-cookie-duet-bars.html
Congelado,TALENTI SALTED CARAMEL TRUFFLE,8.21 USD (x1),8.21 USD (x1),https://www.ribasmith.com/index.php/339707-talenti-salted-caramel-truffle.html
Congelado,TALENTI VANILLA FUDGE COOKIE,8.21 USD (x1),8.21 USD (x1),https://www.ribasmith.com/index.php/339704-talenti-vanilla-fudge-cookie.html
Congelado,TALENTI COOKIES & CREAM GELATO,8.21 USD (x1),8.21 USD (x1),https://www.ribasmith.com/index.php/339695-talenti-cookies-cream-gelato.html
Congelado,HELADO DE PISTACHO HAAGEN DAZS,8.14 USD (x1),8.14 USD (x1),https://www.ribasmith.com/index.php/336021-helado-de-pistacho-haagen-dazs.html
Congelado,BRYES EXTRA CREAMY CHOCOLATE,8.15 USD (x1),8.15 USD (x1),https://www.ribasmith.com/index.php/334719-bryes-extra-creamy-chocolate.html
Cuidado Personal,TWIN SELECT PASTEL POUNCH 3,1.82 USD (x1),1.82 USD (x1),https://www.ribasmith.com/index.php/131784-twin-select-pastel-pounch-3-precios-especiales.html
Cuidado Personal,COAST PACIFIC FORCE,3.83 USD (x1),3.83 USD (x1),https://www.ribasmith.com/index.php/204615-coast pacific force.html
Cuidado Personal,KIT DE 3 GANCHOS TICTAC STILUS,2.30 USD (x1),2.30 USD (x1),https://www.ribasmith.com/index.php/361545-kit-de-3-ganchos-tictac-stilus.html
Cuidado Personal,KIT 50 GANCHOS TUBI DORADO,1.61 USD (x1),1.61 USD (x1),https://www.ribasmith.com/index.php/361544-kit-50-ganchos-tubi-dorado.html
Cuidado Personal,GORRO DE DUCHA SLOW,0.77 USD (x1),0.77 USD (x1),https://www.ribasmith.com/index.php/361563-gorro-de-ducha-slow.html
Cuidado Personal,KIT 100 LIGAS INVISBLES,1.27 USD (x1),1.27 USD (x1),https://www.ribasmith.com/index.php/361614-kit-100-ligas-invisbles.html
Cuidado Personal,KIT 100 LIGAS NEGRAS,1.27 USD (x1),1.27 USD (x1),https://www.ribasmith.com/index.php/361616-kit-100-ligas-negras.html
Cuidado Personal,CEPILLO OVAL PARA CABELLO,4.85 USD (x1),4.85 USD (x1),https://www.ribasmith.com/index.php/361729-cepillo-oval-para-cabello.html
Cuidado Personal,KIT 6 GANCHOS TICTAC METALICOS,2.81 USD (x1),2.81 USD (x1),https://www.ribasmith.com/index.php/361549-kit-6-ganchos-tictac-metalicos.html
Cuidado Personal,PEINE DE DIENTES LARGOS,1.61 USD (x1),1.61 USD (x1),https://www.ribasmith.com/index.php/361523-peine-de-dientes-largos.html
Cuidado Personal,HORQUILLA JUMBO NEGRA,2.13 USD (x1),2.13 USD (x1),https://www.ribasmith.com/index.php/361582-horquilla-jumbo-negra.html
Cuidado Personal,HORQULLA METAL ONIX,2.30 USD (x1),2.30 USD (x1),https://www.ribasmith.com/index.php/361608-horqulla-metal-onix.html
Cuidado Personal,KIT 3 GANCHOS TICTAC NEON,2.30 USD (x1),2.30 USD (x1),https://www.ribasmith.com/index.php/361546-kit-3-ganchos-tictac-neon.html
Cuidado Personal,KIT 3 GANCHOS TICTAC CREMA,2.30 USD (x1),2.30 USD (x1),https://www.ribasmith.com/index.php/361547-kit-3-ganchos-tictac-crema.html
Cuidado Personal,HORQUILLA HELO LANOSSI,1.96 USD (x1),1.96 USD (x1),https://www.ribasmith.com/index.php/361583-horquilla-helo-lanossi.html
Cuidado Personal,PEINES LANOSI SILVER,2.78 USD (x1),2.78 USD (x1),https://www.ribasmith.com/index.php/361735-peines-lanosi-silver.html
Cuidado Personal,HORQUILLA BELLE LANOSSI,2.13 USD (x1),2.13 USD (x1),https://www.ribasmith.com/index.php/361585-horquilla-belle-lanossi.html
Cuidado Personal,KIT DE PEINES ROSE LANOSSI,2.81 USD (x1),2.81 USD (x1),https://www.ribasmith.com/index.php/361541-kit-de-peines-rose-lanossi.html
Cuidado Personal,CEPILLO LANOSSI RECTANGULAR,4.85 USD (x1),4.85 USD (x1),https://www.ribasmith.com/index.php/361733-cepillo-lanossi-rectangular.html
Cuidado Personal,PINZA LANOSSI PARA CABELLO,1.90 USD (x1),1.90 USD (x1),https://www.ribasmith.com/index.php/361745-pinza-lanossi-para-cabello.html
Cuidado Personal,TIARA PARA EL CABELLO,2.13 USD (x1),2.13 USD (x1),https://www.ribasmith.com/index.php/361623-tiara-para-el-cabello.html
Cuidado Personal,SET MIXTO CABELLO LANOSSI,2.56 USD (x1),2.56 USD (x1),https://www.ribasmith.com/index.php/361625-set-mixto-cabello-lanossi.html
Cuidado Personal,KIT 4 COLAS CABELLO ANIMAL,1.44 USD (x1),1.44 USD (x1),https://www.ribasmith.com/index.php/361631-kit-4-colas-cabello-animal.html
Cuidado Personal,PEINE CABLE LARGO ROSE,1.61 USD (x1),1.61 USD (x1),https://www.ribasmith.com/index.php/361525-peine-cable-largo-rose.html
Cuidado Personal,TIARA PARA CABELLO GLAM,2.99 USD (x1),2.99 USD (x1),https://www.ribasmith.com/index.php/361624-tiara-para-cabello-glam.html
Cuidado Personal,ELASTICOS CABELLO CAPUCCINO,1.27 USD (x1),1.27 USD (x1),https://www.ribasmith.com/index.php/361629-elasticos-cabello-capuccino.html
Cuidado Personal,HORQUILLA CABELLO LANOSSI AURO,2.07 USD (x1),2.07 USD (x1),https://www.ribasmith.com/index.php/361737-horquilla-cabello-lanossi-auro.html
Cuidado Personal,HORQUILLA NATURE 11CM,2.99 USD (x1),2.99 USD (x1),https://www.ribasmith.com/index.php/361574-horquilla-nature-11cm.html
Cuidado Personal,LAZO ELASTICO VELVET ROSE,2.13 USD (x1),2.13 USD (x1),https://www.ribasmith.com/index.php/361627-lazo-elastico-velvet-rose.html
Cuidado Personal,HORQUILLA PRISMA LANOSSI,3.03 USD (x1),3.03 USD (x1),https://www.ribasmith.com/index.php/361573-horquilla-prisma-lanossi.html
Cuidado Personal,KIT 6 LIGAS ELASTICAS NEGRO,1.27 USD (x1),1.27 USD (x1),https://www.ribasmith.com/index.php/361618-kit-6-ligas-elasticas-negro.html
Cuidado Personal,TIARA PARA CABELLO NEGRA,1.61 USD (x1),1.61 USD (x1),https://www.ribasmith.com/index.php/361628-tiara-para-cabello-negra.html
Cuidado Personal,LAZO ELASTICO SC VELVET NEGRO,2.13 USD (x1),2.13 USD (x1),https://www.ribasmith.com/index.php/361626-lazo-elastico-sc-velvet-negro.html
Cuidado Personal,HORQUILLA GLAM ONIX,2.99 USD (x1),2.99 USD (x1),https://www.ribasmith.com/index.php/361568-horquilla-glam-onix.html
Cuidado Personal,HORQUILLAJUMBO NEGRA,2.13 USD (x1),2.13 USD (x1),https://www.ribasmith.com/index.php/361579-horquillajumbo-negra.html
Cuidado Personal,HORQUILLA DE METAL ROSE,2.30 USD (x1),2.30 USD (x1),https://www.ribasmith.com/index.php/361612-horquilla-de-metal-rose.html
Cuidado Personal,HORQUILLA GLOW M PLATEADA,2.81 USD (x1),2.81 USD (x1),https://www.ribasmith.com/index.php/361594-horquilla-glow-m-plateada.html
Cuidado Personal,CEPILLO DE CABELLO LANOSSI,4.85 USD (x1),4.85 USD (x1),https://www.ribasmith.com/index.php/361708-cepillo-de-cabello-lanossi.html
Cuidado Personal,HORQUILLA HELO 15 55 CM,1.96 USD (x1),1.96 USD (x1),https://www.ribasmith.com/index.php/361587-horquilla-helo-15-55-cm.html
Cuidado Personal,HORQUILLA DIVA ORO,2.30 USD (x1),2.30 USD (x1),https://www.ribasmith.com/index.php/361571-horquilla-diva-oro.html
Cuidado Personal,KIT ELASTICO 24U BASICOS,1.70 USD (x1),1.70 USD (x1),https://www.ribasmith.com/index.php/361630-kit-elastico-24u-basicos.html
Cuidado Personal,PINZA DE CABELLO LANOSSI,1.90 USD (x1),1.90 USD (x1),https://www.ribasmith.com/index.php/361742-pinza-de-cabello-lanossi.html
Cuidado Personal,HORQUILLA MEDIA MATE,2.30 USD (x1),2.30 USD (x1),https://www.ribasmith.com/index.php/361601-horquilla-media-mate.html
Cuidado Personal,HORQUILLA A PRESION FELINA,1.70 USD (x1),1.70 USD (x1),https://www.ribasmith.com/index.php/361590-horquilla-a-presion-felina.html
Cuidado Personal,HORQUILLA METAL DORADA,2.30 USD (x1),2.30 USD (x1),https://www.ribasmith.com/index.php/361605-horquilla-metal-dorada.html
Cuidado Personal,HORQUILLA DIVA ONIX,2.30 USD (x1),2.30 USD (x1),https://www.ribasmith.com/index.php/361570-horquilla-diva-onix.html
Cuidado Personal,GEL GRIPS DRY STYLE & VOLUME,4.67 USD (x1),4.67 USD (x1),https://www.ribasmith.com/index.php/356845-gel-grips-dry-style-volume.html
Cuidado Personal,CLAW CLIP SCUNCI,1.73 USD (x1),1.73 USD (x1),https://www.ribasmith.com/index.php/354653-claw-clip-scunci.html
Cuidado Personal,TURBAN SPA 2PK SAVVY,8.70 USD (x1),8.70 USD (x1),https://www.ribasmith.com/index.php/352547-turban-spa-2pk-savvy.html
Cuidado Personal,SHOWER CAP,2.36 USD (x1),2.36 USD (x1),https://www.ribasmith.com/index.php/353054-shower-cap.html
Cuidado Personal,PROC & CONDT CAPS SPA PK10,2.10 USD (x1),2.10 USD (x1),https://www.ribasmith.com/index.php/352548-proc-condt-caps-spa-pk10.html
Cuidado Personal,PEINE CON PUAS REDONDAS BETER,2.48 USD (x1),2.48 USD (x1),https://www.ribasmith.com/index.php/340212-peine-con-puas-redondas-beter.html
Cuidado Personal,CEPILLO FLEXIBLE PEQUENO,6.84 USD (x1),6.84 USD (x1),https://www.ribasmith.com/index.php/340190-cepillo-flexible-pequeno.html
Cuidado Personal,CEPILLO TERMICO CERAMICA,9.50 USD (x1),9.50 USD (x1),https://www.ribasmith.com/index.php/340210-cepillo-termico-ceramica.html
Cuidado Personal,CEPILLO DE FIBRAS NATURALES,6.49 USD (x1),6.49 USD (x1),https://www.ribasmith.com/index.php/340213-cepillo-de-fibras-naturales.html
Cuidado Personal,REDECILLA ELASTICA,0.74 USD (x1),0.74 USD (x1),https://www.ribasmith.com/index.php/redecilla-elastica-61002.html
Cuidado Personal,DOUBLE BRUSH,7.90 USD (x1),7.90 USD (x1),https://www.ribasmith.com/index.php/double-brush-242248.html
Cuidado Personal,FULLY LINED SHOWER CAP,2.47 USD (x1),2.47 USD (x1),https://www.ribasmith.com/index.php/336614-fully-lined-shower-cap.html
Cuidado Personal,SCALP MASSGNG SHAMPOO BRSH BLK,3.54 USD (x1),3.54 USD (x1),https://www.ribasmith.com/index.php/309573-scalp-massgng-shampoo-brsh-blk.html
Cuidado Personal,SHOWERCAP & TURBAN SET HOT PNK,8.09 USD (x1),8.09 USD (x1),https://www.ribasmith.com/index.php/302963-showercap-turban-set-hot-pnk.html
Cuidado Personal,SHOWERCAP & TURBAN SET PINK,8.09 USD (x1),8.09 USD (x1),https://www.ribasmith.com/index.php/302962-showercap-turban-set-pink.html
Cuidado Personal,PLUSH HEADBAND W BOW CHEETAH,4.60 USD (x1),4.60 USD (x1),https://www.ribasmith.com/index.php/290231-plush-headband-w-bow-cheetah.html
Cuidado Personal,SHOWERCAP & HAIR TURBAN CHEETA,8.09 USD (x1),8.09 USD (x1),https://www.ribasmith.com/index.php/302964-showercap-hair-turban-cheeta.html
Cuidado Personal,SHOWER CAP SWEET DREAMS,4.10 USD (x1),4.10 USD (x1),https://www.ribasmith.com/index.php/272453-shower-cap-sweet-dreams.html
Cuidado Personal,SHOWER CAP HAPPY DAYS,4.10 USD (x1),4.10 USD (x1),https://www.ribasmith.com/index.php/272452-shower-cap-happy-days.html
Cuidado Personal,SHOWER CAP UNICORN PARTY,4.20 USD (x1),4.20 USD (x1),https://www.ribasmith.com/index.php/272450-shower-cap-unicorn-party.html
Cuidado Personal,TANGLE FREE HAIR BRUSH- MEOWME,4.58 USD (x1),4.58 USD (x1),https://www.ribasmith.com/index.php/322563-tangle-free-hair-brush-meowme.html
Cuidado Personal,TANGLE FREE HAIR BRUSH MIXED,4.74 USD (x1),4.74 USD (x1),https://www.ribasmith.com/index.php/322572-tangle-free-hair-brush-mixed.html
Cuidado Personal,TANGLE FREE HAIR BRUSH CHEETAH,4.74 USD (x1),4.74 USD (x1),https://www.ribasmith.com/index.php/322578-tangle-free-hair-brush-cheetah.html
Cuidado Personal,TANGLE FREE HAIR BRUSH-PARISIA,4.58 USD (x1),4.58 USD (x1),https://www.ribasmith.com/index.php/322561-tangle-free-hair-brush-parisia.html
Cuidado Personal,TANGLE FREE HAIR BRUSH-DAYDREA,4.74 USD (x1),4.74 USD (x1),https://www.ribasmith.com/index.php/322557-tangle-free-hair-brush-daydrea.html
Cuidado Personal,TANGLE FREEHAIR BRUH PINK,4.58 USD (x1),4.58 USD (x1),https://www.ribasmith.com/index.php/322575-tangle-freehair-bruh-pink.html
Cuidado Personal,TANGLE FREE HAIR BRUSH LLAMA,4.74 USD (x1),4.74 USD (x1),https://www.ribasmith.com/index.php/322573-tangle-free-hair-brush-llama.html
Cuidado Personal,WET-N-DRY HAIR BRUSH CELESTIAL,4.58 USD (x1),4.58 USD (x1),https://www.ribasmith.com/index.php/322533-wet-n-dry-hair-brush-celestial.html
Cuidado Personal,WET-N-DRY HAIR BRUSH KALEIDESC,4.38 USD (x1),4.38 USD (x1),https://www.ribasmith.com/index.php/322527-wet-n-dry-hair-brush-kaleidesc.html
Cuidado Personal,WET-N-DRY-HAIR BRUSH BLK/WHT,4.58 USD (x1),4.58 USD (x1),https://www.ribasmith.com/index.php/322548-wet-n-dry-hair-brush-blk-wht.html
Cuidado Personal,WET-N-DRY HAIR BRUSH GEOMETRIC,4.58 USD (x1),4.58 USD (x1),https://www.ribasmith.com/index.php/322534-wet-n-dry-hair-brush-geometric.html
Cuidado Personal,WET-N-DRY-MINI HAIR BRISH WORL,4.08 USD (x1),4.08 USD (x1),https://www.ribasmith.com/index.php/322554-wet-n-dry-mini-hair-brish-worl.html
Cuidado Personal,PK CHAMPU Y CREMA OPTIMS 1,10.22 USD (x1),10.22 USD (x1),https://www.ribasmith.com/index.php/364407-pk-champu-y-crema-optims-1.html
Cuidado Personal,WET-N-DRY MINI HAIR BRUSH TROP,4.08 USD (x1),4.08 USD (x1),https://www.ribasmith.com/index.php/322552-wet-n-dry-mini-hair-brush-trop.html
Cuidado Personal,PK CREMA Y CHAMPU OPTIMS 2,10.22 USD (x1),10.22 USD (x1),https://www.ribasmith.com/index.php/364411-pk-crema-y-champu-optims-2.html
Cuidado Personal,CHAMPU HS ROMERO ANTICAIDAS,7.29 USD (x1),9.72 USD (x1),https://www.ribasmith.com/index.php/363636-champu-hs-romero-anticaidas.html
Cuidado Personal,PACK ANTICAIDA PANTENE,14.21 USD (x1),14.21 USD (x1),https://www.ribasmith.com/index.php/363664-pack-anticaida-pantene.html
Cuidado Personal,TANGLE FREE HAIR BRUSH PANDA,4.58 USD (x1),4.58 USD (x1),https://www.ribasmith.com/index.php/322576-tangle-free-hair-brush-panda.html
Cuidado Personal,CALA TEASER BRUSH UN,3.01 USD (x1),3.01 USD (x1),https://www.ribasmith.com/index.php/322592-cala-teaser-brush-un.html
Cuidado Personal,2PACK CABELLO HS RESEQUEDAD,9.79 USD (x1),9.79 USD (x1),https://www.ribasmith.com/index.php/363663-2pack-cabello-hs-resequedad.html
Cuidado Personal,CHAMPU DOVE NUTRI OLEOS,4.82 USD (x1),4.82 USD (x1),https://www.ribasmith.com/index.php/363626-champu-dove-nutri-oleos.html
Cuidado Personal,CHAMPU ROMERO ANTICAIDAS HS,5.31 USD (x1),5.31 USD (x1),https://www.ribasmith.com/index.php/363633-champu-romero-anticaidas-hs.html
Cuidado Personal,CHAMPU FRUCTIS CREDE FUERTE,10.15 USD (x1),10.15 USD (x1),https://www.ribasmith.com/index.php/362239-champu-fructis-crede-fuerte.html
Cuidado Personal,CHAMPU LISO BRASILERO RECAMIER,4.57 USD (x1),4.57 USD (x1),https://www.ribasmith.com/index.php/364143-champu-liso-brasilero-recamier.html
Cuidado Personal,CHAMPU FRUCTIS ADIOS ESPONJADO,6.44 USD (x1),6.44 USD (x1),https://www.ribasmith.com/index.php/362253-champu-fructis-adios-esponjado.html
Cuidado Personal,CHAMPU BORRADOR DANO FRUCTIS,10.15 USD (x1),10.15 USD (x1),https://www.ribasmith.com/index.php/362219-champu-borrador-dano-fructis.html
Cuidado Personal,10 PC COMB SET,5.70 USD (x1),5.70 USD (x1),https://www.ribasmith.com/index.php/322600-10-pc-comb-set.html
Cuidado Personal,CHAMPU CRECEFUERTE FRUCTIS,6.36 USD (x1),6.36 USD (x1),https://www.ribasmith.com/index.php/252076-champu-crecefuerte-fructis.html
Cuidado Personal,E-Z GRIP HANDLE COMB,1.28 USD (x1),1.28 USD (x1),https://www.ribasmith.com/index.php/322591-e-z-grip-handle-comb.html
Cuidado Personal,CHAMPU ADIOS ESPONJADO FRUCTIS,10.15 USD (x1),10.15 USD (x1),https://www.ribasmith.com/index.php/362251-champu-adios-esponjado-fructis.html
Cuidado Personal,CALA DETANGLING COMB UN,1.41 USD (x1),1.41 USD (x1),https://www.ribasmith.com/index.php/322593-cala-detangling-comb-un.html
Cuidado Personal,FRUCTIS CHAMPU BORRADOR DANOS,6.44 USD (x1),6.44 USD (x1),https://www.ribasmith.com/index.php/362220-fructis-champu-borrador-danos.html
Cuidado Personal,CHAMPU FRUCTIS BORRADOR QUIMIC,10.15 USD (x1),10.15 USD (x1),https://www.ribasmith.com/index.php/362236-champu-fructis-borrador-quimic.html
Cuidado Personal,CHAMPU BORRA DANO FRUCTIS QUIM,6.44 USD (x1),6.44 USD (x1),https://www.ribasmith.com/index.php/362237-champu-borra-dano-fructis-quim.html
Cuidado Personal,SOFT TOUCH PADDLE BRUSH-MINT,5.25 USD (x1),5.25 USD (x1),https://www.ribasmith.com/index.php/322555-soft-touch-paddle-brush-mint.html
Cuidado Personal,CHAMPU HIALURONICO TDV,10.21 USD (x1),10.21 USD (x1),https://www.ribasmith.com/index.php/362718-champu-hialuronico-tdv.html
Cuidado Personal,SOFT TOUCH PADDLE BRUSH-PINK,4.67 USD (x1),4.67 USD (x1),https://www.ribasmith.com/index.php/322556-soft-touch-paddle-brush-pink.html
Cuidado Personal,SHAMPOO RECONSTR COMPLETA,5.21 USD (x1),5.21 USD (x1),https://www.ribasmith.com/index.php/186210-shampoo-reconstr-completa.html
Cuidado Personal,NATURAL BAMBOO HAIR BRUSH MEN,6.70 USD (x1),6.70 USD (x1),https://www.ribasmith.com/index.php/336334-natural-bamboo-hair-brush-men.html
Cuidado Personal,CHAMPU SAVILE AMINOACIDOS,3.99 USD (x1),3.99 USD (x1),https://www.ribasmith.com/index.php/361313-champu-savile-aminoacidos.html
Cuidado Personal,PROMO CHAMPU ACOND ELVIVE,19.35 USD (x1),19.35 USD (x1),https://www.ribasmith.com/index.php/359648-promo-champu-acond-elvive.html
Cuidado Personal,BANDA TRANSPARENTE DOUX ACCESO,3.12 USD (x1),3.12 USD (x1),https://www.ribasmith.com/index.php/banda-transparente-doux-acceso-263791.html
Cuidado Personal,DRYSMPOO BATISTE COCONUT,6.82 USD (x1),6.82 USD (x1),https://www.ribasmith.com/index.php/259598-drysmpoo-batiste-coconut.html
Cuidado Personal,ALL PURP NYLON TUFT BRUSH,3.93 USD (x1),3.93 USD (x1),https://www.ribasmith.com/index.php/334031-all-purp-nylon-tuft-brush.html
Cuidado Personal,DETANGLING CUSHION BRUSH,3.82 USD (x1),3.82 USD (x1),https://www.ribasmith.com/index.php/284021-detangling-cushion-brush.html
Cuidado Personal,CHAMPU ORGANICO CITRICOS,11.14 USD (x1),11.14 USD (x1),https://www.ribasmith.com/index.php/360134-champu-organico-citricos.html
Cuidado Personal,SCALP MASSAGE BRUSH,2.96 USD (x1),2.96 USD (x1),https://www.ribasmith.com/index.php/334037-scalp-massage-brush.html
Cuidado Personal,CHAMPU LAVANDA BIOBALANCE,11.14 USD (x1),11.14 USD (x1),https://www.ribasmith.com/index.php/360119-champu-lavanda-biobalance.html
Cuidado Personal,CHAMPU ALOE VERA ORGANICO,11.14 USD (x1),11.14 USD (x1),https://www.ribasmith.com/index.php/360135-champu-aloe-vera-organico.html
Cuidado Personal,CHAMPU MORA BAKUCHIOL,11.14 USD (x1),11.14 USD (x1),https://www.ribasmith.com/index.php/360138-champu-mora-bakuchiol.html
Cuidado Personal,ACOND DOVE R Y AMINOACIDOS,8.83 USD (x1),8.83 USD (x1),https://www.ribasmith.com/index.php/363616-acond-dove-r-y-aminoacidos.html
Cuidado Personal,DETANG 2 PC VALUE PACK,5.79 USD (x1),5.79 USD (x1),https://www.ribasmith.com/index.php/270449-detang-2-pc-value-pack.html
Cuidado Personal,BOAR SLIM GROOMING BRUSH,4.40 USD (x1),4.40 USD (x1),https://www.ribasmith.com/index.php/334029-boar-slim-grooming-brush.html
Cuidado Personal,DUCRAY KELUAL DS,20.83 USD (x1),20.83 USD (x1),https://www.ribasmith.com/index.php/335227-ducray-kelual-ds.html
Cuidado Personal,ACOND HIALURONICO TDV,10.21 USD (x1),10.21 USD (x1),https://www.ribasmith.com/index.php/362721-acond-hialuronico-tdv.html
Cuidado Personal,TRANSLUC BRUSH 3PC VALUE PACK,5.04 USD (x1),5.04 USD (x1),https://www.ribasmith.com/index.php/334027-transluc-brush-3pc-value-pack.html
Cuidado Personal,ACOND BORRADOR DANO FRUCTIS,6.44 USD (x1),6.44 USD (x1),https://www.ribasmith.com/index.php/362221-acond-borrador-dano-fructis.html
Cuidado Personal,CHAMPU ANTICAIDA HS ANTICASPA,14.17 USD (x1),15.40 USD (x1),https://www.ribasmith.com/index.php/359236-champu-anticaida-hs-anticaspa.html
Cuidado Personal,CHAMPU ELVIVE GLYCO CRISTAL,14.85 USD (x1),14.85 USD (x1),https://www.ribasmith.com/index.php/358924-champu-elvive-glyco-cristal.html
Cuidado Personal,1PK DETANGLE COMB W SOFT GRIP,1.87 USD (x1),1.87 USD (x1),https://www.ribasmith.com/index.php/334038-1pk-detangle-comb-w-soft-grip.html
Cuidado Personal,ACOND ADIOS ESPONJADO FRUCTIS,6.44 USD (x1),6.44 USD (x1),https://www.ribasmith.com/index.php/362280-acond-adios-esponjado-fructis.html
Cuidado Personal,CHAMPU GLYCO CRISTAL ELVIVE,10.00 USD (x1),10.00 USD (x1),https://www.ribasmith.com/index.php/358925-champu-glyco-cristal-elvive.html
Cuidado Personal,ACOND FRUCTIS CRECE FUERTE,6.44 USD (x1),6.44 USD (x1),https://www.ribasmith.com/index.php/362242-acond-fructis-crece-fuerte.html
Cuidado Personal,1PK COILY HAIR COMB,2.40 USD (x1),2.40 USD (x1),https://www.ribasmith.com/index.php/334040-1pk-coily-hair-comb.html
Cuidado Personal,1PK CURLY HAIR COMB,2.08 USD (x1),2.08 USD (x1),https://www.ribasmith.com/index.php/334039-1pk-curly-hair-comb.html
Cuidado Personal,CHAMPU SIN SULFATO PROTECCION,9.12 USD (x1),9.12 USD (x1),https://www.ribasmith.com/index.php/356153-champu-sin-sulfato-proteccion.html
Cuidado Personal,ACOND SAVILE AMINOACIDOS,3.99 USD (x1),3.99 USD (x1),https://www.ribasmith.com/index.php/361314-acond-savile-aminoacidos.html
Cuidado Personal,ACONDIC RECONSTR COMPLETA,4.70 USD (x1),4.70 USD (x1),https://www.ribasmith.com/index.php/246619-acondic-reconstr-completa.html
Cuidado Personal,WD GR TH GR BRUSH COMB SET,2.50 USD (x1),2.50 USD (x1),https://www.ribasmith.com/index.php/334019-wd-gr-th-gr-brush-comb-set.html
Cuidado Personal,CHAMPU HENNA CABELLO CASTANO,7.11 USD (x1),7.11 USD (x1),https://www.ribasmith.com/index.php/13352-champu-henna-cabello-castano.html
Cuidado Personal,ACOND ACEITE ARGAN ORGANICO,11.14 USD (x1),11.14 USD (x1),https://www.ribasmith.com/index.php/360136-acond-aceite-argan-organico.html
Cuidado Personal,CHAMPU BIOLAND PLATEADO R11,5.92 USD (x1),7.40 USD (x1),https://www.ribasmith.com/index.php/356437-champu-bioland-plateado-r11.html
Cuidado Personal,ULT ROOT BSTR PRC RD BRUSH,7.23 USD (x1),7.23 USD (x1),https://www.ribasmith.com/index.php/291549-ult-root-bstr-prc-rd-brush.html
Cuidado Personal,ACOND BIOLAND ARGAN INTENSO,4.88 USD (x1),9.76 USD (x1),https://www.ribasmith.com/index.php/356428-acond-bioland-argan-intenso.html
Cuidado Personal,QUICK BLO CRVD PDL BRUSH,10.40 USD (x1),10.40 USD (x1),https://www.ribasmith.com/index.php/270447-quick-blo-crvd-pdl-brush.html
Cuidado Personal,CHAMPU CABELLO CAOBA,7.10 USD (x1),7.10 USD (x1),https://www.ribasmith.com/index.php/13353-champu-cabello-caoba.html
Cuidado Personal,ACOND ELVIVE CLYCOCRISTAL,10.00 USD (x1),10.00 USD (x1),https://www.ribasmith.com/index.php/358927-acond-elvive-clycocristal.html
Cuidado Personal,ACOND GLYCO CRISTAL ELVIVE,14.85 USD (x1),14.85 USD (x1),https://www.ribasmith.com/index.php/358926-acond-glyco-cristal-elvive.html
Cuidado Personal,CONAIR MAN ALL PURPOSE BRUSH,6.09 USD (x1),6.09 USD (x1),https://www.ribasmith.com/index.php/270445-conair-man-all-purpose-brush.html
Cuidado Personal,CHAMPU HENNA CABELLO RUBIO,7.10 USD (x1),7.10 USD (x1),https://www.ribasmith.com/index.php/13351-champu-henna-cabello-rubio.html
Cuidado Personal,CEPILLO DE CUERPO ESPIN MEDIAN,7.15 USD (x1),7.15 USD (x1),https://www.ribasmith.com/index.php/cepillo-de-cuerpo-espin-median-158244.html
Cuidado Personal,ACOND BIOLAND PRO KERATINA,4.88 USD (x1),9.76 USD (x1),https://www.ribasmith.com/index.php/356430-acond-bioland-pro-keratina.html
Cuidado Personal,CHAMPU S SULFATO CUIDADO DELIC,9.12 USD (x1),9.12 USD (x1),https://www.ribasmith.com/index.php/356154-champu-s-sulfato-cuidado-delic.html
Cuidado Personal,CHAMPU BIOLAND INSUSION ROMERO,10.25 USD (x1),10.25 USD (x1),https://www.ribasmith.com/index.php/356465-champu-bioland-insusion-romero.html
Despensa,LA CATEDRAL DE NAVARRA POCHAS AL NATURAL 630 GR,9.80 USD (x1),9.80 USD (x1),https://www.ribasmith.com/index.php/313309-la-catedral-de-navarra-pochas-al-natural-630-gr.html
Despensa,LA CATEDRAL DE NAVARRA LAGRIMAS HABITAS BABY ACEITE 230 GR,14.95 USD (x1),14.95 USD (x1),https://www.ribasmith.com/index.php/313015-la-catedral-de-navarra-lagrimas-habitas-baby-aceite-230-gr.html
Despensa,OLD EL PASO SAUCE MILD TACO,5.29 USD (x1),5.29 USD (x1),https://www.ribasmith.com/index.php/290954-old-el-paso-sauce-mild-taco.html
Despensa,OLD EL PASO SAUCE MEDIUM TACO,5.29 USD (x1),5.29 USD (x1),https://www.ribasmith.com/index.php/290955-old-el-paso-sauce-medium-taco.html
Despensa,NUTRI SNACKS GRANOLA MARACUYA Y CHIA S AZUC 150 GR,4.54 USD (x1),4.54 USD (x1),https://www.ribasmith.com/index.php/290478-granola-maracuya-y-chia-s-azuc.html
Despensa,ESSENTIAL EVERYDAY BRAN FLAKES 17.3 OZ,4.45 USD (x1),4.45 USD (x1),https://www.ribasmith.com/index.php/288341-ee-bran-flakes.html
Despensa,ESSENTIAL EVERYDAY HONEY & OAT CLUSTERS CEREAL 14.5 OZ,4.65 USD (x1),4.65 USD (x1),https://www.ribasmith.com/index.php/288343-ee-honey-oat-clusters-cereal.html
Despensa,LA CIMA PALMITOS ENTERO PREMIUM 400 GR,4.08 USD (x1),4.08 USD (x1),https://www.ribasmith.com/index.php/palmitos-entero-premium-269283.html
Despensa,COMUNA CORAZONES DE ALCACHOFAS 8/10 N 390GR,3.58 USD (x1),3.58 USD (x1),https://www.ribasmith.com/index.php/corazones-de-alcachofas-8-10-2019-n-15055.html
Despensa,CREAM OF MUSHROOM FAT FREE,3.00 USD (x1),3.00 USD (x1),https://www.ribasmith.com/index.php/cream-of-mushroom-fat-free.html
Despensa,LA CIMA PALMITOS EN PIEZAS 400 GR,3.50 USD (x1),3.50 USD (x1),https://www.ribasmith.com/index.php/palmitos-en-piezas-169557.html
Despensa,COMUNA ARTICHOLE BOTTOMS 390GR,3.23 USD (x1),3.23 USD (x1),https://www.ribasmith.com/index.php/artichole-bottoms-15462.html
Despensa,COMUNA ALCACHOFAS CORTADAS 390GR,2.91 USD (x1),2.91 USD (x1),https://www.ribasmith.com/index.php/alcachofas-cortadas-15085.html
Despensa,DIAMANTE PIMIENTOS MORRONES 7 OZ,1.53 USD (x1),1.53 USD (x1),https://www.ribasmith.com/index.php/pimientos-morrones-9094.html
Despensa,LA COSTENA CHIPOTLES ADOBADOS 220 GR,2.37 USD (x1),2.37 USD (x1),https://www.ribasmith.com/index.php/11481-chipotles-adobados-precios-especiales.html
Despensa,COMUNA PIMIENTOS MORRONES ROJO DULCES 185GR,1.24 USD (x1),1.24 USD (x1),https://www.ribasmith.com/index.php/pimientos-morrones-rojo-dulces-15321.html
Despensa,LA COSTENA RAJAS DE JALAPEÑOS EN ESCABECH 220 GR,1.79 USD (x1),1.79 USD (x1),https://www.ribasmith.com/index.php/11480-rajas-de-jalape-os-en-escabech-precios-especiales.html
Despensa,SALSA CHIMICHURRI,3.51 USD (x1),3.51 USD (x1),https://www.ribasmith.com/index.php/salsa-chimichurri-74091.html
Despensa,SALSA VINAGRETA PESTO KALE 200,3.95 USD (x1),3.95 USD (x1),https://www.ribasmith.com/index.php/273572-salsa-vinagreta-pesto-kale-200.html
Despensa,SALSA TARTARA EMPACADA,2.40 USD (x1),2.40 USD (x1),https://www.ribasmith.com/index.php/269718-salsa-tartara-empacada.html
Despensa,SALSA VINAGRETA THAI 200ML,3.50 USD (x1),3.50 USD (x1),https://www.ribasmith.com/index.php/273571-salsa-vinagreta-thai-200ml.html
Despensa,SALSA VINAGRETA EMPACADA 200ML,3.50 USD (x1),3.50 USD (x1),https://www.ribasmith.com/index.php/273569-salsa-vinagreta-empacada-200ml.html
Despensa,SALSA VINAGRETA YOGURT 200ML,3.50 USD (x1),3.50 USD (x1),https://www.ribasmith.com/index.php/273570-salsa-vinagreta-yogurt-200ml.html
Despensa,RIMITH CHOCOLATE DE LECHE 43 GR,1.10 USD (x1),1.10 USD (x1),https://www.ribasmith.com/index.php/166914-chocolate-de-leche-43-gr.html
Despensa,RIMITH CHOCOTTI CHOCOLATE CHOC BLANCO 23 GR,1.10 USD (x1),1.10 USD (x1),https://www.ribasmith.com/index.php/168957-chocotti-chocolate-choc-blanco.html
Despensa,RIMITH CHOCOLATE LECHE ALMENDRA 43 GR,1.15 USD (x1),1.15 USD (x1),https://www.ribasmith.com/index.php/166917-chocolate-leche-almendra-43gr.html
Despensa,RIMITH CHOCOTTI AVENA CHOCOLATE LECHE 23 GR,1.10 USD (x1),1.10 USD (x1),https://www.ribasmith.com/index.php/168956-chocotti-avena-chocolate-leche.html
Despensa,RIMITH PAN KRUNCHI 226 GR,1.21 USD (x1),1.21 USD (x1),https://www.ribasmith.com/index.php/pan-krunchi-16286.html
Despensa,MANJAR RIMITH,2.20 USD (x1),2.20 USD (x1),https://www.ribasmith.com/index.php/278917-manjar-rimith.html
Despensa,MIEL DE ABEJA 24ONZ,11.45 USD (x1),11.45 USD (x1),https://www.ribasmith.com/index.php/miel-de-abeja-24onz-114580.html
Escolar y Oficina,STAMP-A-SQUARE DOUBLE-ENDED MA,13.50 USD (x1),13.50 USD (x1),https://www.ribasmith.com/index.php/362644-stamp-a-square-double-ended-ma.html
Escolar y Oficina,BRUSH & STAMP MARKERS DOUBLE,13.50 USD (x1),13.50 USD (x1),https://www.ribasmith.com/index.php/349182-brush-stamp-markers-double.html
Escolar y Oficina,FANTASIA12COLORS SCENTED WASHA,3.35 USD (x1),3.35 USD (x1),https://www.ribasmith.com/index.php/360004-fantasia12colors-scented-washa.html
Escolar y Oficina,MARCADORES BABRIE 12PACK,3.81 USD (x1),3.81 USD (x1),https://www.ribasmith.com/index.php/357874-marcadores-babrie-12pack.html
Escolar y Oficina,MARCADORES PINCEL DOBLE PUNTA,4.11 USD (x1),4.11 USD (x1),https://www.ribasmith.com/index.php/321775-marcadores-pincel-doble-punta.html
Escolar y Oficina,BLACK INK RETRACTABLE GEL PENS,11.45 USD (x1),11.45 USD (x1),https://www.ribasmith.com/index.php/349183-black-ink-retractable-gel-pens.html
Escolar y Oficina,SERIOUSLY FINE FELT TIP MARKER,14.25 USD (x1),14.25 USD (x1),https://www.ribasmith.com/index.php/362647-seriously-fine-felt-tip-marker.html
Escolar y Oficina,COLOR SHEEN METALLIC CLR GEL P,11.45 USD (x1),11.45 USD (x1),https://www.ribasmith.com/index.php/362648-color-sheen-metallic-clr-gel-p.html
Escolar y Oficina,YUMMY SCENTED METALLIC GEL PEN,6.15 USD (x1),6.15 USD (x1),https://www.ribasmith.com/index.php/362649-yummy-scented-metallic-gel-pen.html
Escolar y Oficina,COOKIE SCENTED GEL PEN,4.60 USD (x1),4.60 USD (x1),https://www.ribasmith.com/index.php/362650-cookie-scented-gel-pen.html
Escolar y Oficina,SCENTSCRIBER SCENTED 6 CLR PEN,1.34 USD (x1),1.34 USD (x1),https://www.ribasmith.com/index.php/356394-scentscriber-scented-6-clr-pen.html
Escolar y Oficina,CUADERNO MY BAG TEENS FEM,5.33 USD (x1),5.33 USD (x1),https://www.ribasmith.com/index.php/333626-cuaderno-my-bag-teens-fem.html
Escolar y Oficina,BAZIC ASST COLOR ERSBL GEL PEN,2.29 USD (x1),2.29 USD (x1),https://www.ribasmith.com/index.php/356391-bazic-asst-color-ersbl-gel-pen.html
Escolar y Oficina,BOLIGRAFO UB GEL ROJO 0.7,1.42 USD (x1),1.42 USD (x1),https://www.ribasmith.com/index.php/309660-boligrafo-ub-gel-rojo-0-7.html
Escolar y Oficina,BLISTER 3 BOLIGRAFO SURTIDO,1.05 USD (x1),1.05 USD (x1),https://www.ribasmith.com/index.php/357975-blister-3-boligrafo-surtido.html
Escolar y Oficina,MAGIC PUFFY PENS NEON SET 6,13.95 USD (x1),13.95 USD (x1),https://www.ribasmith.com/index.php/347955-magic-puffy-pens-neon-set-6.html
Escolar y Oficina,ESTUCHE SING PEN BRUSH PTA FLE,17.40 USD (x1),17.40 USD (x1),https://www.ribasmith.com/index.php/321031-estuche-sing-pen-brush-pta-fle.html
Escolar y Oficina,TUTTI RUITTI SCENTED GEL PENS,9.05 USD (x1),9.05 USD (x1),https://www.ribasmith.com/index.php/275744-tutti-ruitti-scented-gel-pens.html
Escolar y Oficina,MARCADOR ACRILICO SURTIDO 5PK,11.00 USD (x1),11.00 USD (x1),https://www.ribasmith.com/index.php/357922-marcador-acrilico-surtido-5pk.html
Escolar y Oficina,MARCADORES COLORES PASTELES X6,1.60 USD (x1),1.60 USD (x1),https://www.ribasmith.com/index.php/357985-marcadores-colores-pasteles-x6.html
Escolar y Oficina,MARCADOR ACRILICO BASE AGUA 2U,4.91 USD (x1),4.91 USD (x1),https://www.ribasmith.com/index.php/346769-marcador-acrilico-base-agua-2u.html
Escolar y Oficina,MARCADORES PUNTA FINA KIUT X12,3.19 USD (x1),3.19 USD (x1),https://www.ribasmith.com/index.php/357987-marcadores-punta-fina-kiut-x12.html
Escolar y Oficina,MARCADORES PUNTA FINA KIUT 12,4.48 USD (x1),4.48 USD (x1),https://www.ribasmith.com/index.php/357982-marcadores-punta-fina-kiut-12.html
Escolar y Oficina,MARCADORES CON BRILLO KIUT,5.33 USD (x1),5.33 USD (x1),https://www.ribasmith.com/index.php/357989-marcadores-con-brillo-kiut.html
Escolar y Oficina,POSTER BOARD ASST COLOR 22X14,1.28 USD (x1),1.28 USD (x1),https://www.ribasmith.com/index.php/321551-poster-board-asst-color-22x14.html
Escolar y Oficina,MARCADORES HARRI POTTER,3.54 USD (x1),3.54 USD (x1),https://www.ribasmith.com/index.php/357870-marcadores-harri-potter.html
Escolar y Oficina,BOLIGRAFOS NEON MAPED 10PACK,3.03 USD (x1),3.03 USD (x1),https://www.ribasmith.com/index.php/357873-boligrafos-neon-maped-10pack.html
Escolar y Oficina,CARTULINA DOBLE GRIS NEGRO,0.54 USD (x1),0.54 USD (x1),https://www.ribasmith.com/index.php/255704-cartulina-doble-gris-negro.html
Escolar y Oficina,50CT WASHABLE SUPER TIPS,8.95 USD (x1),8.95 USD (x1),https://www.ribasmith.com/index.php/78370-50ct-washable-super-tips.html
Escolar y Oficina,CARTULINA DOBLE PIEL CLARA OSC,0.56 USD (x1),0.56 USD (x1),https://www.ribasmith.com/index.php/255703-cartulina-doble-piel-clara-osc.html
Escolar y Oficina,CRAYOLA MARKER GLITTER 8CT,6.15 USD (x1),6.15 USD (x1),https://www.ribasmith.com/index.php/356452-crayola-marker-glitter-8ct.html
Escolar y Oficina,CRAYOLA FINE TIP MARKERS,5.54 USD (x1),5.54 USD (x1),https://www.ribasmith.com/index.php/110858-crayola-fine-tip-markers.html
Escolar y Oficina,CARTULINA DOBLE CHOCOLATE CAFE,0.56 USD (x1),0.56 USD (x1),https://www.ribasmith.com/index.php/255702-cartulina-doble-chocolate-cafe.html
Escolar y Oficina,SIGNATURE BRUSH- DETAIL MARKER,15.25 USD (x1),15.25 USD (x1),https://www.ribasmith.com/index.php/347602-signature-brush-detail-marker.html
Escolar y Oficina,CARTULINA DOBLE AQUA TURQUEZA,0.56 USD (x1),0.56 USD (x1),https://www.ribasmith.com/index.php/255701-cartulina-doble-aqua-turqueza.html
Escolar y Oficina,CARTULINA DOBLE VERDE LIMOM,0.56 USD (x1),0.56 USD (x1),https://www.ribasmith.com/index.php/255686-cartulina-doble-verde-limom.html
Escolar y Oficina,BROAD LINE MARKERS CLASSIC 12C,4.29 USD (x1),4.29 USD (x1),https://www.ribasmith.com/index.php/314415-broad-line-markers-classic-12c.html
Escolar y Oficina,MARKERS 100CT SUPERTIPS,19.72 USD (x1),19.72 USD (x1),https://www.ribasmith.com/index.php/291256-markers-100ct-supertips.html
Escolar y Oficina,CARTULINA DOBLE CELESTE AZUL,0.55 USD (x1),0.55 USD (x1),https://www.ribasmith.com/index.php/255684-cartulina-doble-celeste-azul.html
Escolar y Oficina,CARTULINA DOBLE LILA MORADO,0.56 USD (x1),0.56 USD (x1),https://www.ribasmith.com/index.php/255681-cartulina-doble-lila-morado.html
Escolar y Oficina,CRAYOLA MARKERS,8.30 USD (x1),8.30 USD (x1),https://www.ribasmith.com/index.php/304827-crayola-markers.html
Escolar y Oficina,CARTULINA DOBLE ROSADO FUCSIA,0.56 USD (x1),0.56 USD (x1),https://www.ribasmith.com/index.php/255680-cartulina-doble-rosado-fucsia.html
Escolar y Oficina,WNJ EVERY KINDNESS MATTERS,6.45 USD (x1),6.45 USD (x1),https://www.ribasmith.com/index.php/298556-wnj-every-kindness-matters.html
Escolar y Oficina,CARTLINA DOBLE NARANJA ROJO,0.56 USD (x1),0.56 USD (x1),https://www.ribasmith.com/index.php/255678-cartlina-doble-naranja-rojo.html
Escolar y Oficina,CUAD COSIDO KIUT 200 CUADR GDE,4.32 USD (x1),4.32 USD (x1),https://www.ribasmith.com/index.php/333193-cuad-cosido-kiut-200-cuadr-gde.html
Escolar y Oficina,PASTEL LINERS DOUBLE ENDED MAR,10.02 USD (x1),10.02 USD (x1),https://www.ribasmith.com/index.php/264409-pastel-liners-double-ended-mar.html
Escolar y Oficina,CUAD COSIDO PELUCHE FANTAS GDE,4.35 USD (x1),4.35 USD (x1),https://www.ribasmith.com/index.php/346197-cuad-cosido-peluche-fantas-gde.html
Escolar y Oficina,CARTULINA DOBLE COLOR AMARILLO,0.56 USD (x1),0.56 USD (x1),https://www.ribasmith.com/index.php/255677-cartulina-doble-color-amarillo.html
Escolar y Oficina,CUAD COSIDO POKEMON 100H,4.35 USD (x1),4.35 USD (x1),https://www.ribasmith.com/index.php/346199-cuad-cosido-pokemon-100h.html
Escolar y Oficina,CUAD COSIDO JEANBOOK 200 CUADR,4.32 USD (x1),4.32 USD (x1),https://www.ribasmith.com/index.php/333198-cuad-cosido-jeanbook-200-cuadr.html
Escolar y Oficina,BOLIGRAFO NEGRO 3UN,0.64 USD (x1),0.64 USD (x1),https://www.ribasmith.com/index.php/358226-boligrafo-negro-3un.html
Escolar y Oficina,MARKERS WASHABLE B/L,5.05 USD (x1),5.05 USD (x1),https://www.ribasmith.com/index.php/266448-markers-washable-b-l.html
Escolar y Oficina,5COLORS DUAL TIP CREATIVE MRKR,3.37 USD (x1),3.37 USD (x1),https://www.ribasmith.com/index.php/335194-5colors-dual-tip-creative-mrkr.html
Escolar y Oficina,SIGNATURE MTLIC PRMNT MARKERS,10.20 USD (x1),10.20 USD (x1),https://www.ribasmith.com/index.php/347601-signature-mtlic-prmnt-markers.html
Escolar y Oficina,CUAD COSIDO GDE MASTER FEM R/A,3.19 USD (x1),3.19 USD (x1),https://www.ribasmith.com/index.php/346734-cuad-cosido-gde-master-fem-r-a.html
Escolar y Oficina,PASTEL SUPERTIPS MARKERS,4.40 USD (x1),4.40 USD (x1),https://www.ribasmith.com/index.php/347584-pastel-supertips-markers.html
Escolar y Oficina,CALLIGRAPHY DUO MARKERS 12,11.95 USD (x1),11.95 USD (x1),https://www.ribasmith.com/index.php/347938-calligraphy-duo-markers-12.html
Escolar y Oficina,SWITCHERO SPARKLY CLR CHANG MK,13.50 USD (x1),13.50 USD (x1),https://www.ribasmith.com/index.php/347940-switchero-sparkly-clr-chang-mk.html
Escolar y Oficina,10CT TECNO B5RITE MARKERS,2.85 USD (x1),2.85 USD (x1),https://www.ribasmith.com/index.php/57465-10ct-tecno-b5rite-markers.html
Escolar y Oficina,CUAD COSIDO GDE SMILEYKID D/R,2.74 USD (x1),2.74 USD (x1),https://www.ribasmith.com/index.php/346684-cuad-cosido-gde-smileykid-d-r.html
Escolar y Oficina,CRAYOLA MARKERS BRIGHTER COLOR,2.95 USD (x1),2.95 USD (x1),https://www.ribasmith.com/index.php/41850-crayola-markers-brighter-color.html
Escolar y Oficina,CUAD COSIDO GDE VANIA BAC R/A,3.03 USD (x1),3.03 USD (x1),https://www.ribasmith.com/index.php/346678-cuad-cosido-gde-vania-bac-r-a.html
Escolar y Oficina,10CT CLASSIC FINE LINE MARKERS,2.85 USD (x1),2.85 USD (x1),https://www.ribasmith.com/index.php/57466-10ct-classic-fine-line-markers.html
Escolar y Oficina,SNACKLE - 6 COMP GUMMY BEARS,9.24 USD (x1),9.24 USD (x1),https://www.ribasmith.com/index.php/348649-snackle-6-comp-gummy-bears.html
Escolar y Oficina,CUAD COSIDO GDE STAR WARS R/A,2.85 USD (x1),2.85 USD (x1),https://www.ribasmith.com/index.php/346665-cuad-cosido-gde-star-wars-r-a.html
Escolar y Oficina,DOUBLE ENDED STAMP & BRSH MRKR,15.93 USD (x1),15.93 USD (x1),https://www.ribasmith.com/index.php/347939-double-ended-stamp-brsh-mrkr.html
Escolar y Oficina,CUAD PASTA DURA PLUS COLOR RA,4.86 USD (x1),4.86 USD (x1),https://www.ribasmith.com/index.php/346306-cuad-pasta-dura-plus-color-ra.html
Escolar y Oficina,VIVIP POP WATER BASE METAL MRK,13.30 USD (x1),13.30 USD (x1),https://www.ribasmith.com/index.php/347937-vivip-pop-water-base-metal-mrk.html
Escolar y Oficina,SNACKLE-6 COMP - RAINBOW,9.24 USD (x1),9.24 USD (x1),https://www.ribasmith.com/index.php/348651-snackle-6-comp-rainbow.html
Escolar y Oficina,CUAD COSIDO POKEMON DIBUJO,4.35 USD (x1),4.35 USD (x1),https://www.ribasmith.com/index.php/346202-cuad-cosido-pokemon-dibujo.html
Escolar y Oficina,SNACKLE BOX MINI FLOWERS,9.24 USD (x1),9.24 USD (x1),https://www.ribasmith.com/index.php/348646-snackle-box-mini-flowers.html
Escolar y Oficina,DOUBLE UP DOUBLE ENDED MARKERS,5.50 USD (x1),5.50 USD (x1),https://www.ribasmith.com/index.php/347936-double-up-double-ended-markers.html
Escolar y Oficina,3 PART DIVIDER PARADISE AQUA,15.76 USD (x1),15.76 USD (x1),https://www.ribasmith.com/index.php/333980-3-part-divider-paradise-aqua.html
Escolar y Oficina,CUAD COSIDO POKEMON CUADROS,4.35 USD (x1),4.35 USD (x1),https://www.ribasmith.com/index.php/346201-cuad-cosido-pokemon-cuadros.html
Escolar y Oficina,COLOR SHEEN METALLIC MARKERS12,10.67 USD (x1),10.67 USD (x1),https://www.ribasmith.com/index.php/347935-color-sheen-metallic-markers12.html
Escolar y Oficina,DOUBLE ENDED STAMP MARKERS CLR,15.05 USD (x1),15.05 USD (x1),https://www.ribasmith.com/index.php/347933-double-ended-stamp-markers-clr.html
Escolar y Oficina,JWORLD JWORLD COREY SAFARI UN UN,13.05 USD (x1),13.05 USD (x1),https://www.ribasmith.com/index.php/282435-jworld-jworld-corey-safari-un-un.html
Escolar y Oficina,SILLY SCENTS SMASHUPS FINE LIN,4.12 USD (x1),4.12 USD (x1),https://www.ribasmith.com/index.php/347592-silly-scents-smashups-fine-lin.html
Escolar y Oficina,JWORLD CARA LUNCH BAG BLACK UN,15.90 USD (x1),15.90 USD (x1),https://www.ribasmith.com/index.php/282424-jworld-cara-lunch-bag-black-un.html
Escolar y Oficina,SILLY SCENTS SMASHUPS DUAL-END,6.55 USD (x1),6.55 USD (x1),https://www.ribasmith.com/index.php/347591-silly-scents-smashups-dual-end.html
Escolar y Oficina,BIC CLASSIC POUCH 4 PCS AZUL UN,0.90 USD (x1),0.90 USD (x1),https://www.ribasmith.com/index.php/124237-bic-classic-pouch-4-pcs-azul-un.html
Escolar y Oficina,SILLY SCENTS SMASHUPS BROADLIN,3.61 USD (x1),3.61 USD (x1),https://www.ribasmith.com/index.php/347589-silly-scents-smashups-broadlin.html
Escolar y Oficina,BAZIC BLK ERASABLE GEL PEN W G,0.91 USD (x1),0.91 USD (x1),https://www.ribasmith.com/index.php/356389-bazic-blk-erasable-gel-pen-w-g.html
Escolar y Oficina,NEON WASHABLE MARKERS,3.35 USD (x1),3.35 USD (x1),https://www.ribasmith.com/index.php/347588-neon-washable-markers.html
Escolar y Oficina,BAZIC BLK ERASABLE GEL PEN 2PK,1.17 USD (x1),1.17 USD (x1),https://www.ribasmith.com/index.php/356387-bazic-blk-erasable-gel-pen-2pk.html
Escolar y Oficina,BAZIC BLUE ERASABLE GEL PEN 2P,1.17 USD (x1),1.17 USD (x1),https://www.ribasmith.com/index.php/356388-bazic-blue-erasable-gel-pen-2p.html
Escolar y Oficina,WASHABLE MARKERS OF KINDNESS,2.95 USD (x1),2.95 USD (x1),https://www.ribasmith.com/index.php/347579-washable-markers-of-kindness.html
Escolar y Oficina,BOLD & BRIGHT WASHABLE MARKERS,5.84 USD (x1),5.84 USD (x1),https://www.ribasmith.com/index.php/347563-bold-bright-washable-markers.html
Escolar y Oficina,BAZIC BLK ERSBL GEL RETRCT PEN,1.21 USD (x1),1.21 USD (x1),https://www.ribasmith.com/index.php/356392-bazic-blk-ersbl-gel-retrct-pen.html
Escolar y Oficina,GRAPHITE PENCILS + ERASER,9.05 USD (x1),9.05 USD (x1),https://www.ribasmith.com/index.php/362643-graphite-pencils-eraser.html
Escolar y Oficina,BAZIC BLUE ERASABLE GEL PEN W,0.91 USD (x1),0.91 USD (x1),https://www.ribasmith.com/index.php/356390-bazic-blue-erasable-gel-pen-w.html
Escolar y Oficina,GOMA SILICONA GRUESA 3PK,1.13 USD (x1),1.13 USD (x1),https://www.ribasmith.com/index.php/358268-goma-silicona-gruesa-3pk.html
Escolar y Oficina,PIP- SQUEAKS EMOJI MARKERS,7.78 USD (x1),7.78 USD (x1),https://www.ribasmith.com/index.php/347560-pip-squeaks-emoji-markers.html
Escolar y Oficina,CAJA DE BOLIGRAFOS AZULES 10PK,2.71 USD (x1),2.71 USD (x1),https://www.ribasmith.com/index.php/357973-caja-de-boligrafos-azules-10pk.html
Escolar y Oficina,LAPICES PRISMACOLOR 12 METALIC,4.11 USD (x1),4.11 USD (x1),https://www.ribasmith.com/index.php/357935-lapices-prismacolor-12-metalic.html
Escolar y Oficina,BOLSA GOMA SILICON 3PK SYSABE,0.58 USD (x1),0.58 USD (x1),https://www.ribasmith.com/index.php/358266-bolsa-goma-silicon-3pk-sysabe.html
Escolar y Oficina,CUAD COSIDO JEANBOOK 200 R/A,4.32 USD (x1),4.32 USD (x1),https://www.ribasmith.com/index.php/333196-cuad-cosido-jeanbook-200-r-a.html
Escolar y Oficina,BOLIGRAFO NEGRO FLOATUNE,1.96 USD (x1),1.96 USD (x1),https://www.ribasmith.com/index.php/358198-boligrafo-negro-floatune.html
Escolar y Oficina,MARCADOR COLORES 24U,4.43 USD (x1),4.43 USD (x1),https://www.ribasmith.com/index.php/333668-marcador-colores-24u.html
Escolar y Oficina,LIRA BLACK ROLLERBALL PEN 3PK,1.35 USD (x1),1.35 USD (x1),https://www.ribasmith.com/index.php/350691-lira-black-rollerball-pen-3pk.html
Escolar y Oficina,BOLSA DE GOMA SILICON 5PK,0.87 USD (x1),0.87 USD (x1),https://www.ribasmith.com/index.php/358267-bolsa-de-goma-silicon-5pk.html
Escolar y Oficina,LIBRETA RAYA ANCHA PRINCESA,3.69 USD (x1),3.69 USD (x1),https://www.ribasmith.com/index.php/357909-libreta-raya-ancha-princesa.html
Escolar y Oficina,STAY SHARP PENCIL,7.50 USD (x1),7.50 USD (x1),https://www.ribasmith.com/index.php/275763-stay-sharp-pencil.html
Escolar y Oficina,CALLUM BLUE JUMBO INK RB PEN 2,1.75 USD (x1),1.75 USD (x1),https://www.ribasmith.com/index.php/350692-callum-blue-jumbo-ink-rb-pen-2.html
Escolar y Oficina,CLEAR SIDE LOAD LTTR STRNG ENV,0.69 USD (x1),0.69 USD (x1),https://www.ribasmith.com/index.php/326551-clear-side-load-lttr-strng-env.html
Escolar y Oficina,MARCADOR MONSTER COLORS,6.25 USD (x1),6.25 USD (x1),https://www.ribasmith.com/index.php/309712-marcador-monster-colors.html
Escolar y Oficina,CUAD COSIDO FERRARI 200 R/A GD,4.32 USD (x1),4.32 USD (x1),https://www.ribasmith.com/index.php/333191-cuad-cosido-ferrari-200-r-a-gd.html
Escolar y Oficina,SKYLAR 0.4MM BLK FNLNR PEN 4PK,1.40 USD (x1),1.40 USD (x1),https://www.ribasmith.com/index.php/335167-skylar-0-4mm-blk-fnlnr-pen-4pk.html
Escolar y Oficina,LIBRETA PD GDE HUELLITAS 80 H,4.86 USD (x1),4.86 USD (x1),https://www.ribasmith.com/index.php/346764-libreta-pd-gde-huellitas-80-h.html
Escolar y Oficina,WRITE ON: NOTEBOOK,6.35 USD (x1),6.35 USD (x1),https://www.ribasmith.com/index.php/362637-write-on-notebook.html
Escolar y Oficina,BOLIGRAFO CRISTAL MEDIANO AZUL,0.75 USD (x1),0.75 USD (x1),https://www.ribasmith.com/index.php/321328-boligrafo-cristal-mediano-azul.html
Escolar y Oficina,SILICONA BLANCA 100 ML,1.17 USD (x1),1.17 USD (x1),https://www.ribasmith.com/index.php/312686-silicona-blanca-100-ml.html
Escolar y Oficina,CAJA BOLIGRAFOS NEGROS 10PK,2.71 USD (x1),2.71 USD (x1),https://www.ribasmith.com/index.php/357974-caja-boligrafos-negros-10pk.html
Escolar y Oficina,HEARTS IN BLOOM ERASERS,4.55 USD (x1),4.55 USD (x1),https://www.ribasmith.com/index.php/362618-hearts-in-bloom-erasers.html
Escolar y Oficina,FIV STAR XPANZ ZIP BND0 ASST,25.76 USD (x1),25.76 USD (x1),https://www.ribasmith.com/index.php/240013-fiv-star-xpanz-zip-bnd0-asst.html
Escolar y Oficina,WIRE O LIFE IS BEAUTIFUL,9.36 USD (x1),9.36 USD (x1),https://www.ribasmith.com/index.php/298552-wire-o-life-is-beautiful.html
Escolar y Oficina,MARCADOR ACRILICO P.FINA COLOR,11.97 USD (x1),11.97 USD (x1),https://www.ribasmith.com/index.php/346770-marcador-acrilico-p-fina-color.html
Escolar y Oficina,CUAD COSIDO STREET RACER 200RA,4.32 USD (x1),4.32 USD (x1),https://www.ribasmith.com/index.php/333187-cuad-cosido-street-racer-200ra.html
Escolar y Oficina,BLISTER 3 BOLIGRAFOS NEGROS KI,1.05 USD (x1),1.05 USD (x1),https://www.ribasmith.com/index.php/357976-blister-3-boligrafos-negros-ki.html
Escolar y Oficina,GIRL SCOUTS COOKIE SCENTED ERA,6.15 USD (x1),6.15 USD (x1),https://www.ribasmith.com/index.php/362625-girl-scouts-cookie-scented-era.html
Escolar y Oficina,FIVE STAR TECH BINDER IN ASST,19.03 USD (x1),19.03 USD (x1),https://www.ribasmith.com/index.php/174405-five-star-tech-binder-in-asst.html
Escolar y Oficina,BRIGHT WRITERS CLR BALLPOI PEN,6.64 USD (x1),6.64 USD (x1),https://www.ribasmith.com/index.php/347951-bright-writers-clr-ballpoi-pen.html
Escolar y Oficina,CUADERNO NARUTO R ANCHA,2.99 USD (x1),2.99 USD (x1),https://www.ribasmith.com/index.php/357915-cuaderno-naruto-r-ancha.html
Escolar y Oficina,GOMA SILICONE LIQUIDO 500 ML,6.00 USD (x1),6.00 USD (x1),https://www.ribasmith.com/index.php/224249-goma-silicone-liquido-500-ml.html
Escolar y Oficina,BOLIGRAFO CRISTAL MEDIANO NEGR,0.98 USD (x1),0.98 USD (x1),https://www.ribasmith.com/index.php/321326-boligrafo-cristal-mediano-negr.html
Escolar y Oficina,QUICK DRY PAINT STICKS,7.43 USD (x1),7.43 USD (x1),https://www.ribasmith.com/index.php/345809-quick-dry-paint-sticks.html
Escolar y Oficina,LIBRETA EDO MASC R/A 100H,4.32 USD (x1),4.32 USD (x1),https://www.ribasmith.com/index.php/346768-libreta-edo-masc-r-a-100h.html
Escolar y Oficina,CUAD CORSARIO PLUS NIÑO D/R,2.07 USD (x1),2.07 USD (x1),https://www.ribasmith.com/index.php/321843-cuad-corsario-plus-ni-o-d-r.html
Escolar y Oficina,BARRA DE SILICONA 11.2X300 MM,0.34 USD (x1),0.34 USD (x1),https://www.ribasmith.com/index.php/198507-barra-de-silicona-11-2x300-mm.html
Escolar y Oficina,PETITE SWEETS ICE CREAM SCENTE,4.02 USD (x1),4.02 USD (x1),https://www.ribasmith.com/index.php/254511-petite-sweets-ice-cream-scente.html
Escolar y Oficina,HEART POPS: NEON HIGHLIGHTERS,10.35 USD (x1),10.35 USD (x1),https://www.ribasmith.com/index.php/362645-heart-pops-neon-highlighters.html
Escolar y Oficina,CARPETA RESORTE STREET RACER,3.16 USD (x1),3.16 USD (x1),https://www.ribasmith.com/index.php/181301-carpeta-resorte-street-racer.html
Escolar y Oficina,MARCADOR PARA TELAS 5 UN,1.63 USD (x1),1.63 USD (x1),https://www.ribasmith.com/index.php/346833-marcador-para-telas-5-un.html
Escolar y Oficina,STAND AND STORE PENCIL POUCH,7.04 USD (x1),7.04 USD (x1),https://www.ribasmith.com/index.php/164000-stand-and-store-pencil-pouch.html
Escolar y Oficina,SWEET SCOOPS: NEON HIGHLIGHTER,5.60 USD (x1),5.60 USD (x1),https://www.ribasmith.com/index.php/362646-sweet-scoops-neon-highlighter.html
Escolar y Oficina,SIX CLICK GEL PEN,6.85 USD (x1),6.85 USD (x1),https://www.ribasmith.com/index.php/347941-six-click-gel-pen.html
Escolar y Oficina,PINTURA ACRILICO VIOLETA PROFU,2.92 USD (x1),2.92 USD (x1),https://www.ribasmith.com/index.php/255115-pintura-acrilico-violeta-profu.html
Escolar y Oficina,CUAD CORSARIO PLUS NIÑA R/A,2.97 USD (x1),2.97 USD (x1),https://www.ribasmith.com/index.php/321837-cuad-corsario-plus-ni-a-r-a.html
Escolar y Oficina,CUAD COSIDO 8X10.5 SENC R/A,2.90 USD (x1),2.90 USD (x1),https://www.ribasmith.com/index.php/321833-cuad-cosido-8x10-5-senc-r-a.html
Escolar y Oficina,CANGURERA JAVIER NAVY,9.71 USD (x1),9.71 USD (x1),https://www.ribasmith.com/index.php/334830-cangurera-javier-navy.html
Escolar y Oficina,JELLY GLOSS NEON MS GEL PENS,11.45 USD (x1),11.45 USD (x1),https://www.ribasmith.com/index.php/347958-jelly-gloss-neon-ms-gel-pens.html
Escolar y Oficina,CUAD COSIDO GDE D/R 96PG COLOR,1.58 USD (x1),1.58 USD (x1),https://www.ribasmith.com/index.php/321832-cuad-cosido-gde-d-r-96pg-color.html
Escolar y Oficina,CUADERNO D R KPOP COSIDO,3.19 USD (x1),3.19 USD (x1),https://www.ribasmith.com/index.php/357953-cuaderno-d-r-kpop-cosido.html
Escolar y Oficina,TAKE NOTE 6CT SLIM ERASBL HIGH,5.30 USD (x1),5.30 USD (x1),https://www.ribasmith.com/index.php/274457-take-note-6ct-slim-erasbl-high.html
Escolar y Oficina,MY FIRST MODELING KIT,15.83 USD (x1),15.83 USD (x1),https://www.ribasmith.com/index.php/282669-my-first-modeling-kit.html
Escolar y Oficina,MARCADOR POSCA PLATEADO 3M,1.94 USD (x1),1.94 USD (x1),https://www.ribasmith.com/index.php/346784-marcador-posca-plateado-3m.html
Escolar y Oficina,CART FLUOR AZUL CELESTIAL,0.86 USD (x1),0.86 USD (x1),https://www.ribasmith.com/index.php/172565-cart-fluor-azul-celestial.html
Escolar y Oficina,POLY FILE 6 PACK 9 25,9.25 USD (x1),9.25 USD (x1),https://www.ribasmith.com/index.php/41504-poly-file-6-pack-9-25.html
Escolar y Oficina,CART FLUOR ELECTRIC YELLOW,0.85 USD (x1),0.85 USD (x1),https://www.ribasmith.com/index.php/172564-cart-fluor-electric-yellow.html
Escolar y Oficina,MARCADOR POSCA ROJO 3M,1.94 USD (x1),1.94 USD (x1),https://www.ribasmith.com/index.php/346783-marcador-posca-rojo-3m.html
Farmacia,CURITA TRANSP S 80S,6.58 USD (x1),6.58 USD (x1),https://www.ribasmith.com/index.php/curita-transp-s-80s-12681.html
Farmacia,GUMIVIT VITAMINA C BOLSA 12 UN,8.99 USD (x1),8.99 USD (x1),https://www.ribasmith.com/index.php/gumivit-vitamina-c-bolsa-12-un-132743.html
Farmacia,MARAVILLA CURATIVA 8 OZ,5.09 USD (x1),5.09 USD (x1),https://www.ribasmith.com/index.php/maravilla-curativa-8-oz.html
Farmacia,CURE BAND PREMIUM X 30,2.05 USD (x1),2.05 USD (x1),https://www.ribasmith.com/index.php/cure-band-premium-x-30.html
Farmacia,PEPTO BISMOL 12 8,7.67 USD (x1),7.67 USD (x1),https://www.ribasmith.com/index.php/9491-pepto-bismol-12-8.html
Farmacia,VICK VAPORUB REGULAR,8.24 USD (x1),8.24 USD (x1),https://www.ribasmith.com/index.php/vick-vaporub-regular.html
Farmacia,NAZIL OFTENNO GOTERO 15ML,6.35 USD (x1),6.35 USD (x1),https://www.ribasmith.com/index.php/nazil-oftenno-gotero-15ml.html
Farmacia,FABRIC FLEXIBLE 3 4 40 S,4.17 USD (x1),4.17 USD (x1),https://www.ribasmith.com/index.php/fabric-flexible-3-4-40-s.html
Farmacia,ASPIRINA FORTE X 20 TBS,4.33 USD (x1),4.33 USD (x1),https://www.ribasmith.com/index.php/aspirina-forte-x-20-tbs.html
Farmacia,CURAD TELFA PAD 3X4,4.90 USD (x1),4.90 USD (x1),https://www.ribasmith.com/index.php/curad-telfa-pad-3x4.html
Farmacia,ACETAMINOFEN MK 500 ML X 20TAB,2.19 USD (x1),2.19 USD (x1),https://www.ribasmith.com/index.php/113297.html
Farmacia,HP CURITA IMPERMEABLES,2.50 USD (x1),2.50 USD (x1),https://www.ribasmith.com/index.php/hp-curita-impermeables.html
Farmacia,AGUA MARAVILLA 4 OZ,3.31 USD (x1),3.31 USD (x1),https://www.ribasmith.com/index.php/agua-maravilla-4-oz.html
Farmacia,TABCIN LIQ GEL NOCHE 12 UN,7.49 USD (x1),7.49 USD (x1),https://www.ribasmith.com/index.php/tabcin-liq-gel-noche-12-un.html
Farmacia,GASTRIGEL MASTICABLE,6.03 USD (x1),6.03 USD (x1),https://www.ribasmith.com/index.php/gastrigel-masticable.html
Farmacia,VICK BEBE BALSAMO,4.74 USD (x1),4.74 USD (x1),https://www.ribasmith.com/index.php/vick-bebe-balsamo-277871.html
Farmacia,SHAMPOO INTERFLEX 200 ML,7.38 USD (x1),7.38 USD (x1),https://www.ribasmith.com/index.php/168722.html
Farmacia,CALADRYL CLEAR 100 ML,9.92 USD (x1),9.92 USD (x1),https://www.ribasmith.com/index.php/76667.html
Farmacia,TYLENOL SUSPENSION INFANTIL 120ML,6.01 USD (x1),6.01 USD (x1),https://www.ribasmith.com/index.php/5605-tylenol-suspension-cereza-4-oz.html
Farmacia,PANADOL GOTAS (FRASCO)15ML,4.97 USD (x1),4.97 USD (x1),https://www.ribasmith.com/index.php/492.html
Farmacia,CREMASTEN CREMA 20 GR,5.97 USD (x1),5.97 USD (x1),https://www.ribasmith.com/index.php/11247.html
Farmacia,BERIFEN GEL 20GR,4.97 USD (x1),4.97 USD (x1),https://www.ribasmith.com/index.php/60058.html
Farmacia,VOLTAREN EMULGEL TUBO 100 GR,24.50 USD (x1),24.50 USD (x1),https://www.ribasmith.com/index.php/150932-voltaren-emulgel-tubo-100-gr-precios-especiales.html
Farmacia,ACERTAR 750 MG 20 COMP,0.32 USD (x1),0.32 USD (x1),https://www.ribasmith.com/index.php/148726-acertar 750 mg  20 comp.html
Farmacia,PARCHE KAN TON,7.04 USD (x1),7.04 USD (x1),https://www.ribasmith.com/index.php/194169.html
Farmacia,RENU PLUS 120 ML NO RUB,6.70 USD (x1),6.70 USD (x1),https://www.ribasmith.com/index.php/105942.html
Farmacia,GUANTES TALLA LARGE LATEX,7.37 USD (x1),7.37 USD (x1),https://www.ribasmith.com/index.php/guantes-talla-large-latex-287544.html
Farmacia,B COMPLEX + VIT C,13.25 USD (x1),13.25 USD (x1),https://www.ribasmith.com/index.php/191273.html
Farmacia,C 1000MG WITH ROSE HIPS 100TAB,17.35 USD (x1),17.35 USD (x1),https://www.ribasmith.com/index.php/8337.html
Farmacia,VITAMIN B-12 100 TAB,10.84 USD (x1),10.84 USD (x1),https://www.ribasmith.com/index.php/256457.html
Farmacia,IRON 28 MG GENTE MINERAL,8.58 USD (x1),8.58 USD (x1),https://www.ribasmith.com/index.php/233935.html
Farmacia,E 400 PURE DL ALPHA,21.65 USD (x1),21.65 USD (x1),https://www.ribasmith.com/index.php/178962.html
Farmacia,ZINC CHELATED 50 MG,11.33 USD (x1),11.33 USD (x1),https://www.ribasmith.com/index.php/174390.html
Farmacia,CALCIUM 600 MG,22.93 USD (x1),22.93 USD (x1),https://www.ribasmith.com/index.php/256623.html
Farmacia,GINKGO BILOBA 100 CAPS,20.19 USD (x1),20.19 USD (x1),https://www.ribasmith.com/index.php/195991.html
Farmacia,SKIN HAIR & NALLS,11.34 USD (x1),11.94 USD (x1),https://www.ribasmith.com/index.php/174848.html
Farmacia,BIOTIN 60 SOFTGELS,13.90 USD (x1),13.90 USD (x1),https://www.ribasmith.com/index.php/195918.html
Farmacia,VITAMIN D3 2000IU,12.67 USD (x1),12.67 USD (x1),https://www.ribasmith.com/index.php/195913.html
Farmacia,CO Q 10 PLUS 60 TABS,29.32 USD (x1),29.32 USD (x1),https://www.ribasmith.com/index.php/195914.html
Farmacia,MINI FISH OIL 90 CAPS,19.45 USD (x1),19.45 USD (x1),https://www.ribasmith.com/index.php/205485.html
Farmacia,NB MELATONIN 10 MG,17.82 USD (x1),17.82 USD (x1),https://www.ribasmith.com/index.php/213370.html
Farmacia,VIT D 5000 IU 200,29.71 USD (x1),29.71 USD (x1),https://www.ribasmith.com/index.php/241738.html
Farmacia,D3 2000 IU 2PACK,22.24 USD (x1),22.24 USD (x1),https://www.ribasmith.com/index.php/256617.html
Farmacia,IRON 65 MG FERROUS SULFATE,8.29 USD (x1),8.29 USD (x1),https://www.ribasmith.com/index.php/141280.html
Farmacia,CALCIO MAGNESIO Y ZINC,8.47 USD (x1),8.47 USD (x1),https://www.ribasmith.com/index.php/204363.html
Farmacia,CLUCOSAMINE CHONDROITIN,36.91 USD (x1),36.91 USD (x1),https://www.ribasmith.com/index.php/187536.html
Farmacia,TRIPLE OMEGA 3-6-9,33.82 USD (x1),33.82 USD (x1),https://www.ribasmith.com/index.php/182797.html
Farmacia,CLOREXIL DESENSIBILIZANTE,17.57 USD (x1),17.57 USD (x1),https://www.ribasmith.com/index.php/clorexil-desensibilizante-187004.html
Farmacia,ZEPOL CREMA ADULTO 30 GR,2.00 USD (x1),2.00 USD (x1),https://www.ribasmith.com/index.php/zepol-resfrios-crema-232934.html
Farmacia,ANTHELIO XL ULTR LIGERA 50+,34.83 USD (x1),34.83 USD (x1),https://www.ribasmith.com/index.php/anthelio-xl-ultr-ligera-50-244271.html
Farmacia,MUSSVITAL DEO HYPERHIDROSIS RO,6.77 USD (x1),6.77 USD (x1),https://www.ribasmith.com/index.php/mussvital-deo-hyperhidrosis-ro-268076.html
Farmacia,CONCENTRADO ILUMINADOR,15.15 USD (x1),15.15 USD (x1),https://www.ribasmith.com/index.php/concentrado-iluminador-276419.html
Farmacia,GELICART COLAGENO HIDROLIZADO,1.87 USD (x1),1.87 USD (x1),https://www.ribasmith.com/index.php/gelicart-colageno-hidrolizado-213103.html
Farmacia,MELATONIN 5 MG,20.24 USD (x1),20.24 USD (x1),https://www.ribasmith.com/index.php/melatonin-5-mg-195792.html
Farmacia,EUCERIN CR LIQ INTENSIVA 250ML,21.75 USD (x1),21.75 USD (x1),https://www.ribasmith.com/index.php/eucerin-cr-liq-intensiva-250ml-140258.html
Farmacia,PHARMATON VITALITY 90 TABS,0.45 USD (x1),0.45 USD (x1),https://www.ribasmith.com/index.php/pharmaton-vitality-90-tabs-281560.html
Farmacia,GLUCOMETRO ON CALL EXPRESS KIT,49.83 USD (x1),49.83 USD (x1),https://www.ribasmith.com/index.php/glucometro-on-call-express-kit-256641.html
Farmacia,PECTORAL SAN MARTIN 120ML,4.10 USD (x1),4.10 USD (x1),https://www.ribasmith.com/index.php/11268.html
Farmacia,UNGUENTO WITFIELD TUBO 28,3.96 USD (x1),3.96 USD (x1),https://www.ribasmith.com/index.php/11279.html
Farmacia,HAIR SKIN NAIL,11.24 USD (x1),11.24 USD (x1),https://www.ribasmith.com/index.php/177535.html
Farmacia,COLLAGEN WITH VITAMINA,12.90 USD (x1),12.90 USD (x1),https://www.ribasmith.com/index.php/177546.html
Farmacia,OMEGA 3-6-9,14.63 USD (x1),14.63 USD (x1),https://www.ribasmith.com/index.php/177762.html
Farmacia,ORTHO KIN 500ML COLUT,23.29 USD (x1),23.29 USD (x1),https://www.ribasmith.com/index.php/ortho-kin-500ml-colut-35464.html
Farmacia,CARIAX GINGIVAL 75ML,18.83 USD (x1),18.83 USD (x1),https://www.ribasmith.com/index.php/cariax-gingival-75ml-35506.html
Farmacia,ACCU CHEK INSTANT KIT,64.85 USD (x1),64.85 USD (x1),https://www.ribasmith.com/index.php/275046.html
Farmacia,ACCU CHEK INSTANT 50CT STRIP,41.80 USD (x1),41.80 USD (x1),https://www.ribasmith.com/index.php/275051.html
Farmacia,ARTROSAMIN CREMA 8 OZ,20.03 USD (x1),20.03 USD (x1),https://www.ribasmith.com/index.php/artrosamin-crema-8-oz-114030.html
Farmacia,ACEITE CASTOR ACEITE DE RECINO,2.75 USD (x1),3.06 USD (x1),https://www.ribasmith.com/index.php/aceite-castor-aceite-de-recino-140274.html
Farmacia,KIN HIDRAT SPRA 40 ML,23.53 USD (x1),23.53 USD (x1),https://www.ribasmith.com/index.php/kin-hidrat-spra-40-ml-160733.html
Farmacia,BEZADOL SUSPENSION ORAL,2.85 USD (x1),2.85 USD (x1),https://www.ribasmith.com/index.php/bezadol-suspension-oral-172595.html
Farmacia,STERIMAR BEBE 50 ML,13.98 USD (x1),13.98 USD (x1),https://www.ribasmith.com/index.php/sterimar-bebe-50-ml-155014.html
Farmacia,FOLIPIL SHAMPOO ANTICAIDA,32.75 USD (x1),32.75 USD (x1),https://www.ribasmith.com/index.php/folipil-shampoo-anticaida-196298.html
Farmacia,SAUGELLA POLIHYN LIQ,14.04 USD (x1),14.04 USD (x1),https://www.ribasmith.com/index.php/saugella-polihyn-liq-199978.html
Farmacia,NASA MIST SPRAY 75 ML,10.65 USD (x1),10.65 USD (x1),https://www.ribasmith.com/index.php/nasa-mist-spray-75-ml-208823.html
Farmacia,SINUS RINSE ADULTO,17.60 USD (x1),17.60 USD (x1),https://www.ribasmith.com/index.php/sinus-rinse-adulto-208831.html
Farmacia,OLEODERM GX CREMA 200 GR,21.43 USD (x1),21.43 USD (x1),https://www.ribasmith.com/index.php/oleoderm-gx-crema-200-gr-209452.html
Farmacia,OLEODERM GC JABON CREMOSO,9.13 USD (x1),9.13 USD (x1),https://www.ribasmith.com/index.php/oleoderm-gc-jabon-cremoso-209457.html
Farmacia,MUXELIX JARABE,8.49 USD (x1),8.49 USD (x1),https://www.ribasmith.com/index.php/muxelix-jarabe-226161.html
Farmacia,UMBRELLA KIDS 50+,28.00 USD (x1),28.00 USD (x1),https://www.ribasmith.com/index.php/umbrella-kids-50-226516.html
Farmacia,PRODIGY AUTOCODE KIT HABLA,49.41 USD (x1),49.41 USD (x1),https://www.ribasmith.com/index.php/prodigy-autocode-kit-habla-229521.html
Farmacia,KIN ORO CREMA FU,14.00 USD (x1),14.00 USD (x1),https://www.ribasmith.com/index.php/kin-oro-crema-fu-232613.html
Farmacia,CIRUELAX JALEA FORTE 150G,8.85 USD (x1),8.85 USD (x1),https://www.ribasmith.com/index.php/ciruelax-jalea-forte-150g-235114.html
Farmacia,PROSOURCE NO CARB BOTELLA,70.59 USD (x1),70.59 USD (x1),https://www.ribasmith.com/index.php/prosource-no-carb-botella-240091.html
Farmacia,BETAPIROX CHAMPU,22.39 USD (x1),22.39 USD (x1),https://www.ribasmith.com/index.php/betapirox-champu-241124.html
Farmacia,ABRILAR JARABE 200 ML,17.85 USD (x1),17.85 USD (x1),https://www.ribasmith.com/index.php/abrilar-jarabe-200-ml-242149.html
Farmacia,ARTROSAMIN POLVO FORTE,2.89 USD (x1),2.89 USD (x1),https://www.ribasmith.com/index.php/artrosamin-polvo-forte-245131.html
Farmacia,UROBERRY EXTR CRANBERRY,1.35 USD (x1),1.35 USD (x1),https://www.ribasmith.com/index.php/252070-uroberry-extr-cranberry.html
Farmacia,FILTROSOL GEL 50+,14.93 USD (x1),14.93 USD (x1),https://www.ribasmith.com/index.php/filtrosol-gel-50-258773.html
Farmacia,FILTROSOL CREMA 50 60 GR,14.92 USD (x1),14.92 USD (x1),https://www.ribasmith.com/index.php/filtrosol-crema-50-60-gr-259905.html
Farmacia,UA 767 F MONITOR DE PRESION,80.40 USD (x1),80.40 USD (x1),https://www.ribasmith.com/index.php/ua-767-f-monitor-de-presion-264131.html
Farmacia,COMPLETE OMEGA 3-6-9 60 CAPS,31.18 USD (x1),31.18 USD (x1),https://www.ribasmith.com/index.php/complete-omega-3-6-9-60-caps-264134.html
Farmacia,NASAL MIST SPRAY HYPERTONIC,15.77 USD (x1),15.77 USD (x1),https://www.ribasmith.com/index.php/nasal-mist-spray-hypertonic-265890.html
Farmacia,KIN B5 ENJUAGUE 847000384776,27.21 USD (x1),27.21 USD (x1),https://www.ribasmith.com/index.php/kin-b5-enjuague-847000384776-281000.html
Farmacia,TABCIN EFV GT X 12 TAB,6.19 USD (x1),6.19 USD (x1),https://www.ribasmith.com/index.php/alleta-sandwich-combinacion-18529.html
Farmacia,ENJ PERIOGARD 250 ML,11.48 USD (x1),11.48 USD (x1),https://www.ribasmith.com/index.php/enj-periogard-250-ml-148096.html
Farmacia,ALCOHOL LUX 24 16,1.60 USD (x1),1.60 USD (x1),https://www.ribasmith.com/index.php/alcohol-lux-24-16-19282.html
Farmacia,TYLENOL SUSPENSION PEDIATRICA 15 ML,4.24 USD (x1),4.24 USD (x1),https://www.ribasmith.com/index.php/170856.html
Farmacia,CO DIOVAN 160/12 5 MG 28 COMP,2.90 USD (x1),2.90 USD (x1),https://www.ribasmith.com/index.php/co-diovan-160-12-5-mg-28-comp-145571.html
Farmacia,CURE BAND TRANSP 20 UN,2.06 USD (x1),2.06 USD (x1),https://www.ribasmith.com/index.php/cure-band-transp-20-un-134261.html
Farmacia,EXTRA STRENGTH HAIR SKIN NAILS,17.09 USD (x1),17.99 USD (x1),https://www.ribasmith.com/index.php/256459.html
Farmacia,SAW PALMETTO WHOLE HERB 450 MG,22.09 USD (x1),22.09 USD (x1),https://www.ribasmith.com/index.php/258090.html
Farmacia,CO Q-10 Q-SORB 100 MG,30.98 USD (x1),30.98 USD (x1),https://www.ribasmith.com/index.php/258089.html
Farmacia,BIOTINA 120 TABS,21.19 USD (x1),21.19 USD (x1),https://www.ribasmith.com/index.php/256568.html
Farmacia,GUMMIES HAIR SKIN NAILS,11.71 USD (x1),12.33 USD (x1),https://www.ribasmith.com/index.php/256460.html
Farmacia,VITAMINA C 500MG X 100,11.73 USD (x1),11.73 USD (x1),https://www.ribasmith.com/index.php/5879.html
Farmacia,CLOREXIL GINGIVAL 240 ML,13.64 USD (x1),13.64 USD (x1),https://www.ribasmith.com/index.php/clorexil-gingival-240-ml-177459.html
Farmacia,CLOREXIL MENTA ENJUAGUE BUCAL,11.78 USD (x1),11.78 USD (x1),https://www.ribasmith.com/index.php/clorexil-menta-enjuague-bucal-175866.html
Farmacia,OSTEO BI FLEX ONE PER DAY,40.00 USD (x1),40.00 USD (x1),https://www.ribasmith.com/index.php/osteo-bi-flex-one-per-day-256627.html
Farmacia,PEDIALYTE 30 CEREZA,4.54 USD (x1),4.54 USD (x1),https://www.ribasmith.com/index.php/pedialyte-30-cereza-184839.html
Farmacia,TABCIN GRIPE Y TOS LIQU GEL,7.14 USD (x1),7.14 USD (x1),https://www.ribasmith.com/index.php/tabcin-gripe-y-tos-liqu-gel-232933.html
Farmacia,PHOTODERM AQUAFL NEUTRE 50+,33.29 USD (x1),33.29 USD (x1),https://www.ribasmith.com/index.php/photoderm-aquafl-neutre-50-244212.html
Farmacia,ALKA SELTZER FRUTABS,12.08 USD (x1),12.08 USD (x1),https://www.ribasmith.com/index.php/271954-alka-seltzer-frutabs-precios-especiales.html
Farmacia,ARNIK BABY POTE,8.08 USD (x1),8.08 USD (x1),https://www.ribasmith.com/index.php/arnik-baby-pote-255945.html
Farmacia,ARNIK GEL EUCALIPTO,10.83 USD (x1),10.83 USD (x1),https://www.ribasmith.com/index.php/arnik-gel-eucalipto-255950.html
Farmacia,RAYO UNGUENTO ROLL ON.,4.04 USD (x1),4.04 USD (x1),https://www.ribasmith.com/index.php/rayo-unguento-roll-on-273542.html
Farmacia,ANTHELIOS BRUMA ROSTRO,29.84 USD (x1),29.84 USD (x1),https://www.ribasmith.com/index.php/anthelios-bruma-rostro-273812.html
Farmacia,ZORRITONE JARABE,10.40 USD (x1),10.40 USD (x1),https://www.ribasmith.com/index.php/zorritone-jarabe-277190.html
Farmacia,MAGNESIUM 100 CAPS,12.83 USD (x1),12.83 USD (x1),https://www.ribasmith.com/index.php/magnesium-100-caps-195652.html
Farmacia,MUSSVITAL LOCION PIEL ATOPICA,17.79 USD (x1),17.79 USD (x1),https://www.ribasmith.com/index.php/mussvital-locion-piel-atopica-268074.html
Farmacia,DEPIGMENTANTE NOCHE,20.90 USD (x1),20.90 USD (x1),https://www.ribasmith.com/index.php/depigmentante-noche-276416.html
Farmacia,HIDRATANTE ANTIARRUGAS REPA,15.43 USD (x1),15.43 USD (x1),https://www.ribasmith.com/index.php/hidratante-antiarrugas-repa-225571.html
Farmacia,TEST DE EMBARAZO,6.20 USD (x1),6.20 USD (x1),https://www.ribasmith.com/index.php/test-de-embarazo-246192.html
Farmacia,PRUEBA DE EMBARAZO,4.13 USD (x1),4.13 USD (x1),https://www.ribasmith.com/index.php/prueba-de-embarazo-121546.html
Farmacia,JARABE DE RABANO YODADO,5.73 USD (x1),5.73 USD (x1),https://www.ribasmith.com/index.php/11262.html
Farmacia,MIXTURA RUIBARBO Y SODA 240ML,5.73 USD (x1),5.73 USD (x1),https://www.ribasmith.com/index.php/11267.html
Farmacia,SULFATIAZOL 28 GR,2.76 USD (x1),2.76 USD (x1),https://www.ribasmith.com/index.php/11277.html
Farmacia,TIAMINA 100 X 100 CM,0.12 USD (x1),0.12 USD (x1),https://www.ribasmith.com/index.php/28628-tiamina-100-x-100-cm.html
Farmacia,RENU PLUS GOTAS LUBR REHU8ML.,4.84 USD (x1),4.84 USD (x1),https://www.ribasmith.com/index.php/59807.html
Farmacia,GRIPE KID JARADE 90 ML,4.90 USD (x1),4.90 USD (x1),https://www.ribasmith.com/index.php/80770.html
Farmacia,BELLADONA TUBO 20 GR,3.09 USD (x1),3.09 USD (x1),https://www.ribasmith.com/index.php/157319.html
Farmacia,MACA LEPIDIUM MEYENI 60 CAPS,10.81 USD (x1),10.81 USD (x1),https://www.ribasmith.com/index.php/177538.html
Farmacia,BALANCE B SUPER COMPLEX,13.45 USD (x1),13.45 USD (x1),https://www.ribasmith.com/index.php/177540.html
Farmacia,BETAGRANULOS CREMA LIMP X 60GR,13.87 USD (x1),13.87 USD (x1),https://www.ribasmith.com/index.php/betagranulos-crema-limp-x-60gr-65241.html
Farmacia,GLUCOSAMINE CHONDROITIN,25.23 USD (x1),25.23 USD (x1),https://www.ribasmith.com/index.php/180804.html
Farmacia,ACCU CHEK PERFORMA AU,46.05 USD (x1),46.05 USD (x1),https://www.ribasmith.com/index.php/182864.html
Farmacia,NAT SYSTEMS VITAMIN E 400IU,15.88 USD (x1),15.88 USD (x1),https://www.ribasmith.com/index.php/209276.html
Farmacia,JERINGA 1ML 31GR 100UX 6MM,3.05 USD (x1),3.05 USD (x1),https://www.ribasmith.com/index.php/214060-jeringa-1ml-31gr-100ux-6mm.html
Farmacia,VITAMIN D3 500 IU,10.80 USD (x1),10.80 USD (x1),https://www.ribasmith.com/index.php/230912.html
Farmacia,COLON CLEANSER X 60 CAPSULAS,12.35 USD (x1),12.35 USD (x1),https://www.ribasmith.com/index.php/233828.html
Farmacia,JERINGA BD 3ML 31GX 5/16,2.96 USD (x1),2.96 USD (x1),https://www.ribasmith.com/index.php/287614-jeringa-bd-3ml-31gx-5-16.html
Farmacia,FOLACIN 5MG X 70 CAPS,0.15 USD (x1),0.15 USD (x1),https://www.ribasmith.com/index.php/83900-folacin-5mg-x-70-caps.html
Farmacia,CANESTEN 3 OVULOS 200 MG,15.90 USD (x1),15.90 USD (x1),https://www.ribasmith.com/index.php/canesten-3-ovulos-200-mg-83904.html
Farmacia,KIN HIDRAT PASTA DENTIFRICA,16.91 USD (x1),16.91 USD (x1),https://www.ribasmith.com/index.php/kin-hidrat-pasta-dentifrica-162252.html
Farmacia,PERIO KIN ENJUAGUE BUCAL,21.17 USD (x1),21.17 USD (x1),https://www.ribasmith.com/index.php/perio-kin-enjuague-bucal-163231.html
Farmacia,KIN BABY BALSAMO GEL,17.20 USD (x1),17.20 USD (x1),https://www.ribasmith.com/index.php/kin-baby-balsamo-gel-184568.html
Farmacia,CANESTEN OVULO 100MG,2.29 USD (x1),2.29 USD (x1),https://www.ribasmith.com/index.php/190161-canesten-ovulo-100mg.html
Farmacia,PHARMATON VITALITY,20.22 USD (x1),20.22 USD (x1),https://www.ribasmith.com/index.php/203925-pharmaton-vitality-precios-especiales.html
Farmacia,ARCTIC COD LIVER OIL STRAWB,41.30 USD (x1),41.30 USD (x1),https://www.ribasmith.com/index.php/arctic-cod-liver-oil-strawb-208424.html
Farmacia,DAPZON JABON GRASA,10.97 USD (x1),10.97 USD (x1),https://www.ribasmith.com/index.php/dapzon-jabon-grasa-209458.html
Farmacia,SINABON FEM LOCION,10.59 USD (x1),10.59 USD (x1),https://www.ribasmith.com/index.php/sinabon-fem-locion-218630.html
Frutas y Verduras,PIMIENTA VERDE,3.58 USD (x1),3.58 USD (x1),https://www.ribasmith.com/index.php/52645-pimienta-verde.html
Frutas y Verduras,NAVARRA PARRILLADA DE VERDURAS,2.45 USD (x1),2.45 USD (x1),https://www.ribasmith.com/index.php/360663-navarra-parrillada-de-verduras.html
Frutas y Verduras,MIXTO DE FRUTAS GARDEN FOODS,5.20 USD (x1),5.20 USD (x1),https://www.ribasmith.com/index.php/359003-mixto-de-frutas-garden-foods.html
Frutas y Verduras,FULL CIRCLE CALIFORNIA BLEND,4.55 USD (x1),4.55 USD (x1),https://www.ribasmith.com/index.php/358565-full-circle-california-blend.html
Frutas y Verduras,FULL CIRCLE MIXED VEGETABLES,4.93 USD (x1),4.93 USD (x1),https://www.ribasmith.com/index.php/358564-full-circle-mixed-vegetables.html
Frutas y Verduras,ESSENTIAL PEAS & CARROTS,2.40 USD (x1),2.40 USD (x1),https://www.ribasmith.com/index.php/354067-essential-peas-carrots.html
Frutas y Verduras,PICSWEET DICED ONIONS & PEPPER,5.40 USD (x1),5.40 USD (x1),https://www.ribasmith.com/index.php/354743-picsweet-diced-onions-pepper.html
Frutas y Verduras,CALIFORNIA STYLE VEGETABLES,6.75 USD (x1),6.75 USD (x1),https://www.ribasmith.com/index.php/354050-california-style-vegetables.html
Frutas y Verduras,ALEXIA CAULIFLOWER & BROCCOLI,6.80 USD (x1),6.80 USD (x1),https://www.ribasmith.com/index.php/349864-alexia-cauliflower-broccoli.html
Frutas y Verduras,MIXTO DE FRUTAS Y VEGETALES GF,4.18 USD (x1),4.18 USD (x1),https://www.ribasmith.com/index.php/339366-mixto-de-frutas-y-vegetales-gf.html
Frutas y Verduras,FRUTAS LEGUMBR GARDEN FOODS LM,4.18 USD (x1),4.18 USD (x1),https://www.ribasmith.com/index.php/339365-frutas-legumbr-garden-foods-lm.html
Frutas y Verduras,PICTSWEET ASIAN VEGETABLES,4.18 USD (x1),4.18 USD (x1),https://www.ribasmith.com/index.php/332640-pictsweet-asian-vegetables.html
Frutas y Verduras,"DOLE STRAW. PEACHES, BAN",6.28 USD (x1),6.28 USD (x1),https://www.ribasmith.com/index.php/332639-dole-straw-peaches-ban.html
Frutas y Verduras,PICTSW ITALIAN BLEND,6.67 USD (x1),6.67 USD (x1),https://www.ribasmith.com/index.php/332638-pictsw-italian-blend.html
Frutas y Verduras,VEGETABLES FOR ROASTING,5.94 USD (x1),5.94 USD (x1),https://www.ribasmith.com/index.php/332631-vegetables-for-roasting.html
Frutas y Verduras,"GRILLING BROC FLORETS, POPATOE",6.25 USD (x1),6.25 USD (x1),https://www.ribasmith.com/index.php/323607-grilling-broc-florets-popatoe.html
Frutas y Verduras,"PICTSWEET VEGETALES PITCSW STEMBLES BRO, CAUL,CRTS 10 OZ",4.62 USD (x1),4.62 USD (x1),https://www.ribasmith.com/index.php/291960-pictsweet-vegetales-pitcsw-stembles-bro-caul-crts-10-oz.html
Frutas y Verduras,CAS FRM ORG HEARTY BLEND,7.56 USD (x1),7.56 USD (x1),https://www.ribasmith.com/index.php/290266-cas-frm-org-hearty-blend.html
Frutas y Verduras,GREEN PEAS AND CARROTS PICTWT,6.80 USD (x1),6.80 USD (x1),https://www.ribasmith.com/index.php/270794-green-peas-and-carrots-pictwt.html
Frutas y Verduras,"CAPE COD BLUEBERR, BLACK, RASP",7.98 USD (x1),7.98 USD (x1),https://www.ribasmith.com/index.php/258679-cape-cod-blueberr-black-rasp.html
Frutas y Verduras,CC CRANBIERRIES PLUS BLUEBERRI,6.90 USD (x1),6.90 USD (x1),https://www.ribasmith.com/index.php/215876-cc-cranbierries-plus-blueberri.html
Frutas y Verduras,ESSEVERY SUPER SWEET CORN,2.40 USD (x1),2.40 USD (x1),https://www.ribasmith.com/index.php/354056-essevery-super-sweet-corn.html
Frutas y Verduras,FULL CIRCLE SWEET CORN,4.75 USD (x1),4.75 USD (x1),https://www.ribasmith.com/index.php/358568-full-circle-sweet-corn.html
Frutas y Verduras,BABY BELLA,3.70 USD (x1),3.70 USD (x1),https://www.ribasmith.com/index.php/349406-baby-bella.html
Frutas y Verduras,PICTSWT MEX STREET CORN,5.85 USD (x1),5.85 USD (x1),https://www.ribasmith.com/index.php/324620-pictswt-mex-street-corn.html
Frutas y Verduras,PICTSWEET FRMA SWEET POTATOES,6.37 USD (x1),6.37 USD (x1),https://www.ribasmith.com/index.php/138752-pictsweet-frma-sweet-potatoes.html
Frutas y Verduras,PICTSWEET YELLOW CUT CORN,6.55 USD (x1),6.55 USD (x1),https://www.ribasmith.com/index.php/pictsweet-yellow-cut-corn-260747.html
Frutas y Verduras,MIX PIMENTON CEBOLLA Y ZANAHOR,1.95 USD (x1),1.95 USD (x1),https://www.ribasmith.com/index.php/358306-mix-pimenton-cebolla-y-zanahor.html
Frutas y Verduras,GG MIXED VEGETABLES,4.04 USD (x1),4.04 USD (x1),https://www.ribasmith.com/index.php/gg-mixed-vegetables.html
Frutas y Verduras,SUPERSWEET CUT CORN ORGANIC,4.65 USD (x1),4.65 USD (x1),https://www.ribasmith.com/index.php/supersweet-cut-corn-organic-249747.html
Frutas y Verduras,MIX APIO CEBOLLA Y ZANAHORIA,1.95 USD (x1),1.95 USD (x1),https://www.ribasmith.com/index.php/358307-mix-apio-cebolla-y-zanahoria.html
Frutas y Verduras,FRUTOS DEL BOSQUE,2.85 USD (x1),2.85 USD (x1),https://www.ribasmith.com/index.php/336983-frutos-del-bosque.html
Frutas y Verduras,ESSEVERY MINI8 CORN ON THE COB,7.07 USD (x1),7.07 USD (x1),https://www.ribasmith.com/index.php/essevery-mini8-corn-on-the-cob-242937.html
Frutas y Verduras,ESSEVERY CORN ON THE COB,7.38 USD (x1),7.38 USD (x1),https://www.ribasmith.com/index.php/essevery-corn-on-the-cob-242933.html
Frutas y Verduras,MIX ZUQUINI CEBOLLA Y ZANAHORI,1.95 USD (x1),1.95 USD (x1),https://www.ribasmith.com/index.php/358308-mix-zuquini-cebolla-y-zanahori.html
Frutas y Verduras,FULL CIRCLE GREEN PEAS,5.15 USD (x1),5.15 USD (x1),https://www.ribasmith.com/index.php/359025-full-circle-green-peas.html
Frutas y Verduras,REMOLACHA ZANAHORIA REBANADOS,4.10 USD (x1),4.10 USD (x1),https://www.ribasmith.com/index.php/169430-remolacha-zanahoria-rebanados.html
Frutas y Verduras,CHIQUITA BERRY MEDLEY GOURMET,16.85 USD (x1),16.85 USD (x1),https://www.ribasmith.com/index.php/283615-chiquita-berry-medley-gourmet.html
Frutas y Verduras,HONGO SHIITAKE,3.93 USD (x1),3.93 USD (x1),https://www.ribasmith.com/index.php/290240-hongo-shiitake.html
Frutas y Verduras,BABY LIMA BEANS,6.30 USD (x1),6.30 USD (x1),https://www.ribasmith.com/index.php/253943-baby-lima-beans.html
Frutas y Verduras,PICTSWEET CUT CORN,3.35 USD (x1),3.35 USD (x1),https://www.ribasmith.com/index.php/pictsweet-cut-corn-193071.html
Frutas y Verduras,CHAYOTE ZANAHORIA REBANADOS,4.10 USD (x1),4.10 USD (x1),https://www.ribasmith.com/index.php/124451-chayote-zanahoria-rebanados.html
Frutas y Verduras,TROPICAL MEDLEY,4.61 USD (x1),4.61 USD (x1),https://www.ribasmith.com/index.php/280213-tropical-medley.html
Frutas y Verduras,EDAMAME GRANO,2.42 USD (x1),2.42 USD (x1),https://www.ribasmith.com/index.php/336977-edamame-grano.html
Frutas y Verduras,PADRON HOT PEPPERS,2.40 USD (x1),2.40 USD (x1),https://www.ribasmith.com/index.php/352202-padron-hot-peppers.html
Frutas y Verduras,GG NIBBLERS 24UND,15.91 USD (x1),15.91 USD (x1),https://www.ribasmith.com/index.php/gg-nibblers-24und.html
Frutas y Verduras,PETITE GREEN PEAS ESSENTIAL EV,1.95 USD (x1),1.95 USD (x1),https://www.ribasmith.com/index.php/286727-petite-green-peas-essential-ev.html
Frutas y Verduras,DOLE MIXED FRUIT,20.91 USD (x1),20.91 USD (x1),https://www.ribasmith.com/index.php/263651-dole-mixed-fruit.html
Frutas y Verduras,MIX DE BERRIES,10.78 USD (x1),10.78 USD (x1),https://www.ribasmith.com/index.php/316933-mix-de-berries.html
Frutas y Verduras,AJI SERRANO PICANTE,3.40 USD (x1),3.40 USD (x1),https://www.ribasmith.com/index.php/169288-aji-serrano-picante.html
Frutas y Verduras,FRESA CONGELADA CONCENT,4.16 USD (x1),4.16 USD (x1),https://www.ribasmith.com/index.php/363370-fresa-congelada-concent.html
Frutas y Verduras,BANANA HOT PEPPERS,2.40 USD (x1),2.40 USD (x1),https://www.ribasmith.com/index.php/352201-banana-hot-peppers.html
Frutas y Verduras,MINI PIMENTON,3.98 USD (x1),3.98 USD (x1),https://www.ribasmith.com/index.php/73632-mini-pimenton.html
Frutas y Verduras,CHIQUITA GOURMET FRUIT BLEND,11.15 USD (x1),11.15 USD (x1),https://www.ribasmith.com/index.php/261918-chiquita-gourmet-fruit-blend.html
Frutas y Verduras,FRESA CONGELADA,3.42 USD (x1),3.42 USD (x1),https://www.ribasmith.com/index.php/fresa-congelada-291071.html
Frutas y Verduras,ESSEVERY CAULIFLOWER FLORETS,2.30 USD (x1),2.30 USD (x1),https://www.ribasmith.com/index.php/354059-essevery-cauliflower-florets.html
Frutas y Verduras,FULL CIRCLE CHOPPED SPINACH,4.01 USD (x1),4.01 USD (x1),https://www.ribasmith.com/index.php/358561-full-circle-chopped-spinach.html
Frutas y Verduras,NAVARRA AGUACATE EN CUBOS,2.95 USD (x1),2.95 USD (x1),https://www.ribasmith.com/index.php/360634-navarra-aguacate-en-cubos.html
Frutas y Verduras,PICTSFM GREEN PEAS BAG,6.55 USD (x1),6.55 USD (x1),https://www.ribasmith.com/index.php/pictsfm-green-peas-bag-259375.html
Frutas y Verduras,C FARM OG CUT SWEET CORN,7.23 USD (x1),7.23 USD (x1),https://www.ribasmith.com/index.php/120741-c-farm-og-cut-sweet-corn.html
Frutas y Verduras,ESSEVERY CUT LEAF SPINACH,3.22 USD (x1),3.22 USD (x1),https://www.ribasmith.com/index.php/354063-essevery-cut-leaf-spinach.html
Frutas y Verduras,BABY LIMA BEANS 48OZ,12.14 USD (x1),12.14 USD (x1),https://www.ribasmith.com/index.php/baby-lima-beans-48oz-253944.html
Frutas y Verduras,AJI ESENCIAL,2.27 USD (x1),2.27 USD (x1),https://www.ribasmith.com/index.php/49977-aji-esencial.html
Frutas y Verduras,ALEXIA CAULIFLOWER RISOTTO,6.87 USD (x1),6.87 USD (x1),https://www.ribasmith.com/index.php/349866-alexia-cauliflower-risotto.html
Frutas y Verduras,FRUIT RIOT SOUR MIXED GRAPES,8.66 USD (x1),8.66 USD (x1),https://www.ribasmith.com/index.php/349534-fruit-riot-sour-mixed-grapes.html
Frutas y Verduras,ORGANIC WHOLE STRAWBERRIES,9.03 USD (x1),9.03 USD (x1),https://www.ribasmith.com/index.php/346661-organic-whole-strawberries.html
Frutas y Verduras,PIMENTON SWEET PALERMO,3.98 USD (x1),3.98 USD (x1),https://www.ribasmith.com/index.php/301169-pimenton-sweet-palermo.html
Frutas y Verduras,ENSALADA COBB,6.50 USD (x1),6.50 USD (x1),https://www.ribasmith.com/index.php/340437-ensalada-cobb.html
Frutas y Verduras,PEPINO SIN SEMILLA,2.22 USD (x1),2.22 USD (x1),https://www.ribasmith.com/index.php/pepino-sin-semilla-256063.html
Frutas y Verduras,CHIQUITA GOURMET FRUIT BLEND,4.96 USD (x1),4.96 USD (x1),https://www.ribasmith.com/index.php/259382-chiquita-gourmet-fruit-blend.html
Frutas y Verduras,SNACKPIM,3.15 USD (x1),3.15 USD (x1),https://www.ribasmith.com/index.php/snackpim-284795.html
Frutas y Verduras,MIXED VEGETABLES CLEAR BAG,6.55 USD (x1),6.55 USD (x1),https://www.ribasmith.com/index.php/259379-mixed-vegetables-clear-bag.html
Frutas y Verduras,COLIFLOR,4.85 USD (x1),4.85 USD (x1),https://www.ribasmith.com/index.php/336976-coliflor.html
Frutas y Verduras,ENSALADA CAESAR,6.50 USD (x1),6.50 USD (x1),https://www.ribasmith.com/index.php/340436-ensalada-caesar.html
Frutas y Verduras,FRUIT RIOT SOUR MANGO,9.15 USD (x1),9.15 USD (x1),https://www.ribasmith.com/index.php/349533-fruit-riot-sour-mango.html
Frutas y Verduras,ESSEVERY CHOPPED SPINACH,3.22 USD (x1),3.22 USD (x1),https://www.ribasmith.com/index.php/354064-essevery-chopped-spinach.html
Frutas y Verduras,NAVARRA JUDÍA VERDE EXTRA FINA,3.75 USD (x1),3.75 USD (x1),https://www.ribasmith.com/index.php/360650-navarra-judia-verde-extra-fina.html
Frutas y Verduras,FRESA ENTERA,6.70 USD (x1),6.70 USD (x1),https://www.ribasmith.com/index.php/336982-fresa-entera.html
Frutas y Verduras,FRUTAS MIXTA ENVASE CHICO,5.20 USD (x1),5.20 USD (x1),https://www.ribasmith.com/index.php/frutas-mixta-envase-chico-128431.html
Frutas y Verduras,EARTHBOUND FARMS GREEN PEAS OR,4.66 USD (x1),4.66 USD (x1),https://www.ribasmith.com/index.php/earthbound-farms-green-peas-or-207940.html
Frutas y Verduras,SEAL THE SEASONS STRAWBERRIES GROWN 14.1OZ,14.41 USD (x1),14.41 USD (x1),https://www.ribasmith.com/index.php/322173-seal-the-seasons-strawberries-grown-14-1oz.html
Frutas y Verduras,ENSALADA FATTOUSH,6.50 USD (x1),6.50 USD (x1),https://www.ribasmith.com/index.php/340435-ensalada-fattoush.html
Frutas y Verduras,KIWI REBANADO CONGELADO,5.47 USD (x1),5.47 USD (x1),https://www.ribasmith.com/index.php/347578-kiwi-rebanado-congelado.html
Frutas y Verduras,MIXTO DE MANZANAS Y PERA,7.65 USD (x1),7.65 USD (x1),https://www.ribasmith.com/index.php/34423-mixto-de-manzanas-y-pera.html
Frutas y Verduras,NAVARRA BROCOLI,2.75 USD (x1),2.75 USD (x1),https://www.ribasmith.com/index.php/360656-navarra-brocoli.html
Frutas y Verduras,AIR FRYER PAMERSAN CAULIFLOWER,6.06 USD (x1),6.06 USD (x1),https://www.ribasmith.com/index.php/314034-air-fryer-pamersan-cauliflower.html
Frutas y Verduras,FULL CIRCLE CUT GREEN BEANS,4.93 USD (x1),4.93 USD (x1),https://www.ribasmith.com/index.php/358570-full-circle-cut-green-beans.html
Frutas y Verduras,PULPA DE MORAS POLPANORTE,5.55 USD (x1),5.55 USD (x1),https://www.ribasmith.com/index.php/362461-pulpa-de-moras-polpanorte.html
Frutas y Verduras,PICTS CALIFORNIA BLEND,5.70 USD (x1),5.70 USD (x1),https://www.ribasmith.com/index.php/259376-picts-california-blend.html
Frutas y Verduras,WODSTOCK KALE CHOPED ORG,4.10 USD (x1),4.10 USD (x1),https://www.ribasmith.com/index.php/wodstock-kale-choped-org-207202.html
Frutas y Verduras,WOODSTOCK STRAWBERRIES OG 32 OZ,20.85 USD (x1),20.85 USD (x1),https://www.ribasmith.com/index.php/304975-woodstock-strawberries-og-32-oz.html
Frutas y Verduras,ESPINACA HOJA,2.26 USD (x1),2.26 USD (x1),https://www.ribasmith.com/index.php/336978-espinaca-hoja.html
Frutas y Verduras,ESSEVERY BERRY MEDLEY,6.10 USD (x1),6.10 USD (x1),https://www.ribasmith.com/index.php/258551-essevery-berry-medley.html
Frutas y Verduras,ORGANIC BROCCOLI FLORETS,4.50 USD (x1),4.50 USD (x1),https://www.ribasmith.com/index.php/357672-organic-broccoli-florets.html
Frutas y Verduras,ESSEEVER MIXED VEGETABLES,2.95 USD (x1),2.95 USD (x1),https://www.ribasmith.com/index.php/242902-esseever-mixed-vegetables.html
Frutas y Verduras,FROZEN SOUR CANDY PINEAPPLE,8.95 USD (x1),8.95 USD (x1),https://www.ribasmith.com/index.php/345280-frozen-sour-candy-pineapple.html
Frutas y Verduras,GG VEGGIE TOTS CAULIFLOWER,7.13 USD (x1),7.13 USD (x1),https://www.ribasmith.com/index.php/282677-gg-veggie-tots-cauliflower.html
Frutas y Verduras,ESSEVERY CUT GREEN BEANS,2.40 USD (x1),2.40 USD (x1),https://www.ribasmith.com/index.php/354066-essevery-cut-green-beans.html
Frutas y Verduras,MORA CONGELADA,3.42 USD (x1),3.42 USD (x1),https://www.ribasmith.com/index.php/mora-congelada-291076.html
Frutas y Verduras,MIXED MUSHROOM,4.23 USD (x1),4.23 USD (x1),https://www.ribasmith.com/index.php/315930-mixed-mushroom.html
Frutas y Verduras,GG RICED VEG CAULIFLOWER,5.19 USD (x1),5.19 USD (x1),https://www.ribasmith.com/index.php/281358-gg-riced-veg-cauliflower.html
Frutas y Verduras,PICTS BROCCOLI FLORETS CLEAR,6.50 USD (x1),6.50 USD (x1),https://www.ribasmith.com/index.php/259371-picts-broccoli-florets-clear.html
Frutas y Verduras,LIMON INJERTADO ESENCIAL,2.10 USD (x1),2.10 USD (x1),https://www.ribasmith.com/index.php/52371-limon-injertado-esencial.html
Frutas y Verduras,TOMATE ENSALADA ESENCIAL,1.65 USD (x1),1.65 USD (x1),https://www.ribasmith.com/index.php/49980-tomate-ensalada-esencial.html
Frutas y Verduras,WODSTOCK BRUSEL SPROUT ORG,4.10 USD (x1),4.10 USD (x1),https://www.ribasmith.com/index.php/wodstock-brusel-sprout-org-207201.html
Frutas y Verduras,ESSEVERY WHOLE STRAWBEERIES,13.65 USD (x1),13.65 USD (x1),https://www.ribasmith.com/index.php/265888-essevery-whole-strawbeeries.html
Frutas y Verduras,PICTSWEET SPINACH,2.85 USD (x1),2.85 USD (x1),https://www.ribasmith.com/index.php/332634-pictsweet-spinach.html
Frutas y Verduras,FRUIT RIOT FROZEN SOUR GRAPES,8.60 USD (x1),8.60 USD (x1),https://www.ribasmith.com/index.php/345279-fruit-riot-frozen-sour-grapes.html
Frutas y Verduras,PICTSWEET CUT OKRA,5.90 USD (x1),5.90 USD (x1),https://www.ribasmith.com/index.php/354745-pictsweet-cut-okra.html
Frutas y Verduras,BANANO ORGANICO,1.30 USD (x1),1.30 USD (x1),https://www.ribasmith.com/index.php/117980-banano-organico.html
Frutas y Verduras,RICED CAULIFLOWER ROAST SWT PT,7.64 USD (x1),7.64 USD (x1),https://www.ribasmith.com/index.php/279045-riced-cauliflower-roast-swt-pt.html
Frutas y Verduras,CHIQUITA WHOLE STRAWBERRIES,5.25 USD (x1),5.25 USD (x1),https://www.ribasmith.com/index.php/259386-chiquita-whole-strawberries.html
Frutas y Verduras,GREEN GIAN VEGGIE TOTS B&C,7.11 USD (x1),7.11 USD (x1),https://www.ribasmith.com/index.php/green-gian-veggie-tots-b-c-252626.html
Frutas y Verduras,PICTS CUT GREEN BEANS CLEAR,6.55 USD (x1),6.55 USD (x1),https://www.ribasmith.com/index.php/picts-cut-green-beans-clear-259378.html
Frutas y Verduras,TOMATE PERITA ESENCIAL,1.65 USD (x1),1.65 USD (x1),https://www.ribasmith.com/index.php/49975-tomate-perita-esencial.html
Frutas y Verduras,PASSION FRUIT SNACK SIZED,6.20 USD (x1),6.20 USD (x1),https://www.ribasmith.com/index.php/339812-passion-fruit-snack-sized.html
Frutas y Verduras,ESSENTIAL EVERYDAY WHOLE OKRA,3.22 USD (x1),3.22 USD (x1),https://www.ribasmith.com/index.php/354062-essential-everyday-whole-okra.html
Frutas y Verduras,PICSW MIXED VEGETABLES,3.35 USD (x1),3.35 USD (x1),https://www.ribasmith.com/index.php/174250-picsw-mixed-vegetables.html
Frutas y Verduras,LIMON ESENCIAL,2.50 USD (x1),2.50 USD (x1),https://www.ribasmith.com/index.php/18409-limon-esencial.html
Frutas y Verduras,MINI KING OYSTER MUSHROOM 200 GR,2.62 USD (x1),2.62 USD (x1),https://www.ribasmith.com/index.php/315868-mini-king-oyster-mushroom-200-gr.html
Frutas y Verduras,PIMENTON ESENCIAL,3.40 USD (x1),3.40 USD (x1),https://www.ribasmith.com/index.php/18301-pimenton-esencial.html
Frutas y Verduras,CHOPPED SPINACH PICTSWEET,6.55 USD (x1),6.55 USD (x1),https://www.ribasmith.com/index.php/chopped-spinach-pictsweet-261919.html
Frutas y Verduras,EDAMAME SHELLED SOYBEANS,5.36 USD (x1),5.36 USD (x1),https://www.ribasmith.com/index.php/edamame-shelled-soybeans-191859.html
Frutas y Verduras,DOLE BLACKBERRIES,37.23 USD (x1),37.23 USD (x1),https://www.ribasmith.com/index.php/339806-dole-blackberries.html
Frutas y Verduras,BANANITO ORGANICO,1.30 USD (x1),1.30 USD (x1),https://www.ribasmith.com/index.php/63037-bananito-organico.html
Frutas y Verduras,PICSW GREEN PEAS,3.35 USD (x1),3.35 USD (x1),https://www.ribasmith.com/index.php/picsw-green-peas-155366.html
Frutas y Verduras,GG NIBBLERS 12UND,8.36 USD (x1),8.36 USD (x1),https://www.ribasmith.com/index.php/gg-nibblers-12und.html
Frutas y Verduras,PICSW BABY CALIFORNIA,4.18 USD (x1),4.18 USD (x1),https://www.ribasmith.com/index.php/173633-picsw-baby-california.html
Frutas y Verduras,CAULFLWR RICE BLND STYR FRY VG,7.64 USD (x1),7.64 USD (x1),https://www.ribasmith.com/index.php/279044-caulflwr-rice-blnd-styr-fry-vg.html
Frutas y Verduras,WHOLE OKRA,6.60 USD (x1),6.60 USD (x1),https://www.ribasmith.com/index.php/332636-whole-okra.html
Frutas y Verduras,ESSE BLACKBERRIES,7.48 USD (x1),7.48 USD (x1),https://www.ribasmith.com/index.php/255200-esse-blackberries.html
Frutas y Verduras,EDAMAME ORG SHELLED SOYBEANS,5.45 USD (x1),5.45 USD (x1),https://www.ribasmith.com/index.php/edamame-org-shelled-soybeans-214430.html
Frutas y Verduras,VIMA MELOCOTON CONGELADOS 450 GR,3.49 USD (x1),3.49 USD (x1),https://www.ribasmith.com/index.php/304143-vima-melocoton-congelados-450-gr.html
Frutas y Verduras,JUDIA VERDE REDONDA,1.68 USD (x1),1.68 USD (x1),https://www.ribasmith.com/index.php/336979-judia-verde-redonda.html
Frutas y Verduras,VEGAN BOWL,7.25 USD (x1),7.25 USD (x1),https://www.ribasmith.com/index.php/342419-vegan-bowl.html
Frutas y Verduras,CRANBERRIES CAPE COD,7.35 USD (x1),7.35 USD (x1),https://www.ribasmith.com/index.php/345507-cranberries-cape-cod.html
Frutas y Verduras,MAZORCA ESENCIAL,1.40 USD (x1),1.40 USD (x1),https://www.ribasmith.com/index.php/9018-mazorca-esencial.html
Frutas y Verduras,FRENCH CUT GREEN BEANS PICTSWE,3.58 USD (x1),3.58 USD (x1),https://www.ribasmith.com/index.php/french-cut-green-beans-pictswe-224228.html
Frutas y Verduras,ROCOTO,13.00 USD (x1),13.00 USD (x1),https://www.ribasmith.com/index.php/299702-rocoto.html
Frutas y Verduras,RICED CAULIFLOWER PEPPERS & ON,7.64 USD (x1),7.64 USD (x1),https://www.ribasmith.com/index.php/279043-riced-cauliflower-peppers-on.html
Frutas y Verduras,GG BROCCOLI FLORETS 12OZ,5.09 USD (x1),5.09 USD (x1),https://www.ribasmith.com/index.php/gg-broccoli-florets-12oz.html
Frutas y Verduras,SWEET PEAS ORGANIC,6.20 USD (x1),6.20 USD (x1),https://www.ribasmith.com/index.php/sweet-peas-organic.html
Frutas y Verduras,VIMA GROSELLA CONGELADA 450 GR,4.34 USD (x1),4.34 USD (x1),https://www.ribasmith.com/index.php/304142-vima-grosella-congelada-450-gr.html
Frutas y Verduras,DOLE STRAWBERRIES WHOLE,6.25 USD (x1),6.25 USD (x1),https://www.ribasmith.com/index.php/179428-dole-strawberries-whole.html
Frutas y Verduras,PICTSWEET AIR FRYER OKRA 14 OZ,6.37 USD (x1),6.37 USD (x1),https://www.ribasmith.com/index.php/314037-pictsweet-air-fryer-okra-14-oz.html
Frutas y Verduras,MANZANA HIDDEN ROSE EMP,2.95 USD (x1),2.95 USD (x1),https://www.ribasmith.com/index.php/356985-manzana-hidden-rose-emp.html
Frutas y Verduras,DOLE MIXED BERRIES,6.70 USD (x1),6.70 USD (x1),https://www.ribasmith.com/index.php/47353-dole-mixed-berries.html
Frutas y Verduras,ENSALADA PAPA CON VEGETALES,3.10 USD (x1),3.10 USD (x1),https://www.ribasmith.com/index.php/ensalada-papa-con-vegetales-191940.html
Frutas y Verduras,FROZEN BLUEBERRIES,13.10 USD (x1),13.10 USD (x1),https://www.ribasmith.com/index.php/253076-frozen-blueberries.html
Frutas y Verduras,PICTSWEET CUT GREEN BEANS,3.35 USD (x1),3.35 USD (x1),https://www.ribasmith.com/index.php/pictsweet-cut-green-beans-173242.html
Hogar,INSTANT HEATER,10.31 USD (x1),10.31 USD (x1),https://www.ribasmith.com/index.php/276034-instant-heater.html
Hogar,EXPANDING SPONGE,2.30 USD (x1),2.30 USD (x1),https://www.ribasmith.com/index.php/expanding-sponge-270049.html
Hogar,P.HIGIENICO SCOTT 1000 HJS,3.08 USD (x1),3.08 USD (x1),https://www.ribasmith.com/index.php/17886-p-higienico-scott-1000-hjs.html
Hogar,INTER DESIGN ROYAL RECTANGULAR SOAP SAVER C UN,2.65 USD (x1),2.65 USD (x1),https://www.ribasmith.com/index.php/272564-inter-design-royal-rectangular-soap-saver-c-un.html
Hogar,OVER CABINET HOOK,3.45 USD (x1),3.45 USD (x1),https://www.ribasmith.com/index.php/over-cabinet-hook-272598.html
Hogar,GO TRAVEL SQUEEZZY BOTTLES,14.99 USD (x1),14.99 USD (x1),https://www.ribasmith.com/index.php/go-travel-squeezzy-bottles-282503.html
Hogar,VASO BEB CALIENTE 50 UN,3.68 USD (x1),3.68 USD (x1),https://www.ribasmith.com/index.php/273146-vaso-beb-caliente-50-un.html
Hogar,TAPA CAFE 50 UN,2.69 USD (x1),2.69 USD (x1),https://www.ribasmith.com/index.php/273183-tapa-cafe-50-un.html
Hogar,VASO B CALIENTE CON ASA 50UN,5.03 USD (x1),5.03 USD (x1),https://www.ribasmith.com/index.php/273176-vaso-b-caliente-con-asa-50un.html
Hogar,TAPA CAFE 50 UN,1.92 USD (x1),1.92 USD (x1),https://www.ribasmith.com/index.php/273180-tapa-cafe-50-un.html
Hogar,TUSCANY CANDLE WHITE PILLAR,3.25 USD (x1),3.25 USD (x1),https://www.ribasmith.com/index.php/353897-tuscany-candle-white-pillar.html
Hogar,VELAS GLADE LAVANDA,11.92 USD (x1),11.92 USD (x1),https://www.ribasmith.com/index.php/360171-velas-glade-lavanda.html
Hogar,VELA GLADE DULCES CITRICOS,11.92 USD (x1),11.92 USD (x1),https://www.ribasmith.com/index.php/360173-vela-glade-dulces-citricos.html
Hogar,CINNAMON CANDLE 18 OZ,9.85 USD (x1),9.85 USD (x1),https://www.ribasmith.com/index.php/290286-cinnamon-candle-18-oz.html
Hogar,UNSCENTED TEALIGHT CANDLE 2,4.45 USD (x1),4.45 USD (x1),https://www.ribasmith.com/index.php/303985-unscented-tealight-candle-2.html
Hogar,BALSAM WOODS MED APOTHECARY JA,16.25 USD (x1),16.25 USD (x1),https://www.ribasmith.com/index.php/307774-balsam-woods-med-apothecary-ja.html
Hogar,LAVENDER FIELD MEDIUM APOTHECA,16.25 USD (x1),16.25 USD (x1),https://www.ribasmith.com/index.php/307787-lavender-field-medium-apotheca.html
Hogar,FRESH LINEN MEDIUM APOTHECARY,16.25 USD (x1),16.25 USD (x1),https://www.ribasmith.com/index.php/307785-fresh-linen-medium-apothecary.html
Hogar,HONEY VANILLA MEDIUM APOTHECAR,16.25 USD (x1),16.25 USD (x1),https://www.ribasmith.com/index.php/307786-honey-vanilla-medium-apothecar.html
Hogar,CINNAMON SPICE MEDIUM BOWL,16.23 USD (x1),16.23 USD (x1),https://www.ribasmith.com/index.php/293926-cinnamon-spice-medium-bowl.html
Hogar,CITRUS SUNRISE CANDLE,10.37 USD (x1),10.37 USD (x1),https://www.ribasmith.com/index.php/64412469651-citrus-sunrise-candle.html
Hogar,HARBOR SHORE CANDLE,10.37 USD (x1),10.37 USD (x1),https://www.ribasmith.com/index.php/harbor-shore-candle-290386.html
Hogar,PEONY BLOSSON CANDLE,10.37 USD (x1),10.37 USD (x1),https://www.ribasmith.com/index.php/64412469649-peony-blosson-candle.html
Hogar,MAHOGANY SUEDE CANDLE 18 OZ,9.85 USD (x1),9.85 USD (x1),https://www.ribasmith.com/index.php/64412469647-mahogany-suede-candle-18-oz.html
Hogar,VANILLA SEA SALT CANDLE,8.60 USD (x1),8.60 USD (x1),https://www.ribasmith.com/index.php/64412469646-vanilla-sea-salt-candle.html
Hogar,TEA LEAVES CANDLE,8.60 USD (x1),8.60 USD (x1),https://www.ribasmith.com/index.php/64412469645-tea-leaves-candle.html
Hogar,PINNEAPLE GINGER CANDLE,8.60 USD (x1),8.60 USD (x1),https://www.ribasmith.com/index.php/64412469644-pinneaple-ginger-candle.html
Hogar,WASHED BEACHWOOD CANDLE,8.60 USD (x1),8.60 USD (x1),https://www.ribasmith.com/index.php/64412469643-washed-beachwood-candle.html
Hogar,WASHED BEACHWOOD CANDLE,2.61 USD (x1),2.61 USD (x1),https://www.ribasmith.com/index.php/64412469642-washed-beachwood-candle.html
Hogar,PEONY BLOSSON CANDLE,2.62 USD (x1),2.62 USD (x1),https://www.ribasmith.com/index.php/290470-peony-blosson-candle.html
Hogar,PEACH PROSECCO CANDLE,2.61 USD (x1),2.61 USD (x1),https://www.ribasmith.com/index.php/290469-peach-prosecco-candle.html
Hogar,MAHOGANY SUEDE CANDLE,2.61 USD (x1),2.61 USD (x1),https://www.ribasmith.com/index.php/64412469637-mahogany-suede-candle.html
Hogar,WARM BIRCH WOODS CANDLE,10.37 USD (x1),10.37 USD (x1),https://www.ribasmith.com/index.php/warm-bich-woods-candle-290369.html
Hogar,OCEAN VIEW CANDLE,8.87 USD (x1),8.87 USD (x1),https://www.ribasmith.com/index.php/64412467895-ocean-view-candle.html
Hogar,COCONUT COLADA CANDLE,8.87 USD (x1),8.87 USD (x1),https://www.ribasmith.com/index.php/64412467894-coconut-colada-candle.html
Hogar,POMEGRANATE FIZZ CANDLE,8.87 USD (x1),8.87 USD (x1),https://www.ribasmith.com/index.php/64412467893-pomegranate-fizz-candle.html
Hogar,BENTO 880ML PINK PURPLE,9.15 USD (x1),9.15 USD (x1),https://www.ribasmith.com/index.php/361695-bento-880ml-pink-purple.html
Hogar,WATER GARDEN CANDLE,8.81 USD (x1),8.81 USD (x1),https://www.ribasmith.com/index.php/64412467892-water-garden-candle.html
Hogar,BENTO 880ML BLUE MINT,9.15 USD (x1),9.15 USD (x1),https://www.ribasmith.com/index.php/361697-bento-880ml-blue-mint.html
Hogar,CAFE AU LAIT CANDLE,8.87 USD (x1),8.87 USD (x1),https://www.ribasmith.com/index.php/64412467891-cafe-au-lait-candle.html
Hogar,WILD HONEYSUCKLE CANDLE,8.87 USD (x1),8.87 USD (x1),https://www.ribasmith.com/index.php/64412467890-wild-honeysuckle-candle.html
Hogar,STAINLESS STEEL FOOD JAR RAINB,20.83 USD (x1),20.83 USD (x1),https://www.ribasmith.com/index.php/356883-stainless-steel-food-jar-rainb.html
Hogar,EUCALIPTUS RAIN CANDLE,8.87 USD (x1),8.87 USD (x1),https://www.ribasmith.com/index.php/64412467889-eucaliptus-rain-candle.html
Hogar,GLASS OVERNIGHT OATS FLUTD 2PK,9.60 USD (x1),9.60 USD (x1),https://www.ribasmith.com/index.php/361687-glass-overnight-oats-flutd-2pk.html
Hogar,2 COMPARTMENT SNACK CONT 2PK G,12.85 USD (x1),12.85 USD (x1),https://www.ribasmith.com/index.php/361683-2-compartment-snack-cont-2pk-g.html
Hogar,EVENING FIRESIDE CANDLE,8.87 USD (x1),8.87 USD (x1),https://www.ribasmith.com/index.php/evening-fireside-candle-290419.html
Hogar,2COMPARTMENT SNACK CONT 2PK PK,12.50 USD (x1),12.50 USD (x1),https://www.ribasmith.com/index.php/361684-2compartment-snack-cont-2pk-pk.html
Hogar,KITCHEN SPICE CANDLE,8.87 USD (x1),8.87 USD (x1),https://www.ribasmith.com/index.php/64412467887-kitchen-spice-candle.html
Hogar,ORCHAD APPLE CANDLE,8.87 USD (x1),8.87 USD (x1),https://www.ribasmith.com/index.php/290433-orchad-apple-candle.html
Hogar,2.75L TRITAN ULTRA SQUARE LARG,13.05 USD (x1),13.05 USD (x1),https://www.ribasmith.com/index.php/321885-2-75l-tritan-ultra-square-larg.html
Hogar,SWEET CHERRY CANDLE,8.87 USD (x1),8.87 USD (x1),https://www.ribasmith.com/index.php/64412467885-sweet-cherry-candle.html
Hogar,TAKEALONG OS 1.6C 378ML TN 3PK,4.84 USD (x1),4.84 USD (x1),https://www.ribasmith.com/index.php/328440-takealong-os-1-6c-378ml-tn-3pk.html
Hogar,920 ML TRITAN ULTRA SQUARE,7.85 USD (x1),7.85 USD (x1),https://www.ribasmith.com/index.php/321881-920-ml-tritan-ultra-square.html
Hogar,WHITE JASMINE CANDLE,10.30 USD (x1),10.30 USD (x1),https://www.ribasmith.com/index.php/white-jasmine-candle-290382.html
Hogar,CREAMY COCONUT CANDLE 18 OZ,9.85 USD (x1),9.85 USD (x1),https://www.ribasmith.com/index.php/64412467546-creamy-coconut-candle-18-oz.html
Hogar,BRILLIANCE GLASS 3.2,15.94 USD (x1),15.94 USD (x1),https://www.ribasmith.com/index.php/302390-brilliance-glass-3-2.html
Hogar,VANILLA BEAN CANDLE,8.60 USD (x1),8.60 USD (x1),https://www.ribasmith.com/index.php/64412465987-vanilla-bean-candle.html
Hogar,5.5 CUP EASY FIND LID RECTANGL,3.98 USD (x1),3.98 USD (x1),https://www.ribasmith.com/index.php/251561-5-5-cup-easy-find-lid-rectangl.html
Hogar,TEA TREE & SANDALWOOD CANDLE,8.60 USD (x1),8.60 USD (x1),https://www.ribasmith.com/index.php/64412465986-tea-tree-sandalwood-candle.html
Hogar,EASY FIND LID 118ML CUP SQUARE,5.14 USD (x1),5.14 USD (x1),https://www.ribasmith.com/index.php/149448-easy-find-lid-118ml-cup-square.html
Hogar,TAKEALONGS 4.7CUP DIVIDED RECT,6.70 USD (x1),6.70 USD (x1),https://www.ribasmith.com/index.php/323363-takealongs-4-7cup-divided-rect.html
Hogar,ISLAND NECTAR CANDLE,8.60 USD (x1),8.60 USD (x1),https://www.ribasmith.com/index.php/64412465985-island-nectar-candle.html
Hogar,EUCALIPTUS MINT CANDLES,8.60 USD (x1),8.60 USD (x1),https://www.ribasmith.com/index.php/64412465983-eucaliptus-mint-candles.html
Hogar,KNICK KNACK PAK MINI 4PK TO GO,6.90 USD (x1),6.90 USD (x1),https://www.ribasmith.com/index.php/236959-knick-knack-pak-mini-4pk-to-go.html
Hogar,OCEAN MIST CANDLE,8.60 USD (x1),8.60 USD (x1),https://www.ribasmith.com/index.php/64412465982-ocean-mist-candle.html
Hogar,BRILLIANCE 0.5CUP SQUARE 2PK,9.86 USD (x1),9.86 USD (x1),https://www.ribasmith.com/index.php/282317-brilliance-0-5cup-square-2pk.html
Hogar,TAKEALONG OS 2.1C 496ML 3PK,4.84 USD (x1),4.84 USD (x1),https://www.ribasmith.com/index.php/328436-takealong-os-2-1c-496ml-3pk.html
Hogar,LILAC PETAL CANDLE 14 OZ,8.60 USD (x1),8.60 USD (x1),https://www.ribasmith.com/index.php/64412465980-lilac-petal-candle-14-oz.html
Hogar,BRILLIANCE MEDIUM CLR 3.2 CUPS,11.04 USD (x1),11.04 USD (x1),https://www.ribasmith.com/index.php/295482-brilliance-medium-clr-3-2-cups.html
Hogar,CHERRY BLOSSON CANDLE,8.60 USD (x1),8.60 USD (x1),https://www.ribasmith.com/index.php/64412465979-cherry-blosson-candle.html
Hogar,PAPAYA MANGO CANDLE,9.85 USD (x1),9.85 USD (x1),https://www.ribasmith.com/index.php/64412464316-papaya-mango-candle.html
Hogar,7.5L RECTANGLE KLIP IT PLUS,10.60 USD (x1),10.60 USD (x1),https://www.ribasmith.com/index.php/359592-7-5l-rectangle-klip-it-plus.html
Hogar,2.2L RECTANGLE KLIP IT PLUS,4.85 USD (x1),4.85 USD (x1),https://www.ribasmith.com/index.php/359588-2-2l-rectangle-klip-it-plus.html
Hogar,SOOTHING EUCALIPTUS CANDLE 18,9.85 USD (x1),9.85 USD (x1),https://www.ribasmith.com/index.php/64412464315-soothing-eucaliptus-candle-18.html
Hogar,NEST IT 3 PACK TRI,8.65 USD (x1),8.65 USD (x1),https://www.ribasmith.com/index.php/359601-nest-it-3-pack-tri.html
Hogar,SANDALWOOD CANDLE 18 OZ,9.85 USD (x1),9.85 USD (x1),https://www.ribasmith.com/index.php/290316-sandalwood-candle-18-oz.html
Hogar,1.5L NEST IT 3 PACK,9.30 USD (x1),9.30 USD (x1),https://www.ribasmith.com/index.php/359599-1-5l-nest-it-3-pack.html
Hogar,LAKESIDE VIEW CANDLE 18 OZ,10.37 USD (x1),10.37 USD (x1),https://www.ribasmith.com/index.php/64412459599-lakeside-view-candle-18-oz.html
Hogar,KIWI POMEGRANATE CANDLES,10.37 USD (x1),10.37 USD (x1),https://www.ribasmith.com/index.php/64412458913-kiwi-pomegranate-candles.html
Hogar,6 PACK STARTER KLIP IT PLUS,15.50 USD (x1),15.50 USD (x1),https://www.ribasmith.com/index.php/321877-6-pack-starter-klip-it-plus.html
Hogar,CARIBEAN WATERS CANDLE,10.37 USD (x1),10.37 USD (x1),https://www.ribasmith.com/index.php/64412458912-caribean-waters-candle.html
Hogar,400ML RECTANGLE KLIP IT PLUS,2.40 USD (x1),2.40 USD (x1),https://www.ribasmith.com/index.php/359587-400ml-rectangle-klip-it-plus.html
Hogar,3.35L RECTANGLE KLIP IT PLUS,5.40 USD (x1),5.40 USD (x1),https://www.ribasmith.com/index.php/359590-3-35l-rectangle-klip-it-plus.html
Hogar,SEA & SAND CANDLE,2.61 USD (x1),2.61 USD (x1),https://www.ribasmith.com/index.php/64412457292-sea-sand-candle.html
Hogar,1.35L RECTANGLE W/DIVIDER HEAT,7.80 USD (x1),7.80 USD (x1),https://www.ribasmith.com/index.php/359593-1-35l-rectangle-w-divider-heat.html
Hogar,SUN WASHED COTTON CANDLE,2.61 USD (x1),2.61 USD (x1),https://www.ribasmith.com/index.php/64412456625-sun-washed-cotton-candle.html
Hogar,1L RECTANGLE KLIP IT PLUS,3.80 USD (x1),3.80 USD (x1),https://www.ribasmith.com/index.php/359608-1l-rectangle-klip-it-plus.html
Hogar,NEST IT 5 PACK TRI,14.20 USD (x1),14.20 USD (x1),https://www.ribasmith.com/index.php/359602-nest-it-5-pack-tri.html
Hogar,SOOTHING EUCALIPTS CANDLE,2.62 USD (x1),2.62 USD (x1),https://www.ribasmith.com/index.php/64412456621-soothing-eucalipts-candle.html
Hogar,820ML MULTI SPLIT DARK BLUE,4.80 USD (x1),4.80 USD (x1),https://www.ribasmith.com/index.php/359595-820ml-multi-split-dark-blue.html
Hogar,VAPORERA RECTANGULAR DE 2.45L,10.00 USD (x1),10.00 USD (x1),https://www.ribasmith.com/index.php/359586-vaporera-rectangular-de-2-45l.html
Hogar,FUNT FOOD JAR W SPOON PAW P GR,29.21 USD (x1),29.21 USD (x1),https://www.ribasmith.com/index.php/340043-funt-food-jar-w-spoon-paw-p-gr.html
Hogar,FIRESIDE CANDLE,2.61 USD (x1),2.61 USD (x1),https://www.ribasmith.com/index.php/290449-fireside-candle.html
Hogar,FALL FESTIVAL CANDLE 18 OZ,9.85 USD (x1),9.85 USD (x1),https://www.ribasmith.com/index.php/64412456016-fall-festival-candle-18-oz.html
Hogar,BENTGO KIDS PRINTS FAIRIES,25.21 USD (x1),25.21 USD (x1),https://www.ribasmith.com/index.php/356846-bentgo-kids-prints-fairies.html
Hogar,LEMON SUGAR COOKIE CANDLE,9.85 USD (x1),9.85 USD (x1),https://www.ribasmith.com/index.php/64412455896-lemon-sugar-cookie-candle.html
Hogar,BENTGO KIDS SNAP & GO LUNCH B,16.95 USD (x1),16.95 USD (x1),https://www.ribasmith.com/index.php/356865-bentgo-kids-snap-go-lunch-b.html
Hogar,CHILDRENS LUNCH BOX PETAL PINK,26.34 USD (x1),26.34 USD (x1),https://www.ribasmith.com/index.php/356833-childrens-lunch-box-petal-pink.html
Hogar,GMA SUGAR COOKIES CANDLE,2.61 USD (x1),2.61 USD (x1),https://www.ribasmith.com/index.php/64412455840-gma-sugar-cookies-candle.html
Hogar,BENTGO KIDS PRINTS DINO FOSS,25.21 USD (x1),25.21 USD (x1),https://www.ribasmith.com/index.php/356847-bentgo-kids-prints-dino-foss.html
Hogar,MANDARIN CURRANT CANDLE,2.61 USD (x1),2.61 USD (x1),https://www.ribasmith.com/index.php/290451-mandarin-currant-candle.html
Hogar,RAIN CANDLE,2.61 USD (x1),2.61 USD (x1),https://www.ribasmith.com/index.php/64412455838-rain-candle.html
Hogar,BENTGO KIDS CHILL FUSCIA,25.21 USD (x1),25.21 USD (x1),https://www.ribasmith.com/index.php/356822-bentgo-kids-chill-fuscia.html
Hogar,AROMA FEBREZE AIRE FRESCO,3.71 USD (x1),3.71 USD (x1),https://www.ribasmith.com/index.php/363611-aroma-febreze-aire-fresco.html
Hogar,BENTGO KIDS PRINTS SPACE,25.21 USD (x1),25.21 USD (x1),https://www.ribasmith.com/index.php/356857-bentgo-kids-prints-space.html
Hogar,GLADE REPUESTO ELIXIR FLORAL,11.92 USD (x1),11.92 USD (x1),https://www.ribasmith.com/index.php/361961-glade-repuesto-elixir-floral.html
Hogar,FRUIT SMOOTHIE CANDLE,10.37 USD (x1),10.37 USD (x1),https://www.ribasmith.com/index.php/64412454899-fruit-smoothie-candle.html
Hogar,AROMA GLADE NECTARINE,3.27 USD (x1),3.27 USD (x1),https://www.ribasmith.com/index.php/361247-aroma-glade-nectarine.html
Hogar,PUMKING SPACE CANDLE,2.61 USD (x1),2.61 USD (x1),https://www.ribasmith.com/index.php/290447-pumking-space-candle.html
Hogar,BENTGO KIDS PRINTS SPORTS,25.21 USD (x1),25.21 USD (x1),https://www.ribasmith.com/index.php/356861-bentgo-kids-prints-sports.html
Hogar,GLADE AERO FLORAL ELIXIR,2.47 USD (x1),2.47 USD (x1),https://www.ribasmith.com/index.php/361936-glade-aero-floral-elixir.html
Hogar,BENTGO KIDS CHILL TRULY TEAL,25.21 USD (x1),25.21 USD (x1),https://www.ribasmith.com/index.php/356824-bentgo-kids-chill-truly-teal.html
Hogar,STRERLESS CANDLE,2.61 USD (x1),2.61 USD (x1),https://www.ribasmith.com/index.php/64412454852-strerless-candle.html
Hogar,AROMA NECTARINE GLADE,2.56 USD (x1),2.56 USD (x1),https://www.ribasmith.com/index.php/361255-aroma-nectarine-glade.html
Hogar,FRUIT SMOOTHIE CANDLE,2.61 USD (x1),2.61 USD (x1),https://www.ribasmith.com/index.php/290459-fruit-smoothie-candle.html
Hogar,LUNCH BOXC SPOTS AND DOT,25.21 USD (x1),25.21 USD (x1),https://www.ribasmith.com/index.php/356827-lunch-boxc-spots-and-dot.html
Hogar,SANDALWOOD CANDLE,2.61 USD (x1),2.61 USD (x1),https://www.ribasmith.com/index.php/64412454847-sandalwood-candle.html
Hogar,BENTGO KIDS CHILL VIVID ORCH,25.21 USD (x1),25.21 USD (x1),https://www.ribasmith.com/index.php/356825-bentgo-kids-chill-vivid-orch.html
Hogar,GLADE AEROSOL ODISEA AZUL,2.36 USD (x1),2.36 USD (x1),https://www.ribasmith.com/index.php/287495-glade-aerosol-odisea-azul.html
Hogar,BLACK CHERRY CANDLE,2.62 USD (x1),2.62 USD (x1),https://www.ribasmith.com/index.php/64412454845-black-cherry-candle.html
Hogar,BENTGO KIDS PRINTS PUPPY LOV,25.21 USD (x1),25.21 USD (x1),https://www.ribasmith.com/index.php/356855-bentgo-kids-prints-puppy-lov.html
Hogar,GLADE AERO ELIXIR FLORAL,3.20 USD (x1),3.20 USD (x1),https://www.ribasmith.com/index.php/361928-glade-aero-elixir-floral.html
Hogar,AROMA HAWALOHA FEBREZE,3.71 USD (x1),3.71 USD (x1),https://www.ribasmith.com/index.php/360162-aroma-hawaloha-febreze.html
Hogar,FRENCH TOAST CANDLE,2.62 USD (x1),2.62 USD (x1),https://www.ribasmith.com/index.php/64412454844-french-toast-candle.html
Hogar,LEAKPROOF LUNCH BOX GREEN,23.98 USD (x1),23.98 USD (x1),https://www.ribasmith.com/index.php/356820-leakproof-lunch-box-green.html
Hogar,HAPPY BIRTHDAY CAKE CANDLE,9.85 USD (x1),9.85 USD (x1),https://www.ribasmith.com/index.php/64412454590-happy-birthday-cake-candle.html
Hogar,BENTGO KIDS CHILL GRAY,25.21 USD (x1),25.21 USD (x1),https://www.ribasmith.com/index.php/356826-bentgo-kids-chill-gray.html
Hogar,AROMA LINO Y CIELO FEBREZE,3.71 USD (x1),3.71 USD (x1),https://www.ribasmith.com/index.php/360161-aroma-lino-y-cielo-febreze.html
Hogar,SWEET PEA CANDLE 18 OZ,9.85 USD (x1),9.85 USD (x1),https://www.ribasmith.com/index.php/64412454589-sweet-pea-candle-18-oz.html
Hogar,BENTGO KIDS PRINTS - TRUCKS,25.21 USD (x1),25.21 USD (x1),https://www.ribasmith.com/index.php/356862-bentgo-kids-prints-trucks.html
Hogar,GLADE APARATO ELIXIR FLORAL,17.85 USD (x1),17.85 USD (x1),https://www.ribasmith.com/index.php/361957-glade-aparato-elixir-floral.html
Hogar,LEMON VANILLA CANDLE,10.37 USD (x1),10.37 USD (x1),https://www.ribasmith.com/index.php/64412454588-lemon-vanilla-candle.html
Hogar,GLADE PISO 3PK ELIXIR FLORAL,10.33 USD (x1),10.33 USD (x1),https://www.ribasmith.com/index.php/361940-glade-piso-3pk-elixir-floral.html
Hogar,LUNCH BOX - BLUE,16.95 USD (x1),16.95 USD (x1),https://www.ribasmith.com/index.php/356878-lunch-box-blue.html
Hogar,CINN COFFEE CAKE CANDLE,10.37 USD (x1),10.37 USD (x1),https://www.ribasmith.com/index.php/64412454587-cinn-coffee-cake-candle.html
Hogar,AIRWICK ELE REP MANZANA CANELA,7.68 USD (x1),7.68 USD (x1),https://www.ribasmith.com/index.php/306936-airwick-ele-rep-manzana-canela.html
Hogar,LUNCH BOX- CHECKER GRADIENT,25.21 USD (x1),25.21 USD (x1),https://www.ribasmith.com/index.php/356829-lunch-box-checker-gradient.html
Hogar,AROMA GLADE VARITAS LAVANDA,7.15 USD (x1),7.15 USD (x1),https://www.ribasmith.com/index.php/360155-aroma-glade-varitas-lavanda.html
Hogar,BENTGO KIDS PRINTS SAFARI,25.21 USD (x1),25.21 USD (x1),https://www.ribasmith.com/index.php/356858-bentgo-kids-prints-safari.html
Hogar,BENTGO KIDS PRINTS BUG BUDDI,25.21 USD (x1),25.21 USD (x1),https://www.ribasmith.com/index.php/356835-bentgo-kids-prints-bug-buddi.html
Hogar,AROMA GLADE APA NECTARINE,19.33 USD (x1),19.33 USD (x1),https://www.ribasmith.com/index.php/361257-aroma-glade-apa-nectarine.html
Hogar,BAKED GOODS CANDLE 18 OZ,10.37 USD (x1),10.37 USD (x1),https://www.ribasmith.com/index.php/baked-goods-candle-18-oz-290377.html
Hogar,HAWAIIAN BREEZE CANDLE,10.37 USD (x1),10.37 USD (x1),https://www.ribasmith.com/index.php/64412453908-hawaiian-breeze-candle.html
Hogar,LEAKPROOF LUNCH BOX - PURPLE,23.98 USD (x1),23.98 USD (x1),https://www.ribasmith.com/index.php/356821-leakproof-lunch-box-purple.html
Hogar,FBRZ AIR HAWAILLAN ALOHA,3.74 USD (x1),3.74 USD (x1),https://www.ribasmith.com/index.php/249339-fbrz-air-hawaillan-aloha.html
Hogar,LEAK-PROOF LUNCH BOX - PURPLE,16.95 USD (x1),16.95 USD (x1),https://www.ribasmith.com/index.php/356879-leak-proof-lunch-box-purple.html
Hogar,AROMA FEBREZE FRESCURA ABRIL D,3.71 USD (x1),3.71 USD (x1),https://www.ribasmith.com/index.php/360166-aroma-febreze-frescura-abril-d.html
Hogar,BENTGO MERMAID SCALES,26.35 USD (x1),26.35 USD (x1),https://www.ribasmith.com/index.php/357033-bentgo-mermaid-scales.html
Hogar,AROMA GLADE LAVANDA REFRESCANT,3.73 USD (x1),3.73 USD (x1),https://www.ribasmith.com/index.php/360016-aroma-glade-lavanda-refrescant.html
Hogar,LILAC BLOSSON CANDLE,2.61 USD (x1),2.61 USD (x1),https://www.ribasmith.com/index.php/64412452871-lilac-blosson-candle.html
Jardinería,ESCOBA PLASTICA 26 DIENT RIG,7.77 USD (x1),7.77 USD (x1),https://www.ribasmith.com/index.php/escoba-plastica-26-dient-rig-275623.html
Jardinería,"CULTIVADOR PARA JARDIN 6""",2.29 USD (x1),2.29 USD (x1),https://www.ribasmith.com/index.php/cultivador-para-jardin-6
Jardinería,"SERROTE DE PODA 12"" PLEG MANGO",7.48 USD (x1),7.48 USD (x1),https://www.ribasmith.com/index.php/serrote-de-poda-12 -pleg-mango-277820.html
Jardinería,BASE P/MACETERO C/RUEDA 30.5 C,9.27 USD (x1),9.27 USD (x1),https://www.ribasmith.com/index.php/base-p/macetero-c/rueda-30.5-c-288109.html
Jardinería,"POTE 6""(VCG15)",0.11 USD (x1),0.11 USD (x1),https://www.ribasmith.com/index.php/pote-6
Jardinería,LAVAGNA METALICA 14X50 CM,21.00 USD (x1),21.00 USD (x1),https://www.ribasmith.com/index.php/lavagna-metalica-14x50-cm-272191.html
Jardinería,VASO MAG KALAMITICA BASIC BOUL,5.15 USD (x1),5.15 USD (x1),https://www.ribasmith.com/index.php/vaso-mag-kalamitica-basic-boul-272180.html
Jardinería,POTE PV0103,16.93 USD (x1),16.93 USD (x1),https://www.ribasmith.com/index.php/pote-pv0103-243951.html
Jardinería,ROOT WRAPPERS RW100130,1.27 USD (x1),1.27 USD (x1),https://www.ribasmith.com/index.php/root-wrappers-rw100130-243954.html
Jardinería,GUANTES PARA JARDIN GRANDES,3.24 USD (x1),3.24 USD (x1),https://www.ribasmith.com/index.php/guantes-para-jardin-grandes-275462.html
Jardinería,RIDOMIL GOLD MZ 68 50 GR,2.61 USD (x1),2.61 USD (x1),https://www.ribasmith.com/index.php/ridomil-gold-mz-68-50-gr-14197.html
Jardinería,GREEN GARDEN ANTIHORMIGAS,6.94 USD (x1),6.94 USD (x1),https://www.ribasmith.com/index.php/green-garden-antihormigas-232549.html
Jardinería,FERTILIZANTE PARA ROSAS,7.37 USD (x1),7.37 USD (x1),https://www.ribasmith.com/index.php/fertilizante-para-rosas-234663.html
Jardinería,FORZA FOLLAJE 30 UN,3.57 USD (x1),3.57 USD (x1),https://www.ribasmith.com/index.php/forza-follaje-30-un-238248.html
Jardinería,FERTIL PLANTAS DE FLORES Y ORQ,7.49 USD (x1),7.49 USD (x1),https://www.ribasmith.com/index.php/162023-fertil-plantas-de-flores-y-orq.html
Jardinería,FERTIL HELECHOS Y PLANTAS VERD,7.47 USD (x1),7.47 USD (x1),https://www.ribasmith.com/index.php/162022-fertil-helechos-y-plantas-verd.html
Jardinería,ABONO 12-24-12,3.38 USD (x1),3.38 USD (x1),https://www.ribasmith.com/index.php/abono-12-24-12-162422.html
Jardinería,REGADERA P/JARDIN 5 L,8.26 USD (x1),8.26 USD (x1),https://www.ribasmith.com/index.php/regadera-p/jardin-5-l-286940.html
Jardinería,LENTES DE SEGURIDAD TRANSP,1.32 USD (x1),1.32 USD (x1),https://www.ribasmith.com/index.php/lentes-de-seguridad-transp-275617.html
Jardinería,ESCOBA PLASTICA RIGIDA 22 DIEN,6.26 USD (x1),6.26 USD (x1),https://www.ribasmith.com/index.php/escoba-plastica-rigida-22-dien-275621.html
Jardinería,LENTES SEGURIDAD DEPORT COLOR,1.52 USD (x1),1.52 USD (x1),https://www.ribasmith.com/index.php/lentes-seguridad-deport-color-277816.html
Jardinería,TIJERA PARA PODA 6'CUCHILLA PS,4.46 USD (x1),4.46 USD (x1),https://www.ribasmith.com/index.php/tijera-para-poda-6'cuchilla-ps-277826.html
Jardinería,BASE CUADRADA DE MADERA,6.00 USD (x1),6.00 USD (x1),https://www.ribasmith.com/index.php/base-cuadrada-de-madera-254634.html
Jardinería,INSECTICIDA MULTIEFECTO,10.15 USD (x1),10.15 USD (x1),https://www.ribasmith.com/index.php/insecticida-multiefecto-234668.html
Jardinería,FORSA CLAVOS MAGIC FOLLAJE,3.68 USD (x1),3.68 USD (x1),https://www.ribasmith.com/index.php/forsa-clavos-magic-follaje-32328.html
Jardinería,FORZA SALUBLE PRODUCCION,3.68 USD (x1),3.68 USD (x1),https://www.ribasmith.com/index.php/forza-saluble-produccion-238253.html
Jardinería,FUNGICIDA ORGANICO,7.80 USD (x1),7.80 USD (x1),https://www.ribasmith.com/index.php/fungicida-organico-234670.html
Jardinería,FORZA FRASCO FOLLAJE,5.81 USD (x1),5.81 USD (x1),https://www.ribasmith.com/index.php/forza-frasco-follaje-238250.html
Jardinería,UREA,6.00 USD (x1),6.00 USD (x1),https://www.ribasmith.com/index.php/urea-162425.html
Jardinería,NUTRIENTE PLANTAS DE FLORES RE,4.77 USD (x1),4.77 USD (x1),https://www.ribasmith.com/index.php/162024-nutriente-plantas-de-flores-re.html
Jardinería,FERTILIZANTE 12-24-12,3.41 USD (x1),3.41 USD (x1),https://www.ribasmith.com/index.php/fertilizante-12-24-12-186167.html
Jardinería,MANGUERA P/ JARDIN 25 PIES 5/8,16.23 USD (x1),16.23 USD (x1),https://www.ribasmith.com/index.php/manguera-p-jardin-25-pies-5-8-288071.html
Jardinería,MANGUERA P/JARDIN 25 PIES,13.18 USD (x1),13.18 USD (x1),https://www.ribasmith.com/index.php/288070-manguera-p-jardin-25-pies.html
Jardinería,MANGUERA P/JARDIN 50 PIES,20.46 USD (x1),20.46 USD (x1),https://www.ribasmith.com/index.php/manguera-p-jardin-50-pies-288072.html
Jardinería,ESCOBA PLAST 26 DIENTE FLEXIBL,7.26 USD (x1),7.26 USD (x1),https://www.ribasmith.com/index.php/escoba-plast-26-diente-flexibl-275622.html
Jardinería,CUCHARA PARA JARDIN,2.29 USD (x1),2.29 USD (x1),https://www.ribasmith.com/index.php/cuchara-para-jardin-275461.html
Jardinería,BIELDO PRA JARDIN,2.29 USD (x1),2.29 USD (x1),https://www.ribasmith.com/index.php/bieldo-pra-jardin-277818.html
Jardinería,CORTADOR DE RAMAS ALTAS CON MA,29.20 USD (x1),29.20 USD (x1),https://www.ribasmith.com/index.php/cortador-de-ramas-altas-con-ma-277824.html
Jardinería,"TIJERA PARA PODA 6"" CHUCILLA",4.46 USD (x1),4.46 USD (x1),https://www.ribasmith.com/index.php/tijera-para-poda-6
Jardinería,JARRON CILINDRICO P FLORES,5.16 USD (x1),5.16 USD (x1),https://www.ribasmith.com/index.php/jarron-cilindrico-p-flores-220746.html
Jardinería,MACETERO 51.5X29 CM,22.53 USD (x1),22.53 USD (x1),https://www.ribasmith.com/index.php/macetero-51-5x29-cm-284361.html
Jardinería,VASO MAG KALAMITICA BASIC CONO,5.15 USD (x1),5.15 USD (x1),https://www.ribasmith.com/index.php/vaso-mag-kalamitica-basic-cono-272182.html
Jardinería,POTE PV0203,24.33 USD (x1),24.33 USD (x1),https://www.ribasmith.com/index.php/pote-pv0203-243952.html
Jardinería,HORMIGREEN INSECTICIDA,10.12 USD (x1),10.12 USD (x1),https://www.ribasmith.com/index.php/234666-hormigreen-insecticida.html
Jardinería,PIEDRA,2.56 USD (x1),2.56 USD (x1),https://www.ribasmith.com/index.php/piedra-239704.html
Jardinería,"CANASTA 10""",2.20 USD (x1),2.20 USD (x1),https://www.ribasmith.com/index.php/canasta-10
Jardinería,FORZA MICRO RADICULAR FERCON,2.30 USD (x1),2.30 USD (x1),https://www.ribasmith.com/index.php/forza-micro-radicular-fercon-32303.html
Jardinería,POTE 1GL,0.41 USD (x1),0.41 USD (x1),https://www.ribasmith.com/index.php/pote-1gl-233720.html
Lácteos,DANNON NATURAL PLAIN YOGURT,6.95 USD (x1),6.95 USD (x1),https://www.ribasmith.com/index.php/dannon-natural-plain-yogurt-48207.html
Lácteos,LECHE DESCREMADA LIBRE DE GRAS,3.10 USD (x1),3.10 USD (x1),https://www.ribasmith.com/index.php/leche-descremada-libre-de-gras-130867.html
Lácteos,GRANA PADANO 16 MESI,31.91 USD (x1),31.91 USD (x1),https://www.ribasmith.com/index.php/234280-grana-padano-16-mesi.html
Lácteos,RIMITH BEBIDA DE AVENA 250 ML,0.88 USD (x1),0.88 USD (x1),https://www.ribasmith.com/index.php/292694-bebida-de-avena.html
Lácteos,LECHE DESCREMADA LIBRE DE GRAS,1.85 USD (x1),1.85 USD (x1),https://www.ribasmith.com/index.php/leche-descremada-libre-de-gras-130866.html
Lácteos,LECHE DESLACTOSADA,1.85 USD (x1),1.85 USD (x1),https://www.ribasmith.com/index.php/leche-deslactosada-125912.html
Lácteos,LECHE GRADO A,5.95 USD (x1),5.95 USD (x1),https://www.ribasmith.com/index.php/leche-grado-a-128228.html
Lácteos,LECHE GRADO A,3.10 USD (x1),3.10 USD (x1),https://www.ribasmith.com/index.php/leche-grado-a-54197.html
Lácteos,LECHE GRADO A,1.60 USD (x1),1.60 USD (x1),https://www.ribasmith.com/index.php/leche-grado-a-119194.html
Lácteos,LECHE GRADO A,0.61 USD (x1),0.61 USD (x1),https://www.ribasmith.com/index.php/leche-grado-a-216813.html
Lácteos,CHIQUIMU LECHE CHOC 1/4 GL,4.50 USD (x1),4.50 USD (x1),https://www.ribasmith.com/index.php/chiquimu-leche-choc-142019-gl-233052.html
Lácteos,CHIQUIMU LECHE CHOCOLATADA,1.35 USD (x1),1.35 USD (x1),https://www.ribasmith.com/index.php/chiquimu-leche-chocolatada-216933.html
Lácteos,LECHE SEMIDESCREMADA 1/2 GL,3.10 USD (x1),3.10 USD (x1),https://www.ribasmith.com/index.php/leche-semidescremada-1-2-gl-279644.html
Lácteos,LECHE SEMIDESCREMADA 1/4 GL,1.85 USD (x1),1.85 USD (x1),https://www.ribasmith.com/index.php/leche-semidescremada-1-4-gl-279645.html
Lácteos,MANTEQUILLA CON AJO,3.26 USD (x1),3.26 USD (x1),https://www.ribasmith.com/index.php/mantequilla-con-ajo-74092.html
Lácteos,QUESO AMARILLO PORCION,2.90 USD (x1),2.90 USD (x1),https://www.ribasmith.com/index.php/queso-amarillo-porcion-272175.html
Lácteos,QUESO AMARILLO RIMITH,13.00 USD (x1),13.00 USD (x1),https://www.ribasmith.com/index.php/queso-amarillo-rimith-209720.html
Lácteos,QUESO AMARILLO RIMITH E,13.00 USD (x1),13.00 USD (x1),https://www.ribasmith.com/index.php/queso-amarillo-rimith-203047.html
Lácteos,QUESO PRENSADO CON SAL,3.95 USD (x1),3.95 USD (x1),https://www.ribasmith.com/index.php/54229-queso-prensado-con-sal.html
Lácteos,QUESO BLANCO CON SAL,4.85 USD (x1),4.85 USD (x1),https://www.ribasmith.com/index.php/queso-blanco-con-sal-132729.html
Lácteos,QUESO LITE,14.80 USD (x1),14.80 USD (x1),https://www.ribasmith.com/index.php/queso-lite-215382.html
Lácteos,QUESO MOLIDO,4.35 USD (x1),4.35 USD (x1),https://www.ribasmith.com/index.php/queso-molido-119151.html
Lácteos,QUESO BLANCO PRENS BAJO SAL,3.95 USD (x1),3.95 USD (x1),https://www.ribasmith.com/index.php/queso-blanco-prens-bajo-sal-54058.html
Lácteos,QUESO BLANCO BAJO SAL,4.85 USD (x1),4.85 USD (x1),https://www.ribasmith.com/index.php/queso-blanco-bajo-sal-133994.html
Lácteos,QUESO BLANCO DIETA,3.95 USD (x1),3.95 USD (x1),https://www.ribasmith.com/index.php/queso-blanco-dieta-212793.html
Lácteos,QUESO PRENSADO C SAL PIEZAS,14.60 USD (x1),14.60 USD (x1),https://www.ribasmith.com/index.php/queso-prensado-c-sal-piezas-54059.html
Lácteos,QUESO PRENSADO C SAL,14.60 USD (x1),14.60 USD (x1),https://www.ribasmith.com/index.php/queso-prensado-c-sal-209724.html
Lácteos,QUESO BAJO EN SAL PIEZAS,14.60 USD (x1),14.60 USD (x1),https://www.ribasmith.com/index.php/queso-bajo-en-sal-piezas-54061.html
Lácteos,QUESO BAJO EN SAL,14.60 USD (x1),14.60 USD (x1),https://www.ribasmith.com/index.php/queso-bajo-en-sal-209722.html
Lácteos,QUESO MOZZARELLA PORCION,3.95 USD (x1),3.95 USD (x1),https://www.ribasmith.com/index.php/queso-mozzarella-porcion-272179.html
Lácteos,QUESO MOZZARELLA RIMITH PIEZA,17.90 USD (x1),17.90 USD (x1),https://www.ribasmith.com/index.php/queso-mozzarella-rimith-pieza-58975.html
Lácteos,RIQUESON,1.75 USD (x1),1.75 USD (x1),https://www.ribasmith.com/index.php/riqueson.html
Lácteos,RIQUESON CON PIMIENTO,1.80 USD (x1),1.80 USD (x1),https://www.ribasmith.com/index.php/riqueson-con-pimiento-114553.html
Lácteos,RICOTTA CON ESPECIAS,1.80 USD (x1),1.80 USD (x1),https://www.ribasmith.com/index.php/114552-riqueson-con-especias.html
Lácteos,YOMITH YOGURT BEBIBLE DE COCO,1.35 USD (x1),1.35 USD (x1),https://www.ribasmith.com/index.php/yomith-yogurt-bebible-de-coco.html
Lácteos,YOMITH YOGURT BEBIBLE DE FRESA,1.35 USD (x1),1.35 USD (x1),https://www.ribasmith.com/index.php/yomith-yogurt-bebible-de-fresa.html
Lácteos,YOMITH YOG BEBIBL GUINEO FRESA,1.35 USD (x1),1.35 USD (x1),https://www.ribasmith.com/index.php/yomith-yog-bebibl-guineo-fresa.html
Lácteos,YOMITH YOGURT BEBIBL BLACBERRY,1.35 USD (x1),1.35 USD (x1),https://www.ribasmith.com/index.php/yomith-yogurt-bebibl-blacberry-259239.html
Lácteos,YOMITH YOG BEBIBLE GUANABANA,1.35 USD (x1),1.35 USD (x1),https://www.ribasmith.com/index.php/yomith-yog-bebible-guanabana.html
Lácteos,YOGURT CABRA FRESA,2.05 USD (x1),2.05 USD (x1),https://www.ribasmith.com/index.php/yogurt-cabra-fresa-229690.html
Lácteos,YOGURT CABRA NATURAL SIN AZUCA,2.05 USD (x1),2.05 USD (x1),https://www.ribasmith.com/index.php/yogurt-cabra-natural-sin-azuca-233626.html
Lácteos,YOGURT CABRA COCO,2.05 USD (x1),2.05 USD (x1),https://www.ribasmith.com/index.php/yogurt-cabra-coco-229689.html
Lácteos,YOGURT CABRA NATURAL,2.05 USD (x1),2.05 USD (x1),https://www.ribasmith.com/index.php/yogurt-cabra-natural-229688.html
Lácteos,YOGURT LIGHT PASTEL MANZANA,1.30 USD (x1),1.30 USD (x1),https://www.ribasmith.com/index.php/yogurt-light-pastel-manzana-194318.html
Lácteos,YOGURT LIGHT DE FRESA NF,1.30 USD (x1),1.30 USD (x1),https://www.ribasmith.com/index.php/yogurt-light-de-fresa-nf-179937.html
Lácteos,YOGURT LIGHT NATURAL NF,1.20 USD (x1),1.20 USD (x1),https://www.ribasmith.com/index.php/yogurt-light-natural-nf-174101.html
Lácteos,YOGURT GRIEGO COCO,2.15 USD (x1),2.15 USD (x1),https://www.ribasmith.com/index.php/yogurt-griego-coco-233631.html
Lácteos,YOGURT GRIEGO MELOCOTON,2.15 USD (x1),2.15 USD (x1),https://www.ribasmith.com/index.php/yogurt-griego-melocoton-233629.html
Lácteos,YOGURT GRIEGO KIWI,2.15 USD (x1),2.15 USD (x1),https://www.ribasmith.com/index.php/yogurt-griego-kiwi-233628.html
Lácteos,YOGURT GRIEGO NATURAL,2.15 USD (x1),2.15 USD (x1),https://www.ribasmith.com/index.php/yogurt-griego-natural-216741.html
Lácteos,YOGURT GRIEGO 0% GRASA,2.15 USD (x1),2.15 USD (x1),https://www.ribasmith.com/index.php/yogurt-griego-0-grasa-216742.html
Lácteos,YOGURT GRIEGO FRESA,2.15 USD (x1),2.15 USD (x1),https://www.ribasmith.com/index.php/yogurt-griego-fresa-233630.html
Lácteos,YOGURT ITALIANO,1.80 USD (x1),1.80 USD (x1),https://www.ribasmith.com/index.php/yogurt-italiano.html
Lácteos,YOGURT DE MORA,1.35 USD (x1),1.35 USD (x1),https://www.ribasmith.com/index.php/yogurt-de-mora-53918.html
Lácteos,YOGURT DE FRAMBUESA,1.20 USD (x1),1.20 USD (x1),https://www.ribasmith.com/index.php/yogurt-de-frambuesa-72836.html
Lácteos,YOGURT DE FRESA,1.20 USD (x1),1.20 USD (x1),https://www.ribasmith.com/index.php/yogurt-de-fresa-72834.html
Lácteos,YOGURT NATURAL,1.10 USD (x1),1.10 USD (x1),https://www.ribasmith.com/index.php/yogurt-natural-72832.html
Lácteos,YOGURT DE MORA,1.20 USD (x1),1.20 USD (x1),https://www.ribasmith.com/index.php/yogurt-de-mora-72833.html
Lácteos,YOGURT DE KIWI,1.35 USD (x1),1.35 USD (x1),https://www.ribasmith.com/index.php/yogurt-de-kiwi-53923.html
Lácteos,YOGURT DE FRESA,1.35 USD (x1),1.35 USD (x1),https://www.ribasmith.com/index.php/yogurt-de-fresa-53922.html
Lácteos,YOGURT DE FRUTAS,1.35 USD (x1),1.35 USD (x1),https://www.ribasmith.com/index.php/yogurt-de-frutas-80837.html
Lácteos,YOGURT DE FRAMBUESA,1.35 USD (x1),1.35 USD (x1),https://www.ribasmith.com/index.php/yogurt-de-frambuesa-53913.html
Lácteos,YOGURT DE MELOCOTON,1.35 USD (x1),1.35 USD (x1),https://www.ribasmith.com/index.php/yogurt-de-melocoton-53917.html
Lácteos,YOGURT DE KIWI,1.20 USD (x1),1.20 USD (x1),https://www.ribasmith.com/index.php/yogurt-de-kiwi-72835.html
Lácteos,YOGURT DE VAINILLA,1.20 USD (x1),1.20 USD (x1),https://www.ribasmith.com/index.php/yogurt-de-vainilla-258320.html
Lácteos,YOGURT DE MELOCOTON,1.20 USD (x1),1.20 USD (x1),https://www.ribasmith.com/index.php/yogurt-de-melocoton-72837.html
Lácteos,YOGUGEL DE MELOCOTON,1.95 USD (x1),1.95 USD (x1),https://www.ribasmith.com/index.php/yogugel-de-melocoton.html
Lácteos,YOGUGEL DE UVA,1.95 USD (x1),1.95 USD (x1),https://www.ribasmith.com/index.php/yogugel-de-uva.html
Lácteos,YOGUGEL DE FRESA,1.95 USD (x1),1.95 USD (x1),https://www.ribasmith.com/index.php/yogugel-de-fresa.html
Lácteos,YOGUGEL DE PINA,1.95 USD (x1),1.95 USD (x1),https://www.ribasmith.com/index.php/yogugel-de-pina.html
Lácteos,YOGUGEL TUTTI FRUTI,1.95 USD (x1),1.95 USD (x1),https://www.ribasmith.com/index.php/yogugel-tutti-fruti.html
Lácteos,FOOD CLUB MOZZARELLA SHREDDED,2.75 USD (x1),2.75 USD (x1),https://www.ribasmith.com/index.php/362756-food-club-mozzarella-shredded.html
Lácteos,FOOD CLUB MOZZARELLA SLICED,2.99 USD (x1),2.99 USD (x1),https://www.ribasmith.com/index.php/362753-food-club-mozzarella-sliced.html
Lácteos,BELG MOZZRELLA MARINATD IN OIL,10.99 USD (x1),10.99 USD (x1),https://www.ribasmith.com/index.php/357685-belg-mozzrella-marinatd-in-oil.html
Lácteos,ESSEVERY CHEESE MOZZARELLA,4.30 USD (x1),4.30 USD (x1),https://www.ribasmith.com/index.php/353185-essevery-cheese-mozzarella.html
Lácteos,BELG FRSH MOZZ PESTO BRAIDS,7.50 USD (x1),7.50 USD (x1),https://www.ribasmith.com/index.php/belg-frsh-mozz-pesto-braids-231377.html
Lácteos,LONCHAS MOZZARELLA,5.47 USD (x1),5.47 USD (x1),https://www.ribasmith.com/index.php/lonchas-mozzarella-241558.html
Lácteos,BELG BLACK TRUFFLE BURRATA,9.37 USD (x1),9.37 USD (x1),https://www.ribasmith.com/index.php/belg-black-truffle-burrata-253661.html
Lácteos,QUESO MOZZARELLA RIMITH,17.90 USD (x1),17.90 USD (x1),https://www.ribasmith.com/index.php/209721-queso-mozzarella-rimith.html
Lácteos,SLICED MOZZARELLA 6 OZ,6.47 USD (x1),7.61 USD (x1),https://www.ribasmith.com/index.php/sliced-mozzarella-6-oz-3730.html
Lácteos,QUESO MOZZARELLA 12 8 oz,2.93 USD (x1),2.93 USD (x1),https://www.ribasmith.com/index.php/queso-mozzarella-12-8-oz-13064.html
Lácteos,MOZZARELA MD FOODS BLOQUES,18.80 USD (x1),18.80 USD (x1),https://www.ribasmith.com/index.php/mozzarela-md-foods-bloques-24954.html
Lácteos,QUESO MOZZARELLA SUPERIOR,5.46 USD (x1),5.46 USD (x1),https://www.ribasmith.com/index.php/queso-mozzarella-superior-26750.html
Lácteos,BORDEN MOZARELLA 8OZ,6.32 USD (x1),6.32 USD (x1),https://www.ribasmith.com/index.php/borden-mozarella-8oz-47155.html
Lácteos,SARGENTO SHRED CS MOZZARELLA,7.09 USD (x1),7.09 USD (x1),https://www.ribasmith.com/index.php/sargento-shred-cs-mozzarella-77900.html
Lácteos,CHEESE KIDS STICKS 108 GR,4.15 USD (x1),4.15 USD (x1),https://www.ribasmith.com/index.php/cheese-kids-sticks-108-gr-81862.html
Lácteos,MOZZARELLA FIOR DI LATE 453 GR,9.29 USD (x1),9.29 USD (x1),https://www.ribasmith.com/index.php/mozzarella-fior-di-late-453-gr-106862.html
Lácteos,ENROLLADO DE MOZZARELLA 8 OZ,4.41 USD (x1),4.41 USD (x1),https://www.ribasmith.com/index.php/enrollado-de-mozzarella-8-oz-106867.html
Lácteos,BOCONCCINI NATURAL 8 OZ,5.23 USD (x1),5.23 USD (x1),https://www.ribasmith.com/index.php/boconccini-natural-8-oz-106868.html
Lácteos,MOZZARELLA BAR 227GRS,5.17 USD (x1),5.17 USD (x1),https://www.ribasmith.com/index.php/mozzarella-bar-227grs-138278.html
Lácteos,MOZARELLA CHEESE,4.80 USD (x1),4.80 USD (x1),https://www.ribasmith.com/index.php/mozarella-cheese-155529.html
Lácteos,GARCÍA BAQUERO LA CAVA BARUS,7.85 USD (x1),7.85 USD (x1),https://www.ribasmith.com/index.php/362935-garcia-baquero-la-cava-barus.html
Lácteos,FOOD CLUB CHEDDAR SHREDDED,3.25 USD (x1),3.25 USD (x1),https://www.ribasmith.com/index.php/362768-food-club-cheddar-shredded.html
Lácteos,SANABRIA QUESO IBERICO CURADO,22.75 USD (x1),22.75 USD (x1),https://www.ribasmith.com/index.php/73623-sanabria-queso-iberico-curado.html
Lácteos,FOOD CLUB MILD CHEDDAR CHEESE,3.15 USD (x1),3.15 USD (x1),https://www.ribasmith.com/index.php/362769-food-club-mild-cheddar-cheese.html
Lácteos,BELGIOSO FRESH MOZARELLA BALL,5.25 USD (x1),5.25 USD (x1),https://www.ribasmith.com/index.php/belgioso-fresh-mozarella-ball-168493.html
Lácteos,BELGIOSO FRESH MOZZRELLA LOGS,9.75 USD (x1),9.75 USD (x1),https://www.ribasmith.com/index.php/belgioso-fresh-mozzrella-logs-168494.html
Lácteos,GB RESERVA 12 MESES,31.87 USD (x1),31.87 USD (x1),https://www.ribasmith.com/index.php/267627-gb-reserva-12-meses.html
Lácteos,FOOD CLUB MILD CHEDDAR SLICED,3.35 USD (x1),3.35 USD (x1),https://www.ribasmith.com/index.php/362762-food-club-mild-cheddar-sliced.html
Lácteos,GB VIVA ESPAÑA RALLADO 100 GR,2.65 USD (x1),2.65 USD (x1),https://www.ribasmith.com/index.php/292864-gb-viva-espa-a-rallado-100-gr.html
Lácteos,ESSENTIAL EXTRA SHARP CHEDDAR,8.30 USD (x1),8.30 USD (x1),https://www.ribasmith.com/index.php/359225-essential-extra-sharp-cheddar.html
Lácteos,MOZZARELLA HILL VALLEY,16.91 USD (x1),16.91 USD (x1),https://www.ribasmith.com/index.php/mozzarella-hill-valley-169142.html
Lácteos,GB 5 LANZAS GRAN RESERVA 16 MS,7.48 USD (x1),7.48 USD (x1),https://www.ribasmith.com/index.php/gb-5-lanzas-gran-reserva-16-ms-260542.html
Lácteos,Nestlé ¡Qué Rico! Queso Mozzarella 12 rebanadas,4.52 USD (x1),4.52 USD (x1),https://www.ribasmith.com/index.php/queso-mozzarella-12reb-173872.html
Lácteos,CRACKER BARREL XTRA SHARP CHED,8.65 USD (x1),8.65 USD (x1),https://www.ribasmith.com/index.php/358953-cracker-barrel-xtra-sharp-ched.html
Lácteos,BELGIOSO PEARLS FRESH MOZARELL,5.05 USD (x1),5.05 USD (x1),https://www.ribasmith.com/index.php/belgioso-pearls-fresh-mozarell.html
Lácteos,CRACKER BARREL SHARP YELLOW,8.96 USD (x1),8.96 USD (x1),https://www.ribasmith.com/index.php/360169-cracker-barrel-sharp-yellow.html
Lácteos,QUESO DE MEZCLA SEMICURADO,3.57 USD (x1),3.57 USD (x1),https://www.ribasmith.com/index.php/221938-queso-de-mezcla-semicurado.html
Lácteos,BELGIOSO FRESH MOZARELLA PROSC,10.80 USD (x1),10.80 USD (x1),https://www.ribasmith.com/index.php/belgioso-fresh-mozarella-prosc-175643.html
Lácteos,KERRYGOLD MATURE CHEDDAR,4.45 USD (x1),4.45 USD (x1),https://www.ribasmith.com/index.php/358517-kerrygold-mature-cheddar.html
Lácteos,QUESO DE OVEJA SEMICRDO LONCHA,4.33 USD (x1),4.33 USD (x1),https://www.ribasmith.com/index.php/221939-queso-de-oveja-semicrdo-loncha.html
Lácteos,CRYSTAL F MOZARELLA CHEESE,5.30 USD (x1),5.30 USD (x1),https://www.ribasmith.com/index.php/crystal-f-mozarella-cheese-176045.html
Lácteos,QUESO CHEDDAR PRESIDENT 10REB,4.71 USD (x1),4.71 USD (x1),https://www.ribasmith.com/index.php/359199-queso-cheddar-president-10reb.html
Lácteos,QUESO OVEJA CURADO MINICUÑAS,6.42 USD (x1),6.42 USD (x1),https://www.ribasmith.com/index.php/221940-queso-oveja-curado-minicu-as.html
Lácteos,DUTCH FARMS TRIPLE CHEDDAR,3.80 USD (x1),3.80 USD (x1),https://www.ribasmith.com/index.php/355474-dutch-farms-triple-cheddar.html
Lácteos,QUESO MEZCLA SEMICRD MINICUÑAS,5.35 USD (x1),5.35 USD (x1),https://www.ribasmith.com/index.php/221941-queso-mezcla-semicrd-minicu-as.html
Lácteos,CRYSTAL FARMS MOZARELLA STRING,0.85 USD (x1),0.85 USD (x1),https://www.ribasmith.com/index.php/crystal-farms-mozarella-string-182435.html
Lácteos,BELGIOIOSO FRESH MOZZA PEARLS,5.25 USD (x1),5.25 USD (x1),https://www.ribasmith.com/index.php/belgioioso-fresh-mozza-pearls-185005.html
Lácteos,TABLA DE QUESOS TAPAS,8.09 USD (x1),8.09 USD (x1),https://www.ribasmith.com/index.php/221942-tabla-de-quesos-tapas.html
Lácteos,ESSEVERY SHARP CHEDDAR CHEESE,4.30 USD (x1),4.30 USD (x1),https://www.ribasmith.com/index.php/353183-essevery-sharp-cheddar-cheese.html
Lácteos,QUESO MEZCLA CURADO PLATA,18.27 USD (x1),18.27 USD (x1),https://www.ribasmith.com/index.php/queso-mezcla-curado-plata-226638.html
Lácteos,ESSEVERY MILD CHEDDAR CHEESE,4.30 USD (x1),4.30 USD (x1),https://www.ribasmith.com/index.php/246201-essevery-mild-cheddar-cheese.html
Lácteos,CRYST F MOZZARELLA CHEES,5.25 USD (x1),5.25 USD (x1),https://www.ribasmith.com/index.php/cryst-f-mozzarella-chees.html
Lácteos,ESSEVERY SHARP CHDDAR FANCYCUT,4.30 USD (x1),4.30 USD (x1),https://www.ribasmith.com/index.php/353184-essevery-sharp-chddar-fancycut.html
Lácteos,C FARMS STRING CHEESE,8.26 USD (x1),8.26 USD (x1),https://www.ribasmith.com/index.php/c-farms-string-cheese-203891.html
Lácteos,QUESO MEZCLA SEMICURADO,17.25 USD (x1),17.25 USD (x1),https://www.ribasmith.com/index.php/226645-queso-mezcla-semicurado.html
Lácteos,BELG MOZ SNAKING CHEESE,5.60 USD (x1),5.60 USD (x1),https://www.ribasmith.com/index.php/belg-moz-snaking-cheese-214400.html
Lácteos,QUESO OVEJA CURADO CUÑA,8.86 USD (x1),8.86 USD (x1),https://www.ribasmith.com/index.php/queso-oveja-curado-cu-a-252977.html
Lácteos,LOL BUTTER OLIVE OIL&SEA SALT,7.83 USD (x1),7.83 USD (x1),https://www.ribasmith.com/index.php/250679-lol-butter-olive-oil-sea-salt.html
Lácteos,C FARMS TRIPLE CHEDDAR,5.65 USD (x1),5.65 USD (x1),https://www.ribasmith.com/index.php/351089-c-farms-triple-cheddar.html
Lácteos,QUESO OVEJA SEMICURADO,28.75 USD (x1),28.75 USD (x1),https://www.ribasmith.com/index.php/252979-queso-oveja-semicurado.html
Lácteos,BELGIOIOSO BURRATA,8.65 USD (x1),8.65 USD (x1),https://www.ribasmith.com/index.php/belgioioso-burrata-214946.html
Lácteos,ANCHOR MANTEQUILLA SIN SAL,8.96 USD (x1),8.96 USD (x1),https://www.ribasmith.com/index.php/anchor-mantequilla-sin-sal-220329.html
Lácteos,QUESO LA VACA RIE CHEDDAR BLAN,4.68 USD (x1),4.68 USD (x1),https://www.ribasmith.com/index.php/295638-queso-la-vaca-rie-cheddar-blan.html
Lácteos,QUESO MEZCLA TIERNO,22.12 USD (x1),22.12 USD (x1),https://www.ribasmith.com/index.php/252989-queso-mezcla-tierno.html
Lácteos,MANTEQUILLA SIN SAL,6.54 USD (x1),6.54 USD (x1),https://www.ribasmith.com/index.php/mantequilla-sin-sal-229970.html
Lácteos,BELGIOIOSO FRSH MOZ SLICED,8.56 USD (x1),8.56 USD (x1),https://www.ribasmith.com/index.php/belgioioso-frsh-moz-sliced-214947.html
Lácteos,QUESO CHEDAR MAD GRANEL LIBRA,19.47 USD (x1),19.47 USD (x1),https://www.ribasmith.com/index.php/queso-chedar-mad-granel-libra-26739.html
Lácteos,QUESO CHEDDAR MADURADO 3 4LB,4.89 USD (x1),4.89 USD (x1),https://www.ribasmith.com/index.php/queso-cheddar-madurado-3-4lb-26756.html
Lácteos,BELGIOIOSO MOZ CHSE CILIEGINE,5.25 USD (x1),5.25 USD (x1),https://www.ribasmith.com/index.php/belgioioso-moz-chse-ciliegine-214948.html
Lácteos,QUESO MEZCLA TIERNO CUÑA,6.65 USD (x1),6.65 USD (x1),https://www.ribasmith.com/index.php/queso-mezcla-tierno-cu-a-252991.html
Lácteos,CHEDDAR AHUMADO 12 OZ,4.89 USD (x1),4.89 USD (x1),https://www.ribasmith.com/index.php/cheddar-ahumado-12-oz-26759.html
Lácteos,BELGIOIOSO MOZ LOG SLICED TERM,5.25 USD (x1),5.25 USD (x1),https://www.ribasmith.com/index.php/belgioioso-moz-log-sliced-term-214949.html
Lácteos,QUESO MEZCLA SEMICURADO PIEZA,23.43 USD (x1),23.43 USD (x1),https://www.ribasmith.com/index.php/252992-queso-mezcla-semicurado-pieza.html
Lácteos,SNACKING CHEESE FRESH MOZZAREL,16.20 USD (x1),16.20 USD (x1),https://www.ribasmith.com/index.php/snacking-cheese-fresh-mozzarel-218907.html
Lácteos,CHEDDAR BLANCO,4.87 USD (x1),4.87 USD (x1),https://www.ribasmith.com/index.php/cheddar-blanco-26774.html
Lácteos,QUESO MEZCLA CUÑA SEMICURADO,7.25 USD (x1),7.25 USD (x1),https://www.ribasmith.com/index.php/queso-mezcla-cu-a-semicurado-252994.html
Lácteos,BORDEN MILD CHEDDAR 8OZ,6.32 USD (x1),6.32 USD (x1),https://www.ribasmith.com/index.php/borden-mild-cheddar-8oz-47160.html
Lácteos,QUESO MEZCLA CURADO PIEZA,24.95 USD (x1),24.95 USD (x1),https://www.ribasmith.com/index.php/252999-queso-mezcla-curado-pieza.html
Lácteos,WAYFARE BUTTER DAIRY FREE,8.75 USD (x1),8.75 USD (x1),https://www.ribasmith.com/index.php/364035-wayfare-butter-dairy-free.html
Librería,YOU MAKE THE WORLD BETTER,8.70 USD (x1),8.70 USD (x1),https://www.ribasmith.com/index.php/360299-you-make-the-world-better.html
Librería,CUANDO SEA GRANDE QUIERO SER,8.99 USD (x1),8.99 USD (x1),https://www.ribasmith.com/index.php/360326-cuando-sea-grande-quiero-ser.html
Librería,YOU'VE GOT WHAT THIS WORLD NEE,8.70 USD (x1),8.70 USD (x1),https://www.ribasmith.com/index.php/360307-you-ve-got-what-this-world-nee.html
Librería,YOU ARE SOMETHING SPECTACULAR,9.95 USD (x1),9.95 USD (x1),https://www.ribasmith.com/index.php/360288-you-are-something-spectacular.html
Librería,WHEN YOU LOVE A DOG BOOK,8.70 USD (x1),8.70 USD (x1),https://www.ribasmith.com/index.php/360315-when-you-love-a-dog-book.html
Librería,HEY BESTIE BOOK,9.95 USD (x1),9.95 USD (x1),https://www.ribasmith.com/index.php/360304-hey-bestie-book.html
Librería,YOU ARE MY FAVORITE PERSON,8.70 USD (x1),8.70 USD (x1),https://www.ribasmith.com/index.php/360290-you-are-my-favorite-person.html
Librería,TEACHER I MADE YOU A BOOK,9.95 USD (x1),9.95 USD (x1),https://www.ribasmith.com/index.php/360286-teacher-i-made-you-a-book.html
Librería,ESTELITA ESPAÑOL,15.00 USD (x1),15.00 USD (x1),https://www.ribasmith.com/index.php/345857-estelita-espa-ol.html
Librería,EL CUERPO HUMANO POR DENTRO,13.69 USD (x1),13.69 USD (x1),https://www.ribasmith.com/index.php/358766-el-cuerpo-humano-por-dentro.html
Librería,CARRY ALNG CRAYON & CLR BK DIN,6.90 USD (x1),6.90 USD (x1),https://www.ribasmith.com/index.php/347971-carry-alng-crayon-clr-bk-din.html
Librería,¡HOLA GRACIAS Y ADIOS!,12.44 USD (x1),12.44 USD (x1),https://www.ribasmith.com/index.php/358765-hola-gracias-y-adios.html
Librería,SUPER LIBRO P COLOREAR DRAGONS,1.99 USD (x1),1.99 USD (x1),https://www.ribasmith.com/index.php/359560-super-libro-p-colorear-dragons.html
Librería,SUPER LIBRO COLOREAR PAW PATRL,1.99 USD (x1),1.99 USD (x1),https://www.ribasmith.com/index.php/359556-super-libro-colorear-paw-patrl.html
Librería,¡ESO NO SE DICE!,12.44 USD (x1),12.44 USD (x1),https://www.ribasmith.com/index.php/358812-eso-no-se-dice.html
Librería,SUPER LIBRO D ACTVI Y COLOREAR,1.99 USD (x1),1.99 USD (x1),https://www.ribasmith.com/index.php/359565-super-libro-d-actvi-y-colorear.html
Librería,TODOS SOMOS DIFERENTES,16.19 USD (x1),16.19 USD (x1),https://www.ribasmith.com/index.php/358767-todos-somos-diferentes.html
Librería,SUPER DIVERSION COLORES BLUEY,1.99 USD (x1),1.99 USD (x1),https://www.ribasmith.com/index.php/359561-super-diversion-colores-bluey.html
Librería,EL PRINCIPITO,12.99 USD (x1),12.99 USD (x1),https://www.ribasmith.com/index.php/359566-el-principito.html
Librería,5' LONG FOLD OUT COLOR BK SAFA,5.65 USD (x1),5.65 USD (x1),https://www.ribasmith.com/index.php/347895-5-long-fold-out-color-bk-safa.html
Librería,UNA BUENA COSTUMBRE,12.44 USD (x1),12.44 USD (x1),https://www.ribasmith.com/index.php/358811-una-buena-costumbre.html
Librería,LIBRO PARA COLOREAR PIRATAS,5.08 USD (x1),5.08 USD (x1),https://www.ribasmith.com/index.php/358294-libro-para-colorear-piratas.html
Librería,¡ME ABURROOO!,12.44 USD (x1),12.44 USD (x1),https://www.ribasmith.com/index.php/358764-me-aburrooo.html
Librería,LIBRO COLOR MANDALAS ANIMALES,8.21 USD (x1),8.21 USD (x1),https://www.ribasmith.com/index.php/332501-libro-color-mandalas-animales.html
Librería,ABUELO CUENTAME TU HISTORIA,8.46 USD (x1),8.46 USD (x1),https://www.ribasmith.com/index.php/358274-abuelo-cuentame-tu-historia.html
Librería,365 AVENTURAS EN EL UNIVERSO,5.95 USD (x1),5.95 USD (x1),https://www.ribasmith.com/index.php/351079-365-aventuras-en-el-universo.html
Librería,LIBRO PRA COLOREAR COZY&COMFY2,5.92 USD (x1),5.92 USD (x1),https://www.ribasmith.com/index.php/358299-libro-pra-colorear-cozy-comfy2.html
Librería,MIS PERSONAJES FAVORITOS,1.99 USD (x1),1.99 USD (x1),https://www.ribasmith.com/index.php/347543-mis-personajes-favoritos.html
Librería,LA NINA QUE LES CANTA A ABEJAS,27.50 USD (x1),27.50 USD (x1),https://www.ribasmith.com/index.php/354167-la-nina-que-les-canta-a-abejas.html
Librería,LIBRO PARA COLOREAR PEREZOSO,5.08 USD (x1),5.08 USD (x1),https://www.ribasmith.com/index.php/358297-libro-para-colorear-perezoso.html
Librería,ASTRONOMIA PARA NINOS CURIOSOS,15.23 USD (x1),15.23 USD (x1),https://www.ribasmith.com/index.php/354608-astronomia-para-ninos-curiosos.html
Librería,PEQUEÑOS GENIOS HABILIDAD TIJE,4.99 USD (x1),4.99 USD (x1),https://www.ribasmith.com/index.php/317408-peque-os-genios-habilidad-tije.html
Librería,BURUNDI ¡MAS ALTO!,14.50 USD (x1),14.50 USD (x1),https://www.ribasmith.com/index.php/355644-burundi-mas-alto.html
Librería,LIBRO PARA COLOREAR LEON,5.08 USD (x1),5.08 USD (x1),https://www.ribasmith.com/index.php/358291-libro-para-colorear-leon.html
Librería,INFORMATICA PARA NINOS CURIOSO,15.23 USD (x1),15.23 USD (x1),https://www.ribasmith.com/index.php/354610-informatica-para-ninos-curioso.html
Librería,LEONARDO DA VINCI LAS EXTRAORD,11.85 USD (x1),11.85 USD (x1),https://www.ribasmith.com/index.php/354607-leonardo-da-vinci-las-extraord.html
Librería,CLRGBK 96PGS ALPHA PETS,1.67 USD (x1),1.67 USD (x1),https://www.ribasmith.com/index.php/356457-clrgbk-96pgs-alpha-pets.html
Librería,PRACTICO ABECEDARIO 4-7 AÑOS,4.99 USD (x1),4.99 USD (x1),https://www.ribasmith.com/index.php/316114-practico-abecedario-4-7-a-os.html
Librería,MATEMATICAS PARA NINOS CURIOSO,15.23 USD (x1),15.23 USD (x1),https://www.ribasmith.com/index.php/354611-matematicas-para-ninos-curioso.html
Librería,TEORIA DE LA RELATIVIDAD,11.85 USD (x1),11.85 USD (x1),https://www.ribasmith.com/index.php/354605-teoria-de-la-relatividad.html
Librería,LIBRO PARA COLOREAR PRINCESAS,5.08 USD (x1),5.08 USD (x1),https://www.ribasmith.com/index.php/358293-libro-para-colorear-princesas.html
Librería,SABIAS QUE LOS BICHOS,4.95 USD (x1),4.95 USD (x1),https://www.ribasmith.com/index.php/351142-sabias-que-los-bichos.html
Librería,CLRGBK 288PGS COLOSSAL COLLEC,3.90 USD (x1),3.90 USD (x1),https://www.ribasmith.com/index.php/356460-clrgbk-288pgs-colossal-collec.html
Librería,EL PRINCIPE ANTONIE DE SAINT E,12.04 USD (x1),12.04 USD (x1),https://www.ribasmith.com/index.php/336100-el-principe-antonie-de-saint-e.html
Librería,PRACTICO LAS FORMAS 4-7 AÑOS,4.99 USD (x1),4.99 USD (x1),https://www.ribasmith.com/index.php/316120-practico-las-formas-4-7-a-os.html
Librería,YO SOY MARIN LUTHER KING JR,9.99 USD (x1),9.99 USD (x1),https://www.ribasmith.com/index.php/354529-yo-soy-marin-luther-king-jr.html
Librería,LIBRO PARA COLOREAR PANDA,5.08 USD (x1),5.08 USD (x1),https://www.ribasmith.com/index.php/358296-libro-para-colorear-panda.html
Librería,CLRGBK 288PGS EPIC ADVENTURE,3.90 USD (x1),3.90 USD (x1),https://www.ribasmith.com/index.php/356458-clrgbk-288pgs-epic-adventure.html
Librería,BATMAN JUMBO COLORING,1.26 USD (x1),1.26 USD (x1),https://www.ribasmith.com/index.php/337446-batman-jumbo-coloring.html
Librería,YO SOY MARIE CURIE,9.99 USD (x1),9.99 USD (x1),https://www.ribasmith.com/index.php/354528-yo-soy-marie-curie.html
Librería,VILLANOS HADES,16.95 USD (x1),16.95 USD (x1),https://www.ribasmith.com/index.php/354189-villanos-hades.html
Librería,KAPPA ASSORTED MY FIRST SERIES,1.12 USD (x1),1.12 USD (x1),https://www.ribasmith.com/index.php/319194-kappa-assorted-my-first-series.html
Librería,YO SOY MUHAMMAD ALI,9.99 USD (x1),9.99 USD (x1),https://www.ribasmith.com/index.php/354534-yo-soy-muhammad-ali.html
Librería,COMIENZO A COLOREAR,3.99 USD (x1),3.99 USD (x1),https://www.ribasmith.com/index.php/347539-comienzo-a-colorear.html
Librería,NUESTRA PIEL AROCIRIS,17.50 USD (x1),17.50 USD (x1),https://www.ribasmith.com/index.php/354192-nuestra-piel-arociris.html
Librería,5' LONG FOLD OUT COLOR BK OCEA,5.43 USD (x1),5.43 USD (x1),https://www.ribasmith.com/index.php/347894-5-long-fold-out-color-bk-ocea.html
Librería,YO SOY FRIDA KAHLO,12.95 USD (x1),12.95 USD (x1),https://www.ribasmith.com/index.php/324115-yo-soy-frida-kahlo.html
Librería,FAVORITE BIBLE STORIES CLR ACT,1.08 USD (x1),1.08 USD (x1),https://www.ribasmith.com/index.php/320449-favorite-bible-stories-clr-act.html
Librería,EL EXTRAÑO MUNDO D JACK HALLOW,15.50 USD (x1),15.50 USD (x1),https://www.ribasmith.com/index.php/358492-el-extra-o-mundo-d-jack-hallow.html
Librería,EL NUEVO VIAJE DE EL PRINCIPIT,17.95 USD (x1),17.95 USD (x1),https://www.ribasmith.com/index.php/358476-el-nuevo-viaje-de-el-principit.html
Librería,YO SOY ANA FRANK,12.95 USD (x1),12.95 USD (x1),https://www.ribasmith.com/index.php/324118-yo-soy-ana-frank.html
Librería,ACTIVITY TRAVEL KIT MARKERS,10.95 USD (x1),10.95 USD (x1),https://www.ribasmith.com/index.php/349189-activity-travel-kit-markers.html
Librería,CARRY ALNG CRAYON & CLR BK UNI,6.90 USD (x1),6.90 USD (x1),https://www.ribasmith.com/index.php/347973-carry-alng-crayon-clr-bk-uni.html
Librería,BALLENAS Y DELFINES,9.31 USD (x1),9.31 USD (x1),https://www.ribasmith.com/index.php/358276-ballenas-y-delfines.html
Librería,COLOR IN BOOK OUTRAGEOUS OCEAN,5.60 USD (x1),5.60 USD (x1),https://www.ribasmith.com/index.php/343560-color-in-book-outrageous-ocean.html
Librería,EL EXTRAÑO MUNDO DE JACK 1,15.50 USD (x1),15.50 USD (x1),https://www.ribasmith.com/index.php/358484-el-extra-o-mundo-de-jack-1.html
Librería,ANIMAL COLORING BOOK FOR ADULT,1.13 USD (x1),1.13 USD (x1),https://www.ribasmith.com/index.php/319193-animal-coloring-book-for-adult.html
Librería,YO SOY LEONARDO DA VINCI,12.95 USD (x1),12.95 USD (x1),https://www.ribasmith.com/index.php/324120-yo-soy-leonardo-da-vinci.html
Librería,MY UNICORN WORLD COLORING BOOK,1.13 USD (x1),1.13 USD (x1),https://www.ribasmith.com/index.php/298981-my-unicorn-world-coloring-book.html
Librería,YO SOY MALALA YOUSAFZAI,9.99 USD (x1),9.99 USD (x1),https://www.ribasmith.com/index.php/354532-yo-soy-malala-yousafzai.html
Librería,KAPPA BIG & EASY COLOR BEGINNE,1.10 USD (x1),1.10 USD (x1),https://www.ribasmith.com/index.php/298973-kappa-big-easy-color-beginne.html
Librería,LIBRO 111 ACTIVIDADES N. 2,3.41 USD (x1),3.41 USD (x1),https://www.ribasmith.com/index.php/344071-libro-111-actividades-n-2.html
Librería,LLAMAS COLORING BOOK,1.13 USD (x1),1.13 USD (x1),https://www.ribasmith.com/index.php/298969-llamas-coloring-book.html
Librería,CUENTOS CLASICOS RECORRE,8.95 USD (x1),8.95 USD (x1),https://www.ribasmith.com/index.php/352957-cuentos-clasicos-recorre.html
Librería,UNICORN WORLD COLOR & ACT BOOK,1.07 USD (x1),1.07 USD (x1),https://www.ribasmith.com/index.php/298902-unicorn-world-color-act-book.html
Librería,EL PRINCIPITO,15.70 USD (x1),15.70 USD (x1),https://www.ribasmith.com/index.php/331026-el-principito.html
Librería,YO SOY TEMPLE GRANDIN,9.99 USD (x1),9.99 USD (x1),https://www.ribasmith.com/index.php/354530-yo-soy-temple-grandin.html
Librería,TODO SOBRE LOS TIBURONES,9.31 USD (x1),9.31 USD (x1),https://www.ribasmith.com/index.php/358278-todo-sobre-los-tiburones.html
Librería,SUPERPODER DEL MINDFULNESS,14.38 USD (x1),14.38 USD (x1),https://www.ribasmith.com/index.php/358289-superpoder-del-mindfulness.html
Librería,YO SOY BENJAMIN FRANKLIN,9.99 USD (x1),9.99 USD (x1),https://www.ribasmith.com/index.php/354536-yo-soy-benjamin-franklin.html
Librería,YO SOY GANDHY,12.95 USD (x1),12.95 USD (x1),https://www.ribasmith.com/index.php/324119-yo-soy-gandhy.html
Librería,POP UP CLASICO RICITOS DE ORO,3.95 USD (x1),3.95 USD (x1),https://www.ribasmith.com/index.php/352951-pop-up-clasico-ricitos-de-oro.html
Librería,ZOOTOPIA 2 LA NOVELA,10.95 USD (x1),10.95 USD (x1),https://www.ribasmith.com/index.php/358450-zootopia-2-la-novela.html
Librería,LIBRO 111 ACTIVIDADES N. 4,3.41 USD (x1),3.41 USD (x1),https://www.ribasmith.com/index.php/344078-libro-111-actividades-n-4.html
Librería,SABIAS QUE EN LA VIDA MARINA,4.95 USD (x1),4.95 USD (x1),https://www.ribasmith.com/index.php/351139-sabias-que-en-la-vida-marina.html
Librería,INCREIBLES ACTIVIDADES VOL 2,3.99 USD (x1),3.99 USD (x1),https://www.ribasmith.com/index.php/345384-increibles-actividades-vol-2.html
Librería,LIBRO 111 ACTIVIDADES N. 3,3.41 USD (x1),3.41 USD (x1),https://www.ribasmith.com/index.php/344077-libro-111-actividades-n-3.html
Librería,POP UP CLASICO TRES CERDITOS,3.95 USD (x1),3.95 USD (x1),https://www.ribasmith.com/index.php/352949-pop-up-clasico-tres-cerditos.html
Librería,POP UP CLASICO PINOCHO,3.95 USD (x1),3.95 USD (x1),https://www.ribasmith.com/index.php/352948-pop-up-clasico-pinocho.html
Librería,URBANISMO PROYECTOS Y ESCRITOS,15.00 USD (x1),15.00 USD (x1),https://www.ribasmith.com/index.php/177143-urbanismo-proyectos-y-escritos.html
Librería,EL LIBRO DE LOS PORQUE ROMA,20.95 USD (x1),20.95 USD (x1),https://www.ribasmith.com/index.php/352963-el-libro-de-los-porque-roma.html
Librería,LAS AVENTURAS JUAN ZARZAVILLA,13.89 USD (x1),13.89 USD (x1),https://www.ribasmith.com/index.php/352380-las-aventuras-juan-zarzavilla.html
Librería,PENSAMIENTOS SOBRE LA CIUDAD,15.00 USD (x1),15.00 USD (x1),https://www.ribasmith.com/index.php/187352-pensamientos-sobre-la-ciudad.html
Librería,SOPA DE LETRAS MEGAMENTE #2,3.99 USD (x1),3.99 USD (x1),https://www.ribasmith.com/index.php/345386-sopa-de-letras-megamente-2.html
Librería,DOS ITALIANOS EN PANAMA,16.80 USD (x1),16.80 USD (x1),https://www.ribasmith.com/index.php/312569-dos-italianos-en-panama.html
Librería,HISTORIAS PUEDO HACERLO,10.15 USD (x1),10.15 USD (x1),https://www.ribasmith.com/index.php/351696-historias-puedo-hacerlo.html
Librería,APRENDO A LEER MARIA MANUEL,10.28 USD (x1),10.28 USD (x1),https://www.ribasmith.com/index.php/212148-aprendo-a-leer-maria-manuel.html
Librería,NO ME EXTRAÑA TU PRESENCIA,13.33 USD (x1),13.33 USD (x1),https://www.ribasmith.com/index.php/323622-no-me-extra-a-tu-presencia.html
Librería,CARLITOS EMPIEZA A LEER,9.14 USD (x1),9.14 USD (x1),https://www.ribasmith.com/index.php/212150-carlitos-empieza-a-leer.html
Librería,LA VACA PARA JOVENES,17.95 USD (x1),17.95 USD (x1),https://www.ribasmith.com/index.php/364000-la-vaca-para-jovenes.html
Librería,HISTORIAS ADIOS A LOS MIEDOS,10.15 USD (x1),10.15 USD (x1),https://www.ribasmith.com/index.php/351695-historias-adios-a-los-miedos.html
Librería,ME DIVIERTO Y APRENDO NUMEROS,3.99 USD (x1),3.99 USD (x1),https://www.ribasmith.com/index.php/345379-me-divierto-y-aprendo-numeros.html
Librería,INGLES ACTIVIDADES P LS PEQUEÑ,10.15 USD (x1),10.15 USD (x1),https://www.ribasmith.com/index.php/358287-ingles-actividades-p-ls-peque.html
Librería,DETRAS DE LA PUERTA ENTERRADA,20.00 USD (x1),20.00 USD (x1),https://www.ribasmith.com/index.php/356106-detras-de-la-puerta-enterrada.html
Librería,VOY CRECIENDO SUMAS Y RESTAS,4.99 USD (x1),4.99 USD (x1),https://www.ribasmith.com/index.php/317416-voy-creciendo-sumas-y-restas.html
Librería,LA ESCRITORA QUE VIVE EN MI,18.00 USD (x1),18.00 USD (x1),https://www.ribasmith.com/index.php/355134-la-escritora-que-vive-en-mi.html
Librería,ME DIVIERTO Y APRENDO FORMAS,3.99 USD (x1),3.99 USD (x1),https://www.ribasmith.com/index.php/345380-me-divierto-y-aprendo-formas.html
Librería,MIS PRIMEROS TRAZOS VOL 1,3.99 USD (x1),3.99 USD (x1),https://www.ribasmith.com/index.php/345381-mis-primeros-trazos-vol-1.html
Librería,VOY CRECIENDO NUMEROS Y TRAZOS,4.99 USD (x1),4.99 USD (x1),https://www.ribasmith.com/index.php/317414-voy-creciendo-numeros-y-trazos.html
Librería,DAUGHTERS OF THE KING,14.99 USD (x1),14.99 USD (x1),https://www.ribasmith.com/index.php/343229-daughters-of-the-king.html
Librería,EL PATACON C PATA Y OTROS POEM,15.00 USD (x1),15.00 USD (x1),https://www.ribasmith.com/index.php/358358-el-patacon-c-pata-y-otros-poem.html
Librería,APRENDE A ESCRIBIR NUMEROS,8.46 USD (x1),8.46 USD (x1),https://www.ribasmith.com/index.php/343863-aprende-a-escribir-numeros.html
Librería,SEGURO SOCIAL DEUDA PENDIENTE,10.00 USD (x1),10.00 USD (x1),https://www.ribasmith.com/index.php/351155-seguro-social-deuda-pendiente.html
Librería,INCREIBLES ACTIVIDADES VOL 1,3.99 USD (x1),3.99 USD (x1),https://www.ribasmith.com/index.php/345383-increibles-actividades-vol-1.html
Librería,SOPA DE LETRAS MEGA MENTE # 1,3.98 USD (x1),3.98 USD (x1),https://www.ribasmith.com/index.php/345385-sopa-de-letras-mega-mente-1.html
Librería,CARLITOS EMPIEZA A ESCRIBIR,9.14 USD (x1),9.14 USD (x1),https://www.ribasmith.com/index.php/212151-carlitos-empieza-a-escribir.html
Librería,EL LIB SECRET SE PUED CONTAR,10.00 USD (x1),10.00 USD (x1),https://www.ribasmith.com/index.php/269459-el-lib-secret-se-pued-contar.html
Librería,COMIENZO A COLOREAR LA ESCUELA,3.99 USD (x1),3.99 USD (x1),https://www.ribasmith.com/index.php/345337-comienzo-a-colorear-la-escuela.html
Librería,VIRGEN EN LOS NEGOCIOS,21.00 USD (x1),21.00 USD (x1),https://www.ribasmith.com/index.php/347458-virgen-en-los-negocios.html
Librería,LAS GRACIAS DESG CHICO PERICO,7.08 USD (x1),7.08 USD (x1),https://www.ribasmith.com/index.php/323190-las-gracias-desg-chico-perico.html
Librería,PRACTICAMOS PRIMEROS TRAZOS,4.50 USD (x1),4.50 USD (x1),https://www.ribasmith.com/index.php/355921-practicamos-primeros-trazos.html
Librería,BUCCANEERS TO BANANAS,30.00 USD (x1),30.00 USD (x1),https://www.ribasmith.com/index.php/359399-buccaneers-to-bananas.html
Librería,CARLITOS EMPIEZA EL APRESTAMIE,9.14 USD (x1),9.14 USD (x1),https://www.ribasmith.com/index.php/212152-carlitos-empieza-el-aprestamie.html
Librería,YO DEBO AYUDAR,1.99 USD (x1),1.99 USD (x1),https://www.ribasmith.com/index.php/347540-yo-debo-ayudar.html
Librería,BUSINESS ENGLISH BOOK 1,27.99 USD (x1),27.99 USD (x1),https://www.ribasmith.com/index.php/275277-business-english-book-1.html
Librería,NICOLAS Y SUS AVENTURAS,12.59 USD (x1),12.59 USD (x1),https://www.ribasmith.com/index.php/257880-nicolas-y-sus-aventuras.html
Librería,ANTONI GAUDI UN ARQ GENIAL,12.44 USD (x1),12.44 USD (x1),https://www.ribasmith.com/index.php/358800-antoni-gaudi-un-arq-genial.html
Librería,LAS VERTIENTES DEL CIELO,20.00 USD (x1),20.00 USD (x1),https://www.ribasmith.com/index.php/357396-las-vertientes-del-cielo.html
Librería,LA RUTA DEL AMOR DE LOS AMORES,18.89 USD (x1),18.89 USD (x1),https://www.ribasmith.com/index.php/346757-la-ruta-del-amor-de-los-amores.html
Librería,TEXTOS COTIDIANOS PARA LA OPIN,16.67 USD (x1),16.67 USD (x1),https://www.ribasmith.com/index.php/358349-textos-cotidianos-para-la-opin.html
Librería,POEMAS Y CUENTOS PARA NIÑOS,7.08 USD (x1),7.08 USD (x1),https://www.ribasmith.com/index.php/289781-poemas-y-cuentos-para-ni-os.html
Librería,¿QUE TAL SI ES AMOR?,15.00 USD (x1),15.00 USD (x1),https://www.ribasmith.com/index.php/355814-que-tal-si-es-amor.html
Librería,APRENDO A ESCRIBIR MARIA MANUE,10.28 USD (x1),10.28 USD (x1),https://www.ribasmith.com/index.php/212149-aprendo-a-escribir-maria-manue.html
Librería,MITS Y LEYENDS D L ANTIGUA GRE,16.19 USD (x1),16.19 USD (x1),https://www.ribasmith.com/index.php/358804-mits-y-leyends-d-l-antigua-gre.html
Librería,ESCRIBE Y BORRA TRAZOS MAGICOS,11.85 USD (x1),11.85 USD (x1),https://www.ribasmith.com/index.php/358303-escribe-y-borra-trazos-magicos.html
Librería,ZEKE MEEKS VS LAS MOLESTAS MAS,4.99 USD (x1),4.99 USD (x1),https://www.ribasmith.com/index.php/337207-zeke-meeks-vs-las-molestas-mas.html
Librería,ESCRIBE Y BORRA NUMEROS,11.85 USD (x1),11.85 USD (x1),https://www.ribasmith.com/index.php/358302-escribe-y-borra-numeros.html
Librería,RICITOS DE ORO Y LOS TRES OSOS,4.95 USD (x1),4.95 USD (x1),https://www.ribasmith.com/index.php/351085-ricitos-de-oro-y-los-tres-osos.html
Librería,THE SECOND LAW,20.00 USD (x1),20.00 USD (x1),https://www.ribasmith.com/index.php/357395-the-second-law.html
Librería,CARLO V L FORMACION D UN IMPER,12.44 USD (x1),12.44 USD (x1),https://www.ribasmith.com/index.php/358815-carlo-v-l-formacion-d-un-imper.html
Librería,VERELALEAKS,25.00 USD (x1),25.00 USD (x1),https://www.ribasmith.com/index.php/356501-verelaleaks.html
Librería,LO EFIMERO PERDURABLE,15.00 USD (x1),15.00 USD (x1),https://www.ribasmith.com/index.php/309652-lo-efimero-perdurable.html
Librería,JUGANDO A ESCRIBIR ABECEDARIO,3.99 USD (x1),3.99 USD (x1),https://www.ribasmith.com/index.php/345334-jugando-a-escribir-abecedario.html
Librería,ANTES DEL ¡SI ACEPTO!,11.67 USD (x1),11.67 USD (x1),https://www.ribasmith.com/index.php/354302-antes-del-si-acepto.html
Librería,MARIA CURIE DESCUBRIDO D RADIO,12.44 USD (x1),12.44 USD (x1),https://www.ribasmith.com/index.php/358807-maria-curie-descubrido-d-radio.html
Librería,VOY CRECIENDO FORMAS Y ACTIVID,4.99 USD (x1),4.99 USD (x1),https://www.ribasmith.com/index.php/317413-voy-creciendo-formas-y-activid.html
Librería,LA CASA DE LOS PINOS,12.00 USD (x1),12.00 USD (x1),https://www.ribasmith.com/index.php/345534-la-casa-de-los-pinos.html
Librería,THE DAWN OF JANUS,17.13 USD (x1),17.13 USD (x1),https://www.ribasmith.com/index.php/329398-the-dawn-of-janus.html
Librería,ZEKE MEEKS VS EL ESPANTOSO EQU,4.99 USD (x1),4.99 USD (x1),https://www.ribasmith.com/index.php/337205-zeke-meeks-vs-el-espantoso-equ.html
Licores,LANDUA AIURRI TINTO 2023,20.70 USD (x1),20.70 USD (x1),https://www.ribasmith.com/index.php/363100-landua-aiurri-tinto-2023.html
Licores,LANDUA MAGNUN 2022,48.10 USD (x1),48.10 USD (x1),https://www.ribasmith.com/index.php/356854-landua-magnun-2022.html
Licores,REMELLURI RESERVA 2017,31.95 USD (x1),31.95 USD (x1),https://www.ribasmith.com/index.php/360557-remelluri-reserva-2017.html
Licores,VINO ARTIGAS TINTO,30.32 USD (x1),30.32 USD (x1),https://www.ribasmith.com/index.php/343583-vino-artigas-tinto.html
Licores,SALAS AIURRI TINTO 2023,75.95 USD (x1),75.95 USD (x1),https://www.ribasmith.com/index.php/363105-salas-aiurri-tinto-2023.html
Licores,CORTIJO AGUILARES TADEO T 2023,47.95 USD (x1),47.95 USD (x1),https://www.ribasmith.com/index.php/357363-cortijo-aguilares-tadeo-t-2023.html
Licores,PAGO EL ESPINO 2023,19.95 USD (x1),19.95 USD (x1),https://www.ribasmith.com/index.php/357366-pago-el-espino-2023.html
Licores,REMELLURI RESERVA 2007,28.16 USD (x1),28.16 USD (x1),https://www.ribasmith.com/index.php/294720-remelluri-reserva-2007.html
Licores,30000 MAREVEDIES 2022,19.95 USD (x1),19.95 USD (x1),https://www.ribasmith.com/index.php/363108-30000-marevedies-2022.html
Licores,LINDES DE ABALO 2021,22.95 USD (x1),22.95 USD (x1),https://www.ribasmith.com/index.php/359733-lindes-de-abalo-2021.html
Licores,VINO CARLOS SERRES RESERVA,13.09 USD (x1),13.09 USD (x1),https://www.ribasmith.com/index.php/361503-vino-carlos-serres-reserva.html
Licores,VINO WIN 00 TEMPRANILLO,12.14 USD (x1),12.14 USD (x1),https://www.ribasmith.com/index.php/361399-vino-win-00-tempranillo.html
Licores,VINO WIN 00 VERDEJO,12.14 USD (x1),12.14 USD (x1),https://www.ribasmith.com/index.php/361398-vino-win-00-verdejo.html
Licores,FINCA RODMA AVIZOR 2021,37.45 USD (x1),37.45 USD (x1),https://www.ribasmith.com/index.php/358130-finca-rodma-avizor-2021.html
Licores,FINCA RODMA SELECCION 2022,28.25 USD (x1),28.25 USD (x1),https://www.ribasmith.com/index.php/358191-finca-rodma-seleccion-2022.html
Licores,FINCA R GRAN RODMA 2022,60.95 USD (x1),60.95 USD (x1),https://www.ribasmith.com/index.php/358192-finca-r-gran-rodma-2022.html
Licores,VINO OZU CUVEE NAVARRA D O C,17.78 USD (x1),17.78 USD (x1),https://www.ribasmith.com/index.php/351501-vino-ozu-cuvee-navarra-d-o-c.html
Licores,BARCOLOBO LA RINCONADA,11.14 USD (x1),11.14 USD (x1),https://www.ribasmith.com/index.php/279106-barcolobo-la-rinconada.html
Licores,TOMAS POSTIGO 3 AÑO 2022,59.10 USD (x1),59.10 USD (x1),https://www.ribasmith.com/index.php/350404-tomas-postigo-3-a-o-2022.html
Licores,VINO JOVEN R TEMPRANILLO,20.40 USD (x1),20.40 USD (x1),https://www.ribasmith.com/index.php/204383-vino-joven-r-tempranillo.html
Licores,VINO EMILIO MORO,24.69 USD (x1),24.69 USD (x1),https://www.ribasmith.com/index.php/355579-vino-emilio-moro.html
Licores,LANDUA 2022,20.70 USD (x1),20.70 USD (x1),https://www.ribasmith.com/index.php/353916-landua-2022.html
Licores,PAGO DE CARRAOVEJAS M 2022,78.95 USD (x1),78.95 USD (x1),https://www.ribasmith.com/index.php/347193-pago-de-carraovejas-m-2022.html
Licores,P CARRAOVEJAS C. LIEBRES 2020,129.54 USD (x1),129.54 USD (x1),https://www.ribasmith.com/index.php/347251-p-carraovejas-c-liebres-2020.html
Licores,PAGO DE CARRAOVEJAS 2022,36.72 USD (x1),36.72 USD (x1),https://www.ribasmith.com/index.php/347192-pago-de-carraovejas-2022.html
Licores,VINO PEON CAMINERO CRIANZA,26.28 USD (x1),26.28 USD (x1),https://www.ribasmith.com/index.php/336606-vino-peon-caminero-crianza.html
Licores,MARAÑONES 2021,18.33 USD (x1),18.33 USD (x1),https://www.ribasmith.com/index.php/338697-mara-ones-2021.html
Licores,L REMELLURI S VICENTE SONSI 21,16.62 USD (x1),16.62 USD (x1),https://www.ribasmith.com/index.php/351316-l-remelluri-s-vicente-sonsi-21.html
Licores,VINO TORRES CELESTE ROBLE,16.58 USD (x1),16.58 USD (x1),https://www.ribasmith.com/index.php/351763-vino-torres-celeste-roble.html
Licores,VINO TORRES SANGRE DE TORO,12.40 USD (x1),12.40 USD (x1),https://www.ribasmith.com/index.php/351757-vino-torres-sangre-de-toro.html
Licores,SALAS AIURRI 2021,75.90 USD (x1),75.90 USD (x1),https://www.ribasmith.com/index.php/341494-salas-aiurri-2021.html
Licores,AURRI 2021,34.95 USD (x1),34.95 USD (x1),https://www.ribasmith.com/index.php/341493-aurri-2021.html
Licores,LANDUA 2021,20.70 USD (x1),20.70 USD (x1),https://www.ribasmith.com/index.php/341490-landua-2021.html
Licores,PAGO ESPINO 2022,18.60 USD (x1),18.60 USD (x1),https://www.ribasmith.com/index.php/349045-pago-espino-2022.html
Licores,PINOT NOIR 2023,36.95 USD (x1),36.95 USD (x1),https://www.ribasmith.com/index.php/349044-pinot-noir-2023.html
Licores,EL NIDO CORTEO 2014 750ML,85.95 USD (x1),85.95 USD (x1),https://www.ribasmith.com/index.php/258919-el-nido-corteo-2014-750ml.html
Licores,VINO DEHESA 15 MESES,25.52 USD (x1),25.52 USD (x1),https://www.ribasmith.com/index.php/349365-vino-dehesa-15-meses.html
Licores,LA INFANTA,71.18 USD (x1),71.18 USD (x1),https://www.ribasmith.com/index.php/294552-la-infanta.html
Licores,TOURAN 2020 750 ML,101.80 USD (x1),101.80 USD (x1),https://www.ribasmith.com/index.php/322102-touran-2020-750-ml.html
Licores,VINO GARMON,44.77 USD (x1),44.77 USD (x1),https://www.ribasmith.com/index.php/341578-vino-garmon.html
Licores,VINO LA PROVINCIA TINTO,19.35 USD (x1),19.35 USD (x1),https://www.ribasmith.com/index.php/302718-vino-la-provincia-tinto.html
Licores,VINO MAURO VS 750 ML,108.32 USD (x1),108.32 USD (x1),https://www.ribasmith.com/index.php/304677-vino-mauro-vs-750-ml.html
Licores,VINO PRIMA ESPAÑA TORO 750 ML,21.94 USD (x1),21.94 USD (x1),https://www.ribasmith.com/index.php/302678-vino-prima-espa-a-toro-750-ml.html
Licores,VINO SAN ROMAN ESPANA 750 ML,54.19 USD (x1),54.19 USD (x1),https://www.ribasmith.com/index.php/302679-vino-san-roman-espana-750-ml.html
Licores,VINO MAURO CASTILLA Y LEON 750 ML,58.72 USD (x1),58.72 USD (x1),https://www.ribasmith.com/index.php/302677-vino-mauro-castilla-y-leon-750-ml.html
Licores,MORCA 2020 750 ML,33.77 USD (x1),33.77 USD (x1),https://www.ribasmith.com/index.php/322104-morca-2020-750-ml.html
Licores,VINO BRUTO CRIANZA,45.43 USD (x1),45.43 USD (x1),https://www.ribasmith.com/index.php/350137-vino-bruto-crianza.html
Licores,TRIDENTE TEMPRANILLO,13.85 USD (x1),13.85 USD (x1),https://www.ribasmith.com/index.php/tridente-tempranillo-239062.html
Licores,LUNAS TINTO,11.30 USD (x1),11.30 USD (x1),https://www.ribasmith.com/index.php/333608-lunas-tinto.html
Licores,GRILLO 2015,30.30 USD (x1),30.30 USD (x1),https://www.ribasmith.com/index.php/333607-grillo-2015.html
Licores,30.000 MARAVEDIES,19.95 USD (x1),19.95 USD (x1),https://www.ribasmith.com/index.php/325525-30-000-maravedies.html
Licores,OTAZU PREMIUN CUVEE,16.21 USD (x1),16.21 USD (x1),https://www.ribasmith.com/index.php/otazu-premiun-cuvee-243458.html
Licores,VINO ALTAR CAB SUAVIGNON OTAZU,52.84 USD (x1),52.84 USD (x1),https://www.ribasmith.com/index.php/295977-vino-altar-cab-suavignon-otazu.html
Licores,WHITE CLAW HARD SELT CRANBERRY,3.16 USD (x1),3.16 USD (x1),https://www.ribasmith.com/index.php/364246-white-claw-hard-selt-cranberry.html
Licores,ARIZONA HARD SWEET TEA,3.24 USD (x1),3.24 USD (x1),https://www.ribasmith.com/index.php/363613-arizona-hard-sweet-tea.html
Licores,VINO HUNO TINTO ROBLE,22.71 USD (x1),22.71 USD (x1),https://www.ribasmith.com/index.php/330617-vino-huno-tinto-roble.html
Licores,VINO BALANCINES CRIANZA GOLD,14.29 USD (x1),14.29 USD (x1),https://www.ribasmith.com/index.php/330616-vino-balancines-crianza-gold.html
Licores,BUD LT PLATINUM SELTZER WILD B,4.99 USD (x1),4.99 USD (x1),https://www.ribasmith.com/index.php/363482-bud-lt-platinum-seltzer-wild-b.html
Licores,LUIGI BOSCA MALBEC,19.76 USD (x1),19.76 USD (x1),https://www.ribasmith.com/index.php/13891-luigi-bosca-malbec.html
Licores,ORDBEN 2013,33.03 USD (x1),33.03 USD (x1),https://www.ribasmith.com/index.php/ordben-2013-252648.html
Licores,WHITE CLAW H SELT GREEN APPLE,3.49 USD (x1),3.49 USD (x1),https://www.ribasmith.com/index.php/359585-white-claw-h-selt-green-apple.html
Licores,CALAR 2016 RIO MUNDO 750 ML,18.58 USD (x1),18.58 USD (x1),https://www.ribasmith.com/index.php/323317-calar-2016-rio-mundo-750-ml.html
Licores,LICOR ROJITO VERANO Y LIMON,1.41 USD (x1),1.41 USD (x1),https://www.ribasmith.com/index.php/363963-licor-rojito-verano-y-limon.html
Licores,LUIGI BOSCA SANGRE MEZCLA,19.76 USD (x1),19.76 USD (x1),https://www.ribasmith.com/index.php/364244-luigi-bosca-sangre-mezcla.html
Licores,CALAR ABREGO 2015,9.52 USD (x1),9.52 USD (x1),https://www.ribasmith.com/index.php/323319-calar-abrego-2015.html
Licores,TRULY HARD SELTZER WILD BERRY,6.46 USD (x1),6.46 USD (x1),https://www.ribasmith.com/index.php/359826-truly-hard-seltzer-wild-berry.html
Licores,VINO CARELLI CABERNET SAUVIGNO,13.52 USD (x1),13.52 USD (x1),https://www.ribasmith.com/index.php/361208-vino-carelli-cabernet-sauvigno.html
Licores,VALENCISO GRACIANO 750 ML,29.59 USD (x1),29.59 USD (x1),https://www.ribasmith.com/index.php/320206-valenciso-graciano-750-ml.html
Licores,VINO CARELLI MADERO MALBEC,13.52 USD (x1),13.52 USD (x1),https://www.ribasmith.com/index.php/361195-vino-carelli-madero-malbec.html
Licores,TRULY HS FRUIT PUNCH,3.24 USD (x1),3.24 USD (x1),https://www.ribasmith.com/index.php/360199-truly-hs-fruit-punch.html
Licores,TRULY UNRULY LMND PUNCHED UP P,3.24 USD (x1),3.24 USD (x1),https://www.ribasmith.com/index.php/360193-truly-unruly-lmnd-punched-up-p.html
Licores,LOPEZ DE HARO CRIANZA,9.74 USD (x1),9.74 USD (x1),https://www.ribasmith.com/index.php/249858-lopez-de-haro-crianza.html
Licores,VINO ANGEL MALBEC,18.95 USD (x1),18.95 USD (x1),https://www.ribasmith.com/index.php/361213-vino-angel-malbec.html
Licores,LOPEZ DE HARO RESERVA,13.89 USD (x1),13.89 USD (x1),https://www.ribasmith.com/index.php/249859-lopez-de-haro-reserva.html
Licores,TRULY CITRUS LEMON,3.24 USD (x1),3.24 USD (x1),https://www.ribasmith.com/index.php/360186-truly-citrus-lemon.html
Licores,VINO CARLA CHIARO,15.86 USD (x1),15.86 USD (x1),https://www.ribasmith.com/index.php/361216-vino-carla-chiaro.html
Licores,VINO HABLA DEL SILENCIO 750 ML,19.01 USD (x1),19.01 USD (x1),https://www.ribasmith.com/index.php/324526-vino-habla-del-silencio-750-ml.html
Licores,VINO CARELLI CABERNET FRANC,13.52 USD (x1),13.52 USD (x1),https://www.ribasmith.com/index.php/361203-vino-carelli-cabernet-franc.html
Licores,TRULY CITRUS GRAPEFRUIT,3.24 USD (x1),3.24 USD (x1),https://www.ribasmith.com/index.php/360184-truly-citrus-grapefruit.html
Licores,VINO ARTISTA MALBEC CABERNET,11.11 USD (x1),11.11 USD (x1),https://www.ribasmith.com/index.php/360527-vino-artista-malbec-cabernet.html
Licores,TRULY UNRULY LEMONADE WILD PIN,3.24 USD (x1),3.24 USD (x1),https://www.ribasmith.com/index.php/360191-truly-unruly-lemonade-wild-pin.html
Licores,MELIOR TEMPRANILLO,16.73 USD (x1),16.73 USD (x1),https://www.ribasmith.com/index.php/285490-melior-tempranillo.html
Licores,CERES CRIANZA,17.81 USD (x1),17.81 USD (x1),https://www.ribasmith.com/index.php/ceres-crianza-243302.html
Licores,TRULY HD LEMONADE BLACK CHERRY,3.24 USD (x1),3.24 USD (x1),https://www.ribasmith.com/index.php/360189-truly-hd-lemonade-black-cherry.html
Licores,PAISAJE D TUPUNGATO MALB 2023,13.69 USD (x1),13.69 USD (x1),https://www.ribasmith.com/index.php/358013-paisaje-d-tupungato-malb-2023.html
Licores,VINO ARTISTA MABEC PETITE VERD,11.11 USD (x1),11.11 USD (x1),https://www.ribasmith.com/index.php/360524-vino-artista-mabec-petite-verd.html
Licores,PRUNO VINO,21.97 USD (x1),21.97 USD (x1),https://www.ribasmith.com/index.php/pruno-vino-248212.html
Licores,TRULY UNRULY LMND BUMPIN BLUE,3.24 USD (x1),3.24 USD (x1),https://www.ribasmith.com/index.php/360192-truly-unruly-lmnd-bumpin-blue.html
Licores,VINO ARTISTA MALBEC MALBEC,11.11 USD (x1),11.11 USD (x1),https://www.ribasmith.com/index.php/360526-vino-artista-malbec-malbec.html
Licores,TRULY CITRUS LIME,3.24 USD (x1),3.24 USD (x1),https://www.ribasmith.com/index.php/360185-truly-citrus-lime.html
Licores,VILLA CRECES RESERVA,36.77 USD (x1),36.77 USD (x1),https://www.ribasmith.com/index.php/villa-creces-reserva-248211.html
Licores,LLEBRE TOMAS CUISINE,15.16 USD (x1),15.16 USD (x1),https://www.ribasmith.com/index.php/280827-llebre-tomas-cuisine.html
Licores,TRULY UNRULY LMND ORIGINAL,3.24 USD (x1),3.24 USD (x1),https://www.ribasmith.com/index.php/360194-truly-unruly-lmnd-original.html
Licores,VINO DONA PAULA MALBEC,13.43 USD (x1),13.43 USD (x1),https://www.ribasmith.com/index.php/354640-vino-dona-paula-malbec.html
Licores,PUENTE DEL EA,15.62 USD (x1),15.62 USD (x1),https://www.ribasmith.com/index.php/276783-puente-del-ea.html
Licores,TRULY HS ORIGINAL LEMONADE,3.24 USD (x1),3.24 USD (x1),https://www.ribasmith.com/index.php/360190-truly-hs-original-lemonade.html
Licores,VINO SEPTIMA CABERNET FRANC,11.99 USD (x1),11.99 USD (x1),https://www.ribasmith.com/index.php/338677-vino-septima-cabernet-franc.html
Licores,MOSQUITA MUE BLACK MALBEC 750 ML,56.73 USD (x1),56.73 USD (x1),https://www.ribasmith.com/index.php/316945-mosquita-mue-black-malbec-750-ml.html
Licores,TRULY HD LEMONADE TROPICAL,3.24 USD (x1),3.24 USD (x1),https://www.ribasmith.com/index.php/360188-truly-hd-lemonade-tropical.html
Licores,ERIDANO CRIANZA,15.23 USD (x1),15.23 USD (x1),https://www.ribasmith.com/index.php/276782-eridano-crianza.html
Licores,ERIDANO VENDIMIA SELECCIONADA,11.55 USD (x1),11.55 USD (x1),https://www.ribasmith.com/index.php/282093-eridano-vendimia-seleccionada.html
Licores,PIATTELLI CAB FIVE,49.81 USD (x1),49.81 USD (x1),https://www.ribasmith.com/index.php/330880-piattelli-cab-five.html
Licores,TOPOCHICO HARD SELTZER R WATER,3.30 USD (x1),3.30 USD (x1),https://www.ribasmith.com/index.php/359821-topochico-hard-seltzer-r-water.html
Licores,TOPOCHICO MARGARITA MAX SB HIB,6.55 USD (x1),6.55 USD (x1),https://www.ribasmith.com/index.php/359823-topochico-margarita-max-sb-hib.html
Licores,CLIO MAGNUM BOTELLA 2020,78.05 USD (x1),78.05 USD (x1),https://www.ribasmith.com/index.php/322101-clio-magnum-botella-2020.html
Licores,PIATTELI ARLENE SALTA,32.26 USD (x1),32.26 USD (x1),https://www.ribasmith.com/index.php/330879-piatteli-arlene-salta.html
Licores,PELLERITI SELECTION BLEND TERR,32.31 USD (x1),32.31 USD (x1),https://www.ribasmith.com/index.php/pelleriti-selection-blend-terr-266782-1.html
Licores,VINO ENLATADO MILLENNIAL,3.41 USD (x1),3.41 USD (x1),https://www.ribasmith.com/index.php/364325-vino-enlatado-milennial.html
Licores,TOPO CHICO HARD SIG MARGARITA,3.68 USD (x1),3.68 USD (x1),https://www.ribasmith.com/index.php/359822-topo-chico-hard-sig-margarita.html
Licores,CLIO BODEGA EL NIDO,39.95 USD (x1),39.95 USD (x1),https://www.ribasmith.com/index.php/clio-bodega-el-nido-239052.html
Licores,MOSQUITA MUERTA BLEND DE TINTAS 1500 ML,68.13 USD (x1),68.13 USD (x1),https://www.ribasmith.com/index.php/316946-mosquita-muerta-blend-de-tintas-1500-ml.html
Licores,BUD L PLATINUM SELT CITRUS,3.10 USD (x1),3.10 USD (x1),https://www.ribasmith.com/index.php/359576-bud-l-platinum-selt-citrus.html
Licores,SAPO DE OTRO POZO MALBEC 2023,20.65 USD (x1),20.65 USD (x1),https://www.ribasmith.com/index.php/357499-sapo-de-otro-pozo-malbec-2023.html
Licores,JUAN GIL 12 MESES,13.95 USD (x1),13.95 USD (x1),https://www.ribasmith.com/index.php/juan-gil-12-meses-239051.html
Licores,VINO ROJO STA RITA 3 MEDALLAS,5.56 USD (x1),5.56 USD (x1),https://www.ribasmith.com/index.php/358871-vino-rojo-sta-rita-3-medallas.html
Licores,BUD L PLATINUM SELT BLOOD ORAN,3.10 USD (x1),3.10 USD (x1),https://www.ribasmith.com/index.php/359577-bud-l-platinum-selt-blood-oran.html
Licores,PERRO CALLEJERO CABER FRANC/ M,12.39 USD (x1),12.39 USD (x1),https://www.ribasmith.com/index.php/290991-perro-callejero-caber-franc-m.html
Licores,CORDERO PIEL LOBO CABE SAUVIG,9.53 USD (x1),9.53 USD (x1),https://www.ribasmith.com/index.php/290994-cordero-piel-lobo-cabe-sauvig.html
Licores,VINO ALTOS DE VALDOSO RESERVA,26.45 USD (x1),26.45 USD (x1),https://www.ribasmith.com/index.php/304676-vino-altos-de-valdoso-reserva.html
Licores,VINO FRONTERA DULCE TINTO,4.96 USD (x1),4.96 USD (x1),https://www.ribasmith.com/index.php/359312-vino-frontera-dulce-tinto.html
Licores,WHITE CLAW H SELTZER PEACH,3.49 USD (x1),3.49 USD (x1),https://www.ribasmith.com/index.php/359573-white-claw-h-seltzer-peach.html
Licores,BUD L PLATINUM SELT WILD BERRY,3.10 USD (x1),3.10 USD (x1),https://www.ribasmith.com/index.php/359575-bud-l-platinum-selt-wild-berry.html
Licores,PIATELLI RESERVA MALBEC MENDOZ,13.60 USD (x1),13.60 USD (x1),https://www.ribasmith.com/index.php/354195-piatelli-reserva-malbec-mendoz.html
Licores,CORDERO CON PIEL DE LOBO MALBE,9.53 USD (x1),9.53 USD (x1),https://www.ribasmith.com/index.php/290997-cordero-con-piel-de-lobo-malbe.html
Licores,VINO VALDOSO CRIANZA 750 ML,18.19 USD (x1),18.19 USD (x1),https://www.ribasmith.com/index.php/302676-vino-valdoso-crianza-750-ml.html
Licores,VINO VALDOSO ROBLE,13.74 USD (x1),13.74 USD (x1),https://www.ribasmith.com/index.php/302675-vino-valdoso-roble.html
Licores,VINO MR WILDMAN CAB SAUVIGNON,9.46 USD (x1),9.46 USD (x1),https://www.ribasmith.com/index.php/350852-vino-mr-wildman-cab-sauvignon.html
Licores,BUD L PLATINUM SELT PINEAPPLE,3.10 USD (x1),3.10 USD (x1),https://www.ribasmith.com/index.php/359574-bud-l-platinum-selt-pineapple.html
Licores,SAPO DE OTRO POZO /MOSQ MUERT,20.10 USD (x1),20.10 USD (x1),https://www.ribasmith.com/index.php/290983-sapo-de-otro-pozo-mosq-muert.html
Licores,PERRO CALLEJERO RES MALB /MOSQ,12.39 USD (x1),12.39 USD (x1),https://www.ribasmith.com/index.php/290985-perro-callejero-res-malb-mosq.html
Licores,VINO CARE TINTO ROBLE,13.54 USD (x1),13.54 USD (x1),https://www.ribasmith.com/index.php/297180-vino-care-tinto-roble.html
Licores,VINO RODRIGO SALDANA TEMPRANIL,15.31 USD (x1),15.31 USD (x1),https://www.ribasmith.com/index.php/333296-vino-rodrigo-saldana-tempranil.html
Licores,WHITE CLAW S SELTZER CRANBERRY,6.60 USD (x1),6.60 USD (x1),https://www.ribasmith.com/index.php/338777-white-claw-s-seltzer-cranberry.html
Licores,VINO CABERNET SAUVIGNON 750 ML,16.55 USD (x1),16.55 USD (x1),https://www.ribasmith.com/index.php/176070-vino-cabernet-sauvignon-750-ml.html
Licores,JACK DANIELS BOLDER SN PEACH,6.36 USD (x1),6.36 USD (x1),https://www.ribasmith.com/index.php/359204-jack-daniels-bolder-sn-peach.html
Licores,EOLO TINTO CRIANZA 2019,7.73 USD (x1),7.73 USD (x1),https://www.ribasmith.com/index.php/eolo-tinto-crianza-2008-188547.html
Licores,VINO RESERVA CABERNET SAUV,8.55 USD (x1),8.55 USD (x1),https://www.ribasmith.com/index.php/vino-reserva-cabernet-sauv-6327.html
Licores,VINO FELINO MALBEC,14.91 USD (x1),14.91 USD (x1),https://www.ribasmith.com/index.php/300157-vino-felino-malbec.html
Licores,HERAS CORDON VEND SELECCIONADA,15.82 USD (x1),15.82 USD (x1),https://www.ribasmith.com/index.php/heras-cordon-vend-seleccionada-271437.html
Licores,JACK DANIELS STRAWBERRY PUNCH,4.25 USD (x1),4.25 USD (x1),https://www.ribasmith.com/index.php/359205-jack-daniels-strawberry-punch.html
Licores,SYRAH RESERVA,15.51 USD (x1),15.51 USD (x1),https://www.ribasmith.com/index.php/281727-syrah-reserva.html
Licores,CABERNET SAUVIGNON TRISQUEL,11.14 USD (x1),11.14 USD (x1),https://www.ribasmith.com/index.php/267631-cabernet-sauvignon-trisquel.html
Licores,PAZO SEÑORANS ALBARIÑO,18.75 USD (x1),18.75 USD (x1),https://www.ribasmith.com/index.php/281833-pazo-se-orans-albari-o.html
Licores,PUNTO FINAL CABERNET SAUVIGNON,7.80 USD (x1),7.80 USD (x1),https://www.ribasmith.com/index.php/332186-punto-final-cabernet-sauvignon.html
Licores,TRULY HS STRAWBERRY LEMONADE,6.46 USD (x1),6.46 USD (x1),https://www.ribasmith.com/index.php/359214-truly-hs-strawberry-lemonade.html
Licores,MERLOT BELLA VISTA,7.07 USD (x1),7.07 USD (x1),https://www.ribasmith.com/index.php/267637-merlot-bella-vista.html
Licores,MILAMORE BLEND,18.08 USD (x1),18.08 USD (x1),https://www.ribasmith.com/index.php/332190-milamore-blend.html
Licores,TRULY HARD SELTZER PINEAPPLE,6.55 USD (x1),6.55 USD (x1),https://www.ribasmith.com/index.php/359213-truly-hard-seltzer-pineapple.html
Licores,PAGO DE VALDONEJE JOVEN,13.70 USD (x1),13.70 USD (x1),https://www.ribasmith.com/index.php/pago-de-valdoneje-joven-259175.html
Licores,RENACER MALBEC,38.23 USD (x1),38.23 USD (x1),https://www.ribasmith.com/index.php/332191-renacer-malbec.html
Mariscos,CANASTAS PARA CEVICHE BOKITAS,2.78 USD (x1),2.78 USD (x1),https://www.ribasmith.com/index.php/279171-canastas-para-ceviche-bokitas.html
Mariscos,ATUN CLARO EN ACEI OLIV VENTRE,8.95 USD (x1),8.95 USD (x1),https://www.ribasmith.com/index.php/359800-atun-claro-en-acei-oliv-ventre.html
Mariscos,ATUN CLARO EN ACEITE OLIVA,3.75 USD (x1),3.75 USD (x1),https://www.ribasmith.com/index.php/359797-atun-claro-en-aceite-oliva.html
Mariscos,ENSALADA MAR Y TIERRA,3.00 USD (x1),3.00 USD (x1),https://www.ribasmith.com/index.php/359772-ensalada-mar-y-tierra.html
Mariscos,3PK DE ATUN EN AGUA LA SIRENA,4.52 USD (x1),4.52 USD (x1),https://www.ribasmith.com/index.php/361779-3pk-de-atun-en-agua-la-sirena.html
Mariscos,TROZOS DE TUNA LIVIANA MONARCH,1.92 USD (x1),1.92 USD (x1),https://www.ribasmith.com/index.php/360150-trozos-de-tuna-liviana-monarch.html
Mariscos,TUNA ACEITE 3PACK MONARCH,5.33 USD (x1),5.33 USD (x1),https://www.ribasmith.com/index.php/203269-tuna-aceite-3pack-monarch.html
Mariscos,TUNA EN TROZOS LIVIANA MONARCH,1.92 USD (x1),1.92 USD (x1),https://www.ribasmith.com/index.php/359555-tuna-en-trozos-liviana-monarch.html
Mariscos,LOMOS DE ATUN EN GIRASOL 12PK,13.84 USD (x1),13.84 USD (x1),https://www.ribasmith.com/index.php/360034-lomos-de-atun-en-girasol-12pk.html
Mariscos,ATUN ACETE OLIVA 12PK,14.86 USD (x1),14.86 USD (x1),https://www.ribasmith.com/index.php/360032-atun-acete-oliva-12pk.html
Mariscos,ATUN EN AGUA 12PK VCAMPS,13.84 USD (x1),13.84 USD (x1),https://www.ribasmith.com/index.php/360033-atun-en-agua-12pk-vcamps.html
Mariscos,ATUN VEGET MAR D PLATA 142G,1.41 USD (x1),1.41 USD (x1),https://www.ribasmith.com/index.php/278760-atun-veget-mar-d-plata-142g.html
Mariscos,ATUN TROCITOS AHUMADO ACEITE,1.55 USD (x1),1.55 USD (x1),https://www.ribasmith.com/index.php/357859-atun-trocitos-ahumado-aceite.html
Mariscos,ATUN 3PACK AHUMADO CALVO,4.62 USD (x1),4.62 USD (x1),https://www.ribasmith.com/index.php/357860-atun-3pack-ahumado-calvo.html
Mariscos,TUNA AL AJILLO BAMA,1.55 USD (x1),1.55 USD (x1),https://www.ribasmith.com/index.php/355168-tuna-al-ajillo-bama.html
Mariscos,TUNA SAZONADA EN TROZOS,1.55 USD (x1),1.55 USD (x1),https://www.ribasmith.com/index.php/185573-tuna-sazonada-en-trozos.html
Mariscos,ATUN CON VEGETALES EN TROZOS,1.49 USD (x1),1.49 USD (x1),https://www.ribasmith.com/index.php/169351-atun-con-vegetales-en-trozos.html
Mariscos,ATUN CON MAIZ EN TROZOS,1.55 USD (x1),1.55 USD (x1),https://www.ribasmith.com/index.php/185572-atun-con-maiz-en-trozos.html
Mariscos,ATUN EN AGUA & TROZOS,1.49 USD (x1),1.49 USD (x1),https://www.ribasmith.com/index.php/169349-atun-en-agua-trozos.html
Mariscos,ATUN EN ACEITE & TROZOS,1.49 USD (x1),1.49 USD (x1),https://www.ribasmith.com/index.php/169350-atun-en-aceite-trozos.html
Mariscos,4PACK ATUN TROZOS ACEITE VEGET,5.53 USD (x1),5.53 USD (x1),https://www.ribasmith.com/index.php/355749-4pack-atun-trozos-aceite-veget.html
Mariscos,ATUN LOMO TROZO CON VEGTAL 4PK,5.53 USD (x1),5.53 USD (x1),https://www.ribasmith.com/index.php/355750-atun-lomo-trozo-con-vegtal-4pk.html
Mariscos,4PK ATUN CALVO TROZOS AGUA,5.53 USD (x1),5.53 USD (x1),https://www.ribasmith.com/index.php/353879-4pk-atun-calvo-trozos-agua.html
Mariscos,TROZOS DE ATUN AHUMADO CALVO,5.92 USD (x1),5.92 USD (x1),https://www.ribasmith.com/index.php/351769-trozos-de-atun-ahumado-calvo.html
Mariscos,DELICIAS DE ATUN ROJO,14.77 USD (x1),14.77 USD (x1),https://www.ribasmith.com/index.php/delicias-de-atun-rojo-258068.html
Mariscos,VENTRESCA ATUN ROJO ACEITE OLI,10.43 USD (x1),10.43 USD (x1),https://www.ribasmith.com/index.php/ventresca-atun-rojo-aceite-oli-260154.html
Mariscos,VENTRESCA BONITO BURELA ACEITE,14.02 USD (x1),14.02 USD (x1),https://www.ribasmith.com/index.php/ventresca-bonito-burela-aceite-260155.html
Mariscos,BONITO FRESC BURELA EN ACEITE,7.94 USD (x1),7.94 USD (x1),https://www.ribasmith.com/index.php/bonito-fresc-burela-en-aceite-260151.html
Mariscos,BONITO DEL NORTE EN ACEITE OLI,3.12 USD (x1),3.12 USD (x1),https://www.ribasmith.com/index.php/bonito-del-norte-en-aceite-oli-201480.html
Mariscos,ATUN CLARO EN ACEITE OLIVA,2.35 USD (x1),2.35 USD (x1),https://www.ribasmith.com/index.php/atun-claro-en-aceite-oliva-201476.html
Mariscos,BONITO DEL NORTE EN ACEITE OLI,7.02 USD (x1),7.02 USD (x1),https://www.ribasmith.com/index.php/bonito-del-norte-en-aceite-oli-221916.html
Mariscos,ATUN CLARO EN ACEITE DE OLIVA,5.92 USD (x1),5.92 USD (x1),https://www.ribasmith.com/index.php/atun-claro-en-aceite-de-oliva-221917.html
Mariscos,ENSALADA RUSA CON ATUN,1.92 USD (x1),1.92 USD (x1),https://www.ribasmith.com/index.php/ensalada-rusa-con-atun-67686.html
Mariscos,ATUN CLARO AL NATURAL SIN ACEI,5.48 USD (x1),5.48 USD (x1),https://www.ribasmith.com/index.php/atun-claro-al-natural-sin-acei-27107.html
Mariscos,ATUN CLARO AL NATURAL B SAL,5.48 USD (x1),5.48 USD (x1),https://www.ribasmith.com/index.php/atun-claro-al-natural-b-sal-78944.html
Mariscos,ATUN CLARO AC OLIVA,3.54 USD (x1),3.54 USD (x1),https://www.ribasmith.com/index.php/atun-claro-ac-oliva-74274.html
Mariscos,ATUN ACEITE DE OLIVA AL OREGAN,5.25 USD (x1),5.25 USD (x1),https://www.ribasmith.com/index.php/atun-aceite-de-oliva-al-oregan-67095.html
Mariscos,ATUN ACEITE DE OLIVA BAJO SAL,3.58 USD (x1),3.58 USD (x1),https://www.ribasmith.com/index.php/atun-aceite-de-oliva-bajo-sal-160002.html
Mariscos,ATUN LOMOS ACEITE OLIVA,2.97 USD (x1),2.97 USD (x1),https://www.ribasmith.com/index.php/atun-lomos-aceite-oliva-123723.html
Mariscos,ATUN CLARO EN ACEITE DE OLIVA,2.36 USD (x1),2.36 USD (x1),https://www.ribasmith.com/index.php/atun-claro-en-aceite-de-oliva-277621.html
Mariscos,ATUN EN ACEITE AHUMADA,1.86 USD (x1),1.86 USD (x1),https://www.ribasmith.com/index.php/atun-en-aceite-ahumada-286668.html
Mariscos,ATUN EN ACEITE DE OLIVA,1.86 USD (x1),1.86 USD (x1),https://www.ribasmith.com/index.php/atun-en-aceite-de-oliva-286669.html
Mariscos,ATUN EN AGUA,1.86 USD (x1),1.86 USD (x1),https://www.ribasmith.com/index.php/atun-en-agua-286666.html
Mariscos,ATUN EN ACEITE,1.86 USD (x1),1.86 USD (x1),https://www.ribasmith.com/index.php/atun-en-aceite-286667.html
Mariscos,ATUN EN ACEITE DE OLIVA,3.03 USD (x1),3.03 USD (x1),https://www.ribasmith.com/index.php/atun-en-aceite-de-oliva-149133.html
Mariscos,ATUN EN AGUA 48 X 160 GR,2.82 USD (x1),2.82 USD (x1),https://www.ribasmith.com/index.php/atun-en-agua-48-x-160-gr-141662.html
Mariscos,ATUN EN ACEITE LOMOS,2.82 USD (x1),2.82 USD (x1),https://www.ribasmith.com/index.php/atun-en-aceite-lomos-141661.html
Mariscos,ATUN ACEITE 3 PACK,4.26 USD (x1),4.26 USD (x1),https://www.ribasmith.com/index.php/atun-aceite-3-pack-210090.html
Mariscos,ATUN EN AGUA LIGHT SAL 16X3,4.26 USD (x1),4.26 USD (x1),https://www.ribasmith.com/index.php/atun-en-agua-light-sal-16x3-157448.html
Mariscos,ATUN EN AGUA,4.26 USD (x1),4.26 USD (x1),https://www.ribasmith.com/index.php/atun-en-agua-141664.html
Mariscos,ATUN EN ACEITE OLIVA,4.70 USD (x1),4.70 USD (x1),https://www.ribasmith.com/index.php/atun-en-aceite-oliva-141665.html
Mariscos,TUNA JALAPENOS 170GR TWO OCEAN,1.61 USD (x1),1.61 USD (x1),https://www.ribasmith.com/index.php/tuna-jalapenos-170gr-two-ocean-251159.html
Mariscos,TUNA CHUNKS EN ACEITE,1.79 USD (x1),1.79 USD (x1),https://www.ribasmith.com/index.php/tuna-chunks-en-aceite-251157.html
Mariscos,TUNA VEGETALES 170GR TWO OCEAN,1.61 USD (x1),1.61 USD (x1),https://www.ribasmith.com/index.php/tuna-vegetales-170gr-two-ocean-251160.html
Mariscos,TUNA CHUNKS EN AGUA,1.59 USD (x1),1.59 USD (x1),https://www.ribasmith.com/index.php/tuna-chunks-en-agua-219340.html
Mariscos,FILETE ATUN OLIVA,6.85 USD (x1),6.85 USD (x1),https://www.ribasmith.com/index.php/filete-atun-oliva-260850.html
Mariscos,ATUN VENTRESCA ACEITE OLIVA,7.17 USD (x1),7.17 USD (x1),https://www.ribasmith.com/index.php/247814-atun-ventresca-aceite-oliva-precios-especiales.html
Mariscos,ATUN VENTRESCAS JALAPEÑO,7.23 USD (x1),7.23 USD (x1),https://www.ribasmith.com/index.php/260849-atun-ventrescas-jalape-o-precios-especiales.html
Mariscos,FILETE ATUN OREGANO,6.85 USD (x1),6.85 USD (x1),https://www.ribasmith.com/index.php/filete-atun-oregano-260848.html
Mariscos,ATUN AHUMADO DIETA & TROZOS,2.43 USD (x1),2.43 USD (x1),https://www.ribasmith.com/index.php/atun-ahumado-dieta-trozos-201869.html
Mariscos,ATUN CON VEGETALES EN AGUA DIE,2.44 USD (x1),2.44 USD (x1),https://www.ribasmith.com/index.php/atun-con-vegetales-en-agua-die-184610.html
Mariscos,ATUN CON MAIZ DULCE EN TROZOS,2.51 USD (x1),2.51 USD (x1),https://www.ribasmith.com/index.php/atun-con-maiz-dulce-en-trozos-4257.html
Mariscos,ATUN EN ACEITE AHUMADO & TROZO,2.37 USD (x1),2.37 USD (x1),https://www.ribasmith.com/index.php/4256-atun-en-aceite-ahumado-trozo-precios-especiales.html
Mariscos,ATUN CON JALAPEÑO EN AGUA,2.46 USD (x1),2.46 USD (x1),https://www.ribasmith.com/index.php/atun-con-jalapeno-en-agua-4244.html
Mariscos,FILETE ATUN EN AGUA,6.05 USD (x1),6.05 USD (x1),https://www.ribasmith.com/index.php/filete-atun-en-agua-272720.html
Mariscos,FILETES ATUN ACEITE OLIVA,6.02 USD (x1),6.02 USD (x1),https://www.ribasmith.com/index.php/filetes-atun-aceite-oliva-267753.html
Mariscos,FIL ATUN ACEITE CON JALAPEÑO,6.05 USD (x1),6.05 USD (x1),https://www.ribasmith.com/index.php/fil-atun-aceite-con-jalapeno-267752.html
Mariscos,ATUN EN AGUA LOMO DIETA,2.54 USD (x1),2.54 USD (x1),https://www.ribasmith.com/index.php/atun-en-agua-lomo-dieta-123725.html
Mariscos,ATUN CON VEGETALES EN CUADRITO,1.89 USD (x1),1.89 USD (x1),https://www.ribasmith.com/index.php/127046-atun-con-vegetales-en-cuadrito-precios-especiales.html
Mariscos,ATUN EN AGUA DIETA,1.71 USD (x1),1.71 USD (x1),https://www.ribasmith.com/index.php/123727-atun-en-agua-dieta-precios-especiales.html
Mariscos,ATUN EN ACEITE VEGETAL CUADRIT,1.71 USD (x1),1.71 USD (x1),https://www.ribasmith.com/index.php/123726-atun-en-aceite-vegetal-cuadrit-precios-especiales.html
Mariscos,ATUN LOMITO EN ACEITE,1.26 USD (x1),1.26 USD (x1),https://www.ribasmith.com/index.php/atun-lomito-en-aceite-107754.html
Mariscos,BB RTE TUNA SALAD FAT FREE 3 5,2.92 USD (x1),2.92 USD (x1),https://www.ribasmith.com/index.php/bb-rte-tuna-salad-fat-free-3-5-44541.html
Mariscos,GOURMAR CARPACCIO DE SALMON,11.78 USD (x1),11.78 USD (x1),https://www.ribasmith.com/index.php/362027-gourmar-carpaccio-de-salmon.html
Mariscos,BB RTE TUNA SALAD REG 3 5 OZ,2.92 USD (x1),2.92 USD (x1),https://www.ribasmith.com/index.php/bb-rte-tuna-salad-reg-3-5-oz-44540.html
Mariscos,BB POUCH ALBACORE TUNA WATER,2.81 USD (x1),2.81 USD (x1),https://www.ribasmith.com/index.php/bb-pouch-albacore-tuna-water-164835.html
Mariscos,SALMON AHUMADO ACME,18.31 USD (x1),18.31 USD (x1),https://www.ribasmith.com/index.php/358964-salmon-ahumado-acme.html
Mariscos,BB PREM LIGH TUNA WATER,1.96 USD (x1),1.96 USD (x1),https://www.ribasmith.com/index.php/bb-prem-ligh-tuna-water-197805.html
Mariscos,SALMON NOVA ACME,10.48 USD (x1),10.48 USD (x1),https://www.ribasmith.com/index.php/358965-salmon-nova-acme.html
Mariscos,BB CHUNK LIGHT TUNA 3PACK,4.84 USD (x1),4.84 USD (x1),https://www.ribasmith.com/index.php/bb-chunk-light-tuna-3pack-117667.html
Mariscos,SALMON AHUMADO AL CALOR,8.08 USD (x1),8.08 USD (x1),https://www.ribasmith.com/index.php/359964-salmon-ahumado-al-calor.html
Mariscos,ST. JAMES SMOKED SALMON,16.45 USD (x1),16.45 USD (x1),https://www.ribasmith.com/index.php/349994-st-james-smoked-salmon.html
Mariscos,BB SOLID WHITE TUNA WATER 9 OZ,5.60 USD (x1),5.60 USD (x1),https://www.ribasmith.com/index.php/bb-solid-white-tuna-water-9-oz-2506.html
Mariscos,MOREYS SALMON SEASONED GRILL,14.54 USD (x1),14.54 USD (x1),https://www.ribasmith.com/index.php/356979-moreys-salmon-seasoned-grill.html
Mariscos,SOLID WHITE TUNA OIL 9 OZ,5.73 USD (x1),5.73 USD (x1),https://www.ribasmith.com/index.php/solid-white-tuna-oil-9-oz.html
Mariscos,ATUN EN AGUA & TROZOS DIETA,1.85 USD (x1),1.85 USD (x1),https://www.ribasmith.com/index.php/atun-en-agua-trozos-dieta-2497.html
Mariscos,SALMON COHO GOURMAR,6.74 USD (x1),7.49 USD (x1),https://www.ribasmith.com/index.php/355785-salmon-coho-gourmar.html
Mariscos,ST. JAMES WHISKY HONEY SALMON,16.45 USD (x1),16.45 USD (x1),https://www.ribasmith.com/index.php/349999-st-james-whisky-honey-salmon.html
Mariscos,ATUN EN ACEITE VEG & TROZOS D,1.85 USD (x1),1.85 USD (x1),https://www.ribasmith.com/index.php/atun-en-aceite-veg-trozos-d-1074.html
Mariscos,ATUN DESMENUZADO EN AGUA,1.39 USD (x1),1.39 USD (x1),https://www.ribasmith.com/index.php/atun-desmenuzado-en-agua-117832.html
Mariscos,ST. JAMES PASTRAMI SMKD SALMON,12.75 USD (x1),12.75 USD (x1),https://www.ribasmith.com/index.php/350000-st-james-pastrami-smkd-salmon.html
Mariscos,LIGHT MEAT FLAKED TUNA OIL 48,1.41 USD (x1),1.41 USD (x1),https://www.ribasmith.com/index.php/light-meat-flaked-tuna-oil-48-78050.html
Mariscos,ST. JAMES GRVADLAX SMKD SALMON,16.45 USD (x1),16.45 USD (x1),https://www.ribasmith.com/index.php/349996-st-james-grvadlax-smkd-salmon.html
Mariscos,SALMON FESCO CONGELADO,6.91 USD (x1),6.91 USD (x1),https://www.ribasmith.com/index.php/salmon-fesco-congelado-216554.html
Mariscos,GOURMAR MEJILLONES TRADICIONAL,4.22 USD (x1),4.22 USD (x1),https://www.ribasmith.com/index.php/361463-gourmar-mejillones-tradicional.html
Mariscos,SALMON FRESCO CONGELADO,20.60 USD (x1),20.60 USD (x1),https://www.ribasmith.com/index.php/salmon-fresco-congelado-216553.html
Mariscos,GOURMAR MEJLLONES EN SALSA,4.63 USD (x1),4.63 USD (x1),https://www.ribasmith.com/index.php/361461-gourmar-mejllones-en-salsa.html
Mariscos,SARDINAS ACEITE EXTRA VIRGEN,8.64 USD (x1),8.64 USD (x1),https://www.ribasmith.com/index.php/358956-sardinas-aceite-extra-virgen.html
Mariscos,SARDINAS AHUMADAS JOSE GOURMET,9.04 USD (x1),9.04 USD (x1),https://www.ribasmith.com/index.php/358963-sardinas-ahumadas-jose-gourmet.html
Mariscos,GOURMAR MEJILLONES MANTEQUILLA,4.63 USD (x1),4.63 USD (x1),https://www.ribasmith.com/index.php/361462-gourmar-mejillones-mantequilla.html
Mariscos,TUNA CON VEGETALES,1.49 USD (x1),1.49 USD (x1),https://www.ribasmith.com/index.php/tuna-con-vegetales-193515.html
Mariscos,SALMON AHUMADO PREMIUM,9.76 USD (x1),9.76 USD (x1),https://www.ribasmith.com/index.php/salmon-ahumado-premium-246178.html
Mariscos,SHRIMP & GRITS SOUTHERN STYLE,10.20 USD (x1),10.20 USD (x1),https://www.ribasmith.com/index.php/282839-shrimp-grits-southern-style.html
Mariscos,BUMBLE BEE FLK TUNA CORN,1.83 USD (x1),1.83 USD (x1),https://www.ribasmith.com/index.php/bumble-bee-flk-tuna-corn-226459.html
Mariscos,SARDINAS ACEITE EXTRAV Y LIMON,8.64 USD (x1),8.64 USD (x1),https://www.ribasmith.com/index.php/358957-sardinas-aceite-extrav-y-limon.html
Mariscos,TUNA BUMBLE BEE AGUA 12 OZ,4.33 USD (x1),4.33 USD (x1),https://www.ribasmith.com/index.php/tuna-bumble-bee-agua-12-oz-44538.html
Mariscos,SHRIMP TOAST AUTHENTIC,15.12 USD (x1),15.12 USD (x1),https://www.ribasmith.com/index.php/282836-shrimp-toast-authentic.html
Mariscos,SARDINA EN SALSA CRIOLLA,0.89 USD (x1),1.19 USD (x1),https://www.ribasmith.com/index.php/354432-sardina-en-salsa-criolla.html
Mariscos,BB SOLID WHITE TUNA WATER 12OZ,6.65 USD (x1),6.65 USD (x1),https://www.ribasmith.com/index.php/bb-solid-white-tuna-water-12oz-44537.html
Mariscos,CRAB PRETZEL PREMIUM,10.70 USD (x1),10.70 USD (x1),https://www.ribasmith.com/index.php/282835-crab-pretzel-premium.html
Mariscos,SARDINA SALSA CRIOLLA PICANTE,0.89 USD (x1),1.19 USD (x1),https://www.ribasmith.com/index.php/354431-sardina-salsa-criolla-picante.html
Mariscos,SARDINA EN SALSA DE TOMATE,2.86 USD (x1),2.86 USD (x1),https://www.ribasmith.com/index.php/sardina-en-salsa-de-tomate-166809.html
Mariscos,SKIST TUNA ZESTY LEMON PEPPER,2.10 USD (x1),2.10 USD (x1),https://www.ribasmith.com/index.php/skist-tuna-zesty-lemon-pepper-202784.html
Mariscos,SALT &PEPER CALAMARI,14.00 USD (x1),14.00 USD (x1),https://www.ribasmith.com/index.php/238015-salt-peper-calamari.html
Mariscos,SKIST TUNA CREAT SWEET SPICY,2.10 USD (x1),2.10 USD (x1),https://www.ribasmith.com/index.php/skist-tuna-creat-sweet-spicy-203416.html
Mariscos,SEAPAK JUMBO PARMESAN SHRIMP,16.20 USD (x1),16.20 USD (x1),https://www.ribasmith.com/index.php/356976-seapak-jumbo-parmesan-shrimp.html
Mariscos,SALMON DPACK SOYA SESAMO,11.85 USD (x1),11.85 USD (x1),https://www.ribasmith.com/index.php/salmon-dpack-soya-sesamo-242842.html
Mariscos,SARDINAS A LA CAZUELA,1.41 USD (x1),1.41 USD (x1),https://www.ribasmith.com/index.php/sardinas-a-la-cazuela-15062.html
Mariscos,SEAPAK CAJUN STYLE SHRIMP,13.20 USD (x1),13.20 USD (x1),https://www.ribasmith.com/index.php/356971-seapak-cajun-style-shrimp.html
Mariscos,SALMON DUO PACK MOSTAZA AJO,11.85 USD (x1),11.85 USD (x1),https://www.ribasmith.com/index.php/salmon-duo-pack-mostaza-ajo-242841.html
Mariscos,SARDINAS EN ACEITE CON LIMON,1.60 USD (x1),1.60 USD (x1),https://www.ribasmith.com/index.php/sardinas-en-aceite-con-limon-15064.html
Mariscos,SALMON FILETE PORCION CON PIEL,7.01 USD (x1),7.01 USD (x1),https://www.ribasmith.com/index.php/salmon-filete-porcion-con-piel-187288.html
Mariscos,STUFFED LOBTERS TAIL,27.30 USD (x1),27.30 USD (x1),https://www.ribasmith.com/index.php/360807-stuffed-lobters-tail.html
Mariscos,LOBSTER MAC& CHEESE,11.35 USD (x1),11.35 USD (x1),https://www.ribasmith.com/index.php/360806-lobster-mac-cheese.html
Mariscos,SALMON FAMILY FRESCO,16.50 USD (x1),16.50 USD (x1),https://www.ribasmith.com/index.php/salmon-family-fresco-181357.html
Mariscos,SARDINAS EN ACEITE VEG PICANTE,1.60 USD (x1),1.60 USD (x1),https://www.ribasmith.com/index.php/sardinas-en-aceite-veg-picante-15142.html
Mariscos,TUNA CHUNK LIGHT AGUA ST KIST,1.77 USD (x1),1.77 USD (x1),https://www.ribasmith.com/index.php/10165-tuna-chunk-light-agua-st-kist-precios-especiales.html
Mariscos,SARDINAS EN ESCABECHE,1.62 USD (x1),1.62 USD (x1),https://www.ribasmith.com/index.php/sardinas-en-escabeche-15140.html
Mariscos,SALMON DUO PACK,8.76 USD (x1),8.76 USD (x1),https://www.ribasmith.com/index.php/salmon-duo-pack-234848.html
Mariscos,CAMARONES APANADO COCO JUMBO,5.30 USD (x1),5.30 USD (x1),https://www.ribasmith.com/index.php/216360-camarones-apanado-coco-jumbo.html
Mariscos,SARDINAS EN TOMATE 50 125GR,1.60 USD (x1),1.60 USD (x1),https://www.ribasmith.com/index.php/sardinas-en-tomate-50-125gr-15254.html
Mariscos,SALMON FILETE PORCION CON PIEL,8.12 USD (x1),8.12 USD (x1),https://www.ribasmith.com/index.php/salmon-filete-porcion-con-piel-187289.html
Mariscos,SKIST LOW SODIUM ALBACORE TUNA,2.73 USD (x1),2.73 USD (x1),https://www.ribasmith.com/index.php/skist-low-sodium-albacore-tuna-200566.html
Mariscos,LOBSTER CROSTINI 12 PREMIUM,11.40 USD (x1),11.40 USD (x1),https://www.ribasmith.com/index.php/360800-lobster-crostini-12-premium.html
Mariscos,SARDINAS EN ACEITE,1.60 USD (x1),1.60 USD (x1),https://www.ribasmith.com/index.php/sardinas-en-aceite-15139.html
Mariscos,CRAB TOAST PREMIUM PINCHILSAUC,14.65 USD (x1),14.65 USD (x1),https://www.ribasmith.com/index.php/360804-crab-toast-premium-pinchilsauc.html
Mariscos,SKIST LUNCH TO GO ALBACORE,3.30 USD (x1),3.30 USD (x1),https://www.ribasmith.com/index.php/skist-lunch-to-go-albacore-156411.html
Mariscos,SALMON AHUMADO PIMIENTA,8.11 USD (x1),8.11 USD (x1),https://www.ribasmith.com/index.php/salmon-ahumado-pimienta-187290.html
Mariscos,SEAPAK CLASSIC POPCORN SHRIMP,13.20 USD (x1),13.20 USD (x1),https://www.ribasmith.com/index.php/356973-seapak-classic-popcorn-shrimp.html
Mariscos,SARDINAS ACEITE DE OLIVA B SAL,2.16 USD (x1),2.16 USD (x1),https://www.ribasmith.com/index.php/sardinas-aceite-de-oliva-b-sal-81776.html
Mariscos,SKIST CHUNKLIGHT TUNA IN WATER,4.25 USD (x1),4.25 USD (x1),https://www.ribasmith.com/index.php/skist-chunklight-tuna-in-water-156713.html
Mariscos,GOURMAR SALMON AHUMADO EV BAGEL 85 GR,6.66 USD (x1),6.66 USD (x1),https://www.ribasmith.com/index.php/322254-gourmar-salmon-ahumado-ev-bagel-85-gr.html
Mariscos,SEAPAK DYNAMITE SHRIMP,13.09 USD (x1),13.09 USD (x1),https://www.ribasmith.com/index.php/356978-seapak-dynamite-shrimp.html
Mariscos,GOURMAR PACK SALMON NARANJA JE 324 GR,11.85 USD (x1),11.85 USD (x1),https://www.ribasmith.com/index.php/309753-gourmar-pack-salmon-naranja-je-324-gr.html
Mariscos,SK SOLID WHT WATER 9 OZ STARKI,5.95 USD (x1),5.95 USD (x1),https://www.ribasmith.com/index.php/sk-solid-wht-water-9-oz-starki-44551.html
Mariscos,GORTONS POPCORN SHRIMP,12.88 USD (x1),12.88 USD (x1),https://www.ribasmith.com/index.php/150555-gortons-popcorn-shrimp.html
Mariscos,SKIST SOLID LIGHT TUNA OIL,2.96 USD (x1),2.96 USD (x1),https://www.ribasmith.com/index.php/skist-solid-light-tuna-oil-155869.html
Mariscos,TENDERS BEER BATTERED FROZEN,12.00 USD (x1),12.00 USD (x1),https://www.ribasmith.com/index.php/223827-tenders-beer-battered-frozen.html
Mariscos,PANAMEI FISH STICKS,6.85 USD (x1),6.85 USD (x1),https://www.ribasmith.com/index.php/355798-panamei-fish-sticks.html
Mascotas,ACTIVPETZ DUCK JERKY MULTI IMM,8.20 USD (x1),8.20 USD (x1),https://www.ribasmith.com/index.php/280757-activpetz-duck-jerky-multi-imm.html
Mascotas,AIR DRIED COMP BALAN SALMON,21.00 USD (x1),21.00 USD (x1),https://www.ribasmith.com/index.php/352645-air-dried-comp-balan-salmon.html
Mascotas,AIR DRIED COMPL BALANCED BEEF,21.00 USD (x1),21.00 USD (x1),https://www.ribasmith.com/index.php/352644-air-dried-compl-balanced-beef.html
Mascotas,AIR DRIED COMPLETE BALANCED CH,21.00 USD (x1),21.00 USD (x1),https://www.ribasmith.com/index.php/352643-air-dried-complete-balanced-ch.html
Mascotas,ALIMENTO TOW BISONTE CACHORROS,48.81 USD (x1),48.81 USD (x1),https://www.ribasmith.com/index.php/358615-alimento-tow-bisonte-cachorros.html
Mascotas,ALIMENTO TOW SALMON AHUAMDO,48.81 USD (x1),48.81 USD (x1),https://www.ribasmith.com/index.php/358619-alimento-tow-salmon-ahuamdo.html
Mascotas,DOG CHOW ADULTO MULTIPROTEINA,34.36 USD (x1),34.36 USD (x1),https://www.ribasmith.com/index.php/355716-dog-chow-adulto-multiproteina.html
Mascotas,DOGUI ADULTO MEDIANO Y GRANDE,8.88 USD (x1),8.88 USD (x1),https://www.ribasmith.com/index.php/358711-dogui-adulto-mediano-y-grande.html
Mascotas,HEALTHY BALANCED GF SALMON,40.76 USD (x1),40.76 USD (x1),https://www.ribasmith.com/index.php/351081-healthy-balanced-gf-salmon.html
Mascotas,HEALTHY BALANCED CHICKEN ALL B,29.53 USD (x1),29.53 USD (x1),https://www.ribasmith.com/index.php/351074-healthy-balanced-chicken-all-b.html
Mascotas,DOGI BIENESTAR CACHORRO,9.18 USD (x1),9.18 USD (x1),https://www.ribasmith.com/index.php/358710-dogi-bienestar-cachorro.html
Mascotas,ALIMENTO TOW VENADO Y BISONTE,48.81 USD (x1),48.81 USD (x1),https://www.ribasmith.com/index.php/358620-alimento-tow-venado-y-bisonte.html
Mascotas,ALIMENTO TOW CACHORRO PRADERA,19.82 USD (x1),19.82 USD (x1),https://www.ribasmith.com/index.php/358605-alimento-tow-cachorro-pradera.html
Mascotas,GF LIL BITES BUFFALO & WFISH D,18.75 USD (x1),18.75 USD (x1),https://www.ribasmith.com/index.php/352501-gf-lil-bites-buffalo-wfish-d.html
Mascotas,LITE HEALTHY WEIGHT MGT,15.54 USD (x1),15.54 USD (x1),https://www.ribasmith.com/index.php/352475-lite-healthy-weight-mgt.html
Mascotas,GRAIN FREE BUFFALO & WHITEFISH,38.52 USD (x1),38.52 USD (x1),https://www.ribasmith.com/index.php/352494-grain-free-buffalo-whitefish.html
Mascotas,GRAIN FREE SALMON & SWT POTATO,36.40 USD (x1),36.40 USD (x1),https://www.ribasmith.com/index.php/352496-grain-free-salmon-swt-potato.html
Mascotas,LITTLE BITES CHICKEN & BROWN R,15.54 USD (x1),15.54 USD (x1),https://www.ribasmith.com/index.php/352444-little-bites-chicken-brown-r.html
Mascotas,GRAIN FREE BUFFALO & WHITEFIS,18.75 USD (x1),18.75 USD (x1),https://www.ribasmith.com/index.php/352493-grain-free-buffalo-whitefis.html
Mascotas,ORIGINAL CHICKEN BROWN RICE,16.65 USD (x1),16.65 USD (x1),https://www.ribasmith.com/index.php/352440-original-chicken-brown-rice.html
Mascotas,GF LIL BITES CHICKEN & TURKEY,18.06 USD (x1),18.06 USD (x1),https://www.ribasmith.com/index.php/352600-gf-lil-bites-chicken-turkey.html
Mascotas,LAMB & BROWN RICE FOOD DOG,17.95 USD (x1),17.95 USD (x1),https://www.ribasmith.com/index.php/352480-lamb-brown-rice-food-dog.html
Mascotas,GRAIN FREE DUCK & SWT POTATO,37.25 USD (x1),37.25 USD (x1),https://www.ribasmith.com/index.php/352500-grain-free-duck-swt-potato.html
Mascotas,LAMB & BROWN RICE FOOD DOG,52.45 USD (x1),52.45 USD (x1),https://www.ribasmith.com/index.php/352481-lamb-brown-rice-food-dog.html
Mascotas,GRAIN FREE DUCK & SWT POTATO,18.77 USD (x1),18.77 USD (x1),https://www.ribasmith.com/index.php/352499-grain-free-duck-swt-potato.html
Mascotas,LIL. BITES CHICKEN & BROWN RIC,35.00 USD (x1),35.00 USD (x1),https://www.ribasmith.com/index.php/352473-lil-bites-chicken-brown-ric.html
Mascotas,ORIGINAL CHICKEN & BROWN RICE,50.38 USD (x1),50.38 USD (x1),https://www.ribasmith.com/index.php/352443-original-chicken-brown-rice.html
Mascotas,GF LIL BITES BUFFALO & WFISH,38.52 USD (x1),38.52 USD (x1),https://www.ribasmith.com/index.php/352597-gf-lil-bites-buffalo-wfish.html
Mascotas,LITE CHICKEN & BROWN RICE,44.30 USD (x1),44.30 USD (x1),https://www.ribasmith.com/index.php/352479-lite-chicken-brown-rice.html
Mascotas,GRAIN FREE CHICKEN & TURKEY,17.30 USD (x1),17.30 USD (x1),https://www.ribasmith.com/index.php/352488-grain-free-chicken-turkey.html
Mascotas,GRAIN FREE SALMON & SWT POTATO,17.30 USD (x1),17.30 USD (x1),https://www.ribasmith.com/index.php/352495-grain-free-salmon-swt-potato.html
Mascotas,DOG CHOW ADULTO RAZA M/G 2KG,9.34 USD (x1),9.34 USD (x1),https://www.ribasmith.com/index.php/168946-dog-chow-adulto-raza-m-g-2kg.html
Mascotas,PURINA MINIS Y PEQUENOS CORDER,23.95 USD (x1),23.95 USD (x1),https://www.ribasmith.com/index.php/351407-purina-minis-y-pequenos-corder.html
Mascotas,SOLID ORG ORION LED COLLAR SMA,20.80 USD (x1),20.80 USD (x1),https://www.ribasmith.com/index.php/331898-solid-org-orion-led-collar-sma.html
Mascotas,GOLDEN ORION LED COLLAR LARGE,21.95 USD (x1),21.95 USD (x1),https://www.ribasmith.com/index.php/331905-golden-orion-led-collar-large.html
Mascotas,ROYAL BLUE ORION LED COLLAR ME,20.80 USD (x1),20.80 USD (x1),https://www.ribasmith.com/index.php/331908-royal-blue-orion-led-collar-me.html
Mascotas,BLUE GREEN ARGYLE COLLAR LARGE,11.28 USD (x1),11.28 USD (x1),https://www.ribasmith.com/index.php/331944-blue-green-argyle-collar-large.html
Mascotas,CHAMPU NEUTRAL ANIMAL PLANET,5.22 USD (x1),5.22 USD (x1),https://www.ribasmith.com/index.php/356876-champu-neutral-animal-planet.html
Mascotas,MULTIVITAMINICO NUTRI SOURCE,16.69 USD (x1),16.69 USD (x1),https://www.ribasmith.com/index.php/362502-multivitaminico-nutri-source.html
Mascotas,CHAMPU AVENA A PLANET MASCOTAS,2.73 USD (x1),2.73 USD (x1),https://www.ribasmith.com/index.php/356884-champu-avena-a-planet-mascotas.html
Mascotas,CHAMPU AVENA ANIMAL PLANET,5.22 USD (x1),5.22 USD (x1),https://www.ribasmith.com/index.php/356874-champu-avena-animal-planet.html
Mascotas,NUTRISOURCE SNACK ALMENDRA,7.96 USD (x1),7.96 USD (x1),https://www.ribasmith.com/index.php/359190-nutrisource-snack-almendra.html
Mascotas,CHAMPU AP DESENREDANTE,5.22 USD (x1),5.22 USD (x1),https://www.ribasmith.com/index.php/356873-champu-ap-desenredante.html
Mascotas,NUTRI SOURCE BOCADILLOS CARNE,10.35 USD (x1),10.35 USD (x1),https://www.ribasmith.com/index.php/362496-nutri-source-bocadillos-carne.html
Mascotas,BOCADILLOS DE ENTRENAMIENTO,13.33 USD (x1),13.33 USD (x1),https://www.ribasmith.com/index.php/363306-bocadillos-de-entrenamiento.html
Mascotas,CHAMPU CITRICOS ANIMAL PLANET,5.22 USD (x1),5.22 USD (x1),https://www.ribasmith.com/index.php/356875-champu-citricos-animal-planet.html
Mascotas,BRAVO CORDERO CON ARROZ,4.21 USD (x1),4.21 USD (x1),https://www.ribasmith.com/index.php/260690-bravo-cordero-con-arroz.html
Mascotas,CHAMPU MASCOTAS ANIMAL PLANET,2.73 USD (x1),2.73 USD (x1),https://www.ribasmith.com/index.php/356881-champu-mascotas-animal-planet.html
Mascotas,VARITAS CRUJIENTES POKADOG,15.14 USD (x1),15.14 USD (x1),https://www.ribasmith.com/index.php/363307-varitas-crujientes-pokadog.html
Mascotas,BRAVO CACHORROS,4.16 USD (x1),4.16 USD (x1),https://www.ribasmith.com/index.php/260687-bravo-cachorros.html
Mascotas,CHAMPU CONTROL OLOR A PLANET,2.73 USD (x1),2.73 USD (x1),https://www.ribasmith.com/index.php/356877-champu-control-olor-a-planet.html
Mascotas,VARITAS POLKADOG PERRO Y GATO,11.60 USD (x1),11.60 USD (x1),https://www.ribasmith.com/index.php/363308-varitas-polkadog-perro-y-gato.html
Mascotas,MASCOPETS SET DE COLLAR Y CORREA L/XL UN,11.05 USD (x1),11.05 USD (x1),https://www.ribasmith.com/index.php/301284-mascopets-set-de-collar-y-correa-l-xl-un.html
Mascotas,SHAMPOO COCONUT LIME,7.79 USD (x1),7.79 USD (x1),https://www.ribasmith.com/index.php/353417-shampoo-coconut-lime.html
Mascotas,BRAVO SMALL BREEDS,4.21 USD (x1),4.21 USD (x1),https://www.ribasmith.com/index.php/260688-bravo-small-breeds.html
Mascotas,POLSKADOG SNACK DE PESCADO,11.11 USD (x1),11.11 USD (x1),https://www.ribasmith.com/index.php/363309-polskadog-snack-de-pescado.html
Mascotas,SOUTH CANYON CANINE FORM BEEF,4.18 USD (x1),4.18 USD (x1),https://www.ribasmith.com/index.php/266613-south-canyon-canine-form-beef.html
Mascotas,SHAMPOO LAVANDA,7.79 USD (x1),7.79 USD (x1),https://www.ribasmith.com/index.php/353421-shampoo-lavanda.html
Mascotas,PREMIO ENTRENAMIENTO LDK,13.33 USD (x1),13.33 USD (x1),https://www.ribasmith.com/index.php/363313-premio-entrenamiento-ldk.html
Mascotas,CHICKEN AND BROWN RICE RECIPE,19.25 USD (x1),19.25 USD (x1),https://www.ribasmith.com/index.php/346207-chicken-and-brown-rice-recipe.html
Mascotas,JABON DES SKIN PELO BLANCO,4.55 USD (x1),4.55 USD (x1),https://www.ribasmith.com/index.php/350158-jabon-des-skin-pelo-blanco.html
Mascotas,ARENA CATIT NATURAL LAVANDA,16.63 USD (x1),16.63 USD (x1),https://www.ribasmith.com/index.php/361339-arena-catit-natural-lavanda.html
Mascotas,PREMIOS DE SALMON POLKADOG,13.33 USD (x1),13.33 USD (x1),https://www.ribasmith.com/index.php/363317-premios-de-salmon-polkadog.html
Mascotas,BEEF AND BROWN RICE RECIPE,21.35 USD (x1),21.35 USD (x1),https://www.ribasmith.com/index.php/346208-beef-and-brown-rice-recipe.html
Mascotas,CHAMPU AVENA Y MIEL PHARMAPEC,5.96 USD (x1),5.96 USD (x1),https://www.ribasmith.com/index.php/350782-champu-avena-y-miel-pharmapec.html
Mascotas,ARENA DE TOFU PARA GATOS,6.11 USD (x1),6.11 USD (x1),https://www.ribasmith.com/index.php/359151-arena-de-tofu-para-gatos.html
Mascotas,PREMIO DE CANGREJO POLKADOG,13.33 USD (x1),13.33 USD (x1),https://www.ribasmith.com/index.php/363319-premio-de-cangrejo-polkadog.html
Mascotas,CHAMPU PIEL SENSIBLE PHARMAPEC,5.96 USD (x1),5.96 USD (x1),https://www.ribasmith.com/index.php/350783-champu-piel-sensible-pharmapec.html
Mascotas,LAMB AND BROWN RICE RECIPE,23.60 USD (x1),23.60 USD (x1),https://www.ribasmith.com/index.php/346209-lamb-and-brown-rice-recipe.html
Mascotas,AROS DE POLLO Y PROTEINA DBONE,5.20 USD (x1),5.20 USD (x1),https://www.ribasmith.com/index.php/363827-aros-de-pollo-y-proteina-dbone.html
Mascotas,GATI BIENESTAR ADULTO BOLSA,7.75 USD (x1),7.75 USD (x1),https://www.ribasmith.com/index.php/358706-gati-bienestar-adulto-bolsa.html
Mascotas,ARENA CATI NATURAL VAINILLA,16.63 USD (x1),16.63 USD (x1),https://www.ribasmith.com/index.php/361338-arena-cati-natural-vainilla.html
Mascotas,JUGUETE DISPENSADOR DE PREMIOS,16.60 USD (x1),16.60 USD (x1),https://www.ribasmith.com/index.php/362208-juguete-dispensador-de-premios.html
Mascotas,PERROS ADULTOS POLLO Y ARROZ,16.97 USD (x1),16.97 USD (x1),https://www.ribasmith.com/index.php/348170-perros-adultos-pollo-y-arroz.html
Mascotas,CHAMPU ACOND 2 EN 1 PHARMAPEC,5.96 USD (x1),5.96 USD (x1),https://www.ribasmith.com/index.php/350784-champu-acond-2-en-1-pharmapec.html
Mascotas,AROS DE CERDO Y PROTEINA DBONE,5.20 USD (x1),5.20 USD (x1),https://www.ribasmith.com/index.php/363829-aros-de-cerdo-y-proteina-dbone.html
Mascotas,EE CAT COMPLETE NUTRITION,6.56 USD (x1),6.56 USD (x1),https://www.ribasmith.com/index.php/280384-ee-cat-complete-nutrition.html
Mascotas,NOBA ARENA PARA GATOS,4.86 USD (x1),4.86 USD (x1),https://www.ribasmith.com/index.php/357615-noba-arena-para-gatos.html
Mascotas,JUGETE ELEFANTE DISPENSA PREMI,16.60 USD (x1),16.60 USD (x1),https://www.ribasmith.com/index.php/362213-jugete-elefante-dispensa-premi.html
Mascotas,JUGUETE BOLA DOBLE P MASCOTAS,2.23 USD (x1),2.23 USD (x1),https://www.ribasmith.com/index.php/342395-juguete-bola-doble-p-mascotas.html
Mascotas,ALIMENTO DE CORDERO Y ARROZ,16.21 USD (x1),16.21 USD (x1),https://www.ribasmith.com/index.php/348172-alimento-de-cordero-y-arroz.html
Mascotas,GATI ADULTO BIENESTAR BOLSA,31.50 USD (x1),31.50 USD (x1),https://www.ribasmith.com/index.php/358708-gati-adulto-bienestar-bolsa.html
Mascotas,YUMMY BONE BACON FLAVOR,1.23 USD (x1),1.23 USD (x1),https://www.ribasmith.com/index.php/288349-yummy-bone-bacon-flavor.html
Mascotas,MASCOTA ALIMENTO PAVO Y ARROZ,16.97 USD (x1),16.97 USD (x1),https://www.ribasmith.com/index.php/348174-mascota-alimento-pavo-y-arroz.html
Mascotas,ARENA ECOLIGHT NATURAL,5.97 USD (x1),5.97 USD (x1),https://www.ribasmith.com/index.php/356385-arena-ecolight-natural.html
Mascotas,ALIMENT TOW SALMON PARA FELINO,20.83 USD (x1),20.83 USD (x1),https://www.ribasmith.com/index.php/358613-aliment-tow-salmon-para-felino.html
Mascotas,NUTRISOURCE SNACK CON CARNE,6.86 USD (x1),6.86 USD (x1),https://www.ribasmith.com/index.php/359189-nutrisource-snack-con-carne.html
Mascotas,MASCOTA CONTROL PESO POLLO,16.97 USD (x1),16.97 USD (x1),https://www.ribasmith.com/index.php/348173-mascota-control-peso-pollo.html
Mascotas,FELINE GRAIN F TURKEY & SALMO,20.35 USD (x1),20.35 USD (x1),https://www.ribasmith.com/index.php/352606-feline-grain-f-turkey-salmo.html
Mascotas,DR POL NAT PINE PELLET CAT LIT,20.70 USD (x1),20.70 USD (x1),https://www.ribasmith.com/index.php/351297-dr-pol-nat-pine-pellet-cat-lit.html
Mascotas,NUTRISOURCE PIEL Y PELAJE,16.69 USD (x1),16.69 USD (x1),https://www.ribasmith.com/index.php/359192-nutrisource-piel-y-pelaje.html
Mascotas,ROYAL BLUE ORION LED COLLAR LG,22.11 USD (x1),22.11 USD (x1),https://www.ribasmith.com/index.php/331909-royal-blue-orion-led-collar-lg.html
Mascotas,PET TOYS DUCK 25*22 CM,3.20 USD (x1),3.20 USD (x1),https://www.ribasmith.com/index.php/348513-pet-toys-duck-25-22-cm.html
Mascotas,DR POL NAT PINE PELLET CAT LIT,15.67 USD (x1),15.67 USD (x1),https://www.ribasmith.com/index.php/351299-dr-pol-nat-pine-pellet-cat-lit.html
Mascotas,SOLID ORG ORION LED COLLAR MED,21.02 USD (x1),21.02 USD (x1),https://www.ribasmith.com/index.php/331899-solid-org-orion-led-collar-med.html
Mascotas,OVEN BAKED TREATS PEANUT BUTTE,5.15 USD (x1),5.15 USD (x1),https://www.ribasmith.com/index.php/352653-oven-baked-treats-peanut-butte.html
Mascotas,FELIN ORIG CHICKEN & BRN RICE,17.10 USD (x1),17.10 USD (x1),https://www.ribasmith.com/index.php/352605-felin-orig-chicken-brn-rice.html
Mascotas,MASCOTAS SENIOR POLLO ARROZ,15.43 USD (x1),15.43 USD (x1),https://www.ribasmith.com/index.php/348171-mascotas-senior-pollo-arroz.html
Mascotas,GOLDEN ORION LED COLLAR MEDIUM,20.80 USD (x1),20.80 USD (x1),https://www.ribasmith.com/index.php/331904-golden-orion-led-collar-medium.html
Mascotas,ARENA AGLUTINANTE ACTIVE GOLD,12.16 USD (x1),12.16 USD (x1),https://www.ribasmith.com/index.php/337547-arena-aglutinante-active-gold.html
Mascotas,PET ROPE BALL 20 CM,2.20 USD (x1),2.20 USD (x1),https://www.ribasmith.com/index.php/348479-pet-rope-ball-20-cm.html
Mascotas,ALIMENTO DE SALMON PARA GATOS,18.51 USD (x1),18.51 USD (x1),https://www.ribasmith.com/index.php/348175-alimento-de-salmon-para-gatos.html
Mascotas,CHACHORROS GRANDES,14.67 USD (x1),14.67 USD (x1),https://www.ribasmith.com/index.php/348168-chachorros-grandes.html
Mascotas,OVEN BAKED TREATS LAMB BLUEBER,5.15 USD (x1),5.15 USD (x1),https://www.ribasmith.com/index.php/352654-oven-baked-treats-lamb-blueber.html
Mascotas,STERLING STRPE PURPL COLLAR ME,12.54 USD (x1),12.54 USD (x1),https://www.ribasmith.com/index.php/331914-sterling-strpe-purpl-collar-me.html
Mascotas,NUTRISOURCE CROQUETAS CRUJIENT,11.81 USD (x1),11.81 USD (x1),https://www.ribasmith.com/index.php/359191-nutrisource-croquetas-crujient.html
Mascotas,ARENA AGLUTINANTE C FRAGANCIA,10.93 USD (x1),10.93 USD (x1),https://www.ribasmith.com/index.php/337546-arena-aglutinante-c-fragancia.html
Mascotas,PURINA GATO ESTERILIZADO,19.42 USD (x1),19.42 USD (x1),https://www.ribasmith.com/index.php/351406-purina-gato-esterilizado.html
Mascotas,MASCOTA ADULTA ARROZ Y POLLO,15.43 USD (x1),15.43 USD (x1),https://www.ribasmith.com/index.php/348167-mascota-adulta-arroz-y-pollo.html
Mascotas,STERLING STRPE PINK COLLAR LG,13.00 USD (x1),13.00 USD (x1),https://www.ribasmith.com/index.php/331921-sterling-strpe-pink-collar-lg.html
Mascotas,CACHORRO RAZAS PEQUE MEDIANA,16.97 USD (x1),16.97 USD (x1),https://www.ribasmith.com/index.php/348165-cachorro-razas-peque-mediana.html
Mascotas,NUBZ CHICKEN 1CT LARGE,3.10 USD (x1),3.10 USD (x1),https://www.ribasmith.com/index.php/359396-nubz-chicken-1ct-large.html
Mascotas,PET ROPE BALL 30 CM,1.35 USD (x1),1.35 USD (x1),https://www.ribasmith.com/index.php/348484-pet-rope-ball-30-cm.html
Mascotas,ROUND BRAIDED TEAL ROPE LEAD,11.81 USD (x1),11.81 USD (x1),https://www.ribasmith.com/index.php/331933-round-braided-teal-rope-lead.html
Mascotas,ARENA SANICAT NATURA ACTIVA 6L,8.58 USD (x1),8.58 USD (x1),https://www.ribasmith.com/index.php/347403-arena-sanicat-natura-activa-6l.html
Mascotas,ALIMENTO TOW SALMON AHUMADO,19.82 USD (x1),19.82 USD (x1),https://www.ribasmith.com/index.php/347255-alimento-tow-salmon-ahumado.html
Mascotas,NUBZ FLAVOR B BACON&CHEESE LRG,11.95 USD (x1),11.95 USD (x1),https://www.ribasmith.com/index.php/359394-nubz-flavor-b-bacon-cheese-lrg.html
Mascotas,PET ROPE BALL 23*7.5 CM,1.35 USD (x1),1.35 USD (x1),https://www.ribasmith.com/index.php/348485-pet-rope-ball-23-7-5-cm.html
Mascotas,DOGCHOW ADULTO TODO TAMANO,3.11 USD (x1),3.11 USD (x1),https://www.ribasmith.com/index.php/346866-dogchow-adulto-todo-tamano.html
Mascotas,ROUND BRAIDED RED ROPE LEAD,11.81 USD (x1),11.81 USD (x1),https://www.ribasmith.com/index.php/331932-round-braided-red-rope-lead.html
Mascotas,NUBZ FLAVOR B BACON&CHEESE SMA,10.70 USD (x1),10.70 USD (x1),https://www.ribasmith.com/index.php/359392-nubz-flavor-b-bacon-cheese-sma.html
Mascotas,SANICAT ARENA AGLOMERANTE PARA GATOS 7 KG,12.94 USD (x1),12.94 USD (x1),https://www.ribasmith.com/index.php/319381-sanicat-arena-aglomerante-para-gatos-7-kg.html
Mascotas,PET TOYS APPLE 6.5 CM,0.85 USD (x1),0.85 USD (x1),https://www.ribasmith.com/index.php/348491-pet-toys-apple-6-5-cm.html
Mascotas,DOGCHOW CACHORRO TODO TAMANO,3.29 USD (x1),3.29 USD (x1),https://www.ribasmith.com/index.php/346865-dogchow-cachorro-todo-tamano.html
Mascotas,ARENA PARA GATOS LAVANDA,7.69 USD (x1),7.69 USD (x1),https://www.ribasmith.com/index.php/347999-arena-para-gatos-lavanda.html
Mascotas,FREEZED DRIED RAW SALMON,11.35 USD (x1),11.35 USD (x1),https://www.ribasmith.com/index.php/351071-freezed-dried-raw-salmon.html
Mascotas,ROUND BRAIDED PURPLE ROPE LEAD,11.69 USD (x1),11.69 USD (x1),https://www.ribasmith.com/index.php/331934-round-braided-purple-rope-lead.html
Mascotas,PET TOYS MUSHROOM 9*7 CM,0.85 USD (x1),0.85 USD (x1),https://www.ribasmith.com/index.php/348504-pet-toys-mushroom-9-7-cm.html
Mascotas,DOGCHOW ADULTO CORDERO,17.60 USD (x1),17.60 USD (x1),https://www.ribasmith.com/index.php/346864-dogchow-adulto-cordero.html
Mascotas,ROUND BRAIDED PINK ROPE LEAD,11.69 USD (x1),11.69 USD (x1),https://www.ribasmith.com/index.php/331935-round-braided-pink-rope-lead.html
Mascotas,PET TOYS MOUSE 30* 5.5 CM,1.08 USD (x1),1.08 USD (x1),https://www.ribasmith.com/index.php/348505-pet-toys-mouse-30-5-5-cm.html
Mascotas,FREEZED DRIED RAW CHICKEN,11.35 USD (x1),11.35 USD (x1),https://www.ribasmith.com/index.php/351069-freezed-dried-raw-chicken.html
Mascotas,ARENA CANADA LITTER,18.17 USD (x1),18.17 USD (x1),https://www.ribasmith.com/index.php/322998-arena-canada-litter.html
Mascotas,ROUND BRAIDED BROWN ROPE LEAD,11.69 USD (x1),11.69 USD (x1),https://www.ribasmith.com/index.php/331936-round-braided-brown-rope-lead.html
Mascotas,DOGCHOW ADULTO MULTIPROTEINA,17.60 USD (x1),17.60 USD (x1),https://www.ribasmith.com/index.php/346863-dogchow-adulto-multiproteina.html
Mascotas,MILKBONE DOG BISCUITS MEDIUM,7.97 USD (x1),7.97 USD (x1),https://www.ribasmith.com/index.php/358630-milkbone-dog-biscuits-medium.html
Mascotas,PET TOYS STARS 13*14+11 CM,1.95 USD (x1),1.95 USD (x1),https://www.ribasmith.com/index.php/348507-pet-toys-stars-13-14-11-cm.html
Mascotas,CORAZONCITOS PANCHOS KITCHEN,4.28 USD (x1),4.28 USD (x1),https://www.ribasmith.com/index.php/354651-corazoncitos-panchos-kitchen.html
Mascotas,CANADA LITTER ARENA LAVANDA 12 KG,18.17 USD (x1),18.17 USD (x1),https://www.ribasmith.com/index.php/322997-canada-litter-arena-lavanda-12-kg.html
Mascotas,BURGUNDY P STEP-IN HARNESS LG,18.89 USD (x1),18.89 USD (x1),https://www.ribasmith.com/index.php/331954-burgundy-p-step-in-harness-lg.html
Mascotas,METALLIC BELLA BOWL S BLUEBERR,3.40 USD (x1),3.40 USD (x1),https://www.ribasmith.com/index.php/338476-metallic-bella-bowl-s-blueberr.html
Mascotas,MF 20XXL DOG PADS,22.46 USD (x1),22.46 USD (x1),https://www.ribasmith.com/index.php/360971-mf-20xxl-dog-pads.html
Mascotas,DOGCHOW ADULTO ALTO PROTEINA,17.60 USD (x1),17.60 USD (x1),https://www.ribasmith.com/index.php/346861-dogchow-adulto-alto-proteina.html
Mascotas,MILKBONE FLAVOR SNACKS DOG SMA,7.97 USD (x1),7.97 USD (x1),https://www.ribasmith.com/index.php/358633-milkbone-flavor-snacks-dog-sma.html
Mascotas,ALMOHADILLAS DODI MASCTOAS,3.97 USD (x1),3.97 USD (x1),https://www.ribasmith.com/index.php/356059-almohadillas-dodi-masctoas.html
Mascotas,ARENA PARA GATOS NOBA,7.49 USD (x1),7.49 USD (x1),https://www.ribasmith.com/index.php/331768-arena-para-gatos-noba.html
Mascotas,PET TOYS,4.36 USD (x1),4.36 USD (x1),https://www.ribasmith.com/index.php/348510-pet-toys.html
Mascotas,MULTI STRPE STEP-IN HARNESS SM,16.98 USD (x1),16.98 USD (x1),https://www.ribasmith.com/index.php/331949-multi-strpe-step-in-harness-sm.html
Mascotas,FP CABLE FOR PUPPY ORANGE 12FT,11.19 USD (x1),11.19 USD (x1),https://www.ribasmith.com/index.php/327461-fp-cable-for-puppy-orange-12ft.html
Mascotas,ARENA GATO CALMING BREZEE,10.07 USD (x1),10.07 USD (x1),https://www.ribasmith.com/index.php/297388-arena-gato-calming-brezee.html
Misceláneos,TARJETA + MOVIL B 6.00,6.00 USD (x1),6.00 USD (x1),https://www.ribasmith.com/index.php/342038-tarjeta-movil-b-6-00.html
Misceláneos,TARJETAS CELL XPRESS B 5 00,5.00 USD (x1),5.00 USD (x1),https://www.ribasmith.com/index.php/tarjetas-cell-xpress-b-5-0-35719.html
Misceláneos,TARJETA PREPAGO B 3.00,3.00 USD (x1),3.00 USD (x1),https://www.ribasmith.com/index.php/tarjeta-prepago-b-3-132713.html
Misceláneos,TARJETA + MOVIL B 5 00,5.00 USD (x1),5.00 USD (x1),https://www.ribasmith.com/index.php/tarjeta-movil-b-5-0-34146.html
Misceláneos,TARJETA + MOVIL B 2 00,2.00 USD (x1),2.00 USD (x1),https://www.ribasmith.com/index.php/tarjeta-movil-b-2-0-156325.html
Misceláneos,TARJETA + MOVIL B 10 00,10.00 USD (x1),10.00 USD (x1),https://www.ribasmith.com/index.php/tarjeta-movil-b-10-0-34147.html
Misceláneos,TARJETA PREPAGO 6.00 TIGO,6.00 USD (x1),6.00 USD (x1),https://www.ribasmith.com/index.php/339576-tarjeta-prepago-6-00-tigo.html
Misceláneos,LENTES DE SOL,10.53 USD (x1),10.53 USD (x1),https://www.ribasmith.com/index.php/lentes-de-sol-235362.html
Misceláneos,TARJETA + MOVIL B 3 00,3.00 USD (x1),3.00 USD (x1),https://www.ribasmith.com/index.php/tarjeta-movil-b-3-0-156326.html
Misceláneos,CHALECO 2 BOSILLOS LIMA LARGE,4.41 USD (x1),4.41 USD (x1),https://www.ribasmith.com/index.php/313261-chaleco-2-bosillos-lima-large.html
Misceláneos,TARJETA PREPAGO B 10 00,10.00 USD (x1),10.00 USD (x1),https://www.ribasmith.com/index.php/tarjeta-prepago-b-10-0-35720.html
Misceláneos,PANTIES DESCH XL HI CUT,2.24 USD (x1),2.24 USD (x1),https://www.ribasmith.com/index.php/234679-panties-desch-xl-hi-cut.html
Misceláneos,L A EXPRESS FASHION CASUAL,6.03 USD (x1),6.03 USD (x1),https://www.ribasmith.com/index.php/l-a-express-fashion-casual-244329.html
Misceláneos,CALZONCILLOS DESECHABLES,2.30 USD (x1),2.30 USD (x1),https://www.ribasmith.com/index.php/calzoncillos-desechables-234685.html
Misceláneos,PANTIES DESCH MEDIUM HI CUT,2.25 USD (x1),2.25 USD (x1),https://www.ribasmith.com/index.php/panties-desch-medium-hi-cut-234677.html
Misceláneos,PANTIES DESCH LARGE HI CUT,2.26 USD (x1),2.26 USD (x1),https://www.ribasmith.com/index.php/panties-desch-large-hi-cut-234678.html
Misceláneos,PANTIES DESCH 2X LARGE HI CUT,2.24 USD (x1),2.24 USD (x1),https://www.ribasmith.com/index.php/panties-desch-2x-large-hi-cut-234680.html
Misceláneos,PANTIES DESECHABLE BIKINI M,2.26 USD (x1),2.26 USD (x1),https://www.ribasmith.com/index.php/panties-desechable-bikini-m-236871.html
Misceláneos,CALZONCILLOS DESECHABLES,2.26 USD (x1),2.26 USD (x1),https://www.ribasmith.com/index.php/calzoncillos-desechables-234684.html
Misceláneos,PANTIES DESECHABLE BIKINI S,2.30 USD (x1),2.30 USD (x1),https://www.ribasmith.com/index.php/panties-desechable-bikini-s-236868.html
Misceláneos,PANTIES DESECHABLE BIKINI XL,2.26 USD (x1),2.26 USD (x1),https://www.ribasmith.com/index.php/panties-desechable-bikini-xl-236875.html
Misceláneos,SABA BUENAS NOCHES PANTIES GDE,4.89 USD (x1),4.89 USD (x1),https://www.ribasmith.com/index.php/saba-buenas-noches-panties-gde-278933.html
Misceláneos,CALZONCILLOS DESECHABLES,2.32 USD (x1),2.32 USD (x1),https://www.ribasmith.com/index.php/calzoncillos-desechables-234683.html
Misceláneos,PANTIES DESH SMALL HI CUT,2.32 USD (x1),2.32 USD (x1),https://www.ribasmith.com/index.php/panties-desh-small-hi-cut-234676.html
Misceláneos,PANTIES DESECHABLE BIKINI L,2.26 USD (x1),2.26 USD (x1),https://www.ribasmith.com/index.php/panties-desechable-bikini-l-236873.html
Panes y Dulces,CAKE PLANCHA 12 X 8 RIMITH,17.50 USD (x1),17.50 USD (x1),https://www.ribasmith.com/index.php/cake-plancha-12-x-8-rimith-16403.html
Panes y Dulces,CAKE 8 PLG TAPA RIMITH,10.00 USD (x1),10.00 USD (x1),https://www.ribasmith.com/index.php/cake-8-plg-tapa-rimith-16360.html
Panes y Dulces,CAKE 10 PLG REDONDO,14.30 USD (x1),14.30 USD (x1),https://www.ribasmith.com/index.php/cake-10-plg-redondo-16379.html
Panes y Dulces,RED VELVET,12.75 USD (x1),12.75 USD (x1),https://www.ribasmith.com/index.php/red-velvet-274215.html
Panes y Dulces,VAINILLA CELEBRATION,12.75 USD (x1),12.75 USD (x1),https://www.ribasmith.com/index.php/vainilla-celebration-274216.html
Panes y Dulces,CARAMEL SALTED,12.75 USD (x1),12.75 USD (x1),https://www.ribasmith.com/index.php/caramel-salted-274213.html
Panes y Dulces,DULCE DE LECHE,16.00 USD (x1),16.00 USD (x1),https://www.ribasmith.com/index.php/dulce-de-leche.html
Panes y Dulces,CAKE TRIPLE CHOCOLATE,16.00 USD (x1),16.00 USD (x1),https://www.ribasmith.com/index.php/cake-triple-chocolate-277595.html
Panes y Dulces,CAKE TENTACION,16.00 USD (x1),16.00 USD (x1),https://www.ribasmith.com/index.php/cake-tentacion.html
Panes y Dulces,COOKIES CREAM,16.00 USD (x1),16.00 USD (x1),https://www.ribasmith.com/index.php/cookies-cream.html
Panes y Dulces,BLACK & WHITE CAKE,16.00 USD (x1),16.00 USD (x1),https://www.ribasmith.com/index.php/black-white-cake.html
Panes y Dulces,BROWNIE CON DATILES,7.15 USD (x1),7.15 USD (x1),https://www.ribasmith.com/index.php/brownie-con-datiles-147381.html
Panes y Dulces,CAKE AMARILLO,2.75 USD (x1),2.75 USD (x1),https://www.ribasmith.com/index.php/cake-amarillo-16350.html
Panes y Dulces,CAKE BALBOA,2.30 USD (x1),2.30 USD (x1),https://www.ribasmith.com/index.php/cake-balboa-16450.html
Panes y Dulces,RUM CAKE MINI,1.25 USD (x1),1.25 USD (x1),https://www.ribasmith.com/index.php/rum-cake-mini-218213.html
Panes y Dulces,CAKE DE FRUTAS,2.45 USD (x1),2.45 USD (x1),https://www.ribasmith.com/index.php/cake-de-frutas-16492.html
Panes y Dulces,CAKE FRUTA NORMAL S,1.30 USD (x1),1.30 USD (x1),https://www.ribasmith.com/index.php/cake-fruta-normal-s-16493.html
Panes y Dulces,VOLTEADO DE PIÑA,3.85 USD (x1),3.85 USD (x1),https://www.ribasmith.com/index.php/volteado-de-pina-16710.html
Panes y Dulces,CAKE DE GUINEO,2.60 USD (x1),2.60 USD (x1),https://www.ribasmith.com/index.php/cake-de-guineo-16528.html
Panes y Dulces,CAKE DE CHOCOLATE,3.20 USD (x1),3.20 USD (x1),https://www.ribasmith.com/index.php/cake-de-chocolate-16476.html
Panes y Dulces,CAKE CHOCOLATE SUELTO,0.75 USD (x1),0.75 USD (x1),https://www.ribasmith.com/index.php/cake-chocolate-suelto-16477.html
Panes y Dulces,CUP CAKE,1.72 USD (x1),1.72 USD (x1),https://www.ribasmith.com/index.php/cup-cake-16562.html
Panes y Dulces,CUP CAKE ESCOLAR,1.00 USD (x1),1.00 USD (x1),https://www.ribasmith.com/index.php/cup-cake-escolar-16565.html
Panes y Dulces,CUP CAKE INDIVIDUAL,0.70 USD (x1),0.70 USD (x1),https://www.ribasmith.com/index.php/cup-cake-individual-150908.html
Panes y Dulces,MINI CUPCAKE DE MANJAR 12UN,5.00 USD (x1),5.00 USD (x1),https://www.ribasmith.com/index.php/mini-cupcake-de-manjar-12un-244312.html
Panes y Dulces,MUFFINS CHOCOLATE CHIP,5.25 USD (x1),5.25 USD (x1),https://www.ribasmith.com/index.php/muffins-chocolate-chip-107141.html
Panes y Dulces,MUFFIN DE CHOCO CHIPS 4 UN,3.15 USD (x1),3.15 USD (x1),https://www.ribasmith.com/index.php/muffin-de-choco-chips-4-un-249390.html
Panes y Dulces,MUFFIN DE CHOCO CHIPS 2 UN,1.65 USD (x1),1.65 USD (x1),https://www.ribasmith.com/index.php/muffin-de-choco-chips-2-un-249389.html
Panes y Dulces,MUFFINS CHOCOLATE CHIP,1.95 USD (x1),1.95 USD (x1),https://www.ribasmith.com/index.php/muffins-chocolate-chip-107140.html
Panes y Dulces,MUFFIN DE CHOCO CHIPS 1 UN,1.00 USD (x1),1.00 USD (x1),https://www.ribasmith.com/index.php/muffin-de-choco-chips-1-un-249388.html
Panes y Dulces,MUFFINS DOBLE CHOCOLATE,1.95 USD (x1),1.95 USD (x1),https://www.ribasmith.com/index.php/muffins-doble-chocolate-107045.html
Panes y Dulces,MUFFINS DOBLE CHOCOLATE,5.25 USD (x1),5.25 USD (x1),https://www.ribasmith.com/index.php/muffins-doble-chocolate-107049.html
Panes y Dulces,MUFFINS CANELA Y PASITAS,5.25 USD (x1),5.25 USD (x1),https://www.ribasmith.com/index.php/muffins-canela-y-pasitas-140559.html
Panes y Dulces,MUFFINS CANELA Y PASITAS,1.95 USD (x1),1.95 USD (x1),https://www.ribasmith.com/index.php/muffins-canela-y-pasitas-140558.html
Panes y Dulces,MUFFINS DE BLUEBERRY,5.25 USD (x1),5.25 USD (x1),https://www.ribasmith.com/index.php/muffins-de-blueberry-107046.html
Panes y Dulces,MUFFINS BLUEBERRY,1.95 USD (x1),1.95 USD (x1),https://www.ribasmith.com/index.php/muffins-blueberry-107042.html
Panes y Dulces,MUFFINS DE GUINEO,5.25 USD (x1),5.25 USD (x1),https://www.ribasmith.com/index.php/muffins-de-guineo-107048.html
Panes y Dulces,MUFFINS DE GUINEO,1.95 USD (x1),1.95 USD (x1),https://www.ribasmith.com/index.php/muffins-de-guineo-107044.html
Panes y Dulces,DANES PASAS S,0.95 USD (x1),0.95 USD (x1),https://www.ribasmith.com/index.php/danes-pasas-s-16576.html
Panes y Dulces,DANES RELLENO S,1.10 USD (x1),1.10 USD (x1),https://www.ribasmith.com/index.php/danes-relleno-s-16582.html
Panes y Dulces,DANES PASAS PEGADITOS,1.18 USD (x1),1.18 USD (x1),https://www.ribasmith.com/index.php/danes-pasas-pegaditos-16579.html
Panes y Dulces,DONUT,2.20 USD (x1),2.20 USD (x1),https://www.ribasmith.com/index.php/donut-16589.html
Panes y Dulces,DONUT S,0.70 USD (x1),0.70 USD (x1),https://www.ribasmith.com/index.php/donut-s-16602.html
Panes y Dulces,MINI DONUTS RELL MANJAR,3.75 USD (x1),3.75 USD (x1),https://www.ribasmith.com/index.php/mini-donuts-rell-manjar-64756.html
Panes y Dulces,GALLETA BISCOTTI CHOCOLATE UN,9.28 USD (x1),9.28 USD (x1),https://www.ribasmith.com/index.php/257558-galleta-biscotti-chocolate-un.html
Panes y Dulces,GALLETA BISCOTTI AVENA,8.28 USD (x1),8.28 USD (x1),https://www.ribasmith.com/index.php/257551-galleta-biscotti-avena.html
Panes y Dulces,GALLETA BISCOTTI DE ALMENDRA,7.33 USD (x1),7.33 USD (x1),https://www.ribasmith.com/index.php/257552-galleta-biscotti-de-almendra.html
Panes y Dulces,GALLETA BISCOTTI INTEGRAL,7.18 USD (x1),7.18 USD (x1),https://www.ribasmith.com/index.php/257556-galleta-biscotti-integral.html
Panes y Dulces,GALLETA MANTEQUILLA PIÑA,1.90 USD (x1),1.90 USD (x1),https://www.ribasmith.com/index.php/galleta-mantequilla-pina-16641.html
Panes y Dulces,GALLETA DE MANTECADO,2.25 USD (x1),2.25 USD (x1),https://www.ribasmith.com/index.php/galleta-de-mantecado-16638.html
Panes y Dulces,GALLETA MULTICEREAL,1.80 USD (x1),1.80 USD (x1),https://www.ribasmith.com/index.php/galleta-multicereal-125787.html
Panes y Dulces,GALLETA MANTEQUILLA FRESA,1.90 USD (x1),1.90 USD (x1),https://www.ribasmith.com/index.php/galleta-mantequilla-fresa-240481.html
Panes y Dulces,GALLETON CHOCO CRUNCH,0.95 USD (x1),0.95 USD (x1),https://www.ribasmith.com/index.php/galleton-choco-crunch-119841.html
Panes y Dulces,GALLETON DE AVENA,0.90 USD (x1),0.90 USD (x1),https://www.ribasmith.com/index.php/galleton-de-avena-114943.html
Panes y Dulces,GALLETA DE ESPECIAS,3.58 USD (x1),3.58 USD (x1),https://www.ribasmith.com/index.php/257550-galleta-de-especias.html
Panes y Dulces,GALLETA SHORT BREAD SENCILLA,4.63 USD (x1),4.63 USD (x1),https://www.ribasmith.com/index.php/257549-galleta-short-bread-sencilla.html
Panes y Dulces,GALLETON CHOCO NUECES,0.80 USD (x1),0.80 USD (x1),https://www.ribasmith.com/index.php/galleton-choco-nueces.html
Panes y Dulces,GALLETA DE COCO UN,3.83 USD (x1),3.83 USD (x1),https://www.ribasmith.com/index.php/257545-galleta-de-coco-un.html
Panes y Dulces,GALLETA BUTTER STAR UN,3.78 USD (x1),3.78 USD (x1),https://www.ribasmith.com/index.php/257538-galleta-butter-star-un.html
Panes y Dulces,GALLETA DE CHOCOLATE UN,4.10 USD (x1),4.10 USD (x1),https://www.ribasmith.com/index.php/257560-galleta-de-chocolate-un.html
Panes y Dulces,GALLETA TWIST CON CRANBERRY,5.63 USD (x1),5.63 USD (x1),https://www.ribasmith.com/index.php/257559-galleta-twist-con-cranberry.html
Panes y Dulces,GALLETA DE MANTEQUILLA FAMILIA,3.93 USD (x1),3.93 USD (x1),https://www.ribasmith.com/index.php/266039-galleta-de-mantequilla-familia.html
Panes y Dulces,GALLETA DE ALMENDRA UN,9.23 USD (x1),9.23 USD (x1),https://www.ribasmith.com/index.php/257555-galleta-de-almendra-un.html
Panes y Dulces,GALLETON DE ALMENDRA,0.80 USD (x1),0.80 USD (x1),https://www.ribasmith.com/index.php/galleton-de-almendra-119843.html
Panes y Dulces,GALLETON DE COCO,0.60 USD (x1),0.60 USD (x1),https://www.ribasmith.com/index.php/galleton-de-coco.html
Panes y Dulces,GALLETA GINGER FAMILIAR 6PK,2.15 USD (x1),2.15 USD (x1),https://www.ribasmith.com/index.php/266037-galleta-ginger-familiar-6pk.html
Panes y Dulces,GALLETA DE PASITAS,4.03 USD (x1),4.03 USD (x1),https://www.ribasmith.com/index.php/257546-galleta-de-pasitas.html
Panes y Dulces,GALLETON DE FRUTAS,0.65 USD (x1),0.65 USD (x1),https://www.ribasmith.com/index.php/galleton-de-frutas.html
Panes y Dulces,GALLETA DE CHOCO NUEZ UN,6.88 USD (x1),6.88 USD (x1),https://www.ribasmith.com/index.php/257557-galleta-de-choco-nuez-un.html
Panes y Dulces,GALLETA DE MANTEQUILLA UN,4.38 USD (x1),4.38 USD (x1),https://www.ribasmith.com/index.php/257540-galleta-de-mantequilla-un.html
Panes y Dulces,GALLETA WHOLE WHEAT CHOCO,6.68 USD (x1),6.68 USD (x1),https://www.ribasmith.com/index.php/257553-galleta-whole-wheat-choco.html
Panes y Dulces,GALLETON DE MANTEQUILLA,0.70 USD (x1),0.70 USD (x1),https://www.ribasmith.com/index.php/galleton-de-mantequilla.html
Panes y Dulces,GALLETA DE LECHE UN,3.88 USD (x1),3.88 USD (x1),https://www.ribasmith.com/index.php/257543-galleta-de-leche-un.html
Panes y Dulces,GALLETA DE FRUTAS FAMILIAR 6PK,3.65 USD (x1),3.65 USD (x1),https://www.ribasmith.com/index.php/266044-galleta-de-frutas-familiar-6pk.html
Panes y Dulces,GALLETA DE FRUTA UN,4.63 USD (x1),4.63 USD (x1),https://www.ribasmith.com/index.php/257544-galleta-de-fruta-un.html
Panes y Dulces,GALLETA MINI BUTTER UN,5.38 USD (x1),5.38 USD (x1),https://www.ribasmith.com/index.php/257542-galleta-mini-butter-un.html
Panes y Dulces,GALLETA CHOCOLATE CRUNCH,8.33 USD (x1),8.33 USD (x1),https://www.ribasmith.com/index.php/257548-galleta-chocolate-crunch.html
Panes y Dulces,GALLETA GINGER SNAPS UN,3.18 USD (x1),3.18 USD (x1),https://www.ribasmith.com/index.php/257539-galleta-ginger-snaps-un.html
Panes y Dulces,GALLETA DE AVENA FAMILIAR 6PK,7.15 USD (x1),7.15 USD (x1),https://www.ribasmith.com/index.php/266043-galleta-de-avena-familiar-6pk.html
Panes y Dulces,GALLETA COCO STAR UN,3.33 USD (x1),3.33 USD (x1),https://www.ribasmith.com/index.php/257547-galleta-coco-star-un.html
Panes y Dulces,GALLETA DE AVENA UN,5.98 USD (x1),5.98 USD (x1),https://www.ribasmith.com/index.php/257541-galleta-de-avena-un.html
Panes y Dulces,GALLETON DE GINGER SNAPS,0.60 USD (x1),0.60 USD (x1),https://www.ribasmith.com/index.php/galleton-de-ginger-snaps.html
Panes y Dulces,GALLETA GINGER SNAPS TRIO,0.65 USD (x1),0.65 USD (x1),https://www.ribasmith.com/index.php/galleta-ginger-snaps-trio.html
Panes y Dulces,TRIO DE COCO 3 UND,0.70 USD (x1),0.70 USD (x1),https://www.ribasmith.com/index.php/trio-de-coco-3-und.html
Panes y Dulces,MANTECADO,0.55 USD (x1),0.55 USD (x1),https://www.ribasmith.com/index.php/mantecado-16640.html
Panes y Dulces,TRIO DE FRUTAS 3 UND,0.90 USD (x1),0.90 USD (x1),https://www.ribasmith.com/index.php/trio-de-frutas-3-und.html
Panes y Dulces,TRIO DE ESPECIES 3 UND,0.65 USD (x1),0.65 USD (x1),https://www.ribasmith.com/index.php/trio-de-especies-3-und.html
Panes y Dulces,GALLETA DE AVENA,0.65 USD (x1),0.65 USD (x1),https://www.ribasmith.com/index.php/galleta-de-avena.html
Panes y Dulces,GALLETA DE ALMENDRA CHICA,0.60 USD (x1),0.60 USD (x1),https://www.ribasmith.com/index.php/galleta-de-almendra-chica.html
Panes y Dulces,TRIO DE MANTEQUILLA 3 UND,0.90 USD (x1),0.90 USD (x1),https://www.ribasmith.com/index.php/trio-de-mantequilla-3-und.html
Panes y Dulces,TRIO DE SHORTBREAD 3 UND,0.80 USD (x1),0.80 USD (x1),https://www.ribasmith.com/index.php/trio-de-shortbread-3-und.html
Panes y Dulces,OREJITAS MINI EMPACADAS 10UN,1.95 USD (x1),1.95 USD (x1),https://www.ribasmith.com/index.php/280222-orejitas-mini-empacadas-10un.html
Panes y Dulces,OREJAS,1.63 USD (x1),1.63 USD (x1),https://www.ribasmith.com/index.php/orejas-16648.html
Panes y Dulces,PAN CANELA,1.95 USD (x1),1.95 USD (x1),https://www.ribasmith.com/index.php/pan-canela-16653.html
Panes y Dulces,PIONONO CON MANJAR,3.95 USD (x1),3.95 USD (x1),https://www.ribasmith.com/index.php/pionono-con-manjar-133945.html
Panes y Dulces,PIONONO S,1.10 USD (x1),1.10 USD (x1),https://www.ribasmith.com/index.php/pionono-s-16679.html
Panes y Dulces,EE COLOR CUP CONE 18C,2.80 USD (x1),2.80 USD (x1),https://www.ribasmith.com/index.php/ee-color-cup-cone-18c-287191.html
Panes y Dulces,PAN HAMBURG BRIOCHE C/S 4UN,2.32 USD (x1),2.32 USD (x1),https://www.ribasmith.com/index.php/364523-pan-hamburg-brioche-c-s-4un.html
Panes y Dulces,PAN MULTIGRANOS MASA MADRE REB,9.90 USD (x1),9.90 USD (x1),https://www.ribasmith.com/index.php/350175-pan-multigranos-masa-madre-reb.html
Panes y Dulces,PAN CHOC Y PISTACHO MASA MADRE,13.05 USD (x1),13.05 USD (x1),https://www.ribasmith.com/index.php/364609-pan-choc-y-pistacho-masa-madre.html
Panes y Dulces,PAN SAN FRANCIS MASA MADRE REB,6.90 USD (x1),6.90 USD (x1),https://www.ribasmith.com/index.php/350174-pan-san-francis-masa-madre-reb.html
Panes y Dulces,PAN CIRUELA PASA-PANADERI REB,10.75 USD (x1),10.75 USD (x1),https://www.ribasmith.com/index.php/363026-pan-ciruela-pasa-panaderi-reb.html
Panes y Dulces,PAN DE CURCUMA C MASA MADRE RE,12.55 USD (x1),12.55 USD (x1),https://www.ribasmith.com/index.php/362892-pan-de-curcuma-c-masa-madre-re.html
Panes y Dulces,PAN AROMAS CAMPO MASA MADR REB,9.99 USD (x1),9.99 USD (x1),https://www.ribasmith.com/index.php/350176-pan-aromas-campo-masa-madr-reb.html
Panes y Dulces,PAN DE SARRACENO MASA MADR REB,11.50 USD (x1),11.50 USD (x1),https://www.ribasmith.com/index.php/358823-pan-de-sarraceno-masa-madr-reb.html
Panes y Dulces,PAN MOLDE MASA MADRE REBANADO,5.99 USD (x1),5.99 USD (x1),https://www.ribasmith.com/index.php/359567-pan-molde-masa-madre-rebanado.html
Panes y Dulces,CAPPELLOS BAGUETTES,11.25 USD (x1),11.25 USD (x1),https://www.ribasmith.com/index.php/364199-cappellos-baguettes.html
Panes y Dulces,CAPPELLOS FOCACCIA OLIVE OIL,11.35 USD (x1),11.35 USD (x1),https://www.ribasmith.com/index.php/364197-cappellos-focaccia-olive-oil.html
Panes y Dulces,PAN BOLITA CON HUEVO 6UN,1.25 USD (x1),1.25 USD (x1),https://www.ribasmith.com/index.php/364416-pan-bolita-con-huevo-6un.html
Panes y Dulces,PAN CAMPESINO CHICO,2.50 USD (x1),2.50 USD (x1),https://www.ribasmith.com/index.php/364415-pan-campesino-chico.html
Panes y Dulces,PAN HAMBURGUESA BRIOCHE 4UN,1.70 USD (x1),1.70 USD (x1),https://www.ribasmith.com/index.php/356099-pan-hamburguesa-brioche-4un.html
Panes y Dulces,PEPPERIDGE FARM GARLIC BREAD,3.25 USD (x1),3.25 USD (x1),https://www.ribasmith.com/index.php/3497-pepperidge-farm-garlic-bread.html
Panes y Dulces,ST PIERRE BRIOCHE HOT DOG ROLL,6.04 USD (x1),6.04 USD (x1),https://www.ribasmith.com/index.php/358787-st-pierre-brioche-hot-dog-roll.html
Panes y Dulces,COLES GARLIC MINI LOAF,3.36 USD (x1),3.36 USD (x1),https://www.ribasmith.com/index.php/353123-coles-garlic-mini-loaf.html
Panes y Dulces,TOUFAYAN PANINI BREAD BAKERIES,3.75 USD (x1),3.75 USD (x1),https://www.ribasmith.com/index.php/360361-toufayan-panini-bread-bakeries.html
Panes y Dulces,ST PIERRE BRIOCHE PRETZEL ROLL,7.30 USD (x1),7.30 USD (x1),https://www.ribasmith.com/index.php/358790-st-pierre-brioche-pretzel-roll.html
Panes y Dulces,ST PIERRE BRIOCHE BURGER BUNS,4.62 USD (x1),4.62 USD (x1),https://www.ribasmith.com/index.php/358793-st-pierre-brioche-burger-buns.html
Panes y Dulces,ST PIERRE BRIOCHE CNNAMON TWST,4.97 USD (x1),4.97 USD (x1),https://www.ribasmith.com/index.php/358786-st-pierre-brioche-cnnamon-twst.html
Panes y Dulces,ST PIERRE BRIOCHE LOAF,7.38 USD (x1),7.38 USD (x1),https://www.ribasmith.com/index.php/358789-st-pierre-brioche-loaf.html
Panes y Dulces,PANECILLO BUN 6 UN,1.00 USD (x1),1.00 USD (x1),https://www.ribasmith.com/index.php/356021-panecillo-bun-6-un.html
Panes y Dulces,ALVARADO BUNS BURGER,8.20 USD (x1),8.20 USD (x1),https://www.ribasmith.com/index.php/322248-alvarado-buns-burger.html
Panes y Dulces,MARTINS SANDWICH POTATO ROLLS,5.37 USD (x1),5.37 USD (x1),https://www.ribasmith.com/index.php/332301-martins-sandwich-potato-rolls.html
Panes y Dulces,MARTINS POTATO ROLLS LONG,5.63 USD (x1),5.63 USD (x1),https://www.ribasmith.com/index.php/332299-martins-potato-rolls-long.html
Panes y Dulces,BUNUELOS MR BONO,4.86 USD (x1),4.86 USD (x1),https://www.ribasmith.com/index.php/354120-bunuelos-mr-bono.html
Panes y Dulces,TIO SOL PAN DE BONO,16.79 USD (x1),16.79 USD (x1),https://www.ribasmith.com/index.php/354662-tio-sol-pan-de-bono.html
Panes y Dulces,PULLMAN ESPECIAL MEDIANO,1.35 USD (x1),1.35 USD (x1),https://www.ribasmith.com/index.php/137495-pullman-especial-mediano.html
Panes y Dulces,PIPOTITOS TIPICOS 8 UN,1.35 USD (x1),1.35 USD (x1),https://www.ribasmith.com/index.php/351594-pipotitos-tipicos-8-un.html
Panes y Dulces,PAN MASA MADRE SAN FRANCIS REB,2.45 USD (x1),2.45 USD (x1),https://www.ribasmith.com/index.php/352323-pan-masa-madre-san-francis-reb.html
Panes y Dulces,TOUFAYAN AUTHENTIC LAVASH,4.75 USD (x1),4.75 USD (x1),https://www.ribasmith.com/index.php/351159-toufayan-authentic-lavash.html
Panes y Dulces,PAN MASA MADRE MULTIGRANOS REB,3.65 USD (x1),3.65 USD (x1),https://www.ribasmith.com/index.php/352324-pan-masa-madre-multigranos-reb.html
Panes y Dulces,KINGS HWN SOFT PRETZEL BITES,8.95 USD (x1),8.95 USD (x1),https://www.ribasmith.com/index.php/350290-kings-hwn-soft-pretzel-bites.html
Panes y Dulces,KINGS HAWAIIAN PRETZL SLDER BU,5.25 USD (x1),5.25 USD (x1),https://www.ribasmith.com/index.php/351047-kings-hawaiian-pretzl-slder-bu.html
Panes y Dulces,PAN MOÑA DE HUEVO MINI,1.35 USD (x1),1.35 USD (x1),https://www.ribasmith.com/index.php/351596-pan-mo-a-de-huevo-mini.html
Panes y Dulces,PAN MASA MADRE AROMAS CAMP REB,3.65 USD (x1),3.65 USD (x1),https://www.ribasmith.com/index.php/352325-pan-masa-madre-aromas-camp-reb.html
Panes y Dulces,PAN DE LECHE MEDIANO,1.95 USD (x1),1.95 USD (x1),https://www.ribasmith.com/index.php/351595-pan-de-leche-mediano.html
Panes y Dulces,PAN MINI QUESO SUIZO EMP 10UN,7.40 USD (x1),7.40 USD (x1),https://www.ribasmith.com/index.php/pan-mini-queso-suizo-emp-10un-269814.html
Panes y Dulces,PAN SUNFLOWER SEEDS (girasol),2.86 USD (x1),2.86 USD (x1),https://www.ribasmith.com/index.php/pan-sunflower-seeds-girasol-24930.html
Panes y Dulces,PAN WHOLE RYE (CENTENO),2.86 USD (x1),2.86 USD (x1),https://www.ribasmith.com/index.php/pan-whole-rye-centeno-24937.html
Panes y Dulces,PAN THREE GRAIN BREAD 500GR,2.85 USD (x1),2.85 USD (x1),https://www.ribasmith.com/index.php/pan-three-grain-bread-500gr-24997.html
Panes y Dulces,PAN HAMBURGUESA GRANDE S/S 12U,4.05 USD (x1),4.05 USD (x1),https://www.ribasmith.com/index.php/59917-pan-hamburguesa-grande-s-s-12u.html
Panes y Dulces,PIPOTITOS T TIPICO,1.95 USD (x1),1.95 USD (x1),https://www.ribasmith.com/index.php/59921-pipotitos-t-tipico.html
Panes y Dulces,PAN BIOLOGICO INTEGRAL,2.85 USD (x1),2.85 USD (x1),https://www.ribasmith.com/index.php/pan-biologico-integral-154796.html
Panes y Dulces,PAN NEGRO DE WESTFALIA PUMP,2.67 USD (x1),2.67 USD (x1),https://www.ribasmith.com/index.php/pan-negro-de-westfalia-pump-154797.html
Panes y Dulces,PULLMAN MOLDE CLASICO,1.50 USD (x1),1.50 USD (x1),https://www.ribasmith.com/index.php/pullman-molde-clasico-254535.html
Panes y Dulces,LENDER EGG BAGELS,3.95 USD (x1),3.95 USD (x1),https://www.ribasmith.com/index.php/lender-egg-bagels-13629.html
Panes y Dulces,BAYS ENGLISH MUFFIN ORIGINAL,5.14 USD (x1),5.14 USD (x1),https://www.ribasmith.com/index.php/bays-english-muffin-original-47188.html
Panes y Dulces,PLAIN PITA WHITE BRD TOUFY,2.45 USD (x1),2.45 USD (x1),https://www.ribasmith.com/index.php/plain-pita-white-brd-toufy-125265.html
Panes y Dulces,CAKE DE GUINEO,0.70 USD (x1),0.70 USD (x1),https://www.ribasmith.com/index.php/16774-cake-de-guineo.html
Panes y Dulces,WHOLE WHEAT PITA BRT TOUFY,2.45 USD (x1),2.45 USD (x1),https://www.ribasmith.com/index.php/whole-wheat-pita-brt-toufy-125267.html
Panes y Dulces,MAMALLENA INDIVIDUAL,0.75 USD (x1),0.75 USD (x1),https://www.ribasmith.com/index.php/323312-mamallena-individual.html
Productos de Maíz,CHURROS AREQUIPE,10.04 USD (x1),10.04 USD (x1),https://www.ribasmith.com/index.php/342424-churros-arequipe.html
Productos de Maíz,CREPES ORIGINALES PBRETON,7.24 USD (x1),7.24 USD (x1),https://www.ribasmith.com/index.php/339890-crepes-originales-pbreton.html
Productos de Maíz,CHURRO MANIA CRYSPY,6.10 USD (x1),6.10 USD (x1),https://www.ribasmith.com/index.php/331645-churro-mania-cryspy.html
Productos de Maíz,TACOS OLD EL PASO BAJO CALORIA,5.03 USD (x1),5.03 USD (x1),https://www.ribasmith.com/index.php/359904-tacos-old-el-paso-bajo-caloria.html
Productos de Maíz,TORTILLAS HARINA TRIG INTEG12U,2.25 USD (x1),2.25 USD (x1),https://www.ribasmith.com/index.php/356098-tortillas-harina-trig-integ12u.html
Productos de Maíz,LA REAL BURRITO,3.50 USD (x1),3.50 USD (x1),https://www.ribasmith.com/index.php/48380-la-real-burrito.html
Productos de Maíz,LA REAL FAJITAS WHOLE WHEAT,3.88 USD (x1),3.88 USD (x1),https://www.ribasmith.com/index.php/352017-la-real-fajitas-whole-wheat.html
Productos de Maíz,MISSION CHALUPAS,3.75 USD (x1),3.75 USD (x1),https://www.ribasmith.com/index.php/351796-mission-chalupas.html
Productos de Maíz,HARD SOFT TACO DINNER 12 UN,8.05 USD (x1),8.05 USD (x1),https://www.ribasmith.com/index.php/hard-soft-taco-dinner-12-un-167165.html
Productos de Maíz,MINI TORTILLAS DE HARINA,4.61 USD (x1),4.61 USD (x1),https://www.ribasmith.com/index.php/mini-tortillas-de-harina-267755.html
Productos de Maíz,TORTILLAS JALAPENO PICANTES,5.01 USD (x1),5.01 USD (x1),https://www.ribasmith.com/index.php/364722-tortillas-jalapeno-picantes.html
Productos de Maíz,PROTEIN NACHO TACO SHELLS,5.85 USD (x1),5.85 USD (x1),https://www.ribasmith.com/index.php/364044-protein-nacho-taco-shells.html
Productos de Maíz,PROTEIN TACO SHELLS,5.85 USD (x1),5.85 USD (x1),https://www.ribasmith.com/index.php/364043-protein-taco-shells.html
Productos de Maíz,LA REAL TACO TUESDAY YELLOW CO,5.49 USD (x1),5.49 USD (x1),https://www.ribasmith.com/index.php/362217-la-real-taco-tuesday-yellow-co.html
Productos de Maíz,TORTILLA ASADA QUESO AMARI 6UN,3.90 USD (x1),3.90 USD (x1),https://www.ribasmith.com/index.php/361350-tortilla-asada-queso-amari-6un.html
Productos de Maíz,WRAP SUN DRIED TOMATO,3.28 USD (x1),3.28 USD (x1),https://www.ribasmith.com/index.php/wrap-sun-dried-tomato-139247.html
Productos de Maíz,MISSION WHITE CORN TORTILLAS,4.24 USD (x1),4.24 USD (x1),https://www.ribasmith.com/index.php/357861-mission-white-corn-tortillas.html
Productos de Maíz,GARLIC PESTO WRAPS 10 OZ,3.29 USD (x1),3.29 USD (x1),https://www.ribasmith.com/index.php/garlic-pesto-wraps-10-oz-125266.html
Productos de Maíz,TORTILLAS DE MAIZ TIPICA 12U C,0.95 USD (x1),0.95 USD (x1),https://www.ribasmith.com/index.php/289501-tortillas-de-maiz-tipica-12u-c.html
Productos de Maíz,WHOLE WHEAT WRAPS 10 OZ,3.29 USD (x1),3.29 USD (x1),https://www.ribasmith.com/index.php/whole-wheat-wraps-10-oz-106276.html
Productos de Maíz,TORTILLAS DE MAIZ TIPICA 10U G,1.00 USD (x1),1.00 USD (x1),https://www.ribasmith.com/index.php/289499-tortillas-de-maiz-tipica-10u-g.html
Productos de Maíz,WHITE PLAIN WRAP 10 OZ,3.29 USD (x1),3.29 USD (x1),https://www.ribasmith.com/index.php/white-plain-wrap-10-oz-106274.html
Productos de Maíz,TORTITA MAIZ NUEVO Q BLANCO,3.12 USD (x1),3.12 USD (x1),https://www.ribasmith.com/index.php/tortita-maiz-nuevo-q-blanco-247549.html
Productos de Maíz,FLOUR TORTILLA 20 OZ,3.49 USD (x1),3.49 USD (x1),https://www.ribasmith.com/index.php/flour-tortilla-20-oz-48381.html
Productos de Maíz,TORTILLA DE MAIZ NUEVO,2.90 USD (x1),2.90 USD (x1),https://www.ribasmith.com/index.php/745100033782-tortilla-de-maiz-nuevo.html
Productos de Maíz,ALMND FLOUR TORTILLAS EVRYTHNG,7.95 USD (x1),7.95 USD (x1),https://www.ribasmith.com/index.php/360079-almnd-flour-tortillas-evrythng.html
Productos de Maíz,TORTILLA ASADA CON QUESO,3.21 USD (x1),3.21 USD (x1),https://www.ribasmith.com/index.php/tortilla-asada-con-queso-112861.html
Productos de Maíz,AREPAS MAIZ CON CHIA 8UN,3.70 USD (x1),3.70 USD (x1),https://www.ribasmith.com/index.php/361348-arepas-maiz-con-chia-8un.html
Productos de Maíz,ALMND FLOUR TORTILLAS SEA SALT,7.95 USD (x1),7.95 USD (x1),https://www.ribasmith.com/index.php/360080-almnd-flour-tortillas-sea-salt.html
Productos de Maíz,TORTILLAS D HARINA INTEGRAL,2.48 USD (x1),2.48 USD (x1),https://www.ribasmith.com/index.php/tortillas-d-harina-integral-4481.html
Productos de Maíz,EGGLIFE WHITE WRAPS CINNAMON,8.50 USD (x1),8.50 USD (x1),https://www.ribasmith.com/index.php/360742-egglife-white-wraps-cinnamon.html
Productos de Maíz,TORTILLAS GRANDES CONGELADAS,1.45 USD (x1),1.45 USD (x1),https://www.ribasmith.com/index.php/76361-tortillas-grandes-congeladas.html
Productos de Maíz,AREPA DE QUINOA 6 UND,6.75 USD (x1),6.75 USD (x1),https://www.ribasmith.com/index.php/359300-arepa-de-quinoa-6-und.html
Productos de Maíz,MINI AREPA ARROZ INT C LINAZ12,3.50 USD (x1),3.50 USD (x1),https://www.ribasmith.com/index.php/359303-mini-arepa-arroz-int-c-linaz12.html
Productos de Maíz,TORTILLAS DE HARINA,2.48 USD (x1),2.48 USD (x1),https://www.ribasmith.com/index.php/tortillas-de-harina-4479.html
Productos de Maíz,EGGLIFE BAGEL EGG WHITE WRAPS,8.50 USD (x1),8.50 USD (x1),https://www.ribasmith.com/index.php/360738-egglife-bagel-egg-white-wraps.html
Productos de Maíz,TORTILLAS CHICA CONGELADAS,0.96 USD (x1),0.96 USD (x1),https://www.ribasmith.com/index.php/76360-tortillas-chica-congeladas.html
Productos de Maíz,AREPA D ARROZ INTG C LINAZA 6U,6.50 USD (x1),6.50 USD (x1),https://www.ribasmith.com/index.php/359302-arepa-d-arroz-intg-c-linaza-6u.html
Productos de Maíz,EMPANADAS LA DORADITA 6UN,3.75 USD (x1),3.75 USD (x1),https://www.ribasmith.com/index.php/354765-empanadas-la-doradita-6un.html
Productos de Maíz,EGGLIFE ORIG EGG WHITE WRAPS,8.50 USD (x1),8.50 USD (x1),https://www.ribasmith.com/index.php/309581-egglife-orig-egg-white-wraps.html
Productos de Maíz,TORTILLAS CHICAS 10 UN,0.96 USD (x1),0.96 USD (x1),https://www.ribasmith.com/index.php/9222-tortillas-chicas-10-un.html
Productos de Maíz,TORTILLA DE HARINA DE TRIGO OR,2.25 USD (x1),2.25 USD (x1),https://www.ribasmith.com/index.php/tortilla-de-harina-de-trigo-or-277850.html
Productos de Maíz,OEP TACO BOATS TORTILLA,6.23 USD (x1),6.23 USD (x1),https://www.ribasmith.com/index.php/oep-taco-boats-tortilla-247651.html
Productos de Maíz,MINI AREPA DE QUINOA 12 UND,3.75 USD (x1),3.75 USD (x1),https://www.ribasmith.com/index.php/359301-mini-arepa-de-quinoa-12-und.html
Productos de Maíz,TORTILLAS GRANDES 10 UN,1.45 USD (x1),1.45 USD (x1),https://www.ribasmith.com/index.php/9221-tortillas-grandes-10-un.html
Productos de Maíz,MISSION SPINACH HERB GLUTEN FR,6.35 USD (x1),6.35 USD (x1),https://www.ribasmith.com/index.php/351803-mission-spinach-herb-gluten-fr.html
Productos de Maíz,RIMITH EMPANADA QUESO BLANCO 432 GR,6.85 USD (x1),6.85 USD (x1),https://www.ribasmith.com/index.php/298165-emp-gour-prehorn-queso-blco-4u.html
Productos de Maíz,MEXICAN TORTILLAS 24OZ,2.85 USD (x1),2.85 USD (x1),https://www.ribasmith.com/index.php/mexican-tortillas-24oz.html
Productos de Maíz,AREPA DE MAIZ FIBRA Y CHIA,3.40 USD (x1),3.40 USD (x1),https://www.ribasmith.com/index.php/283776-arepa-de-maiz-fibra-y-chia.html
Productos de Maíz,TORTILLAS DE MAIZ,2.13 USD (x1),2.13 USD (x1),https://www.ribasmith.com/index.php/tortillas-de-maiz-4480.html
Productos de Maíz,LA REAL CACHAPA AREPA,3.49 USD (x1),3.49 USD (x1),https://www.ribasmith.com/index.php/352014-la-real-cachapa-arepa.html
Productos de Maíz,OLD EL PASO TOASTADA SHELL,4.45 USD (x1),4.45 USD (x1),https://www.ribasmith.com/index.php/285643-old-el-paso-toastada-shell.html
Productos de Maíz,AREPITAS DE CHOCLO SWEET CORN,3.29 USD (x1),3.29 USD (x1),https://www.ribasmith.com/index.php/352015-arepitas-de-choclo-sweet-corn.html
Productos de Maíz,ORIGINAL WRAPS G F TOUFAYAN,5.95 USD (x1),5.95 USD (x1),https://www.ribasmith.com/index.php/original-wraps-g-f-toufayan-216792.html
Productos de Maíz,LA REAL AREPAS YUCA CON QUESO,3.75 USD (x1),3.75 USD (x1),https://www.ribasmith.com/index.php/362932-la-real-arepas-yuca-con-queso.html
Productos de Maíz,SPINACH WRAP GLUTEN FREE,5.95 USD (x1),5.95 USD (x1),https://www.ribasmith.com/index.php/spinach-wrap-gluten-free-216789.html
Productos de Maíz,EMPANADAS DE POLLO,3.87 USD (x1),3.87 USD (x1),https://www.ribasmith.com/index.php/empanadas-de-pollo-29641.html
Productos de Maíz,OEPASO TACO DINNER KIT 12X8.8,7.32 USD (x1),7.32 USD (x1),https://www.ribasmith.com/index.php/oepaso-taco-dinner-kit-12x8-8-167164.html
Productos de Maíz,LA REAL AREPAS CON QUESO,3.36 USD (x1),3.36 USD (x1),https://www.ribasmith.com/index.php/196738-la-real-arepas-con-queso.html
Productos de Maíz,AREPA ORIGINAL MINI,2.20 USD (x1),2.45 USD (x1),https://www.ribasmith.com/index.php/arepa-original-mini-296001.html
Productos de Maíz,SIETE TACO GRAIN FREE,6.95 USD (x1),6.95 USD (x1),https://www.ribasmith.com/index.php/348419-siete-taco-grain-free.html
Productos de Maíz,AREPA DE YUCA CON QUESO,5.99 USD (x1),5.99 USD (x1),https://www.ribasmith.com/index.php/354489-arepa-de-yuca-con-queso.html
Productos de Maíz,EMPANADAS DE CARNE,3.87 USD (x1),3.87 USD (x1),https://www.ribasmith.com/index.php/empanadas-de-carne-29640.html
Productos de Maíz,OLD EL PASO TACO SHELL NACHO,6.60 USD (x1),6.60 USD (x1),https://www.ribasmith.com/index.php/old-el-paso-taco-shell-nacho-282520-1.html
Productos de Maíz,AREPA ORIGINAL MEDIANA,2.15 USD (x1),2.15 USD (x1),https://www.ribasmith.com/index.php/arepa-original-mediana-295999.html
Productos de Maíz,MISION 8IN 0NET CARB SOFT TACO,7.05 USD (x1),7.05 USD (x1),https://www.ribasmith.com/index.php/347654-mision-8in-0net-carb-soft-taco.html
Productos de Maíz,TORTILA ASADA CON QUESO,3.82 USD (x1),3.82 USD (x1),https://www.ribasmith.com/index.php/tortila-asada-con-queso-128618.html
Productos de Maíz,AREPA DE AHUYAMA QUESO,6.34 USD (x1),6.34 USD (x1),https://www.ribasmith.com/index.php/354491-arepa-de-ahuyama-queso.html
Productos de Maíz,EMPANADAS DE QUESO,3.87 USD (x1),3.87 USD (x1),https://www.ribasmith.com/index.php/empanadas-de-queso-29639.html
Productos de Maíz,TORTILLAS SALA,2.31 USD (x1),2.31 USD (x1),https://www.ribasmith.com/index.php/tortillas-sala-109985.html
Productos de Maíz,MISSION SWEET POTATO,6.56 USD (x1),6.56 USD (x1),https://www.ribasmith.com/index.php/344555-mission-sweet-potato.html
Productos de Maíz,PACK MINI JOY,5.61 USD (x1),5.61 USD (x1),https://www.ribasmith.com/index.php/354490-pack-mini-joy.html
Productos de Maíz,AREPITAS SNACK BITES,3.01 USD (x1),3.01 USD (x1),https://www.ribasmith.com/index.php/282316-arepitas-snack-bites.html
Productos de Maíz,TORTILLAS CON QUESO,2.64 USD (x1),2.64 USD (x1),https://www.ribasmith.com/index.php/tortillas-con-queso-109984.html
Productos de Maíz,OLD EL PASO FLOUR TORTILLA,3.40 USD (x1),3.40 USD (x1),https://www.ribasmith.com/index.php/80662-old-el-paso-flour-tortilla-precios-especiales.html
Productos de Maíz,AREPAS EXTRA DELGADA,3.77 USD (x1),3.77 USD (x1),https://www.ribasmith.com/index.php/282315-arepas-extra-delgada.html
Productos de Maíz,ZERO NET CARB CHIPOTLE STREET,5.98 USD (x1),5.98 USD (x1),https://www.ribasmith.com/index.php/342765-zero-net-carb-chipotle-street.html
Productos de Maíz,TQM MINI AREPA DE YUCA C QUESO,19.32 USD (x1),19.32 USD (x1),https://www.ribasmith.com/index.php/354132-tqm-mini-arepa-de-yuca-c-queso.html
Productos de Maíz,TORTILLAS ASADAS PEQ NAT,2.91 USD (x1),2.91 USD (x1),https://www.ribasmith.com/index.php/tortillas-asadas-peq-nat-82764.html
Productos de Maíz,ZERO NET CARB STREET TACO,5.98 USD (x1),5.98 USD (x1),https://www.ribasmith.com/index.php/342764-zero-net-carb-street-taco.html
Productos de Maíz,AVANTI 12 DISCOS PARA EMPANADA,3.20 USD (x1),3.20 USD (x1),https://www.ribasmith.com/index.php/355267-avanti-12-discos-para-empanada.html
Productos de Maíz,AREPA CASERAS,3.89 USD (x1),3.89 USD (x1),https://www.ribasmith.com/index.php/arepa-caseras-224429.html
Productos de Maíz,EMPANADA QUESO CREMA,0.75 USD (x1),0.75 USD (x1),https://www.ribasmith.com/index.php/16623-empanada-queso-crema.html
Productos de Maíz,AREPITAS DE YUCA CON QUESO,3.75 USD (x1),3.75 USD (x1),https://www.ribasmith.com/index.php/352016-arepitas-de-yuca-con-queso.html
Productos de Maíz,OLD EL PASO FAJITA DINNER,7.09 USD (x1),7.09 USD (x1),https://www.ribasmith.com/index.php/old-el-paso-fajita-dinner-13732.html
Productos de Maíz,EMPANADA DE CARNE CHILENA GOUR,1.80 USD (x1),1.80 USD (x1),https://www.ribasmith.com/index.php/empanada-de-carne-chilena-gour-246575.html
Productos de Maíz,AREPA CON QUESO MINI 16 UN,4.25 USD (x1),4.75 USD (x1),https://www.ribasmith.com/index.php/295998-arepa-con-queso-mini-16-un.html
Productos de Maíz,LA REAL AREPAS DE CHOCOLO,3.36 USD (x1),3.36 USD (x1),https://www.ribasmith.com/index.php/la-real-arepas-de-chocolo.html
Productos de Maíz,AVANTI MINI DISCOS PARA EMPANA,3.40 USD (x1),3.40 USD (x1),https://www.ribasmith.com/index.php/354718-avanti-mini-discos-para-empana.html
Productos de Maíz,MISSION ZERO CARB TOMATO BASIL,5.98 USD (x1),5.98 USD (x1),https://www.ribasmith.com/index.php/342763-mission-zero-carb-tomato-basil.html
Productos de Maíz,OEPASO SOFT TACO DINNER 14 OZ,6.34 USD (x1),6.34 USD (x1),https://www.ribasmith.com/index.php/oepaso-soft-taco-dinner-14-oz-13700.html
Productos de Maíz,AVANTI 2 MASAS HOJALDRADAS,3.07 USD (x1),3.07 USD (x1),https://www.ribasmith.com/index.php/354719-avanti-2-masas-hojaldradas.html
Productos de Maíz,AREPA CON QUESO MEDIANA 5 UN,3.70 USD (x1),3.70 USD (x1),https://www.ribasmith.com/index.php/295997-arepa-con-queso-mediana-5-un.html
Productos de Maíz,EMAPANADAS DE POLLO AL CURRY G,1.80 USD (x1),1.80 USD (x1),https://www.ribasmith.com/index.php/emapanadas-de-pollo-al-curry-g-246574.html
Productos de Maíz,"MISSION 4.5"" ZERO NET CARB STR",5.98 USD (x1),5.98 USD (x1),https://www.ribasmith.com/index.php/342762-mission-4-5-zero-net-carb-str.html
Productos de Maíz,AREPAS DE CHOCOLO,3.91 USD (x1),3.91 USD (x1),https://www.ribasmith.com/index.php/arepas-de-chocolo-70291.html
Productos de Maíz,OLD EL PASO 8 FLOUR TORTILLAS,3.77 USD (x1),3.77 USD (x1),https://www.ribasmith.com/index.php/13606-old-el-paso-8-flour-tortillas-precios-especiales.html
Productos de Maíz,EMPANADA DE POLLO GOURMET,1.80 USD (x1),1.80 USD (x1),https://www.ribasmith.com/index.php/empanada-de-pollo-gourmet-246573.html
Productos de Maíz,MISSION FLOUR FAJITA WHOLE WHE,4.24 USD (x1),4.24 USD (x1),https://www.ribasmith.com/index.php/342758-mission-flour-fajita-whole-whe.html
Productos de Maíz,BOLLOS DE MAIZ,1.80 USD (x1),1.80 USD (x1),https://www.ribasmith.com/index.php/363897-bollos-de-maiz.html
Productos de Maíz,AREPA RELLENA CON QUESO 5 UN,3.75 USD (x1),3.75 USD (x1),https://www.ribasmith.com/index.php/295996-arepa-rellena-con-queso-5-un.html
Productos de Maíz,AVANTI 10 DISCOS PARA EMPANADA,3.45 USD (x1),3.45 USD (x1),https://www.ribasmith.com/index.php/354720-avanti-10-discos-para-empanada.html
Productos de Maíz,AREPAS ASADAS NATURAL,2.53 USD (x1),2.53 USD (x1),https://www.ribasmith.com/index.php/arepas-asadas-natural-67216.html
Productos de Maíz,EMP HARINA Q BLANCO MED 6UN,4.10 USD (x1),4.10 USD (x1),https://www.ribasmith.com/index.php/emp-harina-q-blanco-med-6un-285928.html
Productos de Maíz,TORTILLAS WRAPS ESPINACA 12,3.88 USD (x1),3.88 USD (x1),https://www.ribasmith.com/index.php/tortillas-wraps-espinaca-12-247944.html
Productos de Maíz,EMPANADA DE QUESO TOMATE ALBAH,1.80 USD (x1),1.80 USD (x1),https://www.ribasmith.com/index.php/empanada-de-queso-tomate-albah-245112.html
Productos de Maíz,AREPA CHOCOLO RELLENO D QUESO,6.90 USD (x1),6.90 USD (x1),https://www.ribasmith.com/index.php/250271-arepa-chocolo-relleno-d-queso.html
Productos de Maíz,TORTILLAS WRAPS REMOLACHA 12,3.79 USD (x1),3.79 USD (x1),https://www.ribasmith.com/index.php/tortillas-wraps-remolacha-12-247943.html
Productos de Maíz,AREPAS SENCILLAS ANTIOQUENITA,2.42 USD (x1),2.42 USD (x1),https://www.ribasmith.com/index.php/arepas-sencillas-antioquenita-24868.html
Productos de Maíz,LA SALTEÑA HOJALDRAS,4.99 USD (x1),4.99 USD (x1),https://www.ribasmith.com/index.php/225967-la-salte-a-hojaldras.html
Productos de Maíz,"TORTILLA,BURRITO SIZE",14.11 USD (x1),14.11 USD (x1),https://www.ribasmith.com/index.php/320178-tortilla-burrito-size.html
Productos de Maíz,EMP.QUESO AMARILLO P/ASAR 12UN,9.85 USD (x1),9.85 USD (x1),https://www.ribasmith.com/index.php/emp-queso-amarillo-p-asar-12un-289911.html
Productos de Maíz,BOLLO DE MAIZ COCO Y MIEL CAÑA,2.16 USD (x1),2.16 USD (x1),https://www.ribasmith.com/index.php/299596-bollo-de-maiz-coco-y-miel-ca-a.html
Productos de Maíz,EMPANADA DE QUESO BLANCO,1.80 USD (x1),1.80 USD (x1),https://www.ribasmith.com/index.php/empanada-de-queso-blanco-245110.html
Productos de Maíz,AREPAS ASADAS CON QUESO,3.18 USD (x1),3.18 USD (x1),https://www.ribasmith.com/index.php/arepas-asadas-con-queso-67215.html
Productos de Maíz,WANTON PARA RELLENO,3.83 USD (x1),3.83 USD (x1),https://www.ribasmith.com/index.php/294067-wanton-para-relleno.html
Productos de Maíz,AREPAS DE YUCA ORIGINAL 8UN,2.80 USD (x1),2.80 USD (x1),https://www.ribasmith.com/index.php/348708-arepas-de-yuca-original-8un.html
Productos de Maíz,BOLLO DE MAIZ CON MANTEQUILLA,2.00 USD (x1),2.00 USD (x1),https://www.ribasmith.com/index.php/242731-bollo-de-maiz-con-mantequilla.html
Productos de Maíz,TORTILLAS WRAPS TOMATE 12,3.90 USD (x1),3.90 USD (x1),https://www.ribasmith.com/index.php/tortillas-wraps-tomate-12-247942.html
Productos de Maíz,TOUFAYAN KETO WRAPS 8.9 OZ,4.53 USD (x1),4.53 USD (x1),https://www.ribasmith.com/index.php/318969-toufayan-keto-wraps-8-9-oz.html
Productos de Maíz,TORTILLAS WRAPS INTEGRAL 12,3.14 USD (x1),3.14 USD (x1),https://www.ribasmith.com/index.php/tortillas-wraps-integral-12-247941.html
Productos de Maíz,EMPANADA DE QUESO Y HONGOS,1.80 USD (x1),1.80 USD (x1),https://www.ribasmith.com/index.php/empanada-de-queso-y-hongos-245108.html
Productos de Maíz,TUMAROS WHITE,5.27 USD (x1),5.27 USD (x1),https://www.ribasmith.com/index.php/300188-tumaros-white.html
Productos de Maíz,PASTAS ORIENTAL MASA PARA DUMPLING 454 GR,3.17 USD (x1),3.17 USD (x1),https://www.ribasmith.com/index.php/313763-pastas-oriental-masa-para-dumpling-454-gr.html
Productos de Maíz,AREPA CON QUESO,3.26 USD (x1),3.26 USD (x1),https://www.ribasmith.com/index.php/arepa-con-queso-66098.html
Productos de Maíz,LA REAL AREPAS XL,3.43 USD (x1),3.43 USD (x1),https://www.ribasmith.com/index.php/335107-la-real-arepas-xl.html
Productos de Maíz,BOLLO DE MAIZ CON QUESO,2.55 USD (x1),2.55 USD (x1),https://www.ribasmith.com/index.php/242730-bollo-de-maiz-con-queso.html
Productos de Maíz,TUMARON MULTI GRAIN,5.27 USD (x1),5.27 USD (x1),https://www.ribasmith.com/index.php/300187-tumaron-multi-grain.html
Productos de Maíz,AREPAS CON QUESO ANTIOQUENITA,3.12 USD (x1),3.12 USD (x1),https://www.ribasmith.com/index.php/arepas-con-queso-antioquenita-24867.html
Productos de Maíz,ANILLOS DE MAIZ MEDIANOS,11.33 USD (x1),11.33 USD (x1),https://www.ribasmith.com/index.php/anillos-de-maiz-medianos.html
Productos de Maíz,EMPANADA DE QUESO Y ESPINACAS,1.80 USD (x1),1.80 USD (x1),https://www.ribasmith.com/index.php/empanada-de-queso-y-espinacas-245106.html
Productos de Maíz,BOLLO DE MAIZ NUEVO,2.99 USD (x1),2.99 USD (x1),https://www.ribasmith.com/index.php/bollo-de-maiz-nuevo-225323.html
Productos de Maíz,TORTILLAS WRAPS ORIGINAL 12,3.12 USD (x1),3.12 USD (x1),https://www.ribasmith.com/index.php/tortillas-wraps-original-12-247940.html
Productos de Maíz,HOJALDRES PRE FRITAS 4UN,2.50 USD (x1),2.50 USD (x1),https://www.ribasmith.com/index.php/272033-hojaldres-pre-fritas-4un.html
Productos de Maíz,ANILLOS DE MAIZ CHICOS,3.90 USD (x1),3.90 USD (x1),https://www.ribasmith.com/index.php/anillos-de-maiz-chicos.html
Productos de Maíz,TACO SHELLS WHITE CORN 12 UN,5.13 USD (x1),5.13 USD (x1),https://www.ribasmith.com/index.php/taco-shells-white-corn-12-un-145596.html
Productos de Maíz,EMPANADA DE RES MEXICANO,1.80 USD (x1),1.80 USD (x1),https://www.ribasmith.com/index.php/empanada-de-res-mexicano-245105.html
Productos de Maíz,CARIMANOLAS CARNE MED 10UN,3.14 USD (x1),3.14 USD (x1),https://www.ribasmith.com/index.php/221898-carimanolas-carne-med-10un.html
Productos de Maíz,TORTILLAS DE HARINA ENCHILADA,2.81 USD (x1),2.81 USD (x1),https://www.ribasmith.com/index.php/tortillas-de-harina-enchilada-162362.html
Productos de Maíz,AREPAS MAIZ NUEVO Q MOZARE 5UN,4.45 USD (x1),4.95 USD (x1),https://www.ribasmith.com/index.php/331549-arepas-maiz-nuevo-q-mozare-5un.html
Productos de Maíz,BOLLO CON QUESO,2.72 USD (x1),2.72 USD (x1),https://www.ribasmith.com/index.php/bollo-con-queso-175272.html
Productos de Maíz,TUMARON GARDEN VEGGIE,5.27 USD (x1),5.27 USD (x1),https://www.ribasmith.com/index.php/300186-tumaron-garden-veggie.html
Productos de Maíz,EMPANADA DE POLLO Y ACEITUNAS,1.80 USD (x1),1.80 USD (x1),https://www.ribasmith.com/index.php/empanada-de-pollo-y-aceitunas-245104.html
Productos de Maíz,PICADA TIPICA,3.19 USD (x1),3.19 USD (x1),https://www.ribasmith.com/index.php/picada-tipica-165975.html
Productos de Maíz,TUMAROS ANCIENT GRAIN,5.75 USD (x1),5.75 USD (x1),https://www.ribasmith.com/index.php/300185-tumaros-ancient-grain.html
Productos de Maíz,TORTILLAS DE HARINA INTEGRAL,2.96 USD (x1),2.96 USD (x1),https://www.ribasmith.com/index.php/tortillas-de-harina-integral-143113.html
Productos de Maíz,RIMITH AREPAS YUCA RELL QUESO DULC UN,4.80 USD (x1),4.80 USD (x1),https://www.ribasmith.com/index.php/303944-rimith-arepas-yuca-rell-queso-dulc-un.html
Productos de Maíz,LA SALTENA HOJALDRAS,8.40 USD (x1),8.40 USD (x1),https://www.ribasmith.com/index.php/la-saltena-hojaldras-224518.html
Productos de Maíz,ANILLO DE MAIZ NUEVO,7.40 USD (x1),7.40 USD (x1),https://www.ribasmith.com/index.php/303732-anillo-de-maiz-nuevo.html
Productos de Maíz,STANDN STUFF TACO SHELLS 10 UN,4.11 USD (x1),4.11 USD (x1),https://www.ribasmith.com/index.php/standn-stuff-taco-shells-10-un-145595.html
Snacks,GLUTINO CLUTEN FREE CRACKERS,5.25 USD (x1),5.25 USD (x1),https://www.ribasmith.com/index.php/204984-glutino-cluten-free-crackers.html
Snacks,COOKIE CHOCOLATE CREME,7.60 USD (x1),7.60 USD (x1),https://www.ribasmith.com/index.php/360372-cookie-chocolate-creme.html
Snacks,CHOCOLATE CHIP COOKIES,5.00 USD (x1),5.00 USD (x1),https://www.ribasmith.com/index.php/357832-chocolate-chip-cookies.html
Snacks,COOKIES MINI CHOC CHIP,1.50 USD (x1),1.50 USD (x1),https://www.ribasmith.com/index.php/360370-cookies-mini-choc-chip.html
Snacks,ANIMAL CRACKERS MAGICAL,7.60 USD (x1),7.60 USD (x1),https://www.ribasmith.com/index.php/360362-animal-crackers-magical.html
Snacks,OREO ZERO SUGAR COOKIES,8.60 USD (x1),8.60 USD (x1),https://www.ribasmith.com/index.php/360132-oreo-zero-sugar-cookies.html
Snacks,SMORES SNDWCH CREAM,7.60 USD (x1),7.60 USD (x1),https://www.ribasmith.com/index.php/360363-smores-sndwch-cream.html
Snacks,COOKIES CHOC DOUBLE STUFFED,7.60 USD (x1),7.60 USD (x1),https://www.ribasmith.com/index.php/360371-cookies-choc-double-stuffed.html
Snacks,COOKIES MINT CHOCOLATE,7.60 USD (x1),7.60 USD (x1),https://www.ribasmith.com/index.php/360373-cookies-mint-chocolate.html
Snacks,VICENZOVO LADY FINGER GF LF,4.80 USD (x1),4.80 USD (x1),https://www.ribasmith.com/index.php/357823-vicenzovo-lady-finger-gf-lf.html
Snacks,GRISBI SHORT CHOCOLATE CREAM,5.45 USD (x1),5.45 USD (x1),https://www.ribasmith.com/index.php/357824-grisbi-short-chocolate-cream.html
Snacks,OREO SUGAR FREE DOUBLE STUFFED,8.75 USD (x1),8.75 USD (x1),https://www.ribasmith.com/index.php/358104-oreo-sugar-free-double-stuffed.html
Snacks,LEMON DROP COOKIE BAG,3.35 USD (x1),4.75 USD (x1),https://www.ribasmith.com/index.php/353001-lemon-drop-cookie-bag.html
Snacks,CHOCOLATE CHIP COOKIE BAG,3.25 USD (x1),4.75 USD (x1),https://www.ribasmith.com/index.php/352999-chocolate-chip-cookie-bag.html
Snacks,GINGER SNAP COOKIE BAG,4.75 USD (x1),4.75 USD (x1),https://www.ribasmith.com/index.php/353002-ginger-snap-cookie-bag.html
Snacks,BIRTHDAY CAKE COOKIE BAG,4.75 USD (x1),4.75 USD (x1),https://www.ribasmith.com/index.php/353000-birthday-cake-cookie-bag.html
Snacks,GALLETAS BIO AVENA GULLON,4.18 USD (x1),4.18 USD (x1),https://www.ribasmith.com/index.php/354456-galletas-bio-avena-gullon.html
Snacks,GALLETA MARIA BIO 350 GR,4.38 USD (x1),4.38 USD (x1),https://www.ribasmith.com/index.php/147808-galleta-maria-bio-350-gr.html
Snacks,GLUTEN FREE CHOC CR SB COOKIES,7.75 USD (x1),7.75 USD (x1),https://www.ribasmith.com/index.php/352011-gluten-free-choc-cr-sb-cookies.html
Snacks,GLUTEN FREE CLASSIC SB COOKIES,7.75 USD (x1),7.75 USD (x1),https://www.ribasmith.com/index.php/352010-gluten-free-classic-sb-cookies.html
Snacks,COOKIE MEX WEDD SIETE,10.67 USD (x1),10.67 USD (x1),https://www.ribasmith.com/index.php/355513-cookie-mex-wedd-siete.html
Snacks,COOKIES CHOCOLATE CHIP,10.67 USD (x1),10.67 USD (x1),https://www.ribasmith.com/index.php/355511-cookies-chocolate-chip.html
Snacks,GALLETA SHRTBREAD SIN GLUTEN,6.13 USD (x1),6.13 USD (x1),https://www.ribasmith.com/index.php/336948-galleta-shrtbread-sin-gluten.html
Snacks,ORG SOFT COOKIES SNICKERDOODLE,4.50 USD (x1),4.50 USD (x1),https://www.ribasmith.com/index.php/330923-org-soft-cookies-snickerdoodle.html
Snacks,CHOCO KINDER T12 SUPER HEROE,2.06 USD (x1),2.06 USD (x1),https://www.ribasmith.com/index.php/362085-choco-kinder-t12-super-heroe.html
Snacks,KINDER CHOCOLATE T4,2.10 USD (x1),2.10 USD (x1),https://www.ribasmith.com/index.php/206455-kinder-chocolate-t4.html
Snacks,CHOCO TORRAS ZERO OSCURO95,6.63 USD (x1),6.63 USD (x1),https://www.ribasmith.com/index.php/363835-choco-torras-zero-oscuro95.html
Snacks,CHOCO KINDER SORPRESA FWC,2.03 USD (x1),2.03 USD (x1),https://www.ribasmith.com/index.php/363073-choco-kinder-sorpresa-fwc.html
Snacks,CHOCOLATE SAL MARINA CARAMELO,4.23 USD (x1),4.23 USD (x1),https://www.ribasmith.com/index.php/364055-chocolate-sal-marina-caramelo.html
Snacks,CHOCOLATE CON CAFE 57,4.23 USD (x1),4.23 USD (x1),https://www.ribasmith.com/index.php/364057-chocolate-con-cafe-57.html
Snacks,CHOCO TORRAS CACAO ARANDANOS,6.76 USD (x1),6.76 USD (x1),https://www.ribasmith.com/index.php/363838-choco-torras-cacao-arandanos.html
Snacks,CHOCOLATE NIB 57 CRUNCH,4.23 USD (x1),4.23 USD (x1),https://www.ribasmith.com/index.php/364059-chocolate-nib-57-crunch.html
Snacks,CHOCO TORRAS ZERO 72 ALMENDRA,6.59 USD (x1),6.59 USD (x1),https://www.ribasmith.com/index.php/363836-choco-torras-zero-72-almendra.html
Snacks,CHOCO TORRAS BLANCO Y BAYAS,4.74 USD (x1),4.74 USD (x1),https://www.ribasmith.com/index.php/363807-choco-torras-blanco-y-bayas.html
Snacks,CHOCOLATE BARK,4.50 USD (x1),4.50 USD (x1),https://www.ribasmith.com/index.php/359305-chocolate-bark.html
Snacks,CHOCOLATE 70 CACAO ORO MORENO,4.93 USD (x1),4.93 USD (x1),https://www.ribasmith.com/index.php/363413-chocolate-70-cacao-oro-moreno.html
Snacks,CHOCOLATE 80 CACAO ORO MORENO,4.93 USD (x1),4.93 USD (x1),https://www.ribasmith.com/index.php/363414-chocolate-80-cacao-oro-moreno.html
Snacks,LINDT PISTACHIO MILKCHOCOLATE,7.75 USD (x1),7.75 USD (x1),https://www.ribasmith.com/index.php/361472-lindt-pistachio-milkchocolate.html
Snacks,CHOCO NOVI BARRA LATTE,4.36 USD (x1),4.36 USD (x1),https://www.ribasmith.com/index.php/362039-choco-novi-barra-latte.html
Snacks,CHOCO BARRA FONDENTENERO NOVI,4.36 USD (x1),4.36 USD (x1),https://www.ribasmith.com/index.php/362038-choco-barra-fondentenero-novi.html
Snacks,CHOCO NOVI NARANJA,5.14 USD (x1),5.14 USD (x1),https://www.ribasmith.com/index.php/362037-choco-novi-naranja.html
Snacks,CHOCOLATE DEVON DIGESTIVO,0.44 USD (x1),0.44 USD (x1),https://www.ribasmith.com/index.php/363133-chocolate-devon-digestivo.html
Snacks,CHOCO BARRA FONDENTE NOVI,5.67 USD (x1),5.67 USD (x1),https://www.ribasmith.com/index.php/362040-choco-barra-fondente-novi.html
Snacks,CHOC GEMS MILK CHOCOLATE,7.88 USD (x1),7.88 USD (x1),https://www.ribasmith.com/index.php/360829-choc-gems-milk-chocolate.html
Snacks,CHOCO FERRERO R T12,8.91 USD (x1),8.91 USD (x1),https://www.ribasmith.com/index.php/361470-choco-ferrero-r-t12.html
Snacks,BARRA77% CHOCOLAT GEISHA HONEY,8.57 USD (x1),8.57 USD (x1),https://www.ribasmith.com/index.php/361033-barra77-chocolat-geisha-honey.html
Snacks,BARRA 83% CHOCOLATE OSCURO,4.29 USD (x1),4.29 USD (x1),https://www.ribasmith.com/index.php/361034-barra-83-chocolate-oscuro.html
Snacks,BARR70% CHOCOLAT AJI CHOMB LIM,5.00 USD (x1),5.00 USD (x1),https://www.ribasmith.com/index.php/361035-barr70-chocolat-aji-chomb-lim.html
Snacks,BONBON HAZELNUT BIO MAA,12.90 USD (x1),12.90 USD (x1),https://www.ribasmith.com/index.php/358398-bonbon-hazelnut-bio-maa.html
Snacks,CAROLRE HOTCHSE CURLS,4.65 USD (x1),4.65 USD (x1),https://www.ribasmith.com/index.php/362025-carolre-hotchse-curls.html
Snacks,LTJULY PS TORT CHIPS ORG SEA,4.65 USD (x1),6.60 USD (x1),https://www.ribasmith.com/index.php/362152-ltjuly-ps-tort-chips-org-sea.html
Snacks,JALAPEÑO POPPERS SNACK,4.65 USD (x1),4.65 USD (x1),https://www.ribasmith.com/index.php/362029-jalape-o-poppers-snack.html
Snacks,BUTTER BAR ALMOND MAAMA ORG,2.45 USD (x1),2.45 USD (x1),https://www.ribasmith.com/index.php/358401-butter-bar-almond-maama-org.html
Snacks,BUTBAR HAZELNUT BIO MAAMA,2.45 USD (x1),2.45 USD (x1),https://www.ribasmith.com/index.php/358402-butbar-hazelnut-bio-maama.html
Snacks,HONEY CHEESE CURLS SNAKS,4.65 USD (x1),4.65 USD (x1),https://www.ribasmith.com/index.php/362023-honey-cheese-curls-snaks.html
Snacks,AVOCADO OIL TORTILLA CHIP SEA,7.25 USD (x1),7.25 USD (x1),https://www.ribasmith.com/index.php/359835-avocado-oil-tortilla-chip-sea.html
Snacks,TAB HZL BIO RAW MAA,3.20 USD (x1),3.20 USD (x1),https://www.ribasmith.com/index.php/358396-tab-hzl-bio-raw-maa.html
Snacks,HOT'N HONEY CHEESE CURLS,4.65 USD (x1),4.65 USD (x1),https://www.ribasmith.com/index.php/362030-hot-n-honey-cheese-curls.html
Snacks,TORTILLA CHIP LEMON SEA SALT,7.25 USD (x1),7.25 USD (x1),https://www.ribasmith.com/index.php/359837-tortilla-chip-lemon-sea-salt.html
Snacks,ORG CRUNCHY CHEEZMOS COWBOY CH,6.25 USD (x1),6.25 USD (x1),https://www.ribasmith.com/index.php/359843-org-crunchy-cheezmos-cowboy-ch.html
Snacks,AVOCADO OIL TORTILLA BLUE CORN,7.35 USD (x1),7.35 USD (x1),https://www.ribasmith.com/index.php/359836-avocado-oil-tortilla-blue-corn.html
Snacks,TAB 100% BIO RAW MAA,3.40 USD (x1),3.40 USD (x1),https://www.ribasmith.com/index.php/358394-tab-100-bio-raw-maa.html
Snacks,CHEESE BALLS SPICY,3.95 USD (x1),3.95 USD (x1),https://www.ribasmith.com/index.php/360628-cheese-balls-spicy.html
Snacks,KOREAN SWEET SPICY PROTEIN CHI,3.40 USD (x1),3.40 USD (x1),https://www.ribasmith.com/index.php/364082-korean-sweet-spicy-protein-chi.html
Snacks,SNACK DORITOS SWAP,1.67 USD (x1),1.67 USD (x1),https://www.ribasmith.com/index.php/351628-snack-doritos-swap.html
Snacks,BUTCUP PISTACHIO BIO MAA,2.80 USD (x1),2.80 USD (x1),https://www.ribasmith.com/index.php/358400-butcup-pistachio-bio-maa.html
Snacks,LTJULY US TORTCHP ORG BLUE COR,4.25 USD (x1),5.90 USD (x1),https://www.ribasmith.com/index.php/362154-ltjuly-us-tortchp-org-blue-cor.html
Snacks,TAB 85% BIO RAW MAA,3.40 USD (x1),3.40 USD (x1),https://www.ribasmith.com/index.php/358592-tab-85-bio-raw-maa.html
Snacks,SNACK PROTEICO JALAPENO CHEDAR,4.66 USD (x1),4.66 USD (x1),https://www.ribasmith.com/index.php/364045-snack-proteico-jalapeno-chedar.html
Snacks,TAB 75% BIO RAW MAA,3.20 USD (x1),3.20 USD (x1),https://www.ribasmith.com/index.php/358395-tab-75-bio-raw-maa.html
Snacks,LTJULY US TORT CHIP ORG DIPPER,4.25 USD (x1),5.98 USD (x1),https://www.ribasmith.com/index.php/362150-ltjuly-us-tort-chip-org-dipper.html
Snacks,SNACK PROTEICO RANCH LEGENDARY,4.66 USD (x1),4.66 USD (x1),https://www.ribasmith.com/index.php/364047-snack-proteico-ranch-legendary.html
Snacks,SPACE BALL OG BUFF CHEDDAR,7.65 USD (x1),7.65 USD (x1),https://www.ribasmith.com/index.php/359845-space-ball-og-buff-cheddar.html
Snacks,BUTTER CUPS PEANUT MAAMA,2.30 USD (x1),2.30 USD (x1),https://www.ribasmith.com/index.php/358399-butter-cups-peanut-maama.html
Snacks,JALAPEÑO CHEDDAR PROTEIN PUFFS,21.90 USD (x1),21.90 USD (x1),https://www.ribasmith.com/index.php/360715-jalape-o-cheddar-protein-puffs.html
Snacks,ORG CRUNCHY CHEEZMOS BLAZIN HO,7.25 USD (x1),7.25 USD (x1),https://www.ribasmith.com/index.php/359844-org-crunchy-cheezmos-blazin-ho.html
Snacks,LTJULY UE TORT CHIPS SEA & LIM,4.65 USD (x1),6.60 USD (x1),https://www.ribasmith.com/index.php/362153-ltjuly-ue-tort-chips-sea-lim.html
Snacks,BAR HAZELNUT CAO BIO,1.85 USD (x1),1.85 USD (x1),https://www.ribasmith.com/index.php/358407-bar-hazelnut-cao-bio.html
Snacks,CORNADOS BABACOA SSHINE,0.84 USD (x1),0.84 USD (x1),https://www.ribasmith.com/index.php/360792-cornados-babacoa-sshine.html
Snacks,SNACK TAKIS NACHO INTENSO,1.00 USD (x1),1.00 USD (x1),https://www.ribasmith.com/index.php/360042-snack-takis-nacho-intenso.html
Snacks,NACHO CHEESE PROTEIN PUFFS,21.90 USD (x1),21.90 USD (x1),https://www.ribasmith.com/index.php/360713-nacho-cheese-protein-puffs.html
Snacks,CHOCO NOVI BARRA FONDENTE,6.50 USD (x1),6.50 USD (x1),https://www.ribasmith.com/index.php/359120-choco-novi-barra-fondente.html
Snacks,SOUR CREAM & ONION PROTEIN PUF,21.90 USD (x1),21.90 USD (x1),https://www.ribasmith.com/index.php/360719-sour-cream-onion-protein-puf.html
Snacks,SNACK TAKIS FUEGO,1.00 USD (x1),1.00 USD (x1),https://www.ribasmith.com/index.php/361641-snack-takis-fuego.html
Snacks,RUEDITAS ZOOMERS SABOR QUESO,3.87 USD (x1),3.87 USD (x1),https://www.ribasmith.com/index.php/177480-rueditas-zoomers-sabor-queso.html
Snacks,MESQUITE BBQ PROTEIN PUFFS,21.90 USD (x1),21.90 USD (x1),https://www.ribasmith.com/index.php/360717-mesquite-bbq-protein-puffs.html
Snacks,SNACK CHEEZEES JALAPENO,0.60 USD (x1),0.60 USD (x1),https://www.ribasmith.com/index.php/360790-snack-cheezees-jalapeno.html
Snacks,CHOCO NOVI GIANDUJA CLASICO,6.50 USD (x1),6.50 USD (x1),https://www.ribasmith.com/index.php/359116-choco-novi-gianduja-clasico.html
Snacks,TORTILLA CHIPS MAIZ TOTOPOS,7.15 USD (x1),7.15 USD (x1),https://www.ribasmith.com/index.php/360469-tortilla-chips-maiz-totopos.html
Snacks,ORGANIC CHEDDAR BALLS,5.80 USD (x1),5.80 USD (x1),https://www.ribasmith.com/index.php/359198-organic-cheddar-balls.html
Snacks,LTJULY UX TORT CHIP CHIA & QUI,5.90 USD (x1),5.90 USD (x1),https://www.ribasmith.com/index.php/362149-ltjuly-ux-tort-chip-chia-qui.html
Snacks,CHOCO NOVI BOLSA FONDENTE,7.11 USD (x1),7.11 USD (x1),https://www.ribasmith.com/index.php/359121-choco-novi-bolsa-fondente.html
Snacks,SNACK CHILE LIMON TAKIS,2.76 USD (x1),2.76 USD (x1),https://www.ribasmith.com/index.php/360039-snack-chile-limon-takis.html
Snacks,CHOCO NOVI CLASICO BOLSA,7.11 USD (x1),7.11 USD (x1),https://www.ribasmith.com/index.php/359122-choco-novi-clasico-bolsa.html
Snacks,FRANKIES ORGANIC WHITE CHEDDAR,4.30 USD (x1),4.30 USD (x1),https://www.ribasmith.com/index.php/353126-frankies-organic-white-cheddar.html
Snacks,SNACK TAKIS AZUL,1.00 USD (x1),1.00 USD (x1),https://www.ribasmith.com/index.php/361642-snack-takis-azul.html
Snacks,SNACK JACSON SAL MARINA,1.79 USD (x1),1.79 USD (x1),https://www.ribasmith.com/index.php/360022-snack-jacson-sal-marina.html
Snacks,TOTOPOS MAIZ OVEN BAKED,7.15 USD (x1),7.15 USD (x1),https://www.ribasmith.com/index.php/360471-totopos-maiz-oven-baked.html
Snacks,CHOCO NEGRO CACAO DELICADO,5.14 USD (x1),5.14 USD (x1),https://www.ribasmith.com/index.php/359123-choco-negro-cacao-delicado.html
Snacks,DORITOS NACHO QUESO,1.10 USD (x1),1.10 USD (x1),https://www.ribasmith.com/index.php/358954-doritos-nacho-queso.html
Snacks,TORT CHIP SO SWEET CHILI,5.50 USD (x1),5.50 USD (x1),https://www.ribasmith.com/index.php/216357-tort-chip-so-sweet-chili.html
Snacks,PATAKIS TAJADA PLATANO VERDE,1.40 USD (x1),1.40 USD (x1),https://www.ribasmith.com/index.php/360679-patakis-tajada-platano-verde.html
Snacks,SNACK NACHO INTENSO TAKIS,2.43 USD (x1),2.43 USD (x1),https://www.ribasmith.com/index.php/360043-snack-nacho-intenso-takis.html
Snacks,CHOCO NOVI 80 CACAO INTENSO,5.14 USD (x1),5.14 USD (x1),https://www.ribasmith.com/index.php/359124-choco-novi-80-cacao-intenso.html
Snacks,TORT CHIP SIMP SUN MLTGR,5.50 USD (x1),5.50 USD (x1),https://www.ribasmith.com/index.php/216356-tort-chip-simp-sun-mltgr.html
Snacks,DILL PICKLE BALLS,4.85 USD (x1),4.85 USD (x1),https://www.ribasmith.com/index.php/357121-dill-pickle-balls.html
Snacks,QUEST PROTEIN CHIPS LOADES TAC,2.71 USD (x1),2.71 USD (x1),https://www.ribasmith.com/index.php/359187-quest-protein-chips-loades-tac.html
Snacks,CHOCO NOVI PISTACHO Y CACAO,5.14 USD (x1),5.14 USD (x1),https://www.ribasmith.com/index.php/359125-choco-novi-pistacho-y-cacao.html
Snacks,PATAKIS TOSTON PLATANO VERDE,1.50 USD (x1),1.50 USD (x1),https://www.ribasmith.com/index.php/360683-patakis-toston-platano-verde.html
Snacks,SNACK DE TODITO FIESTA ROJO,3.13 USD (x1),3.13 USD (x1),https://www.ribasmith.com/index.php/355580-snack-de-todito-fiesta-rojo.html
Snacks,SNACK TAKIS CHILE LIMON,1.00 USD (x1),1.00 USD (x1),https://www.ribasmith.com/index.php/360038-snack-takis-chile-limon.html
Snacks,FRANKIE'S ORGANIC PUFFS JALAPE,4.30 USD (x1),4.30 USD (x1),https://www.ribasmith.com/index.php/353131-frankie-s-organic-puffs-jalape.html
Snacks,FRANKIE'S ORGANIC HIMALAYAN,4.30 USD (x1),4.30 USD (x1),https://www.ribasmith.com/index.php/353135-frankie-s-organic-himalayan.html
Snacks,PATAKIS PATACON PISAO,1.50 USD (x1),1.50 USD (x1),https://www.ribasmith.com/index.php/360678-patakis-patacon-pisao.html
Snacks,PEANUT BUTTER CUPS 12 3 3 OZ,5.40 USD (x1),5.40 USD (x1),https://www.ribasmith.com/index.php/81357-peanut-butter-cups-12-3-3-oz.html
Snacks,FRANKIE'S ORGANIC BBQ,1.98 USD (x1),1.98 USD (x1),https://www.ribasmith.com/index.php/353138-frankie-s-organic-bbq.html
Snacks,FRANKIE'S ORGANIC CHILI LIME,4.30 USD (x1),4.30 USD (x1),https://www.ribasmith.com/index.php/353136-frankie-s-organic-chili-lime.html
Snacks,PATAKIS PALITOS VERDE,1.50 USD (x1),1.50 USD (x1),https://www.ribasmith.com/index.php/360695-patakis-palitos-verde.html
Snacks,PATAKIS TOSTON PLATANO MADURO,1.30 USD (x1),1.30 USD (x1),https://www.ribasmith.com/index.php/360689-patakis-toston-platano-maduro.html
Snacks,SNACK KACHITOS QUESO,1.69 USD (x1),1.69 USD (x1),https://www.ribasmith.com/index.php/355885-snack-kachitos-queso.html
Snacks,REESE FILLED PRETZEL,4.25 USD (x1),4.25 USD (x1),https://www.ribasmith.com/index.php/363612-reese-filled-pretzel.html
Snacks,FRANKIES ORGANIC BARBECUE,4.30 USD (x1),4.30 USD (x1),https://www.ribasmith.com/index.php/353130-frankies-organic-barbecue.html
Snacks,FRANKIE'S ORGANIC HIMALAYAN,1.98 USD (x1),1.98 USD (x1),https://www.ribasmith.com/index.php/353139-frankie-s-organic-himalayan.html
Snacks,CHEETOS MINI FLAMIN HOT SNACKS,2.60 USD (x1),2.60 USD (x1),https://www.ribasmith.com/index.php/350541-cheetos-mini-flamin-hot-snacks.html
Snacks,ZACK'S MIGHTY TORTILLA CHIPS,7.45 USD (x1),7.45 USD (x1),https://www.ribasmith.com/index.php/352022-zack-s-mighty-tortilla-chips.html
Snacks,CARAMEL & PRETZEL CLUSTER,7.60 USD (x1),7.60 USD (x1),https://www.ribasmith.com/index.php/359759-caramel-pretzel-cluster.html
Snacks,FRANKIE'S ORGANIC - VEGAN CHED,4.30 USD (x1),4.30 USD (x1),https://www.ribasmith.com/index.php/353133-frankie-s-organic-vegan-ched.html
Snacks,PATAKIS STRIPS PLATANO VERDE,6.25 USD (x1),6.25 USD (x1),https://www.ribasmith.com/index.php/360697-patakis-strips-platano-verde.html
Snacks,CHOCOLATE VIZZIO CON ALMENDRAS,2.43 USD (x1),2.43 USD (x1),https://www.ribasmith.com/index.php/354635-chocolate-vizzio-con-almendras.html
Snacks,CHEDDAR CHEESE BALLS,4.45 USD (x1),4.45 USD (x1),https://www.ribasmith.com/index.php/325957-cheddar-cheese-balls.html
Snacks,ZACK'S MIGHTY AVOCADO OIL TORT,7.10 USD (x1),7.10 USD (x1),https://www.ribasmith.com/index.php/352025-zack-s-mighty-avocado-oil-tort.html
Snacks,SNACK WHITE CHEDDAR,1.98 USD (x1),1.98 USD (x1),https://www.ribasmith.com/index.php/353137-snack-white-cheddar.html
Snacks,BEQUET DUBAI CHOCOLATE CARAMEL,5.85 USD (x1),5.85 USD (x1),https://www.ribasmith.com/index.php/354656-bequet-dubai-chocolate-caramel.html
Snacks,PRETZEL TWISTS ORIGINAL,3.90 USD (x1),3.90 USD (x1),https://www.ribasmith.com/index.php/357835-pretzel-twists-original.html
Snacks,PATAKIS TAJADA PLATANO MADURO,1.45 USD (x1),1.45 USD (x1),https://www.ribasmith.com/index.php/360681-patakis-tajada-platano-maduro.html
Snacks,SNACK CLASSIC SELECTS,0.74 USD (x1),0.74 USD (x1),https://www.ribasmith.com/index.php/164105-snack-classic-selects.html
Snacks,CHEDDAR SUPER VEGGIE STRAWS,3.40 USD (x1),3.40 USD (x1),https://www.ribasmith.com/index.php/358093-cheddar-super-veggie-straws.html
Snacks,PATAKIS TAJADA MADURO PICANTE,1.50 USD (x1),1.50 USD (x1),https://www.ribasmith.com/index.php/360686-patakis-tajada-maduro-picante.html
Snacks,ZACK'S MIGHTY NACHO CHIPS,7.10 USD (x1),7.10 USD (x1),https://www.ribasmith.com/index.php/352023-zack-s-mighty-nacho-chips.html
Snacks,PRETZEL MILK CHOCOLATE,7.88 USD (x1),7.88 USD (x1),https://www.ribasmith.com/index.php/360833-pretzel-milk-chocolate.html
Snacks,SNACK SELECCION CLASICA,3.87 USD (x1),3.87 USD (x1),https://www.ribasmith.com/index.php/164106-snack-seleccion-clasica.html
Snacks,UNREAL DARK CHOC COV PRETZELS,7.88 USD (x1),7.88 USD (x1),https://www.ribasmith.com/index.php/349027-unreal-dark-choc-cov-pretzels.html
Snacks,PIPS CORN SEA SALT,6.45 USD (x1),6.45 USD (x1),https://www.ribasmith.com/index.php/355391-pips-corn-sea-salt.html
Snacks,SNACK TASU PINA,2.31 USD (x1),2.31 USD (x1),https://www.ribasmith.com/index.php/337554-snack-tasu-pina.html
Snacks,PATAKIS PALITOS MADUROS,1.55 USD (x1),1.55 USD (x1),https://www.ribasmith.com/index.php/360693-patakis-palitos-maduros.html
Snacks,HARVEST SNAPS WHITE CHEDDAR,3.71 USD (x1),3.71 USD (x1),https://www.ribasmith.com/index.php/352007-harvest-snaps-white-cheddar.html
Snacks,PATAKIS STRIPS PLATANO MADURO,6.55 USD (x1),6.55 USD (x1),https://www.ribasmith.com/index.php/360699-patakis-strips-platano-maduro.html
Snacks,UNIQUE PUFFZELS HONEY MUSTARD,6.42 USD (x1),6.42 USD (x1),https://www.ribasmith.com/index.php/325976-unique-puffzels-honey-mustard.html
Snacks,SNACK SVS CON SAL MARINA,5.07 USD (x1),5.07 USD (x1),https://www.ribasmith.com/index.php/355242-snack-svs-con-sal-marina.html
Snacks,PATAKIS TOSTON PLATANO VERDE S,7.60 USD (x1),7.60 USD (x1),https://www.ribasmith.com/index.php/360700-patakis-toston-platano-verde-s.html
Refrigerado,HUEVOS DE GALLINA DE PATIO,5.27 USD (x1),5.27 USD (x1),https://www.ribasmith.com/index.php/huevos-de-gallina-de-patio-278860-1.html
Refrigerado,HUEVOS MEDIANOS DEL DIA,1.16 USD (x1),1.16 USD (x1),https://www.ribasmith.com/index.php/huevos-medianos-del-dia-166162.html
Refrigerado,HUEVOS CON OMEGA 3,3.06 USD (x1),3.06 USD (x1),https://www.ribasmith.com/index.php/huevos-con-omega-3-162042.html
Refrigerado,FOIE DE PATO C TACOS Y MANZ DU,13.85 USD (x1),13.85 USD (x1),https://www.ribasmith.com/index.php/244011-foie-de-pato-c-tacos-y-manz-du.html
Refrigerado,HUEVOS GRANDES FAMILIAR,3.95 USD (x1),3.95 USD (x1),https://www.ribasmith.com/index.php/huevos-grandes-familiar-120662.html
Refrigerado,HUEVOS MEDIANOS DEL DIA,2.32 USD (x1),2.32 USD (x1),https://www.ribasmith.com/index.php/huevos-medianos-del-dia-81502.html
Refrigerado,BLOC DE FOIE PATO CON TACOS,12.95 USD (x1),12.95 USD (x1),https://www.ribasmith.com/index.php/244008-bloc-de-foie-pato-con-tacos.html
Refrigerado,BLOC D FOIE GRAS TRUFADO PATO,12.95 USD (x1),12.95 USD (x1),https://www.ribasmith.com/index.php/bloc-d-foie-gras-trufado-pato-244006.html
Refrigerado,HUEVOS GRANDES DEL DIA,2.74 USD (x1),2.74 USD (x1),https://www.ribasmith.com/index.php/huevos-grandes-del-dia-81499.html
Refrigerado,HUEVOS MEDIANOS MELO,1.19 USD (x1),1.19 USD (x1),https://www.ribasmith.com/index.php/huevos-medianos-melo-55798.html
Refrigerado,BLOC D FOIE G NATURAL DE PATO,12.11 USD (x1),12.11 USD (x1),https://www.ribasmith.com/index.php/bloc-d-foie-g-natural-de-pato-243999.html
Refrigerado,HUEVOS MEDIANOS TOLEDANOS,2.27 USD (x1),2.27 USD (x1),https://www.ribasmith.com/index.php/huevos-medianos-toledanos-33201.html
Refrigerado,ENTIER DE FOIE GRAS NAT D PATO,49.57 USD (x1),49.57 USD (x1),https://www.ribasmith.com/index.php/entier-de-foie-gras-nat-d-pato-244021.html
Refrigerado,MOUSSE DE CANARD 12 X 115 GR,3.28 USD (x1),3.28 USD (x1),https://www.ribasmith.com/index.php/mousse-de-canard-12-x-115-gr-134542.html
Refrigerado,HUEVOS GRANDES TOLEDANOS,2.66 USD (x1),2.66 USD (x1),https://www.ribasmith.com/index.php/huevos-grandes-toledanos-33199.html
Refrigerado,HUEVOS TOLEDANO JUMBO DOC,2.73 USD (x1),2.73 USD (x1),https://www.ribasmith.com/index.php/huevos-toledano-jumbo-doc-33198.html
Refrigerado,BLOC DE FOIE TRUFADO DE OCA,17.75 USD (x1),17.75 USD (x1),https://www.ribasmith.com/index.php/bloc-de-foie-trufado-de-oca-244016.html
Refrigerado,BLOC FOIE GRAS NAT DE OCA,16.55 USD (x1),16.55 USD (x1),https://www.ribasmith.com/index.php/244014-bloc-foie-gras-nat-de-oca.html
Refrigerado,HUEVOS GRANDES DEPATIO,2.74 USD (x1),2.74 USD (x1),https://www.ribasmith.com/index.php/huevos-grandes-depatio-30583.html
Refrigerado,BLOC DE FOIE GRAS PATO C OPRTO,12.95 USD (x1),12.95 USD (x1),https://www.ribasmith.com/index.php/bloc-de-foie-gras-pato-c-oprto-244003.html
Refrigerado,HUEVOS MEDIANOS MELO,2.33 USD (x1),2.33 USD (x1),https://www.ribasmith.com/index.php/huevos-medianos-melo-13073.html
Refrigerado,PATE HENAFF PORK 12 X 80 GR,2.37 USD (x1),2.37 USD (x1),https://www.ribasmith.com/index.php/pate-henaff-pork-12-x-80-gr-141813.html
Refrigerado,HUEVOS JUMBO EMPACADOS,2.54 USD (x1),2.54 USD (x1),https://www.ribasmith.com/index.php/huevos-jumbo-empacados-13072.html
Refrigerado,HUEVOS GRANDES MELO,2.53 USD (x1),2.53 USD (x1),https://www.ribasmith.com/index.php/huevos-grandes-melo-13070.html
Refrigerado,PORK LIVER PATE 12 X 78 GR,1.77 USD (x1),1.77 USD (x1),https://www.ribasmith.com/index.php/pork-liver-pate-12-x-78-gr-134543.html
Refrigerado,DUCK MOUSSE WITH OLIVES 115 GR,3.44 USD (x1),3.44 USD (x1),https://www.ribasmith.com/index.php/duck-mousse-with-olives-115-gr-149839.html
Refrigerado,HUEVOS GRANDES MELO,11.41 USD (x1),11.41 USD (x1),https://www.ribasmith.com/index.php/350468-huevos-grandes-melo.html
Refrigerado,HUEVOS DE PASTOREO,2.66 USD (x1),2.66 USD (x1),https://www.ribasmith.com/index.php/347528-huevos-de-pastoreo.html
Refrigerado,WHITES EGG BEATERS FF 16OZ,6.61 USD (x1),6.61 USD (x1),https://www.ribasmith.com/index.php/whites-egg-beaters-ff-16oz-133018.html
Refrigerado,HUEVOS DE CODORNIZ VINAGRE,5.61 USD (x1),5.61 USD (x1),https://www.ribasmith.com/index.php/huevos-de-codorniz-vinagre-28879.html
Refrigerado,HUEVOS DE CODORNIZ 130GR,4.47 USD (x1),4.47 USD (x1),https://www.ribasmith.com/index.php/huevos-de-codorniz-130gr-28877.html
Refrigerado,HUEVOS DE LIBRE PASTOREO,5.02 USD (x1),5.02 USD (x1),https://www.ribasmith.com/index.php/306075-huevos-de-libre-pastoreo.html
Refrigerado,EGG BEATERS 99% REAL EGGS,6.61 USD (x1),6.61 USD (x1),https://www.ribasmith.com/index.php/egg-beaters-099-real-eggs-66127.html
Refrigerado,BLOC FOIE NAT PATO CON TACOS,29.50 USD (x1),29.50 USD (x1),https://www.ribasmith.com/index.php/244018-bloc-foie-nat-pato-con-tacos.html
Refrigerado,FLAT 15 HUEVOS MEDIANOS,3.27 USD (x1),3.27 USD (x1),https://www.ribasmith.com/index.php/339732-flat-15-huevos-medianos.html
Refrigerado,HUEVOS GRANDES EMP DEL DIA,4.11 USD (x1),4.11 USD (x1),https://www.ribasmith.com/index.php/285231-huevos-grandes-emp-del-dia.html
Refrigerado,ECOGRANJAS HUEVOS DE GALLINA BLANCO DOC,4.56 USD (x1),4.56 USD (x1),https://www.ribasmith.com/index.php/320418-ecogranjas-huevos-de-gallina-blanco-doc.html
Refrigerado,VIVE VIDA VERDE HUEVOS DE PASTOREO DOC,4.80 USD (x1),4.80 USD (x1),https://www.ribasmith.com/index.php/324024-vive-vida-verde-huevos-de-pastoreo-doc.html
Refrigerado,DE LA FINCA HUEVOS MEDIANOS UN,4.56 USD (x1),4.56 USD (x1),https://www.ribasmith.com/index.php/306681-de-la-finca-huevos-medianos-un.html
Refrigerado,HUEVOS MEDIANOS 30 UN,6.44 USD (x1),6.44 USD (x1),https://www.ribasmith.com/index.php/157946-huevos-medianos-30-un.html
Refrigerado,HUEVOS GRANDES MAMA GALLINA,4.04 USD (x1),4.04 USD (x1),https://www.ribasmith.com/index.php/333939-huevos-grandes-mama-gallina.html
Refrigerado,POSTURAS DE 20 UN GRANDE,4.44 USD (x1),4.44 USD (x1),https://www.ribasmith.com/index.php/331141-posturas-de-20-un-grande.html
Refrigerado,FLAT 15 HUEVOS GRANDES,3.47 USD (x1),3.47 USD (x1),https://www.ribasmith.com/index.php/339733-flat-15-huevos-grandes.html
Refrigerado,HUEVOS DEL ESTE PASTOREO,4.31 USD (x1),4.31 USD (x1),https://www.ribasmith.com/index.php/297897-huevos-del-este-pastoreo.html
Refrigerado,HUEVOS MEDIANOS EMP DE PATIO,2.32 USD (x1),2.32 USD (x1),https://www.ribasmith.com/index.php/285232-huevos-medianos-emp-de-patio.html
Promociones,BERKSHIRE HICKORY SMOKED BACON,6.30 USD (x1),9.00 USD (x1),https://www.ribasmith.com/index.php/362517-berkshire-hickory-smoked-bacon.html
Promociones,MT DEW BAJA BLAST TROPICAL LIM,0.75 USD (x1),1.07 USD (x1),https://www.ribasmith.com/index.php/315996-mt-dew-baja-blast-tropical-lim.html
Promociones,DR. PEPPER BLACKBERRY ZERO,0.75 USD (x1),1.07 USD (x1),https://www.ribasmith.com/index.php/348522-dr-pepper-blackberry-zero.html
Promociones,DIET PEPSI CHERRY,0.75 USD (x1),1.07 USD (x1),https://www.ribasmith.com/index.php/339116-diet-pepsi-cherry.html
Promociones,SIMPLE MILLS SUNDRIED TOMATO AL FL CRACKERS 4.25 OZ,4.75 USD (x1),6.73 USD (x1),https://www.ribasmith.com/index.php/329899-simple-mills-sundried-tomato-al-fl-crackers-4-25-oz.html
Promociones,CB SOUR CREAM & ONION CHIPS,2.25 USD (x1),3.20 USD (x1),https://www.ribasmith.com/index.php/339194-cb-sour-cream-onion-chips.html
Promociones,COVERED BRIDGE SEA SALT CHIPS,2.25 USD (x1),3.20 USD (x1),https://www.ribasmith.com/index.php/339188-covered-bridge-sea-salt-chips.html
Promociones,CB CRINKLE CUT CHEDDAR CHIPS,2.25 USD (x1),3.20 USD (x1),https://www.ribasmith.com/index.php/339196-cb-crinkle-cut-cheddar-chips.html
Promociones,CB SEA SALT & PEPPER CHIPS,2.25 USD (x1),3.20 USD (x1),https://www.ribasmith.com/index.php/339186-cb-sea-salt-pepper-chips.html
Promociones,POTATO CHIPS HOMESTYLE KETCHUP,2.25 USD (x1),3.20 USD (x1),https://www.ribasmith.com/index.php/339195-potato-chips-homestyle-ketchup.html
Promociones,CHOCOLATE HOMESTYLE COOKIES,2.80 USD (x1),4.00 USD (x1),https://www.ribasmith.com/index.php/329422-chocolate-homestyle-cookies.html
Promociones,UNSWEETENED GRAIN FREE CEREAL,6.00 USD (x1),8.72 USD (x1),https://www.ribasmith.com/index.php/345133-unsweetened-grain-free-cereal.html
Promociones,OCEAN SPRAY 100 % GRAPE FRUIT JUICE 60 OZ,5.65 USD (x1),8.01 USD (x1),https://www.ribasmith.com/index.php/235380-100-grape-fruit-juice.html
Promociones,RICE CRISPY TANGY BBQ,4.45 USD (x1),6.30 USD (x1),https://www.ribasmith.com/index.php/363289-rice-crispy-tangy-bbq.html
Promociones,BAGUETTE RUSTICA 120 GR,2.00 USD (x1),3.05 USD (x1),https://www.ribasmith.com/index.php/332059-baguette-rustica-120-gr.html
Promociones,BOULDER CHIP CRSP AVO OIL SSAL,3.75 USD (x1),5.30 USD (x1),https://www.ribasmith.com/index.php/338305-boulder-chip-crsp-avo-oil-ssal.html
Promociones,KELLOGGS CEREAL CHOCOLATE LOOP,5.00 USD (x1),7.25 USD (x1),https://www.ribasmith.com/index.php/358335-kelloggs-cereal-chocolate-loop.html
Promociones,LTJULY PS TORT CHIPS ORG SEA,4.65 USD (x1),6.60 USD (x1),https://www.ribasmith.com/index.php/362152-ltjuly-ps-tort-chips-org-sea.html
Promociones,LTJULY US TORT CHIP ORG DIPPER,4.25 USD (x1),5.98 USD (x1),https://www.ribasmith.com/index.php/362150-ltjuly-us-tort-chip-org-dipper.html
Promociones,LTJULY US TORTCHP ORG BLUE COR,4.25 USD (x1),5.90 USD (x1),https://www.ribasmith.com/index.php/362154-ltjuly-us-tortchp-org-blue-cor.html
Promociones,MINI CR MAPLE OAT COOKIES,6.65 USD (x1),9.45 USD (x1),https://www.ribasmith.com/index.php/345435-mini-cr-maple-oat-cookies.html
Promociones,ALLERGY SMART DOUBLE CHOCOLATE,3.95 USD (x1),5.69 USD (x1),https://www.ribasmith.com/index.php/339258-allergy-smart-double-chocolate.html
Promociones,CHOCOLATE CHIP COOKIE BAG,3.25 USD (x1),4.75 USD (x1),https://www.ribasmith.com/index.php/352999-chocolate-chip-cookie-bag.html
Promociones,LEMON DROP COOKIE BAG,3.35 USD (x1),4.75 USD (x1),https://www.ribasmith.com/index.php/353001-lemon-drop-cookie-bag.html
Promociones,MINESTRONE SOUPS,3.50 USD (x1),5.05 USD (x1),https://www.ribasmith.com/index.php/360709-minestrone-soups.html
Promociones,TOMATO BASIL SOUPS,3.50 USD (x1),5.05 USD (x1),https://www.ribasmith.com/index.php/360707-tomato-basil-soups.html
Promociones,THAI COCONUT CURRY,3.50 USD (x1),5.05 USD (x1),https://www.ribasmith.com/index.php/360710-thai-coconut-curry.html
Promociones,KHLOUD PROT POPCORN OLIVE OIL,5.25 USD (x1),7.40 USD (x1),https://www.ribasmith.com/index.php/351678-khloud-prot-popcorn-olive-oil.html
Promociones,EE ZESTY FRENCH DRESSING,2.30 USD (x1),3.30 USD (x1),https://www.ribasmith.com/index.php/301347-ee-zesty-french-dressing.html
Promociones,DAVID NACHO SNFLOWER 0.8 OZ,0.45 USD (x1),0.69 USD (x1),https://www.ribasmith.com/index.php/330946-david-nacho-snflower-0-8-oz.html
Promociones,OATMEAL PROTEIN PIE CHOCOLATE,2.65 USD (x1),3.76 USD (x1),https://www.ribasmith.com/index.php/355515-oatmeal-protein-pie-chocolate.html
Promociones,ECKRICH HAWAIIAN HAM,15.25 USD (x1),21.65 USD (x1),https://www.ribasmith.com/index.php/61061-eckrich-hawaiian-ham.html
Promociones,CITTERIO PROSCIUTTO SAN DANIEL,36.60 USD (x1),52.30 USD (x1),https://www.ribasmith.com/index.php/21903-citterio-prosciutto-san-daniel.html
Promociones,QUIJOTE LONGANIZA BBQ & GRILL,6.00 USD (x1),8.65 USD (x1),https://www.ribasmith.com/index.php/358779-quijote-longaniza-bbq-grill.html
Promociones,QUIJOTE CHORIZO ARGENTINO,6.00 USD (x1),8.65 USD (x1),https://www.ribasmith.com/index.php/358778-quijote-chorizo-argentino.html
Promociones,FILLO FACTORY MINI CHEESECAKES,6.55 USD (x1),9.36 USD (x1),https://www.ribasmith.com/index.php/353011-fillo-factory-mini-cheesecakes.html
Promociones,HERSHEY RSPBRRIES WHITE CHOCO,7.25 USD (x1),10.25 USD (x1),https://www.ribasmith.com/index.php/350544-hershey-rspbrries-white-choco.html
Promociones,HERSHEY CHOCOLATE CAKE BITES,6.25 USD (x1),8.95 USD (x1),https://www.ribasmith.com/index.php/350553-hershey-chocolate-cake-bites.html
Promociones,HERSHEY BLUEBRRIES IN CHCOLATE,7.25 USD (x1),10.25 USD (x1),https://www.ribasmith.com/index.php/350550-hershey-bluebrries-in-chcolate.html
Promociones,CRAVN STRAWBERRY BARS,5.25 USD (x1),7.30 USD (x1),https://www.ribasmith.com/index.php/358558-cravn-strawberry-bars.html
Promociones,CRAVN CRISPY CRUNCH BARS,5.95 USD (x1),8.95 USD (x1),https://www.ribasmith.com/index.php/358972-cravn-crispy-crunch-bars.html
Promociones,CRAVN VARIETY ICE CREAM CONES,9.35 USD (x1),13.40 USD (x1),https://www.ribasmith.com/index.php/358980-cravn-variety-ice-cream-cones.html
Promociones,CRAVN BRKFAST BOWL GRAVY SAUSG,3.95 USD (x1),5.60 USD (x1),https://www.ribasmith.com/index.php/358983-cravn-brkfast-bowl-gravy-sausg.html
Promociones,WHEAT DINNER ROLLS,4.85 USD (x1),6.95 USD (x1),https://www.ribasmith.com/index.php/330007-wheat-dinner-rolls.html
Promociones,WHEAT SANDWICH LOAF,4.85 USD (x1),6.95 USD (x1),https://www.ribasmith.com/index.php/330009-wheat-sandwich-loaf.html
Promociones,SEAPAK JUMBO COCONUT SHRIMP,10.25 USD (x1),14.66 USD (x1),https://www.ribasmith.com/index.php/297421-seapak-jumbo-coconut-shrimp.html
Promociones,SEA PAK JUMBO BF SHRIMP,10.35 USD (x1),14.66 USD (x1),https://www.ribasmith.com/index.php/297875-sea-pak-jumbo-bf-shrimp.html
Promociones,SEAPAK SOUTHERN STYLE SHRIMP,10.25 USD (x1),14.55 USD (x1),https://www.ribasmith.com/index.php/345880-seapak-southern-style-shrimp.html
Promociones,OATMEAL PROTEIN PIE,2.65 USD (x1),3.76 USD (x1),https://www.ribasmith.com/index.php/355421-oatmeal-protein-pie.html
Promociones,FOIL CUP 20Z CMAS,12.15 USD (x1),15.16 USD (x1),https://www.ribasmith.com/index.php/356191-foil-cup-20z-cmas.html
Promociones,FOOD STORAGE CONTAINER ROUND,1.85 USD (x1),2.32 USD (x1),https://www.ribasmith.com/index.php/306583-food-storage-container-round.html
Promociones,DINSEY CHRSITMAS SEARCH AND FI,1.25 USD (x1),1.55 USD (x1),https://www.ribasmith.com/index.php/353387-dinsey-chrsitmas-search-and-fi.html
Promociones,PAPEL DE REGALO NAVIDAD 4 ROLL,6.40 USD (x1),7.98 USD (x1),https://www.ribasmith.com/index.php/348862-papel-de-regalo-navidad-4-roll.html
Promociones,PAPEL DE REGALO NAVIDAD 2ROLL,5.90 USD (x1),7.38 USD (x1),https://www.ribasmith.com/index.php/348864-papel-de-regalo-navidad-2roll.html
Promociones,PM ACTIVITY CHRISTMAS,2.65 USD (x1),3.29 USD (x1),https://www.ribasmith.com/index.php/317137-pm-activity-christmas.html
Promociones,HOLLY JOLLY CHRISMAS PLATE 17.,1.30 USD (x1),1.60 USD (x1),https://www.ribasmith.com/index.php/344183-holly-jolly-chrismas-plate-17.html
Promociones,HOLIDAY SWEETS B PLATE 17.4 CM,1.30 USD (x1),1.60 USD (x1),https://www.ribasmith.com/index.php/356405-holiday-sweets-b-plate-17-4-cm.html
Promociones,M&M CARAMEL CHOCOLATE,0.95 USD (x1),2.00 USD (x1),https://www.ribasmith.com/index.php/253048-m-m-caramel-chocolate.html
Promociones,PRETZEL GARLIC PARMESAN,2.95 USD (x1),4.25 USD (x1),https://www.ribasmith.com/index.php/299304-pretzel-garlic-parmesan.html
Promociones,HARKEN BAR THE LIL GOOEY ONE,6.75 USD (x1),9.68 USD (x1),https://www.ribasmith.com/index.php/360403-harken-bar-the-lil-gooey-one.html
Promociones,CEBELLY BARS ORG APPLE KALE,4.20 USD (x1),6.50 USD (x1),https://www.ribasmith.com/index.php/360872-cebelly-bars-org-apple-kale.html
Promociones,ZESTY JALAPEÑO,3.70 USD (x1),5.29 USD (x1),https://www.ribasmith.com/index.php/350115-zesty-jalape-o.html
Promociones,ZESTY JALAPEÑO KET CHIP,3.00 USD (x1),3.72 USD (x1),https://www.ribasmith.com/index.php/339691-zesty-jalape-o-ket-chip.html
Promociones,ACT II MOVIE THEATER BUTTER 2.75 OZ,0.65 USD (x1),0.97 USD (x1),https://www.ribasmith.com/index.php/294083-act-ii-movie-theater-butter-2-75-oz.html
Promociones,KETTLE KRINKLE CHIPS SALT & PE,5.00 USD (x1),7.25 USD (x1),https://www.ribasmith.com/index.php/362146-kettle-krinkle-chips-salt-pe.html
Promociones,YERBA MATE STRAW COCOCNUT ORG,2.85 USD (x1),4.10 USD (x1),https://www.ribasmith.com/index.php/362566-yerba-mate-straw-cococnut-org.html
Promociones,LTJULY UE TORT CHIPS SEA & LIM,4.65 USD (x1),6.60 USD (x1),https://www.ribasmith.com/index.php/362153-ltjuly-ue-tort-chips-sea-lim.html
Promociones,GARRET BRANDS POPCORN WHITE CH,5.95 USD (x1),8.50 USD (x1),https://www.ribasmith.com/index.php/362398-garret-brands-popcorn-white-ch.html
Promociones,CLASSIC SHORTBREAD COOKIES,4.85 USD (x1),6.99 USD (x1),https://www.ribasmith.com/index.php/352005-classic-shortbread-cookies.html
Promociones,CHOC CRUNCH SHORTBREAD COOKIES,4.85 USD (x1),6.99 USD (x1),https://www.ribasmith.com/index.php/352006-choc-crunch-shortbread-cookies.html
Promociones,BOYS ASST BANDAGES 100CT,3.00 USD (x1),4.35 USD (x1),https://www.ribasmith.com/index.php/352541-boys-asst-bandages-100ct.html
Promociones,COMBO MEAL BANDAGE 24CT BIOSWI,1.40 USD (x1),2.06 USD (x1),https://www.ribasmith.com/index.php/352535-combo-meal-bandage-24ct-bioswi.html
Promociones,PIZZA DESIGN BANDAGES 24PC,1.50 USD (x1),2.20 USD (x1),https://www.ribasmith.com/index.php/329099-pizza-design-bandages-24pc.html
Promociones,BANDAGE STERILE ADHESIVE BANDA,1.50 USD (x1),2.06 USD (x1),https://www.ribasmith.com/index.php/340585-bandage-sterile-adhesive-banda.html
Promociones,POOP BANDAGE 50PC BIOSWISS,3.00 USD (x1),4.29 USD (x1),https://www.ribasmith.com/index.php/329118-poop-bandage-50pc-bioswiss.html
Promociones,PARANICE PISTACHO COOKIE SPREA,10.40 USD (x1),12.85 USD (x1),https://www.ribasmith.com/index.php/350571-paranice-pistacho-cookie-sprea.html
Promociones,PARANICE CINNAMON ROLL SPREAD,7.50 USD (x1),10.77 USD (x1),https://www.ribasmith.com/index.php/349938-paranice-cinnamon-roll-spread.html
Promociones,PARANICE CREAMY CHOCOLATE SPREAD,7.50 USD (x1),10.77 USD (x1),https://www.ribasmith.com/index.php/349934-paranice-creamy-chocolate-spre.html
Promociones,SALTED CARAMEL PROTEIN BONCREM,4.85 USD (x1),6.95 USD (x1),https://www.ribasmith.com/index.php/354139-salted-caramel-protein-boncrem.html
Promociones,PISTACHO AND COCONUT BONCREM,6.75 USD (x1),9.68 USD (x1),https://www.ribasmith.com/index.php/354125-pistacho-and-coconut-boncrem.html
Promociones,HAZELNUT & COCOA VEGAN BONCREM,5.75 USD (x1),8.25 USD (x1),https://www.ribasmith.com/index.php/354123-hazelnut-cocoa-vegan-boncrem.html
Promociones,EGGO ICE CREAM CHOCOLATE CHIP,4.95 USD (x1),6.29 USD (x1),https://www.ribasmith.com/index.php/354069-eggo-ice-cream-chocolate-chip.html
Promociones,EGGO ICE CREAM BLUEBERRY,4.95 USD (x1),6.29 USD (x1),https://www.ribasmith.com/index.php/354070-eggo-ice-cream-blueberry.html
Promociones,KELLOGS HONEY SMACKS ICE CREAM,4.95 USD (x1),6.29 USD (x1),https://www.ribasmith.com/index.php/354076-kellogs-honey-smacks-ice-cream.html
Promociones,POP TARTS ICE CREAM STRAWBERRY,4.95 USD (x1),6.29 USD (x1),https://www.ribasmith.com/index.php/354072-pop-tarts-ice-cream-strawberry.html
Promociones,POP TARTS ICE CREAM S´MORES,4.95 USD (x1),6.29 USD (x1),https://www.ribasmith.com/index.php/354071-pop-tarts-ice-cream-s-mores.html
Promociones,BLUE BUNNY TWST CONES CHOC PB,5.25 USD (x1),7.50 USD (x1),https://www.ribasmith.com/index.php/334716-blue-bunny-twst-cones-choc-pb.html
Promociones,PROSCIUTTO DI PARMA REBANADA,4.53 USD (x1),4.53 USD (x1),https://www.ribasmith.com/index.php/prosciutto-di-parma-rebanada-230547.html
Promociones,QUESO SEMICURADO MINI,17.25 USD (x1),24.37 USD (x1),https://www.ribasmith.com/index.php/59991-queso-semicurado-mini.html
Promociones,GB VIVA ESPAÑA SEMICURADO 3 KG,16.75 USD (x1),23.95 USD (x1),https://www.ribasmith.com/index.php/292857-gb-viva-espa-a-semicurado-3-kg.html
Promociones,KRAFT VELVEETA 8OZ,4.50 USD (x1),5.95 USD (x1),https://www.ribasmith.com/index.php/kraft-velveeta-8oz.html
Promociones,KLONDIKE HEATH ICE CREAM,5.35 USD (x1),7.60 USD (x1),https://www.ribasmith.com/index.php/345207-klondike-heath-ice-cream.html
Promociones,FULL CIRCLE RICE MAC & CHEESE,4.00 USD (x1),5.80 USD (x1),https://www.ribasmith.com/index.php/358559-full-circle-rice-mac-cheese.html
Promociones,ST. PIERRE BRIOCHE SLIDER ROLL,6.45 USD (x1),9.16 USD (x1),https://www.ribasmith.com/index.php/339184-st-pierre-brioche-slider-roll.html
Promociones,PRINGLES SALT VINAGAR,2.86 USD (x1),3.61 USD (x1),https://www.ribasmith.com/index.php/204098-pringles-salt-vinagar.html
Promociones,EVERGREEN WAFFLES PEANUT BUTTE,5.25 USD (x1),7.50 USD (x1),https://www.ribasmith.com/index.php/360921-evergreen-waffles-peanut-butte.html
Promociones,BIG MOZZ MOZZERELLA STICK RANC,8.25 USD (x1),11.70 USD (x1),https://www.ribasmith.com/index.php/360926-big-mozz-mozzerella-stick-ranc.html
Promociones,APPLE CINNAMON OATMEAL BAKE,5.25 USD (x1),7.55 USD (x1),https://www.ribasmith.com/index.php/355625-apple-cinnamon-oatmeal-bake.html
