categoria,nombre,precio_oferta,precio_regular,enlace
Aseo del Hogar,Baby Castille Detergente Líquido Bebé 1 Litro,409.00 USD (x1),409.00 USD (x1),https://www.super99.com/20157949-baby-castille-detergente-liquido-bebe-1-litro
Aseo del Hogar,Baby Castille Detergente Líquido Bebé 100oz,859.00 USD (x1),859.00 USD (x1),https://www.super99.com/20029930-baby-castille-detergente-liquido-bebe-100oz
Aseo del Hogar,Detergente Liquido Baby Castille 50Oz,529.00 USD (x1),529.00 USD (x1),https://www.super99.com/20029956-detergente-liquido-baby-castille-50oz
Aseo del Hogar,RAID ESSENTIALS INCETICIDA MIK 12/400ML,669.00 USD (x1),669.00 USD (x1),https://www.super99.com/20162324-raid-essentials-inceticida-mik-400ml
Aseo del Hogar,RAID ESSENTIALS INCETICIDA 12/400ML,669.00 USD (x1),669.00 USD (x1),https://www.super99.com/20162323-raid-esential-inceticida-400ml
Aseo del Hogar,RAID MAX INSECTICIDA COCINA 12/400ML,629.00 USD (x1),629.00 USD (x1),https://www.super99.com/20138501-raid-max-insecticida-cocina-12-400ml
Aseo del Hogar,GLADE LTO AEROSOL COCO 12/275 ML,259.00 USD (x1),259.00 USD (x1),https://www.super99.com/20155317-glade-lto-aerosol-coco-12-275-ml
Aseo del Hogar,GLADE LTO AEROSOL COCO 12/400 ML,335.00 USD (x1),335.00 USD (x1),https://www.super99.com/20155315-glade-lto-aerosol-coco-12-400-ml
Aseo del Hogar,PAPEL HIGIENICO PREMIUN 16R,559.00 USD (x1),669.00 USD (x1),https://www.super99.com/20149506-papel-higienico-premiun-16r
Aseo del Hogar,PAPEL HIGELITE TRIPLEX 200TH 18M,699.00 USD (x1),799.00 USD (x1),https://www.super99.com/20109769-papel-higelite-triplex-200th-18m
Aseo del Hogar,LYSOL CRISP LINEN,999.00 USD (x1),999.00 USD (x1),https://www.super99.com/10085724-lysol-crisp-linen
Aseo del Hogar,LYSOL CRISP LINEN SCENT,605.00 USD (x1),712.00 USD (x1),https://www.super99.com/10146703-lysol-crisp-linen-scent
Aseo del Hogar,Elite Papel Higienico Doble Hoja 18 Rollos,599.00 USD (x1),729.00 USD (x1),https://www.super99.com/20149415-elite-papel-higienico-doble-hoja-18-rollos
Aseo del Hogar,Oxi Clean Removedor de Manchas 21.5Oz,559.00 USD (x1),559.00 USD (x1),https://www.super99.com/10111593-oxi-clean-removedor-de-manchas-21-5oz
Aseo del Hogar,Oxi Clean Removedor de Manchas Polvo 3lb,1149.00 USD (x1),1149.00 USD (x1),https://www.super99.com/20033400-oxi-clean-removedor-de-manchas-polvo-3lb
Aseo del Hogar,HIGIENOL PAPEL HIGIENICO 425HD,259.00 USD (x1),259.00 USD (x1),https://www.super99.com/20103260-higienol-papel-higienico-425hd
Aseo del Hogar,Arm & Hammer Oxi Clean Detergente Liquido 1.8l,749.00 USD (x1),749.00 USD (x1),https://www.super99.com/20139731-arm-hammer-oxi-clean-detergente-liquido-1-8l
Aseo del Hogar,TERNURA DETERGENTE BAKING SODA 2LT,389.00 USD (x1),499.00 USD (x1),https://www.super99.com/20157842-ternura-detergente-baking-soda-2lt
Aseo del Hogar,Arm & Hammer Oxi Clean Detergente Liquido 550ml,195.00 USD (x1),195.00 USD (x1),https://www.super99.com/20139732-arm-hammer-oxi-clean-detergente-liquido-550ml
Aseo del Hogar,Desinfectante Multiuso Oxiclean 3 en 1 Limpieza Profunda 30 Fl Oz,799.00 USD (x1),799.00 USD (x1),https://www.super99.com/20142923-desinfectante-multiuso-oxiclean-3-en-1-limpieza-profunda-30-fl-oz
Aseo del Hogar,"""Guantes De Latex S,M,L,Xl,""",135.00 USD (x1),135.00 USD (x1),https://www.super99.com/20025476-guantes-de-latex-s-m-l-xl
Aseo del Hogar,Elite Papel Toalla Triple Absorcion 4 Rollos,379.00 USD (x1),379.00 USD (x1),https://www.super99.com/20154252-papel-toalla-triple-absorcion-4r
Aseo del Hogar,Suavitel Suavizante Fresca Primavera 2.8L,789.00 USD (x1),789.00 USD (x1),https://www.super99.com/20141309-suavitel-suavizante-fresca-primavera-2-8l
Aseo del Hogar,Arm & Hammer Baking Soda 4lb,529.00 USD (x1),529.00 USD (x1),https://www.super99.com/20105182-arm-hammer-baking-soda-4lb
Aseo del Hogar,Oxiclean Desinfectante Multiuso Uso Diario 30 Fl Oz,659.00 USD (x1),659.00 USD (x1),https://www.super99.com/20142926-oxiclean-desinfectante-multiuso-uso-diario-30-fl-oz
Aseo del Hogar,SWIFT DETRG LIQ ORIG 4.5 LT,1259.00 USD (x1),1259.00 USD (x1),https://www.super99.com/20140446-swift-detrg-liq-orig-4-5-lt
Aseo del Hogar,TINTE CHEMICOL NEGRO 12/1,269.00 USD (x1),269.00 USD (x1),https://www.super99.com/10162109-tinte-chemicol-negro-12-1
Aseo del Hogar,PARTY COPA PLASTICA CHAMPAGNE 2PK,199.00 USD (x1),199.00 USD (x1),https://www.super99.com/20082683-party-copa-plastica-champagne-2pk
Aseo del Hogar,Fiambreras 8x8 S/D Termo Foam 50,729.00 USD (x1),729.00 USD (x1),https://www.super99.com/10075886-fiambreras-8x8-s-d-termo-foam-50
Aseo del Hogar,VASOS PLASTICOS PLASTIMAR 40/25 7OZ.,66.00 USD (x1),66.00 USD (x1),https://www.super99.com/20046952-vasos-plasticos-plastimar-40-25-7oz
Aseo del Hogar,Reynolds Cut-Rite Wax Paper 75Ft 1 unidad,305.00 USD (x1),305.00 USD (x1),https://www.super99.com/10042237-reynolds-cut-rite-wax-paper-75ft-1-unidad
Aseo del Hogar,Elite Papel Toalla Triple Absorcion 2 Rollos,189.00 USD (x1),189.00 USD (x1),https://www.super99.com/20151843-papel-toalla-triple-absorcion-2r
Aseo del Hogar,TERRO ANT KILLER P'HORMIGA LIQ 48/6PK,75.00 USD (x1),75.00 USD (x1),https://www.super99.com/10046018-terro-ant-killer-p-hormiga-liq-48-6pk
Aseo del Hogar,TAPAS PLASTICA L6D 10/100 UNID. REF,259.00 USD (x1),259.00 USD (x1),https://www.super99.com/10064020-tapas-plastica-l6d-10-100-unid-ref
Aseo del Hogar,HIGIENOL PAPEL HIG 4PK,275.00 USD (x1),275.00 USD (x1),https://www.super99.com/20099086-higienol-papel-hig-4pk
Aseo del Hogar,TIDE DETERG LIQ FEBREZE SPORT 4/84OZ,1649.00 USD (x1),1649.00 USD (x1),https://www.super99.com/20148725-tide-deterg-liq-febreze-sport-4-84oz
Aseo del Hogar,TERN PAPEL HIG 400H 6R,229.00 USD (x1),319.00 USD (x1),https://www.super99.com/20152682-tern-papel-hig-400h-6r
Aseo del Hogar,LAVAPLATOS AXION LIQ,33.00 USD (x1),415.00 USD (x1),https://www.super99.com/10063832-lavaplatos-axion-liq
Aseo del Hogar,Multi Cleaner Atomizador Ba#o 858ml,369.00 USD (x1),369.00 USD (x1),https://www.super99.com/10088148-multi-cleaner-atomizador-ba-o-858ml
Aseo del Hogar,Potasa Destapador De Cañerías 240 G,149.00 USD (x1),149.00 USD (x1),https://www.super99.com/10088155-potasa-destapador-de-canerias-240-g
Aseo del Hogar,Oxi Clean Max Foce Power Paks 250g,649.00 USD (x1),649.00 USD (x1),https://www.super99.com/10128244-oxi-clean-max-foce-power-paks-250g
Aseo del Hogar,Ternura Detergente Bebé,169.00 USD (x1),189.00 USD (x1),https://www.super99.com/20073057-ternura-detergente-bebe
Aseo del Hogar,Ternura Detergente 10K,1399.00 USD (x1),1549.00 USD (x1),https://www.super99.com/20073853-ternura-detergente-10k
Aseo del Hogar,WIKILI QUITA OXIDO,195.00 USD (x1),195.00 USD (x1),https://www.super99.com/20084449-wikili-quita-oxido
Aseo del Hogar,REVOLVEDOR MADERA PAQTE. 50UN,59.00 USD (x1),59.00 USD (x1),https://www.super99.com/20132780-revolvedor-madera-paqte-50un
Aseo del Hogar,PLASTIFAR ENVASE FOAM TAPA BIO 24/20UN,249.00 USD (x1),249.00 USD (x1),https://www.super99.com/20154012-plastifar-envase-foam-tapa-bio-24-20un
Aseo del Hogar,AXION HAND DISH CREA,147.00 USD (x1),165.00 USD (x1),https://www.super99.com/10063833-axion-hand-dish-crea
Aseo del Hogar,ZIPLOC STORAGE BAGS GALLON 12/20 CT,245.00 USD (x1),245.00 USD (x1),https://www.super99.com/10134355-ziploc-storage-bags-gallon-12-20-ct
Aseo del Hogar,Oxi Clean Beby Removedor Manchas 1.36Kg,1149.00 USD (x1),1149.00 USD (x1),https://www.super99.com/20033399-oxi-clean-beby-removedor-manchas-1-36kg
Aseo del Hogar,Dr. Beckmann Limpia Lavadoras 250ml,439.00 USD (x1),439.00 USD (x1),https://www.super99.com/20057527-dr-beckmann-limpia-lavadoras-250ml
Aseo del Hogar,CLORALEX MASCOTA ELIMINA OLORES 950ML,389.00 USD (x1),389.00 USD (x1),https://www.super99.com/20099896-cloralex-mascota-elimina-olores-950ml
Aseo del Hogar,XEDEX MAX PODER 8.5KG,1499.00 USD (x1),1499.00 USD (x1),https://www.super99.com/20132529-xedex-max-poder-8-5kg
Aseo del Hogar,Zote Detergente Líquido Blanco 1 L,345.00 USD (x1),345.00 USD (x1),https://www.super99.com/20133211-zote-detergente-liquido-blanco-12-1-lt
Aseo del Hogar,S99 PLATO BAGAZO CANA,139.00 USD (x1),139.00 USD (x1),https://www.super99.com/20133247-s99-plato-bagazo-cana
Aseo del Hogar,Dr Beckmann Limpiador Tapiceria 400ml,539.00 USD (x1),539.00 USD (x1),https://www.super99.com/20135517-dr-beckmann-limpiador-tapiceria-400ml
Aseo del Hogar,FIAMBRERA FOAM 6X6 50UN,475.00 USD (x1),475.00 USD (x1),https://www.super99.com/10064006-fiambrera-foam-6x6-50un
Aseo del Hogar,PLASTIMAR CUCHARAS PLASTICAS 50/20 UN,47.00 USD (x1),47.00 USD (x1),https://www.super99.com/10064012-plastimar-cucharas-plasticas-50-20-un
Aseo del Hogar,PLASTIMAR VASO PLASTICO 8 OZ 20/50,22.00 USD (x1),22.00 USD (x1),https://www.super99.com/10064047-plastimar-vaso-plastico-8-oz-20-50
Aseo del Hogar,PLATO ESPUMADO 6,85.00 USD (x1),85.00 USD (x1),https://www.super99.com/10064058-plato-espumado-6
Aseo del Hogar,Centinel Bolsas Grandes Para Basura 23.5 X 30 12 Unidades,185.00 USD (x1),185.00 USD (x1),https://www.super99.com/10134164-centinel-bolsas-grandes-para-basura-23-5-x-30-12-unidades
Aseo del Hogar,"""Centinel Bolsas Pequeñas Para Basura 18"""" X 18"""" Con Aroma A Lavanda 12 Unidades""",125.00 USD (x1),125.00 USD (x1),https://www.super99.com/10134192-centinel-bolsas-pequenas-para-basura-18-x-18-con-aroma-a-lavanda-12-unidades
Aseo del Hogar,Raid Max Insecticida 400 ml,769.00 USD (x1),769.00 USD (x1),https://www.super99.com/10134324-raid-max-insecticida-400-ml
Aseo del Hogar,Scott Papel Higienico 6 Rollos,329.00 USD (x1),399.00 USD (x1),https://www.super99.com/10140366-scott-papel-higienico-6-rollos
Aseo del Hogar,Arm & Hammer Detergente Fresh Scent Polvo 1.58 Kg,1149.00 USD (x1),1149.00 USD (x1),https://www.super99.com/20033396-arm-hammer-detergente-fresh-scent-polvo-1-58-kg
Aseo del Hogar,Papel Higiénico Scott Rindemax Doble Hoja 12 Rollos,889.00 USD (x1),889.00 USD (x1),https://www.super99.com/20083615-papel-higienico-scott-rindemax-doble-hoja-12-rollos
Aseo del Hogar,WIKILI QUITA TINTA,16.00 USD (x1),16.00 USD (x1),https://www.super99.com/20084448-wikili-quita-tinta
Aseo del Hogar,Baygon Oko Aerosol 400ml,375.00 USD (x1),375.00 USD (x1),https://www.super99.com/20095592-baygon-oko-aerosol-400ml
Aseo del Hogar,AMERICANO DETERGENTE POLVO,1659.00 USD (x1),1659.00 USD (x1),https://www.super99.com/20102680-americano-detergente-polvo
Aseo del Hogar,TERNURA ORIG 3000GR,499.00 USD (x1),539.00 USD (x1),https://www.super99.com/20110141-ternura-orig-3000gr
Aseo del Hogar,Baby Castille Jabón para Biberones 410ml,559.00 USD (x1),559.00 USD (x1),https://www.super99.com/20114396-baby-castille-jabon-para-biberones-410ml
Aseo del Hogar,Elite Papel Higienico Cuidado Clásico Doble Hoja 12 Rollos,239.00 USD (x1),299.00 USD (x1),https://www.super99.com/20139983-elite-papel-higienico-cuidado-clasico-doble-hoja-12-rollos
Aseo del Hogar,SUAVITEL SUAVIZANTE FRESH SPRING 4/4.8L,1099.00 USD (x1),1099.00 USD (x1),https://www.super99.com/20140069-suavitel-suavizante-fresh-spring-4-4-8l
Aseo del Hogar,Downy Liberador Arrugas Spray Frs 33.8Oz,1199.00 USD (x1),1199.00 USD (x1),https://www.super99.com/20147692-downy-liberador-arrugas-spray-frs-33-8oz
Aseo del Hogar,Plastimar Vaso Para Café Polymar 6 Oz 40 Unidades,305.00 USD (x1),305.00 USD (x1),https://www.super99.com/10064008-plastimar-vaso-p-cafe-polymar-6-oz-25-40
Aseo del Hogar,Plastimar Tenedores Transparentes 20 Unidades,119.00 USD (x1),119.00 USD (x1),https://www.super99.com/10064041-plastimar-tenedores-transparentes-50-20
Aseo del Hogar,Easy Off Oven Cleaner 14.5Oz,919.00 USD (x1),919.00 USD (x1),https://www.super99.com/10111330-easy-off-oven-cleaner-14-5oz
Aseo del Hogar,SUAVITEL FRESCA PRIM,184.00 USD (x1),209.00 USD (x1),https://www.super99.com/10132672-suavitel-fresca-prim
Aseo del Hogar,Axion Tripack Lavaplatos Limon 425g,389.00 USD (x1),389.00 USD (x1),https://www.super99.com/10132694-axion-tripack-lavaplatos-limon-425g
Aseo del Hogar,DETERGENTE 1-2-3 10/,32.00 USD (x1),355.00 USD (x1),https://www.super99.com/10133873-detergente-1-2-3-10
Aseo del Hogar,BAKING SODA 4 LIBRAS,499.00 USD (x1),499.00 USD (x1),https://www.super99.com/10145507-baking-soda-4-libras
Aseo del Hogar,VELAS BUJIAS SAN JOS,199.00 USD (x1),199.00 USD (x1),https://www.super99.com/10161166-velas-bujias-san-jos
Aseo del Hogar,Acar Klean LiquidO Ocean Spray 400ml,1649.00 USD (x1),1649.00 USD (x1),https://www.super99.com/20010202-acar-klean-liquido-ocean-spray-400ml
Aseo del Hogar,ELITE PAP H SOFTMAX 12R,429.00 USD (x1),539.00 USD (x1),https://www.super99.com/20106369-elite-pap-h-softmax-12r
Aseo del Hogar,Bonaire Desinfectante Cool Water Aerosol 250m,297.00 USD (x1),297.00 USD (x1),https://www.super99.com/20117212-bonaire-desinfectante-cool-water-aerosol-250m
Aseo del Hogar,Dr Beckmann Jabon Magico Quitamancha 100g,225.00 USD (x1),225.00 USD (x1),https://www.super99.com/20122206-dr-beckmann-jabon-magico-quitamancha-100g
Aseo del Hogar,DREFT DET LIQ BB 92OZ,1999.00 USD (x1),1999.00 USD (x1),https://www.super99.com/20132001-dreft-det-liq-bb-92oz
Aseo del Hogar,SWIFT DETR LIQ FRESH APPLE,1259.00 USD (x1),1259.00 USD (x1),https://www.super99.com/20147392-swift-detr-liq-fresh-apple
Aseo del Hogar,PLASTIFAR VASO 5 OZ 50/50,145.00 USD (x1),145.00 USD (x1),https://www.super99.com/10052599-plastifar-vaso-5-oz-50-50
Aseo del Hogar,PLASTIFAR VASO DE 3/4 0Z. 20/250,199.00 USD (x1),199.00 USD (x1),https://www.super99.com/10052612-plastifar-vaso-de-3-4-0z-20-250
Aseo del Hogar,PLATO ESPUMADO 9,149.00 USD (x1),149.00 USD (x1),https://www.super99.com/10064062-plato-espumado-9
Aseo del Hogar,Ceresina 8oz,239.00 USD (x1),239.00 USD (x1),https://www.super99.com/10076278-ceresina-8oz
Aseo del Hogar,CLOROX REGULAR 128OZ,369.00 USD (x1),369.00 USD (x1),https://www.super99.com/10082510-clorox-regular-128oz
Aseo del Hogar,Bh Alcanforina 225g,185.00 USD (x1),185.00 USD (x1),https://www.super99.com/10107360-bh-alcanforina-225g
Aseo del Hogar,FABULOSO LIMP LAVANDA 900ML,169.00 USD (x1),245.00 USD (x1),https://www.super99.com/10132597-fabuloso-limp-lavanda-900ml
Aseo del Hogar,POLVO MATA CUCARACHA 5 GRAMOS,65.00 USD (x1),65.00 USD (x1),https://www.super99.com/20041432-polvo-mata-cucaracha-5-gramos
Aseo del Hogar,RESOLVE PET EXPERT OLORES MASCOTA 22OZ,599.00 USD (x1),599.00 USD (x1),https://www.super99.com/20055669-resolve-pet-expert-olores-mascota-22oz
Aseo del Hogar,TAPA P/VASO CAFE 8OZ 50UN,289.00 USD (x1),289.00 USD (x1),https://www.super99.com/20077796-tapa-p-vaso-cafe-8oz-50un
Aseo del Hogar,Papel Higiénico Scott Rindemax Doble Hoja 18 Rollos,1169.00 USD (x1),1169.00 USD (x1),https://www.super99.com/20078612-papel-higienico-scott-rindemax-doble-hoja-18-rollos
Aseo del Hogar,Toalla de Papel Desechable Scott Calorie Absorb 8 Rollos 60H,999.00 USD (x1),999.00 USD (x1),https://www.super99.com/20081403-toalla-de-papel-desechable-scott-calorie-absorb-8-rollos-60h
Aseo del Hogar,DLX PAPEL TOALLA 3CT,309.00 USD (x1),309.00 USD (x1),https://www.super99.com/20102673-dlx-papel-toalla-3ct
Aseo del Hogar,4D DETER BIC A/V 9000G,1999.00 USD (x1),1999.00 USD (x1),https://www.super99.com/20106434-4d-deter-bic-a-v-9000g
Aseo del Hogar,TENEDOR SOLAR,49.00 USD (x1),49.00 USD (x1),https://www.super99.com/20106633-tenedor-solar
Aseo del Hogar,TERNURA CLORO GALON,199.00 USD (x1),199.00 USD (x1),https://www.super99.com/20108242-ternura-cloro-galon
Aseo del Hogar,Clio Desinfectante Original 340 Ml,289.00 USD (x1),289.00 USD (x1),https://www.super99.com/20113618-clio-desinfectante-original-340-ml
Aseo del Hogar,Dr Beckmann Limpi Quitamanchas Sp 250ml,299.00 USD (x1),299.00 USD (x1),https://www.super99.com/20135523-dr-beckmann-limpi-quitamanchas-sp-250ml
Aseo del Hogar,SUAVIT F PRIMAVERA 2.8L,655.00 USD (x1),889.00 USD (x1),https://www.super99.com/20141305-suavit-f-primavera-2-8l
Aseo del Hogar,Lysol Laundry Refresher Linen Scent 22Oz,519.00 USD (x1),519.00 USD (x1),https://www.super99.com/20148699-lysol-laundry-refresher-linen-scent-22oz
Aseo del Hogar,SIP LIMP BIBERONES BEBE,559.00 USD (x1),559.00 USD (x1),https://www.super99.com/20154555-sip-limp-biberones-bebe
Aseo del Hogar,SOUFLES TRANSPARENTE 3/4 OZ(0.75)20/250,339.00 USD (x1),339.00 USD (x1),https://www.super99.com/10034581-soufles-transparente-3-4-oz-0-75-20-250
Aseo del Hogar,Formula 83 desengrasador 3.785L,685.00 USD (x1),685.00 USD (x1),https://www.super99.com/10035272-formula-83-desengrasador-3-785l
Aseo del Hogar,Plastifar Vaso Plastico 7Oz 50/50Ct,129.00 USD (x1),129.00 USD (x1),https://www.super99.com/10052596-plastifar-vaso-plastico-7oz-50-50ct
Aseo del Hogar,PLASTIMAR VASO PLASTICO 6-7 OZ 20/50,16.00 USD (x1),16.00 USD (x1),https://www.super99.com/10064014-plastimar-vaso-plastico-6-7-oz-20-50
Aseo del Hogar,PLASTIMAR TENEDORES BLANCOS 10/100 UN.,209.00 USD (x1),209.00 USD (x1),https://www.super99.com/10064044-plastimar-tenedores-blancos-10-100-un
Aseo del Hogar,Plastimar Cucharas Transparentes 50/20,119.00 USD (x1),119.00 USD (x1),https://www.super99.com/10064045-plastimar-cucharas-transparentes-50-20
Aseo del Hogar,Servilletas Scott Blanca 100U,119.00 USD (x1),119.00 USD (x1),https://www.super99.com/10072032-servilletas-scott-blanca-100u
Aseo del Hogar,Cuchara Chica Blanca 25 Feliz,55.00 USD (x1),55.00 USD (x1),https://www.super99.com/10076284-cuchara-chica-blanca-25-feliz
Aseo del Hogar,Theoto Palillos De Diente 200 Unidades,89.00 USD (x1),89.00 USD (x1),https://www.super99.com/10076950-theoto-palillos-de-diente-250-unidades
Aseo del Hogar,Clorox Anti Hongos 500ml,343.00 USD (x1),343.00 USD (x1),https://www.super99.com/10082432-clorox-anti-hongos-500ml
Aseo del Hogar,SAR NEUTRAL LIMON LIMPIADOR PISOS 1LT,499.00 USD (x1),499.00 USD (x1),https://www.super99.com/10084429-sar-neutral-limon-limpiador-pisos-1lt
Aseo del Hogar,LSL CITRUS WIPES 252GR,469.00 USD (x1),469.00 USD (x1),https://www.super99.com/10085730-lsl-citrus-wipes-252gr
Aseo del Hogar,Vanish Poder 02 Crystal White 900 g,1699.00 USD (x1),1699.00 USD (x1),https://www.super99.com/10085753-vanish-poder-02-crystal-white-900-g
Aseo del Hogar,MULTI CLEANER BAÑO ATOMIZADOR 20 ONZ.,319.00 USD (x1),319.00 USD (x1),https://www.super99.com/10088146-multi-cleaner-bano-atomizador-20-onz
Aseo del Hogar,Multi Cleaner Repuesto Ba#o 592ml,219.00 USD (x1),219.00 USD (x1),https://www.super99.com/10088147-multi-cleaner-repuesto-ba-o-592ml
Aseo del Hogar,JABON ZOTE BLANCO 200GR,105.00 USD (x1),105.00 USD (x1),https://www.super99.com/10104219-jabon-zote-blanco-200gr
Aseo del Hogar,TIZA PARA CUCARACHA CAJA 120 UNID.,25.00 USD (x1),25.00 USD (x1),https://www.super99.com/10122030-tiza-para-cucaracha-caja-120-unid
Aseo del Hogar,Alcanfor Bolsa 50g Caja 72 Unidades,69.00 USD (x1),69.00 USD (x1),https://www.super99.com/10122240-alcanfor-bolsa-50g-caja-72-unidades
Aseo del Hogar,Raid Acción Mortal 285 g,599.00 USD (x1),599.00 USD (x1),https://www.super99.com/10133971-raid-accion-mortal-285-g
Aseo del Hogar,ZIPLOC SANDWICH-BAGS,139.00 USD (x1),139.00 USD (x1),https://www.super99.com/10134358-ziploc-sandwich-bags
Aseo del Hogar,409 LIMPIADOR T/PROPOSITO,299.00 USD (x1),299.00 USD (x1),https://www.super99.com/10142367-409-limpiador-t-proposito
Aseo del Hogar,Plastimar Vasos Transparente 10 Oz 25 Unidades,135.00 USD (x1),135.00 USD (x1),https://www.super99.com/20012141-plastimar-vasos-transparente-10-oz-40-25
Aseo del Hogar,TIDE PODS SPRING MEADOW,1199.00 USD (x1),1199.00 USD (x1),https://www.super99.com/20045169-tide-pods-spring-meadow
Aseo del Hogar,TERNURA PAPEL TOALLA 65H,89.00 USD (x1),89.00 USD (x1),https://www.super99.com/20079044-ternura-papel-toalla-65h
Aseo del Hogar,Centinel Bolsa con Amarre Grande Negr 20 Unidades,529.00 USD (x1),529.00 USD (x1),https://www.super99.com/20084751-centinel-bolsa-con-amarre-grande-negr-20-unidades
Aseo del Hogar,ARIQL LIQ PODS 3N1 16CAP,659.00 USD (x1),659.00 USD (x1),https://www.super99.com/20085207-ariql-liq-pods-3n1-16cap
Aseo del Hogar,SAPOLIO LIMPIA HORNO SPRAY 12/360ML,249.00 USD (x1),249.00 USD (x1),https://www.super99.com/20086313-sapolio-limpia-horno-spray-12-360ml
Aseo del Hogar,Plastifar Fiambrera C-707 2 Div 4/50,499.00 USD (x1),499.00 USD (x1),https://www.super99.com/20090650-plastifar-fiambrera-c-707-2-div-4-50
Aseo del Hogar,SPUM NATURALS 3000G,629.00 USD (x1),629.00 USD (x1),https://www.super99.com/20095182-spum-naturals-3000g
Aseo del Hogar,Americano Deterg 3000GR,639.00 USD (x1),639.00 USD (x1),https://www.super99.com/20095465-americano-deterg-3000gr
Aseo del Hogar,123 Detergente Líquido Maxi Efecto 1L,299.00 USD (x1),299.00 USD (x1),https://www.super99.com/20095629-123-detergente-liquido-maxi-efecto-1l
Aseo del Hogar,ZESTA BOLSA AMARRE MED 22X24 NEGRA 12UN,139.00 USD (x1),139.00 USD (x1),https://www.super99.com/20104388-zesta-bolsa-amarre-med-22x24-negra-12un
Aseo del Hogar,TERNURA CLORO 1/2GLN,119.00 USD (x1),159.00 USD (x1),https://www.super99.com/20122353-ternura-cloro-1-2gln
Aseo del Hogar,ROCIO DETERGEN 2.5K,489.00 USD (x1),549.00 USD (x1),https://www.super99.com/20125739-rocio-detergen-2-5k
Aseo del Hogar,DREFT DET LIQ BB 92OZ,1999.00 USD (x1),1999.00 USD (x1),https://www.super99.com/20132004-dreft-det-liq-bb-92oz
Aseo del Hogar,TERNURA DESINF FLORAL,389.00 USD (x1),499.00 USD (x1),https://www.super99.com/20133912-ternura-desinf-floral
Aseo del Hogar,H.Bright Over Limpiador para Horno 13Oz,295.00 USD (x1),295.00 USD (x1),https://www.super99.com/20135223-h-bright-over-limpiador-para-horno-13oz
Aseo del Hogar,Big Puff Insecticida Aerosol Natural 750ml,619.00 USD (x1),619.00 USD (x1),https://www.super99.com/20135227-big-puff-insecticida-aerosol-natural-750ml
Aseo del Hogar,Ternura Papel Toalla Cocina Unidad 140h,129.00 USD (x1),129.00 USD (x1),https://www.super99.com/20138431-ternura-papel-toalla-cocina-unidad-140h
Aseo del Hogar,Dr. Beckmann Detergente Polvo Limpia Lavadoras 10g,205.00 USD (x1),205.00 USD (x1),https://www.super99.com/20142164-dr-beckmann-detergente-polvo-limpia-lavadoras-10g
Aseo del Hogar,BLIXI BOLS NEGR AGRR G,189.00 USD (x1),225.00 USD (x1),https://www.super99.com/20144700-blixi-bols-negr-agrr-g
Aseo del Hogar,Arm and Hammer Detergente Liquido Sensitive Skin Scent Dual He 33z,675.00 USD (x1),675.00 USD (x1),https://www.super99.com/20145679-arm-and-hammer-detergente-liquido-sensitive-skin-scent-dual-he-33z
Aseo del Hogar,SIP BB DET POLV 2835G,859.00 USD (x1),859.00 USD (x1),https://www.super99.com/20146367-sip-bb-det-polv-2835g
Aseo del Hogar,Detergente 10 en Polvo 900g,215.00 USD (x1),229.00 USD (x1),https://www.super99.com/20147147-detergente-10-en-polvo-900g
Aseo del Hogar,PUREZA SILVESTRE 700ML,166.00 USD (x1),195.00 USD (x1),https://www.super99.com/20149552-pureza-silvestre-700ml
Aseo del Hogar,123 DET BICARBONATO 4.65LT,999.00 USD (x1),1149.00 USD (x1),https://www.super99.com/20150779-123-det-bicarbonato-4-65lt
Aseo del Hogar,123 Detergente Limon 1kg,249.00 USD (x1),249.00 USD (x1),https://www.super99.com/20150781-123-detergente-limon-1kg
Aseo del Hogar,Fiambreras 6x6 para Hamburguesas 50,425.00 USD (x1),425.00 USD (x1),https://www.super99.com/10035082-fiambreras-6x6-para-hamburguesas-50
Aseo del Hogar,Clorox Desinfectante Wipes Lemon 35 Unidades,369.00 USD (x1),369.00 USD (x1),https://www.super99.com/10046037-clorox-desinfectante-wipes-lemon-35-unidades
Aseo del Hogar,PLASTIMAR CUCHARAS BLANCAS 10/100 UN,209.00 USD (x1),209.00 USD (x1),https://www.super99.com/10064042-plastimar-cucharas-blancas-10-100-un
Aseo del Hogar,Sip Apple Spice Desinf GALON,709.00 USD (x1),709.00 USD (x1),https://www.super99.com/10071771-sip-apple-spice-desinf-galon
Aseo del Hogar,SIP LIMPIADOR BIBERONES 24/370 ML,25.00 USD (x1),25.00 USD (x1),https://www.super99.com/10071801-sip-limpiador-biberones-24-370-ml
Aseo del Hogar,Ratax Trampa Pegante Para Ratones 1 Unidad,69.00 USD (x1),69.00 USD (x1),https://www.super99.com/10075330-ratax-trampa-pegante-para-ratones-1-unidad
Aseo del Hogar,VASO 8 ONZ.TRASLUCIDO PICNIC 40/25,149.00 USD (x1),149.00 USD (x1),https://www.super99.com/10075860-vaso-8-onz-traslucido-picnic-40-25
Aseo del Hogar,Fiambreras 7x7 S/D Termo Foam 50,629.00 USD (x1),629.00 USD (x1),https://www.super99.com/10075878-fiambreras-7x7-s-d-termo-foam-50
Aseo del Hogar,PASTILLA DE CLORO P/PISCINA 1 LB.,216.00 USD (x1),216.00 USD (x1),https://www.super99.com/10075927-pastilla-de-cloro-p-piscina-1-lb
Aseo del Hogar,Home Select Snack Bags Zipper Seal Pack 50,159.00 USD (x1),159.00 USD (x1),https://www.super99.com/10080168-home-select-snack-bags-zipper-seal-pack-50
Aseo del Hogar,RESOLVE CARPET CLEANER 12/22 OZ,659.00 USD (x1),659.00 USD (x1),https://www.super99.com/10085709-resolve-carpet-cleaner-12-22-oz
Aseo del Hogar,Zote Jabón Blanco 400 g,209.00 USD (x1),209.00 USD (x1),https://www.super99.com/10104218-zote-jabon-blanco-400-g
Aseo del Hogar,Bolsa para Basura 23x30 12 Fuerte-1,89.00 USD (x1),89.00 USD (x1),https://www.super99.com/10107364-bolsa-para-basura-23x30-12-fuerte-1
Aseo del Hogar,IVORY ULTRA ORIG 24OZ,365.00 USD (x1),365.00 USD (x1),https://www.super99.com/10115646-ivory-ultra-orig-24oz
Aseo del Hogar,Goma Para Ratones Gomin Cola 110g,315.00 USD (x1),315.00 USD (x1),https://www.super99.com/10124324-goma-para-ratones-gomin-cola-110g
Aseo del Hogar,Vel Lavaplatos Liquido Rosa 600 ml,415.00 USD (x1),415.00 USD (x1),https://www.super99.com/10132654-vel-lavaplatos-liquido-rosa-600-ml
Aseo del Hogar,"""Centinel Bolsas Pequeñas Para Basura 18"""" X 18"""" 12 Unidades""",125.00 USD (x1),125.00 USD (x1),https://www.super99.com/10134162-centinel-bolsas-pequenas-para-basura-18-x-18-12-unidades
Aseo del Hogar,RAID ELECTRI.LAMINITA APARATO CJ/12,659.00 USD (x1),659.00 USD (x1),https://www.super99.com/10134258-raid-electri-laminita-aparato-cj-12
Aseo del Hogar,Familia Papel Toalla Acolchamax 1 Unidad,319.00 USD (x1),319.00 USD (x1),https://www.super99.com/10147484-familia-papel-toalla-acolchamax-1-unidad
Aseo del Hogar,San José Vela 7 Días con Vaso Blanca 1 unidad,469.00 USD (x1),469.00 USD (x1),https://www.super99.com/10161161-san-jose-vela-7-dias-con-vaso-blanca-1-unidad
Aseo del Hogar,Plato De Foam #8 Termo Foam 20/25 Unid.,175.00 USD (x1),175.00 USD (x1),https://www.super99.com/20009222-plato-de-foam-8-termo-foam-20-25-unid
Aseo del Hogar,"BEST VLE ALUMINUM25""",139.00 USD (x1),139.00 USD (x1),https://www.super99.com/20012691-best-vle-aluminum25
Aseo del Hogar,RAID LIQUIDO ELECTRIC 30N APARATO CJ/12,699.00 USD (x1),699.00 USD (x1),https://www.super99.com/20042820-raid-liquido-electric-30n-aparato-cj-12
Aseo del Hogar,PLASTIMAR VASOS PLASTICOS 40/25 10 OZ,95.00 USD (x1),95.00 USD (x1),https://www.super99.com/20046953-plastimar-vasos-plasticos-40-25-10-oz
Aseo del Hogar,SAPO AMBIENT POPURRI,219.00 USD (x1),219.00 USD (x1),https://www.super99.com/20086308-sapo-ambient-popurri
Aseo del Hogar,Downy Suavizante Floral 1.4L,459.00 USD (x1),459.00 USD (x1),https://www.super99.com/20095695-downy-suavizante-floral-1-4l
Aseo del Hogar,Sanytol Limpiador Cocina Spray 750ML,388.00 USD (x1),388.00 USD (x1),https://www.super99.com/20096569-sanytol-limpiador-cocina-spray-750ml
Aseo del Hogar,ROAD MASTER POTASA LIQUIDA 12/32OZ,259.00 USD (x1),259.00 USD (x1),https://www.super99.com/20106819-road-master-potasa-liquida-12-32oz
Aseo del Hogar,Sirena Cloro 3.785 L,209.00 USD (x1),209.00 USD (x1),https://www.super99.com/20113779-sirena-cloro-3-785-l
Aseo del Hogar,Bionature Plato Papel #6 20 Unidades,15.00 USD (x1),15.00 USD (x1),https://www.super99.com/20123345-bionature-plato-papel-6-20-unidades
Aseo del Hogar,TERNURA DET LIQ R OSCURA,389.00 USD (x1),499.00 USD (x1),https://www.super99.com/20129721-ternura-det-liq-r-oscura
Aseo del Hogar,Elite Gold Servilleta Coctel 50 Piezas,49.00 USD (x1),49.00 USD (x1),https://www.super99.com/20129802-elite-gold-servilleta-coctel-50-piezas
Aseo del Hogar,Blixi Bolsa Cierre Ancho Grande 20 Unidades,239.00 USD (x1),239.00 USD (x1),https://www.super99.com/20130543-blixi-bolsa-cierre-ancho-grande-20-unidades
Aseo del Hogar,PAPEL HIGIENICO DOBLE 2P 12RO,405.00 USD (x1),519.00 USD (x1),https://www.super99.com/20132346-papel-higienico-doble-2p-12ro
Aseo del Hogar,ZOTE DETERGENTE LIQUIDO ROSA 12/1 LT,345.00 USD (x1),345.00 USD (x1),https://www.super99.com/20133212-zote-detergente-liquido-rosa-12-1-lt
Aseo del Hogar,S99 PLATO CART N9 25U,259.00 USD (x1),259.00 USD (x1),https://www.super99.com/20133245-s99-plato-cart-n9-25u
Aseo del Hogar,Glade Varitas Aromatizante Canela 100ml,729.00 USD (x1),729.00 USD (x1),https://www.super99.com/20134697-glade-varitas-aromatizante-canela-100ml
Aseo del Hogar,Lysol 2 Pack Crisp Linen Spray 19oz,1269.00 USD (x1),1269.00 USD (x1),https://www.super99.com/20136025-lysol-2-pack-crisp-linen-spray-19oz
Aseo del Hogar,Ternura Detergente Bebé 2L,389.00 USD (x1),499.00 USD (x1),https://www.super99.com/20136198-ternura-detergente-bebe-2l
Aseo del Hogar,RAID INSECTIC CASA JARD EUCALIP 12/285ML,425.00 USD (x1),425.00 USD (x1),https://www.super99.com/20138500-raid-insectic-casa-jard-eucalip-12-285ml
Aseo del Hogar,Finish Detergente Gel Lavajilla Limon 75Oz,699.00 USD (x1),699.00 USD (x1),https://www.super99.com/20138714-finish-detergente-gel-lavajilla-limon-75oz
Aseo del Hogar,Airwick Electrico Repuesto 5 Pack Watermelon Berries,1549.00 USD (x1),1549.00 USD (x1),https://www.super99.com/20139119-airwick-electrico-repuesto-5-pack-watermelon-berries
Aseo del Hogar,SET 12 COPAS PLASTICA MARGARITA,699.00 USD (x1),699.00 USD (x1),https://www.super99.com/20141367-set-12-copas-plastica-margarita
Aseo del Hogar,Hefty Vasos Plasticto Transparente 9Oz 40ct,399.00 USD (x1),399.00 USD (x1),https://www.super99.com/20144147-hefty-vasos-plasticto-transparente-9oz-40ct
Aseo del Hogar,Axion Lavaplato Xtreme Liquido 640ml,415.00 USD (x1),415.00 USD (x1),https://www.super99.com/20144899-axion-lavaplato-xtreme-liquido-640ml
Aseo del Hogar,Mas Color Detergente Líquido 4.65 Litros,1949.00 USD (x1),1949.00 USD (x1),https://www.super99.com/20145758-mas-color-detergente-liquido-4-65-litros
Aseo del Hogar,TERNURA SERVILLETA 100UN,39.00 USD (x1),49.00 USD (x1),https://www.super99.com/20147228-ternura-servilleta-100un
Aseo del Hogar,Harpic Extrafuerte Limpiador Inodoro 200ml,179.00 USD (x1),179.00 USD (x1),https://www.super99.com/20147418-harpic-extrafuerte-limpiador-inodoro-200ml
Aseo del Hogar,"""SRPB PLATOS ULTRA DECO 10.06"""" 12/20CT""",299.00 USD (x1),299.00 USD (x1),https://www.super99.com/20148536-srpb-platos-ultra-deco-10-06-12-20ct
Aseo del Hogar,JULIETA SUAVIZANTE 800ML,139.00 USD (x1),139.00 USD (x1),https://www.super99.com/20150993-julieta-suavizante-800ml
Aseo del Hogar,MB SERENIA SUAVIZ BOT 850ML,255.00 USD (x1),255.00 USD (x1),https://www.super99.com/20152321-mb-serenia-suaviz-bot-850ml
Aseo del Hogar,CHARMIN PAPEL HIG STRONG 8/4MR,649.00 USD (x1),649.00 USD (x1),https://www.super99.com/20154908-charmin-papel-hig-strong-8-4mr
Aseo del Hogar,SUPER 99 SERVILLETA CUADRADA 24/100UN,59.00 USD (x1),59.00 USD (x1),https://www.super99.com/20154992-super-99-servilleta-cuadrada-24-100un
Aseo del Hogar,GLADE AUTOMATICO APARATO NECTARINE 175G,1949.00 USD (x1),1949.00 USD (x1),https://www.super99.com/20162330-glade-automatico-aparato-nectarine-175g
Aseo del Hogar,Niagara Original Almidon 20Oz,325.00 USD (x1),325.00 USD (x1),https://www.super99.com/10042252-niagara-original-almidon-20oz
Aseo del Hogar,Plastifar Vaso Foam 12Oz 40/25Ct,169.00 USD (x1),169.00 USD (x1),https://www.super99.com/10052601-plastifar-vaso-foam-12oz-40-25ct
Aseo del Hogar,MR MUSCULO ANTIGRASA,259.00 USD (x1),259.00 USD (x1),https://www.super99.com/10056668-mr-musculo-antigrasa
Aseo del Hogar,PLASTIMAR CUCHARAS SOPERA 50/20 UNID,47.00 USD (x1),47.00 USD (x1),https://www.super99.com/10064011-plastimar-cucharas-sopera-50-20-unid
Aseo del Hogar,PLASTIMAR CUCHARAS SOPERA BCA 10/100UN,209.00 USD (x1),209.00 USD (x1),https://www.super99.com/10064043-plastimar-cucharas-sopera-bca-10-100un
Aseo del Hogar,Plastimar Plato Espumado #8 20 Unidades,13.00 USD (x1),13.00 USD (x1),https://www.super99.com/10064061-plastimar-plato-espumado-8-25-20-unid
Aseo del Hogar,Escoba Festival N°3 F/Plastica,305.00 USD (x1),305.00 USD (x1),https://www.super99.com/10067974-escoba-festival-n-3-f-plastica
Aseo del Hogar,SIP BEBE REFIL 1000GR,349.00 USD (x1),349.00 USD (x1),https://www.super99.com/10071719-sip-bebe-refil-1000gr
Aseo del Hogar,SIP VERDE LAVAP 425GR,139.00 USD (x1),169.00 USD (x1),https://www.super99.com/10071726-sip-verde-lavap-425gr
Aseo del Hogar,SIP ROSA CR JUMBO 1000G,349.00 USD (x1),349.00 USD (x1),https://www.super99.com/10071733-sip-rosa-cr-jumbo-1000g
Aseo del Hogar,PLATO HONDO #6 TERMO FOAM 20/25,139.00 USD (x1),139.00 USD (x1),https://www.super99.com/10075890-plato-hondo-6-termo-foam-20-25
Aseo del Hogar,PENTADRIN 1/2 GALON CAJA 6 UNID.,559.00 USD (x1),559.00 USD (x1),https://www.super99.com/10075975-pentadrin-1-2-galon-caja-6-unid
Aseo del Hogar,X-14 LIMPIA REMOVEDOR MOHO 12/16 OZ,355.00 USD (x1),355.00 USD (x1),https://www.super99.com/10080001-x-14-limpia-removedor-moho-12-16-oz
Aseo del Hogar,Formula 83 desengrasador 960ml,399.00 USD (x1),399.00 USD (x1),https://www.super99.com/10080046-formula-83-desengrasador-960ml
Aseo del Hogar,Vanish Poder 02 Crystal White 450 g,879.00 USD (x1),879.00 USD (x1),https://www.super99.com/10085755-vanish-poder-02-crystal-white-450-g
Aseo del Hogar,Easy Off Pasta Pote 476g,459.00 USD (x1),459.00 USD (x1),https://www.super99.com/10085771-easy-off-pasta-pote-476g
Aseo del Hogar,JABON FINO AÑIL RINA 140GR,75.00 USD (x1),75.00 USD (x1),https://www.super99.com/10088315-jabon-fino-anil-rina-140gr
Aseo del Hogar,ALCANFORINA DOS TIGR,169.00 USD (x1),169.00 USD (x1),https://www.super99.com/10088566-alcanforina-dos-tigr
Aseo del Hogar,Lux Kangaru 1 Gl,728.00 USD (x1),728.00 USD (x1),https://www.super99.com/10088665-lux-kangaru-1-gl
Aseo del Hogar,Scotch Brite Esponja de Limpieza Pesada 1 unidad,199.00 USD (x1),199.00 USD (x1),https://www.super99.com/10088872-scotch-brite-esponja-de-limpieza-pesada-1-unidad
Aseo del Hogar,Alcanforina 100g,99.00 USD (x1),99.00 USD (x1),https://www.super99.com/10107359-alcanforina-100g
Aseo del Hogar,WEIMAN GRANITE CLEANER PLSH 12 OZ,699.00 USD (x1),699.00 USD (x1),https://www.super99.com/10111322-weiman-granite-cleaner-plsh-12-oz
Aseo del Hogar,Mult-Ipack Vasos Foam 4Oz 50 Unidades,199.00 USD (x1),199.00 USD (x1),https://www.super99.com/10123189-mult-ipack-vasos-foam-4oz-50-unidades
Aseo del Hogar,Trapeador Fantastic Zig-Zag Argaman,139.00 USD (x1),139.00 USD (x1),https://www.super99.com/10123210-trapeador-fantastic-zig-zag-argaman
Aseo del Hogar,Zote Trío Jabón Blanco 200 g,309.00 USD (x1),309.00 USD (x1),https://www.super99.com/10128594-zote-trio-jabon-blanco-200-g
Aseo del Hogar,LAVAPLATOS VEL LIQUI,447.00 USD (x1),545.00 USD (x1),https://www.super99.com/10132655-lavaplatos-vel-liqui
Aseo del Hogar,LAVAPLATOS VEL CREMA,179.00 USD (x1),179.00 USD (x1),https://www.super99.com/10132659-lavaplatos-vel-crema
Aseo del Hogar,Gloss Limpiador de Muebles en Crema de Naranja 240ml,239.00 USD (x1),239.00 USD (x1),https://www.super99.com/10133151-gloss-limpiador-de-muebles-en-crema-de-naranja-240ml
Aseo del Hogar,"""Centinel Bolsas Pequeñas Para Basura 18"""" X 18"""" Con Aroma A Vainilla 12 Unidades""",125.00 USD (x1),125.00 USD (x1),https://www.super99.com/10134191-centinel-bolsas-pequenas-para-basura-18-x-18-con-aroma-a-vainilla-12-unidades
Aseo del Hogar,Centinel Bolsas Transparentes 6 Unidades,379.00 USD (x1),379.00 USD (x1),https://www.super99.com/10134194-centinel-bolsas-transparentes-6-unidades
Aseo del Hogar,PATO PURIFIC LIQUIDO,389.00 USD (x1),389.00 USD (x1),https://www.super99.com/10134266-pato-purific-liquido
Aseo del Hogar,PPURIFIC ADV LIQ VERDE,389.00 USD (x1),389.00 USD (x1),https://www.super99.com/10134267-ppurific-adv-liq-verde
Aseo del Hogar,ZIPLOC FREEZER QUART 12/20 CT.,235.00 USD (x1),235.00 USD (x1),https://www.super99.com/10134356-ziploc-freezer-quart-12-20-ct
Aseo del Hogar,ZIPLOC FREEZER BAGS GALLON 12/13 CT,245.00 USD (x1),245.00 USD (x1),https://www.super99.com/10134357-ziploc-freezer-bags-gallon-12-13-ct
Aseo del Hogar,Lysol Spray Fresh Lehn 12oz,712.00 USD (x1),712.00 USD (x1),https://www.super99.com/10146696-lysol-spray-fresh-lehn-12oz
Aseo del Hogar,Aceite Rojo 3 En 1 Lustrador 240ml,365.00 USD (x1),365.00 USD (x1),https://www.super99.com/10146752-aceite-rojo-3-en-1-lustrador-240ml
Aseo del Hogar,Dos Tigres Insecticida Aerosol 550ml,519.00 USD (x1),519.00 USD (x1),https://www.super99.com/10147448-dos-tigres-insecticida-aerosol-550ml
Aseo del Hogar,INSECTICIDA DOS TIGR,35.00 USD (x1),35.00 USD (x1),https://www.super99.com/10147449-insecticida-dos-tigr
Aseo del Hogar,Centinel Tenedor Plastico Oxo Paquete 24 Unidades,115.00 USD (x1),115.00 USD (x1),https://www.super99.com/20011967-centinel-tenedor-plastico-oxo-paquete-24-unidades
Aseo del Hogar,Centinel Vaso #12 Oxo 24 Unidades,189.00 USD (x1),189.00 USD (x1),https://www.super99.com/20012042-centinel-vaso-12-oxo-24-unidades
Aseo del Hogar,Centinel Bolsa Extra Grande Negro 12 Unidades,319.00 USD (x1),319.00 USD (x1),https://www.super99.com/20014366-centinel-bolsa-extra-grande-negro-12-unidades
Aseo del Hogar,Jabon Zote en Escamas 500g,305.00 USD (x1),305.00 USD (x1),https://www.super99.com/20015464-jabon-zote-en-escamas-500g
Aseo del Hogar,Harpic Removedor de Sarro 750ml,469.00 USD (x1),469.00 USD (x1),https://www.super99.com/20019109-harpic-removedor-de-sarro-750ml
Aseo del Hogar,ARM&HAMMER DESODORIZANTE MASCOTA 946ML,749.00 USD (x1),749.00 USD (x1),https://www.super99.com/20033388-arm-hammer-desodorizante-mascota-946ml
Aseo del Hogar,PLEDGE WOODS LIMP/BRILLO MADERA 12/230GR,849.00 USD (x1),849.00 USD (x1),https://www.super99.com/20036462-pledge-woods-limp-brillo-madera-12-230gr
Aseo del Hogar,Cepillo De Zapatos Deluxe,139.00 USD (x1),139.00 USD (x1),https://www.super99.com/20037791-cepillo-de-zapatos-deluxe
Aseo del Hogar,FIAMBRERA 8X8 SD 50UN,599.00 USD (x1),599.00 USD (x1),https://www.super99.com/20043677-fiambrera-8x8-sd-50un
Aseo del Hogar,Corazzi Esponja Heavy Duty Celulosa,175.00 USD (x1),175.00 USD (x1),https://www.super99.com/20045762-corazzi-esponja-heavy-duty-celulosa
Aseo del Hogar,REYNOLD SURE SEAL CLING,269.00 USD (x1),269.00 USD (x1),https://www.super99.com/20049206-reynold-sure-seal-cling
Aseo del Hogar,Glade Automatico Paraiso Azul Aparato 175,1699.00 USD (x1),1699.00 USD (x1),https://www.super99.com/20052774-glade-automatico-paraiso-azul-aparato-175
Aseo del Hogar,Rendidor Detergente Líquido Quitamanchas 2 Litros,769.00 USD (x1),769.00 USD (x1),https://www.super99.com/20054225-rendidor-detergente-liquido-quitamanchas-2-litros
Aseo del Hogar,AMERICANO POLVO 900G,229.00 USD (x1),229.00 USD (x1),https://www.super99.com/20059868-americano-polvo-900g
Aseo del Hogar,REYNOLDS PAPEL 200 FT,1949.00 USD (x1),1949.00 USD (x1),https://www.super99.com/20064111-reynolds-papel-200-ft
Aseo del Hogar,Arm & Hammer Pure Baking Soda 2lb,289.00 USD (x1),289.00 USD (x1),https://www.super99.com/20075467-arm-hammer-pure-baking-soda-2lb
Aseo del Hogar,TERNURA PPEL TOALLA NAT 2HX2 65H,149.00 USD (x1),149.00 USD (x1),https://www.super99.com/20092498-ternura-ppel-toalla-nat-2hx2-65h
Aseo del Hogar,ROSAL PAPEL HIG 3P 275H,289.00 USD (x1),289.00 USD (x1),https://www.super99.com/20093741-rosal-papel-hig-3p-275h
Aseo del Hogar,Downy Liquido Enjuague Floral 360ml,119.00 USD (x1),119.00 USD (x1),https://www.super99.com/20097707-downy-liquido-enjuague-floral-360ml
Aseo del Hogar,SCOTCH BRITE ESPONJA EXTREMA,199.00 USD (x1),199.00 USD (x1),https://www.super99.com/20099568-scotch-brite-esponja-extrema
Aseo del Hogar,WINDEX ORIGINAL DOY PACK AZUL 500ML,249.00 USD (x1),249.00 USD (x1),https://www.super99.com/20103726-windex-original-doy-pack-azul-500ml
Aseo del Hogar,Hojas Para Secadoras Bounce Outdoor Fresh con Suavizante 34 Unidades,329.00 USD (x1),329.00 USD (x1),https://www.super99.com/20106985-hojas-para-secadoras-bounce-outdoor-fresh-con-suavizante-34-unidades
Aseo del Hogar,FEBZ AIR HD MASC 8.8OZ,379.00 USD (x1),379.00 USD (x1),https://www.super99.com/20108530-febz-air-hd-masc-8-8oz
Aseo del Hogar,AXION DW LIMON 1.4LT,495.00 USD (x1),619.00 USD (x1),https://www.super99.com/20108536-axion-dw-limon-1-4lt
Aseo del Hogar,Blixi Papel Aluminio 50ft,289.00 USD (x1),289.00 USD (x1),https://www.super99.com/20108655-blixi-papel-aluminio-50ft
Aseo del Hogar,Eazzz Cepillo para Limpiar Inodoro,199.00 USD (x1),199.00 USD (x1),https://www.super99.com/20109687-eazzz-cepillo-para-limpiar-inodoro
Aseo del Hogar,Essevrydy Bolsa Basura 8 Galones 20 Unidades,75.00 USD (x1),75.00 USD (x1),https://www.super99.com/20110574-essevrydy-bolsa-basura-8-galones-20-unidades
Aseo del Hogar,DETERGENTE LIQUIDO BEBE 1500ML,539.00 USD (x1),599.00 USD (x1),https://www.super99.com/20113209-detergente-liquido-bebe-1500ml
Aseo del Hogar,Papel Higiénico Húmedo Scott 48U,248.00 USD (x1),248.00 USD (x1),https://www.super99.com/20114622-papel-higienico-humedo-scott-48u
Aseo del Hogar,SIP CREMA ECO GREEN 1000G,359.00 USD (x1),359.00 USD (x1),https://www.super99.com/20117276-sip-crema-eco-green-1000g
Aseo del Hogar,ROSAL P H 3PLY 12ROLLO,759.00 USD (x1),759.00 USD (x1),https://www.super99.com/20117443-rosal-p-h-3ply-12rollo
Aseo del Hogar,ELITE PTOA COCINA PRO 1R,109.00 USD (x1),129.00 USD (x1),https://www.super99.com/20117852-elite-ptoa-cocina-pro-1r
Aseo del Hogar,ELIT PH COLOR 32ROLLO,699.00 USD (x1),799.00 USD (x1),https://www.super99.com/20119823-elit-ph-color-32rollo
Aseo del Hogar,SIP DET LILAS FLORES 3000GR,789.00 USD (x1),789.00 USD (x1),https://www.super99.com/20120698-sip-det-lilas-flores-3000gr
Aseo del Hogar,ROAD MASTER LIMPIADOR ALUMINIO 6/32OZ,459.00 USD (x1),459.00 USD (x1),https://www.super99.com/20126891-road-master-limpiador-aluminio-6-32oz
Aseo del Hogar,Pato Gel Destructor Sarro Mugre 710Ml,449.00 USD (x1),449.00 USD (x1),https://www.super99.com/20128768-pato-gel-destructor-sarro-mugre-9-710ml
Aseo del Hogar,SPIDERMAN PLATO MASCOTA MEDIUM,799.00 USD (x1),799.00 USD (x1),https://www.super99.com/20129597-spiderman-plato-mascota-medium
Aseo del Hogar,Dixie Mildex Limpiador Hongo Humedad 33oz,435.00 USD (x1),435.00 USD (x1),https://www.super99.com/20132257-dixie-mildex-limpiador-hongo-humedad-33oz
Aseo del Hogar,PAPEL HIG UNICO ULTRA 350H 8/6RO,419.00 USD (x1),419.00 USD (x1),https://www.super99.com/20132547-papel-hig-unico-ultra-350h-8-6ro
Aseo del Hogar,Black Flag Multi Insectos Sin Olor 300ml,425.00 USD (x1),425.00 USD (x1),https://www.super99.com/20133907-black-flag-multi-insectos-sin-olor-300ml
Aseo del Hogar,VARITAS AROMATIZ AMB CHERRY 100ML,729.00 USD (x1),729.00 USD (x1),https://www.super99.com/20134699-varitas-aromatiz-amb-cherry-100ml
Aseo del Hogar,Windex Limpiador Liq Trigger Azul 640Ml,499.00 USD (x1),499.00 USD (x1),https://www.super99.com/20134712-windex-limpiador-liq-trigger-azul-640ml
Aseo del Hogar,TERN SUAV BEBE hip 800ml,99.00 USD (x1),139.00 USD (x1),https://www.super99.com/20136199-tern-suav-bebe-hip-800ml
Aseo del Hogar,ARIEL REVITACOLOR 2KG,839.00 USD (x1),839.00 USD (x1),https://www.super99.com/20136491-ariel-revitacolor-2kg
Aseo del Hogar,Calif Scent New Car Cool Gel 2.5oz,145.00 USD (x1),145.00 USD (x1),https://www.super99.com/20136556-calif-scent-new-car-cool-gel-2-5oz
Aseo del Hogar,RAID CASA JARDIN ESEN EUCALIPTO 12/400ML,599.00 USD (x1),599.00 USD (x1),https://www.super99.com/20137257-raid-casa-jardin-esen-eucalipto-12-400ml
Aseo del Hogar,California Scent Ambient Cherry Palms,115.00 USD (x1),115.00 USD (x1),https://www.super99.com/20139188-california-scent-ambient-cherry-palms
Aseo del Hogar,ELITE P HIG ULTRA SUAVE 4R,139.00 USD (x1),169.00 USD (x1),https://www.super99.com/20140066-elite-p-hig-ultra-suave-4r
Aseo del Hogar,Dr. Beckmann Detergente Polvo No Cloro Sup Blan 80g,205.00 USD (x1),205.00 USD (x1),https://www.super99.com/20142162-dr-beckmann-detergente-polvo-no-cloro-sup-blan-80g
Aseo del Hogar,THE PINK STUFF MIRACLE CLEANING PASTE 500G,799.00 USD (x1),799.00 USD (x1),https://www.super99.com/20143133-tpink-stuff-miracle-cleaning-paste-500g
Aseo del Hogar,PLEDGE MULTISUPERFIE LAVANDA 275ML,459.00 USD (x1),459.00 USD (x1),https://www.super99.com/20143244-pledge-multisuperfi-lavanda-12-275ml
Aseo del Hogar,5 five Copas Plasticas 35cl,199.00 USD (x1),199.00 USD (x1),https://www.super99.com/20143739-5-five-copas-plasticas-35cl
Aseo del Hogar,WEIMAN LIMPIADOR MADERA SPRAY 6/16OZ,799.00 USD (x1),799.00 USD (x1),https://www.super99.com/20143958-weiman-limpiador-madera-spray-6-16oz
Aseo del Hogar,Hefty Vasos Plastico Surtido 16Oz 100 Unidades,899.00 USD (x1),899.00 USD (x1),https://www.super99.com/20144016-hefty-vasos-plastico-surtido-16oz-100-unidades
Aseo del Hogar,DWN UNSTPBLS FRESH 5Z,455.00 USD (x1),455.00 USD (x1),https://www.super99.com/20144361-dwn-unstpbls-fresh-5z
Aseo del Hogar,DWN UNSTPBL LUSH 24Z,1199.00 USD (x1),1599.00 USD (x1),https://www.super99.com/20144369-dwn-unstpbl-lush-24z
Aseo del Hogar,Contraste 3 Pack Paño Esponja Super Absorbente,339.00 USD (x1),339.00 USD (x1),https://www.super99.com/20144626-cntrs-3pk-pano-esponj-sup-absor
Aseo del Hogar,CNTR GUANTE MULTUS G,242.00 USD (x1),285.00 USD (x1),https://www.super99.com/20144629-cntr-guante-multus-g
Aseo del Hogar,Blixi Papel Aluminio Extra Fuerte 16ft,189.00 USD (x1),189.00 USD (x1),https://www.super99.com/20144697-blixi-papel-aluminio-extra-fuerte-16ft
Aseo del Hogar,BLIXI BOLSA NEG GIGANTE,259.00 USD (x1),309.00 USD (x1),https://www.super99.com/20144703-blixi-bolsa-neg-gigante
Aseo del Hogar,Ace 5pk Paño Microfibra Multiusos Surtido,35.00 USD (x1),35.00 USD (x1),https://www.super99.com/20144916-ace-5pk-pano-microfibra-multiusos-surtido
Aseo del Hogar,Hv Set 25 Platos Papel 7 Pulg,199.00 USD (x1),199.00 USD (x1),https://www.super99.com/20145641-hv-25pk-platos-pape-7pulg
Aseo del Hogar,Elite Papel Higienico Doble Hoja Suave Resistente 4 Rollos,149.00 USD (x1),149.00 USD (x1),https://www.super99.com/20146560-elite-papel-higienico-doble-hoja-suave-resistente-4-rollos
Aseo del Hogar,Ariel Detergente 2 Pack Regular Polvo 1.5k,749.00 USD (x1),749.00 USD (x1),https://www.super99.com/20147185-ariel-detergente-2-pack-regular-polvo-1-5k
Aseo del Hogar,Airwick Spray Neutralizador de Olores Eucalipto Flor Fresia 237ml,349.00 USD (x1),349.00 USD (x1),https://www.super99.com/20147412-airwick-spray-neutralizador-de-olores-eucalipto-flor-fresia-237ml
Aseo del Hogar,Downy Liberador Arrugas Spray Crs 33.8Oz,1289.00 USD (x1),1289.00 USD (x1),https://www.super99.com/20147690-downy-liberador-arrugas-spray-crs-33-8oz
Aseo del Hogar,AIRWICK REP ESSENTIAL MIST 20ML,745.00 USD (x1),879.00 USD (x1),https://www.super99.com/20147885-airwick-rep-essential-mist-20ml
Aseo del Hogar,TIDE DET LIQ ORIGIL 84Z,1849.00 USD (x1),1849.00 USD (x1),https://www.super99.com/20148709-tide-det-liq-origil-84z
Aseo del Hogar,ELITE PPL HIG PREM SOFT 4RLL,159.00 USD (x1),179.00 USD (x1),https://www.super99.com/20149890-elite-ppl-hig-prem-soft-4rll
Aseo del Hogar,409 Cepillo Limpiar Botella,299.00 USD (x1),299.00 USD (x1),https://www.super99.com/20150811-409-cepillo-limpiar-botella
Aseo del Hogar,Downy Liberador de Arrugas Spray Frs 3oz,249.00 USD (x1),249.00 USD (x1),https://www.super99.com/20150984-downy-liberador-de-arrugas-spray-frs-3oz
Aseo del Hogar,SUAV FRES PRMV 1000ML,175.00 USD (x1),239.00 USD (x1),https://www.super99.com/20151660-suav-fres-prmv-1000ml
Aseo del Hogar,TERNURA PASTILLA DESODORANTE CHERRY,59.00 USD (x1),59.00 USD (x1),https://www.super99.com/20154678-ternura-pastilla-desodorante-cherry
Aseo del Hogar,TERNURA PASTILLA DESOD CANELA,59.00 USD (x1),59.00 USD (x1),https://www.super99.com/20154679-ternura-pastilla-desod-canela
Aseo del Hogar,TERNURA PASTILLA DESOD LAVANDA,59.00 USD (x1),59.00 USD (x1),https://www.super99.com/20154821-ternura-pastilla-desod-lavanda
Aseo del Hogar,ARIEL DET REVITACOL PWD 700G,295.00 USD (x1),295.00 USD (x1),https://www.super99.com/20159050-ariel-det-revitacol-pwd-700g
Aseo del Hogar,Bonobril Multiuso Anatomica 3 u Virute,169.00 USD (x1),169.00 USD (x1),https://www.super99.com/10034937-bonobril-multiuso-anatomica-3-u-virute
Aseo del Hogar,Solo Envase Serve Cups Sd5 50 Unidades,729.00 USD (x1),729.00 USD (x1),https://www.super99.com/10036416-solo-envase-serve-cups-sd5-50-unidades
Aseo del Hogar,DIAMOND ALUMINUM FOI,1525.00 USD (x1),1525.00 USD (x1),https://www.super99.com/10042229-diamond-aluminum-foi
Aseo del Hogar,Clorox Regular 473ml,87.00 USD (x1),87.00 USD (x1),https://www.super99.com/10042230-clorox-regular-473ml
Aseo del Hogar,CLOROX REGULAR 32OZ,144.00 USD (x1),144.00 USD (x1),https://www.super99.com/10042231-clorox-regular-32oz
Aseo del Hogar,DIAMOND PAPEL ALUMINIO,399.00 USD (x1),399.00 USD (x1),https://www.super99.com/10042304-diamond-papel-aluminio
Aseo del Hogar,Virutex Escoba Premier Dura Cabo Plastif,239.00 USD (x1),239.00 USD (x1),https://www.super99.com/10054576-virutex-escoba-premier-dura-cabo-plastif
Aseo del Hogar,Virutex Recogedor Color Surtido 1 Unidad,199.00 USD (x1),199.00 USD (x1),https://www.super99.com/10054580-virutex-recogedor-color-surtido-1-unidad
Aseo del Hogar,Mr Musculo Vidrios Repuesto 500ml,209.00 USD (x1),209.00 USD (x1),https://www.super99.com/10056570-mr-musculo-vidrios-repuesto-500ml
Aseo del Hogar,Super Wrap Papel Aluminio 25 FT 1 unidad,99.00 USD (x1),99.00 USD (x1),https://www.super99.com/10060066-super-wrap-papel-aluminio-25-ft-1-unidad
Aseo del Hogar,FABULOSO LIQ.LAVANDA 1GL,809.00 USD (x1),809.00 USD (x1),https://www.super99.com/10063823-fabuloso-liq-lavanda-1gl
Aseo del Hogar,SUAV PRIMAVERAL PACK,165.00 USD (x1),195.00 USD (x1),https://www.super99.com/10063854-suav-primaveral-pack
Aseo del Hogar,PLASTIFAR FIAMBRERA 8x8 C/3D 4/50 UNID,599.00 USD (x1),599.00 USD (x1),https://www.super99.com/10064009-plastifar-fiambrera-8x8-c-3d-4-50-unid
Aseo del Hogar,Plastimar Vaso Plástico 12 Oz 50 Unidades,235.00 USD (x1),235.00 USD (x1),https://www.super99.com/10064046-plastimar-vaso-plastico-12-onz-20-50un
Aseo del Hogar,Escoba Festival Reforzada,405.00 USD (x1),405.00 USD (x1),https://www.super99.com/10067973-escoba-festival-reforzada
Aseo del Hogar,Bonobril Tradicional Antibacterial Virutex,59.00 USD (x1),59.00 USD (x1),https://www.super99.com/10070921-bonobril-tradicional-antibacterial-virutex
Aseo del Hogar,Fórmula 409 Limpiador Todo Propósito Original 500ml,245.00 USD (x1),245.00 USD (x1),https://www.super99.com/10075327-formula-409-limpiador-todo-proposito-original-500ml
Aseo del Hogar,Escobas Reina,289.00 USD (x1),289.00 USD (x1),https://www.super99.com/10075341-escobas-reina
Aseo del Hogar,Pegamaxx Trampa Mediana Para Roedores 1 Unidad,79.00 USD (x1),79.00 USD (x1),https://www.super99.com/10075377-pegamaxx-trampa-mediana-para-roedores-1-unidad
Aseo del Hogar,Cloro Granulado Paquete 1 Lb,248.00 USD (x1),248.00 USD (x1),https://www.super99.com/10075926-cloro-granulado-paquete-1-lb
Aseo del Hogar,Ceresina 16oz,369.00 USD (x1),369.00 USD (x1),https://www.super99.com/10076281-ceresina-16oz
Aseo del Hogar,TENEDORES BLANCO GRANDE 84/12 FELIZ,45.00 USD (x1),45.00 USD (x1),https://www.super99.com/10076287-tenedores-blanco-grande-84-12-feliz
Aseo del Hogar,WHITE TAB PASTILLA DESODORANTE ALAMBRE,49.00 USD (x1),49.00 USD (x1),https://www.super99.com/10080500-white-tab-pastilla-desodorante-alambre
Aseo del Hogar,CLOROX REGULAR 64oz,229.00 USD (x1),229.00 USD (x1),https://www.super99.com/10082393-clorox-regular-64oz
Aseo del Hogar,Mistolin Desinfectante Floral 3.7L,679.00 USD (x1),679.00 USD (x1),https://www.super99.com/10082397-mistolin-desinfectante-floral-3-7l
Aseo del Hogar,CLOROX LAVANDA 32OZ,144.00 USD (x1),144.00 USD (x1),https://www.super99.com/10082403-clorox-lavanda-32oz
Aseo del Hogar,CLOROX LAVANDA 128,369.00 USD (x1),369.00 USD (x1),https://www.super99.com/10082420-clorox-lavanda-128
Aseo del Hogar,CLOROX FLORAL 32OZ,144.00 USD (x1),144.00 USD (x1),https://www.super99.com/10082448-clorox-floral-32oz
Aseo del Hogar,DELUX P TOALLA BLANCO,129.00 USD (x1),129.00 USD (x1),https://www.super99.com/10082550-delux-p-toalla-blanco
Aseo del Hogar,SAR FINESSE LIMPIAD ABRILLANT MUEBL 16OZ,549.00 USD (x1),549.00 USD (x1),https://www.super99.com/10084426-sar-finesse-limpiad-abrillant-muebl-16oz
Aseo del Hogar,Vanish Duo Vanish Poder 02 450 g,1399.00 USD (x1),1399.00 USD (x1),https://www.super99.com/10085734-vanish-duo-vanish-poder-02-450-g
Aseo del Hogar,Multi Cleaner Atomizador 20Oz,309.00 USD (x1),309.00 USD (x1),https://www.super99.com/10088080-multi-cleaner-atomizador-20oz
Aseo del Hogar,Multi Cleaner Repuesto 20Oz,195.00 USD (x1),195.00 USD (x1),https://www.super99.com/10088081-multi-cleaner-repuesto-20oz
Aseo del Hogar,WINDO CLEANER ATOMIZADOR 12/16 ONZ.,219.00 USD (x1),219.00 USD (x1),https://www.super99.com/10088123-windo-cleaner-atomizador-12-16-onz
Aseo del Hogar,Multi Cleaner Repuesto Ba#o 858ml,285.00 USD (x1),285.00 USD (x1),https://www.super99.com/10088150-multi-cleaner-repuesto-ba-o-858ml
Aseo del Hogar,S/BRITE PAÑOS MICROFIBRA REUSABLES 5PK,269.00 USD (x1),269.00 USD (x1),https://www.super99.com/10088844-s-brite-panos-microfibra-reusables-5pk
Aseo del Hogar,Scotch Brite Guante para Lavandería y Baños Talla L 2 unidades,529.00 USD (x1),529.00 USD (x1),https://www.super99.com/10088881-scotch-brite-guante-para-lavanderia-y-banos-talla-l-2-unidades
Aseo del Hogar,ESCOBA POPULAR NO.1 DOCENA,295.00 USD (x1),295.00 USD (x1),https://www.super99.com/10104215-escoba-popular-no-1-docena
Aseo del Hogar,VASO 10 OZ RED/BLUE 24/20,399.00 USD (x1),399.00 USD (x1),https://www.super99.com/10106910-vaso-10-oz-red-blue-24-20
Aseo del Hogar,Mx Mota de Trapear 500,479.00 USD (x1),479.00 USD (x1),https://www.super99.com/10107370-mx-mota-de-trapear-500
Aseo del Hogar,Bolsa para Basura 32x40 6 Fuerte-1,209.00 USD (x1),209.00 USD (x1),https://www.super99.com/10109786-bolsa-para-basura-32x40-6-fuerte-1
Aseo del Hogar,ZIPLOC SANDWICH 100B,245.00 USD (x1),245.00 USD (x1),https://www.super99.com/10111338-ziploc-sandwich-100b
Aseo del Hogar,ENVASES DE FOAM 16 O,275.00 USD (x1),275.00 USD (x1),https://www.super99.com/10123183-envases-de-foam-16-o
Aseo del Hogar,Multipack Vasos Foam 16Oz 20 Unidades,155.00 USD (x1),155.00 USD (x1),https://www.super99.com/10123184-multipack-vasos-foam-16oz-20-unidades
Aseo del Hogar,SUPER 99 TENEDOR BLANCO CHICO 36/24,59.00 USD (x1),59.00 USD (x1),https://www.super99.com/10123288-super-99-tenedor-blanco-chico-36-24
Aseo del Hogar,LIMP PRIM TRICL 600GR,285.00 USD (x1),285.00 USD (x1),https://www.super99.com/10132595-limp-prim-tricl-600gr
Aseo del Hogar,Suavitel Adiós al Planchado Primavera 1.9 L,565.00 USD (x1),565.00 USD (x1),https://www.super99.com/10132679-suavitel-adios-al-planchado-primavera-1-9-l
Aseo del Hogar,Dura-Pro Mota De Trapeador Small,479.00 USD (x1),479.00 USD (x1),https://www.super99.com/10133138-dura-pro-mota-de-trapeador-small
Aseo del Hogar,123 Det Jazmin 1000g,249.00 USD (x1),249.00 USD (x1),https://www.super99.com/10133880-123-det-jazmin-1000g
Aseo del Hogar,RENDIDOR DETERGENTE AZUL 10/1000 GR,305.00 USD (x1),305.00 USD (x1),https://www.super99.com/10133916-rendidor-detergente-azul-10-1000-gr
Aseo del Hogar,REMOJIN FRAGANCIA FRESCA 20/10 SOBR,172.00 USD (x1),172.00 USD (x1),https://www.super99.com/10134149-remojin-fragancia-fresca-20-10-sobr
Aseo del Hogar,"""Centinel Bolsas Transparentes Grandes Para Basura 23.5"""" X 30"""" 12 Unidades""",279.00 USD (x1),279.00 USD (x1),https://www.super99.com/10134195-centinel-bolsas-transparentes-grandes-para-basura-23-5-x-30-12-unidades
Aseo del Hogar,Centinel Bolsas Grandes Para Basura 23.5 X 30 Con Aroma A Pino 12 Unidades,185.00 USD (x1),185.00 USD (x1),https://www.super99.com/10134196-centinel-bolsas-grandes-para-basura-23-5-x-30-con-aroma-a-pino-12-unidades
Aseo del Hogar,Glade Glass Repuesto Fres/Matinal 2 Pack,959.00 USD (x1),959.00 USD (x1),https://www.super99.com/10134269-glade-glass-repuesto-fres-matinal-2-pack
Aseo del Hogar,PLEDGE MULTISUPER.DOYPACK 12/500 ML,359.00 USD (x1),359.00 USD (x1),https://www.super99.com/10134275-pledge-multisuper-doypack-12-500-ml
Aseo del Hogar,Baygon Plaquitas Aparato caja,579.00 USD (x1),579.00 USD (x1),https://www.super99.com/10134293-baygon-plaquitas-aparato-caja
Aseo del Hogar,Glade Aerosol C/Lavanda 400ml,325.00 USD (x1),325.00 USD (x1),https://www.super99.com/10134349-glade-aerosol-c-lavanda-400ml
Aseo del Hogar,Limpiador 409 Regular Todo Propósito 32Oz,425.00 USD (x1),425.00 USD (x1),https://www.super99.com/10142366-limpiador-409-regular-todo-proposito-32oz
Aseo del Hogar,Mistolin Desinfectante Eucalipto y Menta 900ml,199.00 USD (x1),199.00 USD (x1),https://www.super99.com/10145559-mistolin-desinfectante-eucalipto-y-menta-900ml
Aseo del Hogar,VANISH PRE-LAVADO PODER O2 650ML,405.00 USD (x1),405.00 USD (x1),https://www.super99.com/10146759-vanish-pre-lavado-poder-o2-650ml
Aseo del Hogar,Scotch Brite Paño Esponja Enjuague Fácil 3 unidades,425.00 USD (x1),425.00 USD (x1),https://www.super99.com/10147472-scotch-brite-pano-esponja-enjuague-facil-3-unidades
Aseo del Hogar,Brillo Con Jabon 10 Unidades,229.00 USD (x1),229.00 USD (x1),https://www.super99.com/10150541-brillo-con-jabon-10-unidades
Aseo del Hogar,VELAS 50 HRS.S/VASO VERDE CJ/48,135.00 USD (x1),135.00 USD (x1),https://www.super99.com/10161140-velas-50-hrs-s-vaso-verde-cj-48
Aseo del Hogar,San José Vela 100 Horas con Vaso Blanca 1 unidad,199.00 USD (x1),199.00 USD (x1),https://www.super99.com/10161142-san-jose-vela-100-horas-con-vaso-blanca-1-unidad
Aseo del Hogar,VELAS 100 HRS.S/VASO MORADA CJ/24,199.00 USD (x1),199.00 USD (x1),https://www.super99.com/10161143-velas-100-hrs-s-vaso-morada-cj-24
Aseo del Hogar,VELAS 7 DIAS SIN VASO AZUL CJ/12,279.00 USD (x1),279.00 USD (x1),https://www.super99.com/10161148-velas-7-dias-sin-vaso-azul-cj-12
Aseo del Hogar,VELAS 7 DIAS SIN VASO ROJA CJ/12,279.00 USD (x1),279.00 USD (x1),https://www.super99.com/10161151-velas-7-dias-sin-vaso-roja-cj-12
Aseo del Hogar,VELAS 7 DIAS CON VASO ROSADA CJ/12,469.00 USD (x1),469.00 USD (x1),https://www.super99.com/10161163-velas-7-dias-con-vaso-rosada-cj-12
Aseo del Hogar,Clean Bolsas Plásticas Negras Para Basura 37.5x50 6 Unidades,26.00 USD (x1),26.00 USD (x1),https://www.super99.com/10162179-clean-bolsas-plasticas-negras-para-basura-37-5x50-6-unidades
Aseo del Hogar,Atlas Fibra Algodon Wiper 400gr,425.00 USD (x1),425.00 USD (x1),https://www.super99.com/20001434-atlas-fibra-algodon-wiper-400gr
Aseo del Hogar,S/BRITE DOBLE USO ANATOMICA 3PK,329.00 USD (x1),329.00 USD (x1),https://www.super99.com/20003923-s-brite-doble-uso-anatomica-3pk
Aseo del Hogar,Plastimar Vasos Transparente 16 Oz 25 Unidades,26.00 USD (x1),26.00 USD (x1),https://www.super99.com/20012144-plastimar-vasos-transparente-16-oz-40-25
Aseo del Hogar,SPUM CREMA AGUA DE ROSA 800GR,239.00 USD (x1),239.00 USD (x1),https://www.super99.com/20027043-spum-crema-agua-de-rosa-800gr
Aseo del Hogar,Multi-Pack Vaso De Foam 6Oz 25 Unidades,85.00 USD (x1),85.00 USD (x1),https://www.super99.com/20034649-multi-pack-vaso-de-foam-6oz-25-unidades
Aseo del Hogar,Multi-Pack Vaso Foam 8Oz 25 Unidades,99.00 USD (x1),99.00 USD (x1),https://www.super99.com/20034682-multi-pack-vaso-foam-8oz-25-unidades
Aseo del Hogar,EZ STOR STORAGE BAGS,99.00 USD (x1),99.00 USD (x1),https://www.super99.com/20039746-ez-stor-storage-bags
Aseo del Hogar,Mortein Spray Multi Insectos Eucalipto 450ml,679.00 USD (x1),679.00 USD (x1),https://www.super99.com/20040668-mortein-spray-multi-insectos-eucalipto-450ml
Aseo del Hogar,Glade Aerosol Paraíso Azul 400ml,325.00 USD (x1),325.00 USD (x1),https://www.super99.com/20042801-glade-aerosol-paraiso-azul-400ml
Aseo del Hogar,Toalla de Papel Desechable Scott Calorie Absorb 2 Rollos 90H,399.00 USD (x1),399.00 USD (x1),https://www.super99.com/20044115-scott-calorie-absorb-2
Aseo del Hogar,VASO PLASTICO 16 ONZAS COLORES,99.00 USD (x1),99.00 USD (x1),https://www.super99.com/20053695-vaso-plastico-16-onzas-colores
Aseo del Hogar,Glad Bolsa Basura Cocina Lavanda 40 Unidades,1199.00 USD (x1),1199.00 USD (x1),https://www.super99.com/20063679-glad-bolsa-basura-cocina-lavanda-40-unidades
Aseo del Hogar,Lysol Toallitas desinfectantes Citrus 80 Unidades,899.00 USD (x1),899.00 USD (x1),https://www.super99.com/20063965-lysol-toallitas-desinfectantes-citrus-80-unidades
Aseo del Hogar,REYNOLDS WRAP PAPEL,829.00 USD (x1),829.00 USD (x1),https://www.super99.com/20064108-reynolds-wrap-papel
Aseo del Hogar,BOLSA P/BASURA CLEAN 32X40,125.00 USD (x1),125.00 USD (x1),https://www.super99.com/20069160-bolsa-p-basura-clean-32x40
Aseo del Hogar,Mortein Spray Multi Insectos Aceite Esencial de Citronela 450ml,409.00 USD (x1),409.00 USD (x1),https://www.super99.com/20069995-mortein-spray-multi-insectos-aceite-esencial-de-citronela-450ml
Aseo del Hogar,Blixi Double Zipper Bags Gallon 19 Unidades,229.00 USD (x1),229.00 USD (x1),https://www.super99.com/20071980-blixi-double-zipper-bags-gallon-19-unidades
Aseo del Hogar,PATO PASTILLA 4PK 160GR,659.00 USD (x1),659.00 USD (x1),https://www.super99.com/20072746-pato-pastilla-4pk-160gr
Aseo del Hogar,Centinel Bolsa De Alimento 100 Unidades,425.00 USD (x1),425.00 USD (x1),https://www.super99.com/20076170-centinel-bolsa-de-alimento-100-unidades
Aseo del Hogar,PLASTIFAR VASO PLAST CAFE 50/100U,149.00 USD (x1),149.00 USD (x1),https://www.super99.com/20078797-plastifar-vaso-plast-cafe-50-100u
Aseo del Hogar,TER PAPEL TOA NAT65H,79.00 USD (x1),79.00 USD (x1),https://www.super99.com/20079043-ter-papel-toa-nat65h
Aseo del Hogar,Plastifar Tapa Vaso 16 Oz Foam 10/100 Pz,375.00 USD (x1),375.00 USD (x1),https://www.super99.com/20079854-plastifar-tapa-vaso-16-oz-foam-10-100-pz
Aseo del Hogar,Plastifar Tapa Envase 3 4 5Oz 20/50P,125.00 USD (x1),125.00 USD (x1),https://www.super99.com/20079855-plastifar-tapa-envase-3-4-5oz-20-50p
Aseo del Hogar,SPUM NATURALS 1000G,269.00 USD (x1),269.00 USD (x1),https://www.super99.com/20083554-spum-naturals-1000g
Aseo del Hogar,WIKILI QUITA GRASA,165.00 USD (x1),165.00 USD (x1),https://www.super99.com/20084447-wikili-quita-grasa
Aseo del Hogar,Plastifar Tapa Vaso Fom 8Oz 10/100Ct 8Jl,249.00 USD (x1),249.00 USD (x1),https://www.super99.com/20084832-plastifar-tapa-vaso-fom-8oz-10-100ct-8jl
Aseo del Hogar,SAPOLIO VAINILLA FRANCES AEROSOL 12/12OZ,219.00 USD (x1),219.00 USD (x1),https://www.super99.com/20086310-sapolio-vainilla-frances-aerosol-12-12oz
Aseo del Hogar,Tergo Pastilla Limpiadora Inodoro Pino 96 G,213.00 USD (x1),213.00 USD (x1),https://www.super99.com/20086504-tergo-pastilla-limpiadora-inodoro-pino-96-g
Aseo del Hogar,REND LVDA LQ 2LT,769.00 USD (x1),769.00 USD (x1),https://www.super99.com/20086770-rend-lvda-lq-2lt
Aseo del Hogar,Solo Cup Vaso Foam 8 Oz 25 Unidades,169.00 USD (x1),169.00 USD (x1),https://www.super99.com/20092049-solo-cup-vaso-foam-8-oz-25-unidades
Aseo del Hogar,Solo Cup Tapa Plástica Transparente 24 Oz. 50 Unidades,699.00 USD (x1),699.00 USD (x1),https://www.super99.com/20092425-solo-cup-tapa-plastica-transparente-24-oz-50-unidades
Aseo del Hogar,PLEDGE MUEBLES NARANJA AEROSOL 12/396G,849.00 USD (x1),849.00 USD (x1),https://www.super99.com/20093464-pledge-muebles-naranja-aerosol-12-396g
Aseo del Hogar,123 LIQ MAXI EFEC 4 65LT,999.00 USD (x1),1149.00 USD (x1),https://www.super99.com/20095640-123-liq-maxi-efec-4-65lt
Aseo del Hogar,123 LIQ SUAV JAZMIN 4 65LT,999.00 USD (x1),1149.00 USD (x1),https://www.super99.com/20095642-123-liq-suav-jazmin-4-65lt
Aseo del Hogar,AXION LIMON 1KG,309.00 USD (x1),339.00 USD (x1),https://www.super99.com/20095654-axion-limon-1kg
Aseo del Hogar,Servilletas Scott Blanca 100U,199.00 USD (x1),199.00 USD (x1),https://www.super99.com/20095819-servilletas-scott-blanca-100u
Aseo del Hogar,Glade Aerosol Abrazo De Vainilla 400ml,325.00 USD (x1),325.00 USD (x1),https://www.super99.com/20096183-glade-aerosol-abrazo-de-vainilla-400ml
Aseo del Hogar,Solo Cup Vaso Foam 12 Oz 25 Unidades,235.00 USD (x1),235.00 USD (x1),https://www.super99.com/20097821-solo-cup-vaso-foam-12-oz-25-unidades
Aseo del Hogar,Diamond Plastic Wrap 200 ft,365.00 USD (x1),365.00 USD (x1),https://www.super99.com/20099596-diamond-plastic-wrap-200-ft
Aseo del Hogar,Lysol Brisa Limon Desinfectante 1 Galon,945.00 USD (x1),945.00 USD (x1),https://www.super99.com/20100643-lysol-brisa-limon-desinfectante-1-galon
Aseo del Hogar,TOILET BOWL PASTILLA BAÑO 4UN,229.00 USD (x1),229.00 USD (x1),https://www.super99.com/20100690-toilet-bowl-pastilla-bano-4un
Aseo del Hogar,Vaso Para Cafe 6Oz Con Asa,355.00 USD (x1),355.00 USD (x1),https://www.super99.com/20100892-vaso-para-cafe-6oz-con-asa
Aseo del Hogar,123 DETERG LIQ 8 3LT,1999.00 USD (x1),1999.00 USD (x1),https://www.super99.com/20102778-123-deterg-liq-8-3lt
Aseo del Hogar,4D DET BIC ALOE 900GR,229.00 USD (x1),229.00 USD (x1),https://www.super99.com/20104572-4d-det-bic-aloe-900gr
Aseo del Hogar,4D DET BIC ALOE 2800GR,689.00 USD (x1),689.00 USD (x1),https://www.super99.com/20104573-4d-det-bic-aloe-2800gr
Aseo del Hogar,ARIEL DAWNY DET LIQ 1.2L,709.00 USD (x1),709.00 USD (x1),https://www.super99.com/20104704-ariel-dawny-det-liq-1-2l
Aseo del Hogar,One Drop Powerful Floral 20ml,499.00 USD (x1),499.00 USD (x1),https://www.super99.com/20104751-one-drop-powerful-floral-20ml
Aseo del Hogar,Ecolife Carrizos Fecula Maiz 50,129.00 USD (x1),129.00 USD (x1),https://www.super99.com/20104956-ecolife-carrizos-fecula-maiz-50
Aseo del Hogar,Contraste Esponja Borradora Artistica,395.00 USD (x1),395.00 USD (x1),https://www.super99.com/20106347-contraste-esponja-borradora-artistica
Aseo del Hogar,SUAVITEL MMAGICOS 2.8L,655.00 USD (x1),889.00 USD (x1),https://www.super99.com/20106584-suavitel-mmagicos-2-8l
Aseo del Hogar,VANISH REMOVEDOR MANCHAS 420ML,279.00 USD (x1),349.00 USD (x1),https://www.super99.com/20106905-vanish-removedor-manchas-420ml
Aseo del Hogar,THE WOLF BOLSA BASURA NEGRA 37.5X50 6UN,299.00 USD (x1),299.00 USD (x1),https://www.super99.com/20108484-the-wolf-bolsa-basura-negra-37-5x50-6un
Aseo del Hogar,FEBREZE SMALL LINEN,332.00 USD (x1),439.00 USD (x1),https://www.super99.com/20108523-febreze-small-linen
Aseo del Hogar,Clorox Wipes Desinfectante Crisp Lemon 75 Unidades,729.00 USD (x1),729.00 USD (x1),https://www.super99.com/20112185-clorox-wipes-desinfectante-crisp-lemon-75-unidades
Aseo del Hogar,CLOROX ANTISPLASH 6/64OZ,229.00 USD (x1),229.00 USD (x1),https://www.super99.com/20112439-clorox-antisplash-6-64oz
Aseo del Hogar,TERNURA DETERG LIQ COLOR,389.00 USD (x1),499.00 USD (x1),https://www.super99.com/20113126-ternura-deterg-liq-color
Aseo del Hogar,SIP DETERG LIQ LILAS FLORES 1500ML,485.00 USD (x1),549.00 USD (x1),https://www.super99.com/20113211-sip-deterg-liq-lilas-flores-1500ml
Aseo del Hogar,Mr Musculo Vidrios Trigger 500ml,365.00 USD (x1),365.00 USD (x1),https://www.super99.com/20115856-mr-musculo-vidrios-trigger-500ml
Aseo del Hogar,PATO LIMPIEZA ACTIVA BRISA MAR 38.6GR,349.00 USD (x1),349.00 USD (x1),https://www.super99.com/20116126-pato-limpieza-activa-brisa-mar-8-38-6gr
Aseo del Hogar,Clorox Toallitas desinfectantes Expert Flowpack 15 Unidades,143.00 USD (x1),143.00 USD (x1),https://www.super99.com/20118220-clorox-toallitas-desinfectantes-expert-flowpack-15-unidades
Aseo del Hogar,Elite Papel Higienico Duo Doble Hoja 12 Rollos,479.00 USD (x1),529.00 USD (x1),https://www.super99.com/20119824-elite-papel-higienico-duo-doble-hoja-12-rollos
Aseo del Hogar,Limpiador Equipos Electricos R-14 8oz,199.00 USD (x1),199.00 USD (x1),https://www.super99.com/20121323-limpiador-equipos-electricos-r-14-8oz
Aseo del Hogar,Centinel Bolsa con Cinta Cierre Grande,539.00 USD (x1),539.00 USD (x1),https://www.super99.com/20122086-centinel-bolsa-con-cinta-cierre-grande
Aseo del Hogar,Dr Beckmann Limpia Horno 375ml,485.00 USD (x1),485.00 USD (x1),https://www.super99.com/20122207-dr-beckmann-limpia-horno-375ml
Aseo del Hogar,Bionature Envase Papel #4 Llev Comida 40 Unidades,1699.00 USD (x1),1699.00 USD (x1),https://www.super99.com/20123333-bionature-envase-papel-4-llev-comida-40-unidades
Aseo del Hogar,Bionature Bandeja Dbl Desechable 9x6 Sd 10 Unidades,35.00 USD (x1),35.00 USD (x1),https://www.super99.com/20123343-bionature-bandeja-dbl-desechable-9x6-sd-10-unidades
Aseo del Hogar,VANISH PINK DPK 450ML,359.00 USD (x1),359.00 USD (x1),https://www.super99.com/20124102-vanish-pink-dpk-450ml
Aseo del Hogar,BLIXI CARTUCHOS 6X12 100UN,99.00 USD (x1),99.00 USD (x1),https://www.super99.com/20125626-blixi-cartuchos-6x12-100un
Aseo del Hogar,Papel Higiénico Scott Esencias Doble Hoja 4 Rollos,299.00 USD (x1),299.00 USD (x1),https://www.super99.com/20127016-papel-higienico-scott-esencias-doble-hoja-4-rollos
Aseo del Hogar,AIRWICK AP ESS LAVANDA 20ML,1869.00 USD (x1),2199.00 USD (x1),https://www.super99.com/20127628-airwick-ap-ess-lavanda-20ml
Aseo del Hogar,Beep Ambientador Orquidea Cautivad,199.00 USD (x1),199.00 USD (x1),https://www.super99.com/20127736-beep-ambientador-orquidea-cautivad
Aseo del Hogar,Mistolin Desinfectante Lavanda 1893ml,366.00 USD (x1),366.00 USD (x1),https://www.super99.com/20127925-mistolin-desinfectante-lavanda-1893ml
Aseo del Hogar,Downy Suavizante Liquido Amanecer 1400ml,459.00 USD (x1),459.00 USD (x1),https://www.super99.com/20129501-downy-suavizante-liquido-amanecer-1400ml
Aseo del Hogar,TERNURA DET LIQ SUAVIZANTE,389.00 USD (x1),499.00 USD (x1),https://www.super99.com/20129720-ternura-det-liq-suavizante
Aseo del Hogar,Elite Gold Servilleta Mesa Blanca 60 Serv.,79.00 USD (x1),79.00 USD (x1),https://www.super99.com/20129803-elite-gold-servilleta-mesa-blanca-60-serv
Aseo del Hogar,Higienol Papel Higienico Doble Hoja 40m 12 Rollos,699.00 USD (x1),699.00 USD (x1),https://www.super99.com/20130883-higienol-papel-higienico-doble-hoja-40m-12-rollos
Aseo del Hogar,DAWN PW DISH SPRY F 16Z,589.00 USD (x1),589.00 USD (x1),https://www.super99.com/20132031-dawn-pw-dish-spry-f-16z
Aseo del Hogar,Home Smart Vaso Plastico Purpura 16oz,205.00 USD (x1),205.00 USD (x1),https://www.super99.com/20132387-vaso-plastico-purpura-16oz
Aseo del Hogar,PAPEL HIG UNICO ULTRA 350H 4RO,309.00 USD (x1),309.00 USD (x1),https://www.super99.com/20132546-papel-hig-unico-ultra-350h-4ro
Aseo del Hogar,Clorox Limpiador Multius Ocean Spray 709ml,365.00 USD (x1),365.00 USD (x1),https://www.super99.com/20133214-clorox-limpiador-multius-ocean-spray-709ml
Aseo del Hogar,Downy Floral 4800ml,1399.00 USD (x1),1399.00 USD (x1),https://www.super99.com/20133307-downy-floral-4800ml
Aseo del Hogar,DOWNY SUAVIZ LIQ AMANECER 700ML,195.00 USD (x1),195.00 USD (x1),https://www.super99.com/20134030-downy-suaviz-liq-amanecer-700ml
Aseo del Hogar,DAWN ULTRA ORIGINAL,415.00 USD (x1),415.00 USD (x1),https://www.super99.com/20134125-dawn-ultra-original
Aseo del Hogar,RAID LAMINITA REPUESTO C/24,259.00 USD (x1),259.00 USD (x1),https://www.super99.com/20134690-raid-laminita-repuesto-c-24
Aseo del Hogar,Baygon Plaquitas Repuesto C/24,199.00 USD (x1),199.00 USD (x1),https://www.super99.com/20134693-baygon-plaquitas-repuesto-c-24
Aseo del Hogar,Dr Beckmann Limpiador Antisarro C 500ml,369.00 USD (x1),369.00 USD (x1),https://www.super99.com/20135518-dr-beckmann-limpiador-antisarro-c-500ml
Aseo del Hogar,FBRZ A SIDRA MANZ 8.8Z,227.00 USD (x1),379.00 USD (x1),https://www.super99.com/20135805-fbrz-a-sidra-manz-8-8z
Aseo del Hogar,TERN SUAV BEBE 2L,279.00 USD (x1),349.00 USD (x1),https://www.super99.com/20136196-tern-suav-bebe-2l
Aseo del Hogar,TERNURA T AMENEC 5LITRO,699.00 USD (x1),799.00 USD (x1),https://www.super99.com/20136917-ternura-t-amenec-5litro
Aseo del Hogar,Higienol Super Papel Higienico Doble Hoja 4 Rollos,229.00 USD (x1),229.00 USD (x1),https://www.super99.com/20137016-higienol-super-papel-higienico-doble-hoja-4-rollos
Aseo del Hogar,SAPOLIO LAVAP LIQ. LIMON 12/500ML,159.00 USD (x1),159.00 USD (x1),https://www.super99.com/20138981-sapolio-lavap-liq-limon-12-500ml
Aseo del Hogar,ULTRAKLIN F EXTREM 9KG,1659.00 USD (x1),1659.00 USD (x1),https://www.super99.com/20139800-ultraklin-f-extrem-9kg
Aseo del Hogar,SWIFT DETRG LIQ ORIGINAL,269.00 USD (x1),269.00 USD (x1),https://www.super99.com/20140445-swift-detrg-liq-original
Aseo del Hogar,ELITE PH CUID CLASICO 4R,99.00 USD (x1),139.00 USD (x1),https://www.super99.com/20141075-elite-ph-cuid-clasico-4r
Aseo del Hogar,SUPER 99 BOLSA BLANCA,119.00 USD (x1),119.00 USD (x1),https://www.super99.com/20141345-super-99-bolsa-blanca
Aseo del Hogar,Ajm Lunch Bags Papel 13x7.9x27cm 50 Unidades,325.00 USD (x1),325.00 USD (x1),https://www.super99.com/20141938-ajm-lunch-bags-papel-13x7-9x27cm-50-unidades
Aseo del Hogar,Harpic Limpiador Baño Ultra 650ml,649.00 USD (x1),649.00 USD (x1),https://www.super99.com/20142104-harpic-limpiador-bano-ultra-650ml
Aseo del Hogar,SUPER 99 BOLSA VERDE,179.00 USD (x1),179.00 USD (x1),https://www.super99.com/20142330-super-99-bolsa-verde
Aseo del Hogar,Elite Papel Higienico Ultra Suave Doble Hoja 32 Rollos,899.00 USD (x1),989.00 USD (x1),https://www.super99.com/20142337-elite-papel-higienico-ultra-suave-doble-hoja-32-rollos
Aseo del Hogar,UNICO PAPEL HIG AHOR FAMILIA 360H,199.00 USD (x1),199.00 USD (x1),https://www.super99.com/20143127-unico-papel-hig-ahor-familia-360h
Aseo del Hogar,Atmosphera Set 50 Velitas Blanca 4h,499.00 USD (x1),499.00 USD (x1),https://www.super99.com/20143885-atmosphera-set-50-velitas-blanca-4h
Aseo del Hogar,BLX BOLS NEG 23.5X30 12U,165.00 USD (x1),185.00 USD (x1),https://www.super99.com/20144692-blx-bols-neg-23-5x30-12u
Aseo del Hogar,BLIXI BOLS NEG JUMB 37.5,255.00 USD (x1),299.00 USD (x1),https://www.super99.com/20144695-blixi-bols-neg-jumb-37-5
Aseo del Hogar,BLIXI BOLS NEG AGA 12U,109.00 USD (x1),129.00 USD (x1),https://www.super99.com/20144696-blixi-bols-neg-aga-12u
Aseo del Hogar,MAS C DET LIQ OSCU 1.83L,765.00 USD (x1),899.00 USD (x1),https://www.super99.com/20146631-mas-c-det-liq-oscu-1-83l
Aseo del Hogar,GUANTES LATEX SMALL,99.00 USD (x1),99.00 USD (x1),https://www.super99.com/20146884-guantes-latex-small
Aseo del Hogar,DETERGE 10 BOLSA 2500g,555.00 USD (x1),579.00 USD (x1),https://www.super99.com/20147145-deterge-10-bolsa-2500g
Aseo del Hogar,Laborin Vidrios 650ml,299.00 USD (x1),299.00 USD (x1),https://www.super99.com/20147211-laborin-vidrios-650ml
Aseo del Hogar,Lab Pro Abc Pro Limpiador Abrasivo 1000ml,999.00 USD (x1),999.00 USD (x1),https://www.super99.com/20147219-lab-pro-abc-pro-limpiador-abrasivo-1000ml
Aseo del Hogar,Ariel Liquido Concentrado Color 1.8 Litros,798.00 USD (x1),979.00 USD (x1),https://www.super99.com/20148027-ariel-liquido-concentrado-color-1-8-litros
Aseo del Hogar,Ariel Color Liquido Detergente 5000ml,2249.00 USD (x1),2249.00 USD (x1),https://www.super99.com/20148029-ariel-color-liquido-detergente-5000ml
Aseo del Hogar,SRPB VASOS PAPEL MULTIPROPOSITO 12/100CT,429.00 USD (x1),429.00 USD (x1),https://www.super99.com/20148537-srpb-vasos-papel-multiproposito-12-100ct
Aseo del Hogar,Bonaire Varitas Mora Silvestre 60ml,789.00 USD (x1),789.00 USD (x1),https://www.super99.com/20148687-bonaire-varitas-mora-silvestre-60ml
Aseo del Hogar,SCDDY ESPONJA LIMPIEZA ROSADO,649.00 USD (x1),649.00 USD (x1),https://www.super99.com/20150094-scddy-esponja-limpieza-rosado
Aseo del Hogar,SP99 VASO CAFE 40P 6Z,219.00 USD (x1),219.00 USD (x1),https://www.super99.com/20150185-sp99-vaso-cafe-40p-6z
Aseo del Hogar,409 Esponja Fregar Agarradero,299.00 USD (x1),299.00 USD (x1),https://www.super99.com/20150797-409-esponja-fregar-agarradero
Aseo del Hogar,MB SERENIA SUAVIZANTE DOYPACK 12/700ML,189.00 USD (x1),189.00 USD (x1),https://www.super99.com/20152320-mb-serenia-suavizante-doypack-12-700ml
Aseo del Hogar,TERNURA DESINF LIMON BICAR 900ML,95.00 USD (x1),109.00 USD (x1),https://www.super99.com/20153771-ternura-desinf-limon-bicar-900ml
Aseo del Hogar,PLASTIFAR PLATO BIODEGRADABLE #6 40/25CT,55.00 USD (x1),55.00 USD (x1),https://www.super99.com/20154765-plastifar-plato-biodegradable-6-40-25ct
Aseo del Hogar,Glade Repuesto Aromatizante Liquido 3 Pack Coco 63Ml,1049.00 USD (x1),1049.00 USD (x1),https://www.super99.com/20155319-glade-lto-piso-3pack-coco-12-63ml
Aseo del Hogar,DOWNY UNSTPB FRESH 24Z,1599.00 USD (x1),1599.00 USD (x1),https://www.super99.com/20155321-downy-unstpb-fresh-24z
Aseo del Hogar,GLADE AEROSOL FESTIVAS 12/400ML,325.00 USD (x1),325.00 USD (x1),https://www.super99.com/20158643-glade-aerosol-festivas-12-400ml
Aseo del Hogar,SAR NEUTRAL LIMPIADOR PISOS 1LT,499.00 USD (x1),499.00 USD (x1),https://www.super99.com/20160739-sar-neutral-limpiador-pisos-1lt
Aseo del Hogar,TIDE DETERGENTE LIQUIDO ORIGINAL 42OZ,969.00 USD (x1),969.00 USD (x1),https://www.super99.com/20161283-tide-detergente-liquido-original-42oz
Aseo del Hogar,GALON FORMULA 409,995.00 USD (x1),995.00 USD (x1),https://www.super99.com/10035070-galon-formula-409
Aseo del Hogar,PAPEL HIGIENICO MEGA ENCANTO 4/12,519.00 USD (x1),519.00 USD (x1),https://www.super99.com/10035081-papel-higienico-mega-encanto-4-12
Aseo del Hogar,Little Tree Sp Wild Cherry 1 Pack,99.00 USD (x1),99.00 USD (x1),https://www.super99.com/10038321-little-tree-sp-wild-cherry-1-pack
Aseo del Hogar,Old English Limpiador Mueble Limon 16Oz,625.00 USD (x1),625.00 USD (x1),https://www.super99.com/10041444-old-english-limpiador-mueble-limon-16oz
Aseo del Hogar,DIAMOND ALUMINUM FOI,215.00 USD (x1),239.00 USD (x1),https://www.super99.com/10042227-diamond-aluminum-foi
Aseo del Hogar,Clorox Desinfectante Wipes Fresh 35 Unidades,369.00 USD (x1),369.00 USD (x1),https://www.super99.com/10046036-clorox-desinfectante-wipes-fresh-35-unidades
Aseo del Hogar,LYSOL TOLIET BOWL CLEANE 24 OZ,405.00 USD (x1),449.00 USD (x1),https://www.super99.com/10046041-lysol-toliet-bowl-cleane-24-oz
Aseo del Hogar,Furniture Polish Lemon 9Oz,219.00 USD (x1),219.00 USD (x1),https://www.super99.com/10049881-furniture-polish-lemon-9oz
Aseo del Hogar,Vanyplas Recogedor 1 unidad,299.00 USD (x1),299.00 USD (x1),https://www.super99.com/10051633-van-recog-plo-lrg-2
Aseo del Hogar,Bettania Esponja Brillo Zigzag Esfrebom,899.00 USD (x1),899.00 USD (x1),https://www.super99.com/10054150-bettania-esponja-brillo-zigzag-esfrebom
Aseo del Hogar,Bettanin Escoba para Patio Casa Rua,455.00 USD (x1),455.00 USD (x1),https://www.super99.com/10054155-bettanin-escoba-para-patio-casa-rua
Aseo del Hogar,Virutex Escoba Gandes Superf Dura C/Met,375.00 USD (x1),375.00 USD (x1),https://www.super99.com/10054566-virutex-escoba-grandes-superf-dura-c-met
Aseo del Hogar,Axion Lavaloza Líquido 400ml,225.00 USD (x1),225.00 USD (x1),https://www.super99.com/10063830-axion-lavaloza-liquido-400ml
Aseo del Hogar,PLASTIMAR VASO PLASTICO 10 OZ 20/50UN,229.00 USD (x1),229.00 USD (x1),https://www.super99.com/10064015-plastimar-vaso-plastico-10-oz-20-50un
Aseo del Hogar,FIAMBRERA BAJITA SD,459.00 USD (x1),459.00 USD (x1),https://www.super99.com/10064048-fiambrera-bajita-sd
Aseo del Hogar,PLATO ESPUMADO HONDO,109.00 USD (x1),109.00 USD (x1),https://www.super99.com/10064059-plato-espumado-hondo
Aseo del Hogar,Escoba Festival No.1 Super Hercules,315.00 USD (x1),315.00 USD (x1),https://www.super99.com/10067937-escoba-festival-no-1-super-hercules
Aseo del Hogar,Escoba Plastica Festival #4,329.00 USD (x1),329.00 USD (x1),https://www.super99.com/10067975-escoba-plastica-festival-4
Aseo del Hogar,Sip Lavanda Desinfect 830,189.00 USD (x1),189.00 USD (x1),https://www.super99.com/10071759-sip-lavanda-desinfect-830
Aseo del Hogar,DESINF LVDA MEDIT 1GL,709.00 USD (x1),709.00 USD (x1),https://www.super99.com/10071775-desinf-lvda-medit-1gl
Aseo del Hogar,Sip Vainilla Citrica Desin 830ml,189.00 USD (x1),189.00 USD (x1),https://www.super99.com/10071787-sip-vainilla-citrica-desin-830ml
Aseo del Hogar,P HIG SCOTT RINDEMAX,95.00 USD (x1),95.00 USD (x1),https://www.super99.com/10072047-p-hig-scott-rindemax
Aseo del Hogar,Mechitas Contra Msoquitos Fumakilla,119.00 USD (x1),119.00 USD (x1),https://www.super99.com/10072733-mechitas-contra-msoquitos-fumakilla
Aseo del Hogar,PASTILLA SANI ODOR C,79.00 USD (x1),79.00 USD (x1),https://www.super99.com/10073026-pastilla-sani-odor-c
Aseo del Hogar,Motas Para Trapeador Algodon 300g,224.00 USD (x1),224.00 USD (x1),https://www.super99.com/10075304-motas-para-trapeador-algodon-300g
Aseo del Hogar,Motas P/Trapeador Hilo 200g,175.00 USD (x1),175.00 USD (x1),https://www.super99.com/10075311-motas-p-trapeador-hilo-200g
Aseo del Hogar,Escobas Mágica,25.00 USD (x1),25.00 USD (x1),https://www.super99.com/10075340-escobas-magica
Aseo del Hogar,Fiambreras 8x8 C/D Termo Foam 50,729.00 USD (x1),729.00 USD (x1),https://www.super99.com/10075887-fiambreras-8x8-c-d-termo-foam-50
Aseo del Hogar,ACIDO MURIATICO 24/1,155.00 USD (x1),155.00 USD (x1),https://www.super99.com/10075982-acido-muriatico-24-1
Aseo del Hogar,ACIDO MURIATICO R/MA,895.00 USD (x1),895.00 USD (x1),https://www.super99.com/10075983-acido-muriatico-r-ma
Aseo del Hogar,Acido Muriatico Road Master 32Oz,299.00 USD (x1),299.00 USD (x1),https://www.super99.com/10075985-acido-muriatico-road-master-32oz
Aseo del Hogar,Ceresina 4Oz,159.00 USD (x1),159.00 USD (x1),https://www.super99.com/10076279-ceresina-4oz
Aseo del Hogar,TENEDORES CHICO BLANCO 40/25 FELIZ,55.00 USD (x1),55.00 USD (x1),https://www.super99.com/10076285-tenedores-chico-blanco-40-25-feliz
Aseo del Hogar,Cuchara Sopera Blanca 12 Feliz,45.00 USD (x1),45.00 USD (x1),https://www.super99.com/10076286-cuchara-sopera-blanca-12-feliz
Aseo del Hogar,Vileda Cubo Escurre Fácil 1 Unidad,1325.00 USD (x1),1325.00 USD (x1),https://www.super99.com/10076320-vileda-cubo-escurre-facil-1-unidad
Aseo del Hogar,Cucharas Chicas Blancas Sky 25,55.00 USD (x1),55.00 USD (x1),https://www.super99.com/10076905-cucharas-chicas-blancas-sky-25
Aseo del Hogar,Mistolin Lavanda Fresca 450,13.00 USD (x1),13.00 USD (x1),https://www.super99.com/10082421-mistolin-lavanda-fresca-450
Aseo del Hogar,MISTOLIN AIRES NAVIDENO,143.00 USD (x1),159.00 USD (x1),https://www.super99.com/10082512-mistolin-aires-navideno
Aseo del Hogar,POTASA INDEC 8 ONZAS,135.00 USD (x1),135.00 USD (x1),https://www.super99.com/10084357-potasa-indec-8-onzas
Aseo del Hogar,SAR SUPER BOWL LIMPIAD ACIDO PORCELNA 1L,699.00 USD (x1),699.00 USD (x1),https://www.super99.com/10084424-sar-super-bowl-limpiad-acido-porcelna-1l
Aseo del Hogar,SAR LPC-85 LIMPIADOR PORCELANA 1LT,599.00 USD (x1),599.00 USD (x1),https://www.super99.com/10084427-sar-lpc-85-limpiador-porcelana-1lt
Aseo del Hogar,Harpic Destop 1000ml,579.00 USD (x1),579.00 USD (x1),https://www.super99.com/10085773-harpic-destop-1000ml
Aseo del Hogar,Freshmatic Aquamarina Repuesto 250ml,1249.00 USD (x1),1249.00 USD (x1),https://www.super99.com/10085774-freshmatic-aquamarina-repuesto-250ml
Aseo del Hogar,Esponja De Acero Inoxidable Scotch Brite - Metálica,159.00 USD (x1),159.00 USD (x1),https://www.super99.com/10088850-esponja-de-acero-inoxidable-scotch-brite-metalica
Aseo del Hogar,Scotch Brite Guantes Multiuso Talla M 2 unidades,469.00 USD (x1),469.00 USD (x1),https://www.super99.com/10088866-scotch-brite-guantes-multiuso-talla-m-2-unidades
Aseo del Hogar,"""Destapador Servicio 6"""" con Palo""",199.00 USD (x1),199.00 USD (x1),https://www.super99.com/10094487-destapador-servicio-6-con-palo
Aseo del Hogar,Tropical Motas De Algodon 500 G,355.00 USD (x1),355.00 USD (x1),https://www.super99.com/10104203-motas-de-algodon-10-500-gramos
Aseo del Hogar,Motas De Hilo 300g,259.00 USD (x1),259.00 USD (x1),https://www.super99.com/10104205-motas-de-hilo-300g
Aseo del Hogar,Tropical Palo Trapeador No.3 1 Unidad,715.00 USD (x1),715.00 USD (x1),https://www.super99.com/10104212-tropical-palo-trapeador-no-3-1-unidad
Aseo del Hogar,JABON ZOTE ROSADO 60,59.00 USD (x1),59.00 USD (x1),https://www.super99.com/10104224-jabon-zote-rosado-60
Aseo del Hogar,Motas Algodon Colores #500,355.00 USD (x1),355.00 USD (x1),https://www.super99.com/10104239-motas-algodon-colores-500
Aseo del Hogar,RESOLVE REMOVES CLEANER 12/22 OZ,799.00 USD (x1),799.00 USD (x1),https://www.super99.com/10111340-resolve-removes-cleaner-12-22-oz
Aseo del Hogar,WOOLITE L DETERG DELICATES 12/16 OZ,699.00 USD (x1),699.00 USD (x1),https://www.super99.com/10111375-woolite-l-deterg-delicates-12-16-oz
Aseo del Hogar,WOOLITE DARK LAUNDRY 6/50 OZ,1199.00 USD (x1),1199.00 USD (x1),https://www.super99.com/10115853-woolite-dark-laundry-6-50-oz
Aseo del Hogar,Best Value Papel Aluminio 37.5,189.00 USD (x1),189.00 USD (x1),https://www.super99.com/10120310-best-value-papel-aluminio-37-5
Aseo del Hogar,Palillos con Dispensador,79.00 USD (x1),79.00 USD (x1),https://www.super99.com/10122243-palillos-con-dispensador
Aseo del Hogar,TRAMPA P/RATON CHICA,85.00 USD (x1),85.00 USD (x1),https://www.super99.com/10122252-trampa-p-raton-chica
Aseo del Hogar,TRAMPA P/RATON MADERA MEDIUM,155.00 USD (x1),155.00 USD (x1),https://www.super99.com/10122254-trampa-p-raton-madera-medium
Aseo del Hogar,SUPER 99 PASTILLA SANITARIA 48/1 UN,59.00 USD (x1),59.00 USD (x1),https://www.super99.com/10123284-super-99-pastilla-sanitaria-48-1-un
Aseo del Hogar,SUPER 99 TENEDOR SURT/CHICO 36/24,59.00 USD (x1),59.00 USD (x1),https://www.super99.com/10123289-super-99-tenedor-surt-chico-36-24
Aseo del Hogar,SUPER 99 CUCHARITAS BLANCAS 36/24,59.00 USD (x1),59.00 USD (x1),https://www.super99.com/10123290-super-99-cucharitas-blancas-36-24
Aseo del Hogar,SIP CREMA LAVANDA 425GR,179.00 USD (x1),179.00 USD (x1),https://www.super99.com/10128476-sip-crema-lavanda-425gr
Aseo del Hogar,Mistolin Desinfectante Bebe 3.7L,679.00 USD (x1),679.00 USD (x1),https://www.super99.com/10128494-mistolin-desinfectante-beb-3-7l
Aseo del Hogar,Fabuloso Limpiador Lavanda 2L,509.00 USD (x1),509.00 USD (x1),https://www.super99.com/10132634-fabuloso-limpiador-lavanda-2l
Aseo del Hogar,FABULOSO CITRICO FRU,169.00 USD (x1),245.00 USD (x1),https://www.super99.com/10132641-fabuloso-citrico-fru
Aseo del Hogar,Suavitel Fresca Primavera 1.9 L,489.00 USD (x1),489.00 USD (x1),https://www.super99.com/10132661-suavitel-f-primavera
Aseo del Hogar,SUAVITEL A PLANCHADO 5LT,1399.00 USD (x1),1399.00 USD (x1),https://www.super99.com/10132680-suavitel-a-planchado-5lt
Aseo del Hogar,Trend Bolsa De Basura Negra 23.5X30 12 Unidades,195.00 USD (x1),195.00 USD (x1),https://www.super99.com/10133115-trend-bolsa-basura-23-5x30-negra-60-12
Aseo del Hogar,Gloss Limpiador de Muebles en Crema de Naranja 473ml,309.00 USD (x1),309.00 USD (x1),https://www.super99.com/10133152-gloss-limpiador-de-muebles-en-crema-de-naranja-473ml
Aseo del Hogar,Blancox Limón Fusión 2000ml,225.00 USD (x1),225.00 USD (x1),https://www.super99.com/10133891-blancox-limon-fusion-2000ml
Aseo del Hogar,PATO PURIFIC PASTILLA AZUL 12/40GR,175.00 USD (x1),175.00 USD (x1),https://www.super99.com/10133988-pato-purific-pastilla-azul-12-40gr
Aseo del Hogar,RENDIDOR DETERGENTE LAVANDA 10/1000,305.00 USD (x1),305.00 USD (x1),https://www.super99.com/10134008-rendidor-detergente-lavanda-10-1000
Aseo del Hogar,REND DET LVADA 1500,395.00 USD (x1),439.00 USD (x1),https://www.super99.com/10134009-rend-det-lvada-1500
Aseo del Hogar,PINOX DESINFECTANTE BOTELLA 24/14OZ,259.00 USD (x1),259.00 USD (x1),https://www.super99.com/10134104-pinox-desinfectante-botella-24-14oz
Aseo del Hogar,Centinel Bolsas Medianas Para Basura 22 X 24 12 Unidades,119.00 USD (x1),119.00 USD (x1),https://www.super99.com/10134163-centinel-bolsas-medianas-para-basura-22-x-24-12-unidades
Aseo del Hogar,VIKINGO BOLSA BASURA 24X29,135.00 USD (x1),135.00 USD (x1),https://www.super99.com/10134187-vikingo-bolsa-basura-24x29
Aseo del Hogar,VIKINGO BOLSA BASURA 32X40,205.00 USD (x1),205.00 USD (x1),https://www.super99.com/10134188-vikingo-bolsa-basura-32x40
Aseo del Hogar,Centinel Bolsas Gigantes Para Basura 32 X 40 Con Aroma A Pino 6 Unidades,255.00 USD (x1),255.00 USD (x1),https://www.super99.com/10134215-centinel-bolsas-gigantes-para-basura-32-x-40-con-aroma-a-pino-6-unidades
Aseo del Hogar,Glade Aerosol Manzana y Canela 400ml,325.00 USD (x1),325.00 USD (x1),https://www.super99.com/10134239-glade-aerosol-manzana-y-canela-400ml
Aseo del Hogar,PATO PURIFIC REP DISCO ACT LIMA C/24,445.00 USD (x1),445.00 USD (x1),https://www.super99.com/10134280-pato-purific-rep-disco-act-lima-c-24
Aseo del Hogar,Pato Purific Mr. Musculo Pastilla Azul 80 g,339.00 USD (x1),339.00 USD (x1),https://www.super99.com/10134344-pato-purific-mr-musculo-pastilla-azul-80-g
Aseo del Hogar,Glade Plug-In Manzana Canela Aparato C/12,539.00 USD (x1),539.00 USD (x1),https://www.super99.com/10134350-glade-plug-in-manz-c
Aseo del Hogar,ZIPLOC STORAGE QUART 12/25 CT.,245.00 USD (x1),245.00 USD (x1),https://www.super99.com/10134354-ziploc-storage-quart-12-25-ct
Aseo del Hogar,Clip On Sport Aparato B/Tropical 7ml,629.00 USD (x1),629.00 USD (x1),https://www.super99.com/10134504-clip-on-sport-aparato-b-tropical-7ml
Aseo del Hogar,Hercules Escoba Caserita Unidad,275.00 USD (x1),275.00 USD (x1),https://www.super99.com/10138011-hercules-escoba-caserita-unidad
Aseo del Hogar,SIP DETERG FLOR 1000GR,299.00 USD (x1),299.00 USD (x1),https://www.super99.com/10140040-sip-deterg-flor-1000gr
Aseo del Hogar,Limpiador Cristal 409 Trigger 32Oz,375.00 USD (x1),375.00 USD (x1),https://www.super99.com/10142370-limpiador-cristal-409-trigger-32oz
Aseo del Hogar,409 LIMPIA CRISTAL,255.00 USD (x1),255.00 USD (x1),https://www.super99.com/10142371-409-limpia-cristal
Aseo del Hogar,Bonaire Cristal Floral 960Ml,139.00 USD (x1),139.00 USD (x1),https://www.super99.com/10142388-bonaire-cristal-floral-960ml
Aseo del Hogar,Mosquivela Vaso Deco 1 50 Hr.C/V,289.00 USD (x1),289.00 USD (x1),https://www.super99.com/10142398-mosquivela-vaso-deco-1-50-hr-c-v
Aseo del Hogar,MECHITA DOS TIGRES 4,135.00 USD (x1),135.00 USD (x1),https://www.super99.com/10147447-mechita-dos-tigres-4
Aseo del Hogar,SB FIBRA FIBRA VERDE 4X6,139.00 USD (x1),139.00 USD (x1),https://www.super99.com/10147468-sb-fibra-fibra-verde-4x6
Aseo del Hogar,Scotch Brite Esponja Anatómica de Limpieza Delicada 2 unidades,289.00 USD (x1),289.00 USD (x1),https://www.super99.com/10147496-scotch-brite-esponja-anatomica-de-limpieza-delicada-2-unidades
Aseo del Hogar,Gold Diamond Betún Neutral 70g,179.00 USD (x1),179.00 USD (x1),https://www.super99.com/10149984-gold-diamond-betun-neutral-70g
Aseo del Hogar,Mata Mosca Plastico,99.00 USD (x1),99.00 USD (x1),https://www.super99.com/10152033-mata-mosca-plastico
Aseo del Hogar,VELAS 30 HRS S/VASO,99.00 USD (x1),99.00 USD (x1),https://www.super99.com/10161133-velas-30-hrs-s-vaso
Aseo del Hogar,San José Vela 50 Horas con Vaso Blanca 1 unidad,135.00 USD (x1),135.00 USD (x1),https://www.super99.com/10161136-san-jose-vela-50-horas-con-vaso-blanca-1-unidad
Aseo del Hogar,VELAS 50 HRS.S/VASO ROSADA CJ/48,135.00 USD (x1),135.00 USD (x1),https://www.super99.com/10161139-velas-50-hrs-s-vaso-rosada-cj-48
Aseo del Hogar,VELAS 100 HRS.S/VASO VERDE CJ/24,199.00 USD (x1),199.00 USD (x1),https://www.super99.com/10161146-velas-100-hrs-s-vaso-verde-cj-24
Aseo del Hogar,VELAS 50 HRS.CON VASO BLANCA CJ/24,199.00 USD (x1),199.00 USD (x1),https://www.super99.com/10161155-velas-50-hrs-con-vaso-blanca-cj-24
Aseo del Hogar,VELAS 7 DIAS CON VASO VERDE CJ/12,469.00 USD (x1),469.00 USD (x1),https://www.super99.com/10161164-velas-7-dias-con-vaso-verde-cj-12
Aseo del Hogar,La Prosperidad Vela Blanca 10 Unidades,175.00 USD (x1),175.00 USD (x1),https://www.super99.com/10161743-la-prosperidad-vela-blanca-10-unidades
Aseo del Hogar,VELA 7 DIAS S/V C.REY AMARILLA 12/1,279.00 USD (x1),279.00 USD (x1),https://www.super99.com/10162133-vela-7-dias-s-v-c-rey-amarilla-12-1
Aseo del Hogar,SHOUT ADV GEL BRUSH 8/8.7 OZ,599.00 USD (x1),599.00 USD (x1),https://www.super99.com/10162316-shout-adv-gel-brush-8-8-7-oz
Aseo del Hogar,Colpasa Cepillo Fibra Plastico Para Lustrar,26.00 USD (x1),26.00 USD (x1),https://www.super99.com/10162480-colpasa-cepillo-fibra-plastico-para-lustrar
Aseo del Hogar,Solo Taza Para Bebida Caliente 6 Oz 50 Unidades,335.00 USD (x1),335.00 USD (x1),https://www.super99.com/20002000-solo-taza-para-bebida-caliente-6-oz-50-unidades
Aseo del Hogar,Multi Cleaner Cocina Atomizador 29Oz,355.00 USD (x1),355.00 USD (x1),https://www.super99.com/20007241-multi-cleaner-cocina-atomizador-29oz
Aseo del Hogar,Glade Hawaiian Breeze Spray Repuesto 6.2Oz,1199.00 USD (x1),1199.00 USD (x1),https://www.super99.com/20007249-glade-hawaiian-breeze-spray-repuesto-6-2oz
Aseo del Hogar,Centinel Vaso #7 Oxo 24 Unidades,129.00 USD (x1),129.00 USD (x1),https://www.super99.com/20012040-centinel-vaso-7-oxo-24-unidades
Aseo del Hogar,Centinel Bolsa Extra Grande Verde 12 Unidades,309.00 USD (x1),309.00 USD (x1),https://www.super99.com/20014367-centinel-bolsa-extra-grande-verde-12-unidades
Aseo del Hogar,Cepillo Para Lavar,159.00 USD (x1),159.00 USD (x1),https://www.super99.com/20014808-cepillo-para-lavar
Aseo del Hogar,WOOLITE DETERGENTE ROPA 6/50 OZ,1199.00 USD (x1),1199.00 USD (x1),https://www.super99.com/20015039-woolite-detergente-ropa-6-50-oz
Aseo del Hogar,Mas Color Detergente Liquido Oscuro 450ml,239.00 USD (x1),239.00 USD (x1),https://www.super99.com/20021735-mas-color-detergente-liquido-oscuro-450ml
Aseo del Hogar,Fabuloso Desinfectante Manzana 900ml,245.00 USD (x1),245.00 USD (x1),https://www.super99.com/20023060-fabuloso-desinfectante-manzana-900ml
Aseo del Hogar,SWIFFER DUSTERS REFILLS 4/10PCS,999.00 USD (x1),999.00 USD (x1),https://www.super99.com/20025492-swiffer-dusters-refills-4-10pcs
Aseo del Hogar,BAKIN SODA 2 LIBRAS,259.00 USD (x1),259.00 USD (x1),https://www.super99.com/20026370-bakin-soda-2-libras
Aseo del Hogar,Mosquite Repel Citronella Candle 4.25Oz,225.00 USD (x1),225.00 USD (x1),https://www.super99.com/20030473-mosquite-repel-citronella-candle-4-25oz
Aseo del Hogar,VELA AROMATIZANTE APPLE CINNAMON 3OZ,219.00 USD (x1),219.00 USD (x1),https://www.super99.com/20030501-vela-aromatizante-apple-cinnamon-3oz
Aseo del Hogar,Glade Aromatizante Eléctrico Hawaiian Breeze 63ml,1049.00 USD (x1),1049.00 USD (x1),https://www.super99.com/20032160-3pack-glade-plug-hawaiian
Aseo del Hogar,VASO FOAM 10 OZ 25UN,115.00 USD (x1),115.00 USD (x1),https://www.super99.com/20034683-vaso-foam-10-oz-25un
Aseo del Hogar,Lux Amonia 28oz,145.00 USD (x1),145.00 USD (x1),https://www.super99.com/20034782-lux-amonia-28oz
Aseo del Hogar,Ez Stor Zipper Storage Bags Galon 20 Bag,135.00 USD (x1),135.00 USD (x1),https://www.super99.com/20039749-ez-stor-zipper-storage-bags-galon-20-bag
Aseo del Hogar,EZ STOR ZIPPER FREEZER BAGS,99.00 USD (x1),99.00 USD (x1),https://www.super99.com/20039756-ez-stor-zipper-freezer-bags
Aseo del Hogar,Ez Stor Zipper Freezer Bags Gallon 15 Bag,149.00 USD (x1),149.00 USD (x1),https://www.super99.com/20039765-ez-stor-zipper-freezer-bags-gallon-15-bag
Aseo del Hogar,Glade Plug-In Aceite Paraiso Aparato 21,539.00 USD (x1),539.00 USD (x1),https://www.super99.com/20042803-glade-plug-in-paraiso
Aseo del Hogar,Glade Sensations Paraiso Azul Repuesto caja/12,549.00 USD (x1),549.00 USD (x1),https://www.super99.com/20042808-glade-sensations-paraiso-azul-repuesto-caja-12
Aseo del Hogar,Glade Aerosol Automatico Paraiso Az 6.2Oz,1199.00 USD (x1),1199.00 USD (x1),https://www.super99.com/20042814-glade-aerosol-automatico-paraiso-az-6-2oz
Aseo del Hogar,Dawn Power Dissolver 12.8oz,399.00 USD (x1),399.00 USD (x1),https://www.super99.com/20043156-dawn-power-dissolver-12-8oz
Aseo del Hogar,Multi-Pack Vaso Foam 12Oz 25 Unidades,155.00 USD (x1),155.00 USD (x1),https://www.super99.com/20044907-multi-pack-vaso-foam-12oz-25-unidades
Aseo del Hogar,Scotch Brite Esponja Limpieza Delicada 1 Unidad,209.00 USD (x1),209.00 USD (x1),https://www.super99.com/20045021-scotch-brite-esponja-limpieza-delicada-1-unidad
Aseo del Hogar,SERVILLETA ELITE ULTRA 12/420 UNID.,369.00 USD (x1),369.00 USD (x1),https://www.super99.com/20046844-servilleta-elite-ultra-12-420-unid
Aseo del Hogar,VANISH WHITE LQ 435ml,279.00 USD (x1),349.00 USD (x1),https://www.super99.com/20047058-vanish-white-lq-435ml
Aseo del Hogar,Easy Off Oven Cleaner Lemon 14.5Oz,549.00 USD (x1),549.00 USD (x1),https://www.super99.com/20048824-easy-off-oven-cleaner-lemon-14-5oz
Aseo del Hogar,CLOROX GEL PUREZA 930ML,255.00 USD (x1),255.00 USD (x1),https://www.super99.com/20049949-clorox-gel-pureza-930ml
Aseo del Hogar,SET RECOJEDOR Y CEPILLO,239.00 USD (x1),239.00 USD (x1),https://www.super99.com/20053207-set-recojedor-y-cepillo
Aseo del Hogar,GLAD BAG 13 GAL 40CT ODOR,1299.00 USD (x1),1299.00 USD (x1),https://www.super99.com/20056536-glad-bag-13-gal-40ct-odor
Aseo del Hogar,REYN WRAP PAPEL 50FT,779.00 USD (x1),779.00 USD (x1),https://www.super99.com/20064113-reyn-wrap-papel-50ft
Aseo del Hogar,Reynolds Wrap Papel Aluminio Heavy Duty 75 Ft,919.00 USD (x1),919.00 USD (x1),https://www.super99.com/20064114-reynolds-wrap-papel-h-duty-20-75-ft
Aseo del Hogar,"Platos De Carton 10"" Ultra 10/25 Unid.",579.00 USD (x1),579.00 USD (x1),https://www.super99.com/20065820-platos-de-carton-10-ultra-10-25-unid
Aseo del Hogar,VELA LA ORACION VASO LARGO 7 COLORES,569.00 USD (x1),569.00 USD (x1),https://www.super99.com/20066018-vela-la-oracion-vaso-largo-7-colores
Aseo del Hogar,WEIMAN JEWELRY CLEANER JAR 6/7 OZ,599.00 USD (x1),599.00 USD (x1),https://www.super99.com/20066902-weiman-jewelry-cleaner-jar-6-7-oz
Aseo del Hogar,TRAMPA PEGAMAX RATONES,49.00 USD (x1),49.00 USD (x1),https://www.super99.com/20067197-trampa-pegamax-ratones
Aseo del Hogar,Mosquirepel Citronela Vela Fresh Rain,485.00 USD (x1),485.00 USD (x1),https://www.super99.com/20069735-mosquirepel-citronela-vela-fresh-rain
Aseo del Hogar,Bufalo Gamuza Negro 60cm,16.00 USD (x1),16.00 USD (x1),https://www.super99.com/20070654-bufalo-gamuza-negro-60cm
Aseo del Hogar,Blixi Double Zipper Bags Quart 24 Unidades,229.00 USD (x1),229.00 USD (x1),https://www.super99.com/20071981-blixi-double-zipper-bags-quart-24-unidades
Aseo del Hogar,Blixi Zipper Bags Sandwich 100 Unidades,329.00 USD (x1),329.00 USD (x1),https://www.super99.com/20071984-blixi-zipper-bags-sandwich-100-unidades
Aseo del Hogar,REYNOLD SLIDER BAGS GALLON 24/8UND,169.00 USD (x1),169.00 USD (x1),https://www.super99.com/20073455-reynold-slider-bags-gallon-24-8und
Aseo del Hogar,Goo Gone Sticker Lifter 2Oz,549.00 USD (x1),549.00 USD (x1),https://www.super99.com/20076420-goo-gone-sticker-lifter-2oz
Aseo del Hogar,Cottonelle 6 Rollos Papel Higienico,699.00 USD (x1),699.00 USD (x1),https://www.super99.com/20076689-cottonelle-6-rollos-papel-higienico
Aseo del Hogar,VIKINGO BOLSA GDE. NEGRA AGARRADERO 12U,165.00 USD (x1),165.00 USD (x1),https://www.super99.com/20078420-vikingo-bolsa-gde-negra-agarradero-12u
Aseo del Hogar,Dopla Cuchillo 16.5cm Fucsia 20 Unidades,115.00 USD (x1),115.00 USD (x1),https://www.super99.com/20078516-dopla-cuchillo-16-5cm-fucsia-20-unidades
Aseo del Hogar,PH SCOTT RINDEMAX 4UN,275.00 USD (x1),315.00 USD (x1),https://www.super99.com/20078610-ph-scott-rindemax-4un
Aseo del Hogar,TAPA CAFE 6OZ TUBO 50 UNID,269.00 USD (x1),269.00 USD (x1),https://www.super99.com/20079314-tapa-cafe-6oz-tubo-50-unid
Aseo del Hogar,Glade Sensations Repuesto Nectar Flores 2 Pack,959.00 USD (x1),959.00 USD (x1),https://www.super99.com/20080252-glade-sensations-repuesto-nectar-flores-2-pack
Aseo del Hogar,Dopla Cuchillos Plateados Paquete 20 Unidades,115.00 USD (x1),115.00 USD (x1),https://www.super99.com/20084817-dopla-cuchillos-plateados-paquete-20-unidades
Aseo del Hogar,SAPOLIO SACAGRASA LIMON COCINA 12/650ML,209.00 USD (x1),209.00 USD (x1),https://www.super99.com/20086311-sapolio-sacagrasa-limon-cocina-12-650ml
Aseo del Hogar,FBRZ PLUG LINEN SKY,869.00 USD (x1),869.00 USD (x1),https://www.super99.com/20087529-fbrz-plug-linen-sky
Aseo del Hogar,RENDIDOR AZUL 2 5KG,599.00 USD (x1),709.00 USD (x1),https://www.super99.com/20091223-rendidor-azul-2-5kg
Aseo del Hogar,ARIEL LIQ CONCENTRADO 400ML,309.00 USD (x1),309.00 USD (x1),https://www.super99.com/20092583-ariel-liq-concentrado-400ml
Aseo del Hogar,DELUX P TOA D HOJA 3R,279.00 USD (x1),279.00 USD (x1),https://www.super99.com/20092625-delux-p-toa-d-hoja-3r
Aseo del Hogar,Mr Musculo Discos Brisa Aparato 72,569.00 USD (x1),569.00 USD (x1),https://www.super99.com/20094235-mr-musculo-discos-brisa-aparato-72
Aseo del Hogar,PINOL AROMAS FLORAL 15/828ML,209.00 USD (x1),209.00 USD (x1),https://www.super99.com/20094966-pinol-aromas-floral-15-828ml
Aseo del Hogar,SALVO LIMON 750ML,292.00 USD (x1),379.00 USD (x1),https://www.super99.com/20094981-salvo-limon-750ml
Aseo del Hogar,VANISH BCO POLVO 450G,799.00 USD (x1),799.00 USD (x1),https://www.super99.com/20098039-vanish-bco-polvo-450g
Aseo del Hogar,Glade Automatico Forbidden Repuesto,1199.00 USD (x1),1199.00 USD (x1),https://www.super99.com/20098120-glade-automatico-forbidden-repuesto
Aseo del Hogar,Lysol Lavanda Desinfectante Galon,945.00 USD (x1),945.00 USD (x1),https://www.super99.com/20100066-lysol-lavanda-desinfectante-galon
Aseo del Hogar,SPUM SUAVIZANTE 9.3L,1249.00 USD (x1),1249.00 USD (x1),https://www.super99.com/20101549-spum-suavizante-9-3l
Aseo del Hogar,SPUM DETRG BEBE 3000G,889.00 USD (x1),889.00 USD (x1),https://www.super99.com/20102764-spum-detrg-bebe-3000g
Aseo del Hogar,TERNURA SERVILL 100CT,39.00 USD (x1),39.00 USD (x1),https://www.super99.com/20102922-ternura-servill-100ct
Aseo del Hogar,"""Magic Light Vela 50h Blanco 3""""""",189.00 USD (x1),189.00 USD (x1),https://www.super99.com/20103309-magic-light-vela-50h-blanco-3
Aseo del Hogar,Bonaire Varitas Frutos Rojos 40ml,335.00 USD (x1),335.00 USD (x1),https://www.super99.com/20103818-bonaire-varitas-frutos-rojos-40ml
Aseo del Hogar,Vanish Blanqueamiento Sin Cloro 900 ml + 500 ml,649.00 USD (x1),649.00 USD (x1),https://www.super99.com/20104142-vanish-blanqueamiento-sin-cloro-900-ml-500-ml
Aseo del Hogar,HARPIC PAST WHT 5PK,759.00 USD (x1),759.00 USD (x1),https://www.super99.com/20104245-harpic-past-wht-5pk
Aseo del Hogar,SCOTCH B ON PACK 2PK MULT USO,249.00 USD (x1),249.00 USD (x1),https://www.super99.com/20104668-scotch-b-on-pack-2pk-mult-uso
Aseo del Hogar,One Drop Powerful Menta 20ml,499.00 USD (x1),499.00 USD (x1),https://www.super99.com/20104750-one-drop-powerful-menta-20ml
Aseo del Hogar,LYSOL WIPES MGO 35CT,529.00 USD (x1),529.00 USD (x1),https://www.super99.com/20105597-lysol-wipes-mgo-35ct
Aseo del Hogar,Contraste Alambrina Colocha Inox,179.00 USD (x1),179.00 USD (x1),https://www.super99.com/20106344-contraste-alambrina-colocha-inox
Aseo del Hogar,SPU SUAVI NAT 1500ML,219.00 USD (x1),249.00 USD (x1),https://www.super99.com/20106433-spu-suavi-nat-1500ml
Aseo del Hogar,Suavitel Cuidado Superior Vainilla 1.9 L,489.00 USD (x1),489.00 USD (x1),https://www.super99.com/20106593-suavitel-cuidado-superior-vainilla-1-9-l
Aseo del Hogar,Cuchara Solar,49.00 USD (x1),49.00 USD (x1),https://www.super99.com/20106631-cuchara-solar
Aseo del Hogar,Bolrol Bolsa Zipper 17.8x20.3 Freez,139.00 USD (x1),139.00 USD (x1),https://www.super99.com/20107048-bolrol-bolsa-zipper-17-8x20-3-freez
Aseo del Hogar,STOCH BRITE PAÑO MULTIUSO 3PACK SURT,569.00 USD (x1),569.00 USD (x1),https://www.super99.com/20107353-stoch-brite-pano-multiuso-3pack-surt
Aseo del Hogar,BLIXI PAPEL ALUMI 25FT,175.00 USD (x1),189.00 USD (x1),https://www.super99.com/20108654-blixi-papel-alumi-25ft
Aseo del Hogar,Blixi Papel Aluminio 75ft,389.00 USD (x1),389.00 USD (x1),https://www.super99.com/20108656-blixi-papel-aluminio-75ft
Aseo del Hogar,Eazzz Escoba con Palo Verde 60039h,25.00 USD (x1),25.00 USD (x1),https://www.super99.com/20109693-eazzz-escoba-con-palo-verde-60039h
Aseo del Hogar,REYNOLD OVER COOKING BAGS 24/2,215.00 USD (x1),215.00 USD (x1),https://www.super99.com/20111509-reynold-over-cooking-bags-24-2
Aseo del Hogar,Harpic Tbc White and Shine con Cloro 750ml,469.00 USD (x1),469.00 USD (x1),https://www.super99.com/20111938-harpic-tbc-white-and-shine-con-cloro-750ml
Aseo del Hogar,MISTOLIN ALEGRA TU VIDA 12/900ML,159.00 USD (x1),199.00 USD (x1),https://www.super99.com/20112415-mistolin-alegra-tu-vida-12-900ml
Aseo del Hogar,Mistolin Desinfectante Alegra Tu Vida 3.7L,679.00 USD (x1),679.00 USD (x1),https://www.super99.com/20112416-mistolin-desinfectante-alegra-tu-vida-3-7l
Aseo del Hogar,Encanto Papel Higienico Clasico 4 Rollos,129.00 USD (x1),129.00 USD (x1),https://www.super99.com/20112433-p-higienico-clasico-220hd-12-4
Aseo del Hogar,CLOROX ANTISPLASH 6/3785ML,369.00 USD (x1),369.00 USD (x1),https://www.super99.com/20112460-clorox-antisplash-6-3785ml
Aseo del Hogar,Humidex Absorbente Humedad Vaso 300g,525.00 USD (x1),525.00 USD (x1),https://www.super99.com/20113128-humidex-absorbente-humedad-vaso-300g
Aseo del Hogar,CARRIZO CARTON,349.00 USD (x1),349.00 USD (x1),https://www.super99.com/20113255-carrizo-carton
Aseo del Hogar,TERN LAVAPL LMN 425G,89.00 USD (x1),109.00 USD (x1),https://www.super99.com/20113361-tern-lavapl-lmn-425g
Aseo del Hogar,SANYTOL PISTOLA MULTIUSOS FRESH 12/750ML,339.00 USD (x1),339.00 USD (x1),https://www.super99.com/20113513-sanytol-multiusos-l
Aseo del Hogar,ROMEO DETERG 1000GR,189.00 USD (x1),189.00 USD (x1),https://www.super99.com/20113861-romeo-deterg-1000gr
Aseo del Hogar,ROSAL P H 3PLY 6ROLLO,419.00 USD (x1),419.00 USD (x1),https://www.super99.com/20117442-rosal-p-h-3ply-6rollo
Aseo del Hogar,TERN SUAV TIERNO AMA 800ML,99.00 USD (x1),139.00 USD (x1),https://www.super99.com/20119587-tern-suav-tierno-ama-800ml
Aseo del Hogar,UNICO PH 1000H 6R,429.00 USD (x1),429.00 USD (x1),https://www.super99.com/20121102-unico-ph-1000h-6r
Aseo del Hogar,VIKINGO ROLLO GRANDE 24X29,389.00 USD (x1),389.00 USD (x1),https://www.super99.com/20122083-vikingo-rollo-grande-24x29
Aseo del Hogar,VIKINGO ROLLO JARDIN 33X47,799.00 USD (x1),799.00 USD (x1),https://www.super99.com/20122085-vikingo-rollo-jardin-33x47
Aseo del Hogar,Centinel Jumbo Heavy Duty,67.00 USD (x1),67.00 USD (x1),https://www.super99.com/20122088-centinel-jumbo-heavy-duty
Aseo del Hogar,Dr Beckmann Limpiador Acero Inoxidable 250ml,439.00 USD (x1),439.00 USD (x1),https://www.super99.com/20122181-dr-beckmann-limpiador-acero-inoxidable-250ml
Aseo del Hogar,Dr Beckmann Lapiz Quitamancha 9ml,385.00 USD (x1),385.00 USD (x1),https://www.super99.com/20122183-dr-beckmann-lapiz-quitamancha-9ml
Aseo del Hogar,Dr Beckmann Quitamancha Desodorante y Sudor 500ml,549.00 USD (x1),549.00 USD (x1),https://www.super99.com/20122205-dr-beckmann-quitamancha-desodorante-y-sudor-500ml
Aseo del Hogar,Dr Beckmann Limpia Plata 375ml,459.00 USD (x1),459.00 USD (x1),https://www.super99.com/20122208-dr-beckmann-limpia-plata-375ml
Aseo del Hogar,Dr Beckmann Limpiador Alfombra 650ml,779.00 USD (x1),779.00 USD (x1),https://www.super99.com/20122209-dr-beckmann-limpiador-alfombra-650ml
Aseo del Hogar,ABSORBE REFRIGERADOR LIMON,559.00 USD (x1),559.00 USD (x1),https://www.super99.com/20122211-absorbe-refrigerador-limon
Aseo del Hogar,LYSOL LIMPIADOR BANOS 22OZ,619.00 USD (x1),619.00 USD (x1),https://www.super99.com/20122468-lysol-limpiador-banos-22oz
Aseo del Hogar,Febreze Aero Linen Sky 2 Repuestos 17.6 Oz,1249.00 USD (x1),1249.00 USD (x1),https://www.super99.com/20123264-febreze-aero-linen-sky-2-repuestos-17-6-oz
Aseo del Hogar,Bionature Bandeja Db Desechable 5x5 Sd 10 Unidades,22.00 USD (x1),22.00 USD (x1),https://www.super99.com/20123316-bionature-bandeja-db-desechable-5x5-sd-10-unidades
Aseo del Hogar,Moderware Vaso Carton 3oz 36 Unidades,199.00 USD (x1),199.00 USD (x1),https://www.super99.com/20123607-moderware-vaso-carton-3oz-36-unidades
Aseo del Hogar,UNICO PAPEL HIG PLUS DOBLE CONFORT 12/4R,189.00 USD (x1),189.00 USD (x1),https://www.super99.com/20124546-unico-papel-hig-plus-doble-confort-12-4r
Aseo del Hogar,SPUM DESIN LAV DPK 800ML,135.00 USD (x1),135.00 USD (x1),https://www.super99.com/20126019-spum-desin-lav-dpk-800ml
Aseo del Hogar,Jaguar Basurero Pedal 7L,35.00 USD (x1),35.00 USD (x1),https://www.super99.com/20126240-jaguar-basurero-pedal-7l
Aseo del Hogar,Magia Blanca Citronela Desinfectante 1892ml,399.00 USD (x1),399.00 USD (x1),https://www.super99.com/20126384-magia-blanca-citronela-desinfectante-1892ml
Aseo del Hogar,Magia Blanca Citrone Desinfectante 1gal,719.00 USD (x1),719.00 USD (x1),https://www.super99.com/20126386-magia-blanca-citrone-desinfectante-1gal
Aseo del Hogar,TABLETA CLORO 200GR,115.00 USD (x1),115.00 USD (x1),https://www.super99.com/20126886-tableta-cloro-200gr
Aseo del Hogar,ROSAL MORA PHG 3P 1X18,959.00 USD (x1),959.00 USD (x1),https://www.super99.com/20127687-rosal-mora-phg-3p-1x18
Aseo del Hogar,AJAX BAKING SODA ORANGE LEMON 1L,329.00 USD (x1),329.00 USD (x1),https://www.super99.com/20127737-ajax-baking-soda-orange-lemon-1l
Aseo del Hogar,Glade Piso Refil Lavanda Aloe 2 Pack 42ml,669.00 USD (x1),669.00 USD (x1),https://www.super99.com/20127873-glade-piso-refil-lavanda-aloe-2-pack-42ml
Aseo del Hogar,RENDIDOR LIQ 9 LITRO,2299.00 USD (x1),2299.00 USD (x1),https://www.super99.com/20127955-rendidor-liq-9-litro
Aseo del Hogar,Toalla de Papel Desechable Scott Multi Absorbente 3 Rollos 80H,269.00 USD (x1),269.00 USD (x1),https://www.super99.com/20128309-scott-papel-toalla-multi-absorb-8-3r
Aseo del Hogar,TERN SUAV VAINILLA 3L,399.00 USD (x1),509.00 USD (x1),https://www.super99.com/20129712-tern-suav-vainilla-3l
Aseo del Hogar,SUAVIT COMPL FRESC 1.3L,389.00 USD (x1),389.00 USD (x1),https://www.super99.com/20130536-suavit-compl-fresc-1-3l
Aseo del Hogar,MEGUIARS ELIMINADOR OLORES 2.5OZ,1099.00 USD (x1),1099.00 USD (x1),https://www.super99.com/20131392-meguiars-eliminador-olores-2-5oz
Aseo del Hogar,Meguiars Air Re-Freshner Bl Chrome 2oz,1099.00 USD (x1),1099.00 USD (x1),https://www.super99.com/20131396-meguiars-air-re-freshner-bl-chrome-2oz
Aseo del Hogar,Familia Papel Higienico 12 Rollos,519.00 USD (x1),519.00 USD (x1),https://www.super99.com/20131793-familia-papel-higienico-12-rollos
Aseo del Hogar,Blanca Nieves Jabon Barra 400g,199.00 USD (x1),199.00 USD (x1),https://www.super99.com/20132075-blanca-nieves-jabon-barra-400g
Aseo del Hogar,Dixie Limpiador Neutral Piso 33oz,359.00 USD (x1),359.00 USD (x1),https://www.super99.com/20132215-dixie-limpiador-neutral-piso-33oz
Aseo del Hogar,Papel Higiénico Scott 2 en 1 Doble Hoja 6 Rollos,289.00 USD (x1),289.00 USD (x1),https://www.super99.com/20132347-papel-higienico-scott-2-en-1-doble-hoja-6-rollos
Aseo del Hogar,"""Home Green Eco Friendly Plato 9"""" 20 Unidades""",299.00 USD (x1),299.00 USD (x1),https://www.super99.com/20132931-home-green-eco-friendly-plato-9-20-unidades
Aseo del Hogar,JABON LAVAPLATOS LIMON 370ML,109.00 USD (x1),129.00 USD (x1),https://www.super99.com/20133020-jabon-lavaplatos-limon-370ml
Aseo del Hogar,JABON LAVA TODO EN UNO 370ML,109.00 USD (x1),129.00 USD (x1),https://www.super99.com/20133024-jabon-lava-todo-en-uno-370ml
Aseo del Hogar,JABON LAVAPLATOS LIMON 900ML,199.00 USD (x1),259.00 USD (x1),https://www.super99.com/20133027-jabon-lavaplatos-limon-900ml
Aseo del Hogar,JABON LAVAPLATOS ORIGINAL 900ML,199.00 USD (x1),259.00 USD (x1),https://www.super99.com/20133030-jabon-lavaplatos-original-900ml
Aseo del Hogar,JABON LAVAPLATOS COMPLETE 900ML,199.00 USD (x1),259.00 USD (x1),https://www.super99.com/20133031-jabon-lavaplatos-complete-900ml
Aseo del Hogar,Airwick Aromatizante Electrico Manzana y Canela 21ml,539.00 USD (x1),539.00 USD (x1),https://www.super99.com/20133215-airwick-aromatizante-electrico-manzana-y-canela-21ml
Aseo del Hogar,S99 PLATO CART N6 25U,119.00 USD (x1),119.00 USD (x1),https://www.super99.com/20133244-s99-plato-cart-n6-25u
Aseo del Hogar,S99 PLATO BAGAZO CANA,279.00 USD (x1),279.00 USD (x1),https://www.super99.com/20133248-s99-plato-bagazo-cana
Aseo del Hogar,Super 99 Tenedor Madera N6.5 40/25Un,99.00 USD (x1),99.00 USD (x1),https://www.super99.com/20133250-super-99-tenedor-madera-n6-5-40-25un
Aseo del Hogar,Famiilia Papel Higienico Extra Gande 12 Rollos,779.00 USD (x1),779.00 USD (x1),https://www.super99.com/20134001-famiilia-papel-higienico-extra-gande-12-rollos
Aseo del Hogar,Bio Pack Plato Papel N7 20 Unidades,219.00 USD (x1),219.00 USD (x1),https://www.super99.com/20134456-bio-pack-plato-papel-n7-20-unidades
Aseo del Hogar,Glade Varitas Aromatizante Paraiso Az 100ml,729.00 USD (x1),729.00 USD (x1),https://www.super99.com/20134698-glade-varitas-aromatizante-paraiso-az-100ml
Aseo del Hogar,FEBREZE CAR 2PK MIDNTSTORM 0.13OZ,575.00 USD (x1),759.00 USD (x1),https://www.super99.com/20134738-febreze-car-2pk-midntstorm-0-13oz
Aseo del Hogar,Lysol Desinfectante Multiuso Invi Wom 500ml,22.00 USD (x1),22.00 USD (x1),https://www.super99.com/20135210-lysol-desinfectante-multiuso-invi-wom-500ml
Aseo del Hogar,Glade Cubo Manzana Canela 180g,295.00 USD (x1),295.00 USD (x1),https://www.super99.com/20135567-glade-cubo-manzana-canela-180g
Aseo del Hogar,Glade Cubo Hawaiian Breeze 180g,295.00 USD (x1),295.00 USD (x1),https://www.super99.com/20135569-glade-cubo-hawaiian-breeze-180g
Aseo del Hogar,TERN DET ROPA OSCURA 800ML,199.00 USD (x1),259.00 USD (x1),https://www.super99.com/20136202-tern-det-ropa-oscura-800ml
Aseo del Hogar,Finish Liquido Lava Abrillanta Copas 8.45Oz,599.00 USD (x1),599.00 USD (x1),https://www.super99.com/20138682-finish-liquido-lava-abrillanta-copas-8-45oz
Aseo del Hogar,SAPOLIO LIMPIADOR POLVO COCINA 12/450G,115.00 USD (x1),115.00 USD (x1),https://www.super99.com/20138975-sapolio-limpiador-polvo-cocina-12-450g
Aseo del Hogar,Scott Duramax Reutilizable 48 Paños,159.00 USD (x1),199.00 USD (x1),https://www.super99.com/20139010-scott-duramax-pano-48p
Aseo del Hogar,PLATO MELAFORM 8,99.00 USD (x1),99.00 USD (x1),https://www.super99.com/20139150-plato-melaform-8
Aseo del Hogar,Magia Blanca Quitamanchas Polvo Blanco 450g,719.00 USD (x1),719.00 USD (x1),https://www.super99.com/20139503-magia-blanca-quitamanchas-polvo-blanco-450g
Aseo del Hogar,ULTRAKLIN DETERG FUERZA EXTREMA 2/5KG,989.00 USD (x1),989.00 USD (x1),https://www.super99.com/20139797-ultraklin-deterg-fuerza-extrema-2-5kg
Aseo del Hogar,ULTRAKLIN F NATUR 9KG,1659.00 USD (x1),1659.00 USD (x1),https://www.super99.com/20139799-ultraklin-f-natur-9kg
Aseo del Hogar,Home Value Vaso Transparente Plastico 12oz 20 Unidades,215.00 USD (x1),215.00 USD (x1),https://www.super99.com/20139834-home-value-vaso-transparente-plastico-12oz-20-unidades
Aseo del Hogar,FABULOSO DESINF DUAL FLORAL 4/1 GALON,809.00 USD (x1),809.00 USD (x1),https://www.super99.com/20140081-fabuloso-desinf-dual-floral-4-1-galon
Aseo del Hogar,SCOTCH BRITE ON PACK EXTREMA+CERO RAYAS,289.00 USD (x1),289.00 USD (x1),https://www.super99.com/20140771-scotch-brite-on-pack-extrema-cero-rayas
Aseo del Hogar,SUAVIT MANZANA 2.8LT,789.00 USD (x1),789.00 USD (x1),https://www.super99.com/20141312-suavit-manzana-2-8lt
Aseo del Hogar,Bettanin Recambio Mopa Abrasiva,589.00 USD (x1),589.00 USD (x1),https://www.super99.com/20141602-bettanin-recambio-mopa-abrasiva
Aseo del Hogar,Bettanin Cepillo Azulejo Esquina Antides,169.00 USD (x1),169.00 USD (x1),https://www.super99.com/20141605-bettanin-cepillo-azulejo-esquina-antides
Aseo del Hogar,SUPER 99 BOLSA NEGRA,119.00 USD (x1),119.00 USD (x1),https://www.super99.com/20141769-super-99-bolsa-negra
Aseo del Hogar,Ajm Lunch Bags Papel 15.5x10cm 50 Unidades,455.00 USD (x1),455.00 USD (x1),https://www.super99.com/20141937-ajm-lunch-bags-papel-15-5x10cm-50-unidades
Aseo del Hogar,PLASTIFAR VASO PET 12OZ 20/50UN,375.00 USD (x1),375.00 USD (x1),https://www.super99.com/20142573-plastifar-vaso-pet-12oz-20-50un
Aseo del Hogar,MANZANA CANELA 1893ML,272.00 USD (x1),309.00 USD (x1),https://www.super99.com/20142610-manzana-canela-1893ml
Aseo del Hogar,TPINK STUFF MIRACLE BATHROOM FOAM 750ML,799.00 USD (x1),799.00 USD (x1),https://www.super99.com/20143135-tpink-stuff-miracle-bathroom-foam-750ml
Aseo del Hogar,THE PINK STUFF MIRACLE OXI ST REMOVER 500ML,799.00 USD (x1),799.00 USD (x1),https://www.super99.com/20143137-tpink-stuff-miracle-oxi-st-remover-500ml
Aseo del Hogar,Cottonelle Papel Higienico Ultra Comfort 6 Rollos,1299.00 USD (x1),1299.00 USD (x1),https://www.super99.com/20143159-cottonelle-papel-higienico-ultra-comfort-6-rollos
Aseo del Hogar,TERNURA DESENGRA COCINA,119.00 USD (x1),159.00 USD (x1),https://www.super99.com/20143241-ternura-desengra-cocina
Aseo del Hogar,TAPA PLASTICA SOPA 16/24OZ 10/50,369.00 USD (x1),369.00 USD (x1),https://www.super99.com/20143340-tapa-plastica-sopa-16-24oz-10-50
Aseo del Hogar,DWN APRIL FRES B 12.2Z,747.00 USD (x1),939.00 USD (x1),https://www.super99.com/20144360-dwn-april-fres-b-12-2z
Aseo del Hogar,DWN UNSTPBL FRS 12.2Z,939.00 USD (x1),939.00 USD (x1),https://www.super99.com/20144362-dwn-unstpbl-frs-12-2z
Aseo del Hogar,DWN UNSTPBL LUSH 12.2Z,939.00 USD (x1),939.00 USD (x1),https://www.super99.com/20144368-dwn-unstpbl-lush-12-2z
Aseo del Hogar,TERNURA COCINA TOTAL 750ML,199.00 USD (x1),239.00 USD (x1),https://www.super99.com/20144481-ternura-cocina-total-750ml
Aseo del Hogar,Contraste Guante Multiuso Mediano,285.00 USD (x1),285.00 USD (x1),https://www.super99.com/20144628-contraste-guante-multiuso-mediano
Aseo del Hogar,BLIXI BOLS BLA 18X18 12U,109.00 USD (x1),129.00 USD (x1),https://www.super99.com/20144690-blixi-bols-bla-18x18-12u
Aseo del Hogar,BLIXI BOL NEG 32X40 6U,189.00 USD (x1),225.00 USD (x1),https://www.super99.com/20144693-blixi-bol-neg-32x40-6u
Aseo del Hogar,BLIXI BOLS NEGR AGA M,139.00 USD (x1),165.00 USD (x1),https://www.super99.com/20144698-blixi-bols-negr-aga-m
Aseo del Hogar,Axion Lavaplato Xtreme Crema 550g,199.00 USD (x1),199.00 USD (x1),https://www.super99.com/20144898-axion-lavaplato-xtreme-crema-550g
Aseo del Hogar,SANIPET DESINFECTANTE PISOS CITRUS 33.8Z,349.00 USD (x1),349.00 USD (x1),https://www.super99.com/20145218-sanipet-desinfectante-pisos-citrus-33-8z
Aseo del Hogar,"""HV Platos Papel Rojo Party 9"""" 25 Pack """,299.00 USD (x1),299.00 USD (x1),https://www.super99.com/20145644-hv-25pk-platos-pap-rojo-9pulg
Aseo del Hogar,Ariel 2 Pack Detergente Polvo Downy 800g,459.00 USD (x1),459.00 USD (x1),https://www.super99.com/20146440-ariel-2-pack-detergente-polvo-downy-800g
Aseo del Hogar,Harpic Baños Limpiador Fresh Lavanda 650ml,649.00 USD (x1),649.00 USD (x1),https://www.super99.com/20146547-harpic-banos-limpiador-fresh-lavanda-650ml
Aseo del Hogar,Airwick Electrico Repuesto 3 Pack Turquoise Oasi 60oz,999.00 USD (x1),999.00 USD (x1),https://www.super99.com/20146814-airwick-electrico-repuesto-3-pack-turquoise-oasi-60oz
Aseo del Hogar,Lab Pro Tile Pro Limpiador Acido Litro,419.00 USD (x1),419.00 USD (x1),https://www.super99.com/20147222-lab-pro-tile-pro-limpiador-acido-litro
Aseo del Hogar,SPUM DESINF LAVANDA 900ML,129.00 USD (x1),189.00 USD (x1),https://www.super99.com/20147446-spum-desinf-lavanda-900ml
Aseo del Hogar,DETERG 10 LIQUIDO DOYPCK 1500ML,519.00 USD (x1),589.00 USD (x1),https://www.super99.com/20147708-deterg-10-liquido-doypck-1500ml
Aseo del Hogar,ROCIO DETERGEN 8KG,1245.00 USD (x1),1359.00 USD (x1),https://www.super99.com/20147806-rocio-detergen-8kg
Aseo del Hogar,ARIEL COLOR POUCH 400ML,279.00 USD (x1),279.00 USD (x1),https://www.super99.com/20148024-ariel-color-pouch-400ml
Aseo del Hogar,ARIEL COLOR LIQ 2800ML,1119.00 USD (x1),1449.00 USD (x1),https://www.super99.com/20148028-ariel-color-liq-2800ml
Aseo del Hogar,SUPER 99 BOWLS BAGAZO,229.00 USD (x1),269.00 USD (x1),https://www.super99.com/20148180-super-99-bowls-bagazo
Aseo del Hogar,FEBREZE ATOM FABRIC14.8OZ,435.00 USD (x1),435.00 USD (x1),https://www.super99.com/20148506-febreze-atom-fabric14-8oz
Aseo del Hogar,SRPB BOLSA COCINA BS 13GL UNSCEN 12/22CT,439.00 USD (x1),439.00 USD (x1),https://www.super99.com/20148554-srpb-bolsa-cocina-bs-13gl-unscen-12-22ct
Aseo del Hogar,TIDE DETE LIQ ORIG 105Z,2199.00 USD (x1),2199.00 USD (x1),https://www.super99.com/20148710-tide-dete-liq-orig-105z
Aseo del Hogar,ALCANFOR LAVANDA 225G,185.00 USD (x1),185.00 USD (x1),https://www.super99.com/20148874-alcanfor-lavanda-225g
Aseo del Hogar,Persil Detergente Liquido Color Gel Universal 830ml,489.00 USD (x1),489.00 USD (x1),https://www.super99.com/20149482-persil-detergente-liquido-color-gel-universal-830ml
Aseo del Hogar,PERSIL DET PLV UNI 800G,315.00 USD (x1),315.00 USD (x1),https://www.super99.com/20149486-persil-det-plv-uni-800g
Aseo del Hogar,PERSIL DET POL COL 800G,315.00 USD (x1),315.00 USD (x1),https://www.super99.com/20149487-persil-det-pol-col-800g
Aseo del Hogar,Downy Pureza Silvestre 2800ml,879.00 USD (x1),879.00 USD (x1),https://www.super99.com/20149554-downy-pureza-silvestre-2800ml
Aseo del Hogar,SUPER 99 VASOS CAFE BLA 20/50UN 4OZ,179.00 USD (x1),179.00 USD (x1),https://www.super99.com/20150184-super-99-vasos-cafe-bla-20-50un-4oz
Aseo del Hogar,All Pure Set Esponjas Fregar Surt 6un,199.00 USD (x1),199.00 USD (x1),https://www.super99.com/20150362-all-pure-set-esponjas-fregar-surt-6un
Aseo del Hogar,DR.B QUITAMANCHAS MULTIUSOS 1KG,1049.00 USD (x1),1049.00 USD (x1),https://www.super99.com/20150693-dr-b-quitamanchas-multiusos-1kg
Aseo del Hogar,409 Straw Brushes 2pack,299.00 USD (x1),299.00 USD (x1),https://www.super99.com/20150803-409-straw-brushes-2pack
Aseo del Hogar,409 Esponja Con Mango,299.00 USD (x1),299.00 USD (x1),https://www.super99.com/20150813-409-esponja-con-mango
Aseo del Hogar,Elite Servilleta Doblada Practica 100 Unidades,59.00 USD (x1),59.00 USD (x1),https://www.super99.com/20150881-elite-servilleta-doblada-practica-100-unidades
Aseo del Hogar,Diamond Papel Aluminio Foil 25+5 Sf,239.00 USD (x1),239.00 USD (x1),https://www.super99.com/20151085-diamond-papel-aluminio-foil-25-5-sf
Aseo del Hogar,Nova Papel Toalla Gigante Rollo,359.00 USD (x1),359.00 USD (x1),https://www.super99.com/20152122-nova-papel-toalla-gigante-rollo
Aseo del Hogar,TERN PAPEL HIG 1000H 2R,119.00 USD (x1),129.00 USD (x1),https://www.super99.com/20152656-tern-papel-hig-1000h-2r
Aseo del Hogar,SIP BEBE SUAVIZANTE 1000ML,289.00 USD (x1),289.00 USD (x1),https://www.super99.com/20153124-sip-bebe-suavizante-1000ml
Aseo del Hogar,TERNURA PASTILLA DESODORANTE FLORAL,59.00 USD (x1),59.00 USD (x1),https://www.super99.com/20154677-ternura-pastilla-desodorante-floral
Aseo del Hogar,ELITE SERVILLETA NATURAL DOBL 24/100UN,79.00 USD (x1),79.00 USD (x1),https://www.super99.com/20154783-elite-servilleta-natural-dobl-24-100un
Aseo del Hogar,ARIEL DET POLV REG 1.5K,609.00 USD (x1),609.00 USD (x1),https://www.super99.com/20155324-ariel-det-polv-reg-1-5k
Aseo del Hogar,ARIEL DET POL REG 2000GR,839.00 USD (x1),839.00 USD (x1),https://www.super99.com/20155326-ariel-det-pol-reg-2000gr
Aseo del Hogar,ARIEL DET POL REG 4000GR,1549.00 USD (x1),1549.00 USD (x1),https://www.super99.com/20155327-ariel-det-pol-reg-4000gr
Aseo del Hogar,CASCADE PLATINUM FRESH,1649.00 USD (x1),1649.00 USD (x1),https://www.super99.com/20156904-cascade-platinum-fresh
Aseo del Hogar,SWIFT DETERGENT LIQ 900ML,269.00 USD (x1),269.00 USD (x1),https://www.super99.com/20157279-swift-detergent-liq-900ml
Aseo del Hogar,SIP DET LIQ BEBE BOT 2000ML,849.00 USD (x1),849.00 USD (x1),https://www.super99.com/20158569-sip-det-liq-bebe-bot-2000ml
Aseo del Hogar,SUAVITEL COMPLETE ACQUA 800ML,255.00 USD (x1),255.00 USD (x1),https://www.super99.com/20159435-suavitel-complete-acqua-800ml
Aseo del Hogar,SUAVITEL MOMENTOS MAGICOS 8/1.7LT,399.00 USD (x1),399.00 USD (x1),https://www.super99.com/20160398-suavitel-momentos-magicos-8-1-7lt
Aseo del Hogar,SAR-ZYME LDB LIMPIADOR BAÑO 1LT,599.00 USD (x1),599.00 USD (x1),https://www.super99.com/20160801-sar-zyme-ldb-limpiador-bano-1lt
Aseo del Hogar,Glade Varitas Sweet Citrus,729.00 USD (x1),729.00 USD (x1),https://www.super99.com/20161773-glade-varitas-sweet-citrus
Aseo del Hogar,Glade Aparato Automático Elixir Floral 175g,1799.00 USD (x1),1799.00 USD (x1),https://www.super99.com/20162537-glade-aparato-automatico-elixir-floral-175g
Aseo del Hogar,Desengrasador Formula 83 Limon 1 Galon,685.00 USD (x1),685.00 USD (x1),https://www.super99.com/10035271-desengrasador-formula-83-limon-1-galon
Aseo del Hogar,PASTILLA D/ACCION P/PISCINA 12/1,76.00 USD (x1),76.00 USD (x1),https://www.super99.com/10035675-pastilla-d-accion-p-piscina-12-1
Aseo del Hogar,Solo Envase Serve Cups Sd8 50 Unidades,849.00 USD (x1),849.00 USD (x1),https://www.super99.com/10036417-solo-envase-serve-cups-sd8-50-unidades
Aseo del Hogar,Little Trees Black Ice 1 Pack,99.00 USD (x1),99.00 USD (x1),https://www.super99.com/10038319-little-trees-black-ice-1-pack
Aseo del Hogar,Glad Storage Gallon 20,259.00 USD (x1),259.00 USD (x1),https://www.super99.com/10041295-glad-storage-gallon-20
Aseo del Hogar,Glad Bolsa Zipper 25 Unidades,229.00 USD (x1),229.00 USD (x1),https://www.super99.com/10041296-glad-bolsa-zipper-25-unidades
Aseo del Hogar,Glad Bolsa Alimentos 15 Unidades,259.00 USD (x1),259.00 USD (x1),https://www.super99.com/10041300-glad-bolsa-alimentos-15-unidades
Aseo del Hogar,Glad Bolsas de almacenamiento de alimentos con cremallera para congelador,259.00 USD (x1),259.00 USD (x1),https://www.super99.com/10041301-glad-bolsas-de-almacenamiento-de-alimentos-con-cremallera-para-congelador
Aseo del Hogar,DIAMOND ALUMINUM FOI,649.00 USD (x1),649.00 USD (x1),https://www.super99.com/10042228-diamond-aluminum-foi
Aseo del Hogar,Niagara Original Lemon 20Oz,325.00 USD (x1),325.00 USD (x1),https://www.super99.com/10042251-niagara-original-lemon-20oz
Aseo del Hogar,Niagara Original Lavanda 20Oz,325.00 USD (x1),325.00 USD (x1),https://www.super99.com/10042253-niagara-original-lavanda-20oz
Aseo del Hogar,Niagara Heavy Fuerte 20Oz,325.00 USD (x1),325.00 USD (x1),https://www.super99.com/10042254-niagara-heavy-fuerte-20oz
Aseo del Hogar,Airwick Lluvia Jardin 8oz,229.00 USD (x1),229.00 USD (x1),https://www.super99.com/10042300-airwick-lluvia-jardin-8oz
Aseo del Hogar,WEIMAN GRANITE WIPES 4/30CT,699.00 USD (x1),699.00 USD (x1),https://www.super99.com/10046011-weiman-granite-wipes-4-30ct
Aseo del Hogar,WEIMAN GLASS COOK TOP CLNR 6/10 OZ,699.00 USD (x1),699.00 USD (x1),https://www.super99.com/10046053-weiman-glass-cook-top-clnr-6-10-oz
Aseo del Hogar,VICTOR TRAMPA RATON MADERA 2 PK,175.00 USD (x1),175.00 USD (x1),https://www.super99.com/10047091-victor-trampa-raton-madera-2-pk
Aseo del Hogar,VICTOR TRAMPA RATON GRANDE MADERA,299.00 USD (x1),299.00 USD (x1),https://www.super99.com/10047092-victor-trampa-raton-grande-madera
Aseo del Hogar,SIMPLE GREEN LIMPIADOR SPRAY 6/24 OZ,499.00 USD (x1),499.00 USD (x1),https://www.super99.com/10047623-simple-green-limpiador-spray-6-24-oz
Aseo del Hogar,Candle-Lite Edes Cinnamon P Swirl 18oz,799.00 USD (x1),799.00 USD (x1),https://www.super99.com/10047801-candle-lite-edes-cinnamon-p-swirl-18oz
Aseo del Hogar,Candle-Lite Edes Ocean Blue Mist 18oz,799.00 USD (x1),799.00 USD (x1),https://www.super99.com/10047806-candle-lite-edes-ocean-blue-mist-18oz
Aseo del Hogar,Candle-Lite Edes Trop Fruit Medley 18 Oz,799.00 USD (x1),799.00 USD (x1),https://www.super99.com/10047807-candle-lite-edes-trop-fruit-medley-18-oz
Aseo del Hogar,Little Trees Royal Pine 1 Pack,99.00 USD (x1),99.00 USD (x1),https://www.super99.com/10047961-little-trees-royal-pine-1-pack
Aseo del Hogar,Little Trees Vainilla Aroma 1 Pack,99.00 USD (x1),99.00 USD (x1),https://www.super99.com/10047964-little-trees-vainilla-aroma-1-pack
Aseo del Hogar,Little Trees New Car Scent 1 Pack,99.00 USD (x1),99.00 USD (x1),https://www.super99.com/10047965-little-trees-new-car-scent-1-pack
Aseo del Hogar,Little Tree Cinnamon Apple 1 Pack,99.00 USD (x1),99.00 USD (x1),https://www.super99.com/10047972-little-tree-cinnamon-apple-1-pack
Bebidas no Alcoholicas,DEL VALLE FRESH NARANJA,195.00 USD (x1),195.00 USD (x1),https://www.super99.com/20022330-del-valle-fresh-naranja
Bebidas no Alcoholicas,Gatorade Polvo Fruit Punch 18.4Oz,515.00 USD (x1),515.00 USD (x1),https://www.super99.com/10135806-gatorade-polvo-fruit-punch-18-4oz
Bebidas no Alcoholicas,Perrier Agua Mineral 330 Ml,135.00 USD (x1),135.00 USD (x1),https://www.super99.com/10103881-perrier-agua-mineral-330-ml
Bebidas no Alcoholicas,SODA COCA COLA ZERO,65.00 USD (x1),79.00 USD (x1),https://www.super99.com/10096141-soda-coca-cola-zero
Bebidas no Alcoholicas,Coco Express Agua De Coco 100% Natural 1L,379.00 USD (x1),379.00 USD (x1),https://www.super99.com/10037709-coco-express-agua-de-coco-100-natural-1l
Bebidas no Alcoholicas,PEPSI WLD CHERRY 12Z,99.00 USD (x1),99.00 USD (x1),https://www.super99.com/10119094-pepsi-wld-cherry-12z
Bebidas no Alcoholicas,Silk Bebida de Almendra sin Azúcar 946 ml,349.00 USD (x1),349.00 USD (x1),https://www.super99.com/20066112-silk-bebida-de-almendra-sin-azucar-946-ml
Bebidas no Alcoholicas,COCACOLA ZERO 2.25LT,272.00 USD (x1),272.00 USD (x1),https://www.super99.com/20071296-cocacola-zero-2-25lt
Bebidas no Alcoholicas,Bonlac Jugo de Naranja 100% Natural 1.89L,495.00 USD (x1),495.00 USD (x1),https://www.super99.com/20091348-bonlac-jugo-de-naranja-100-natural-1-89l
Bebidas no Alcoholicas,Jugo de Naranja Original Premium Tropicana 89oz,1049.00 USD (x1),1049.00 USD (x1),https://www.super99.com/10135744-jugo-de-naranja-original-premium-tropicana-89oz
Bebidas no Alcoholicas,WPO JUGO REMOLACHA 6/32 OZ,699.00 USD (x1),699.00 USD (x1),https://www.super99.com/20159816-wpo-jugo-remolacha-6-32-oz
Bebidas no Alcoholicas,BEBIDA NARANJA BONLAC,272.00 USD (x1),272.00 USD (x1),https://www.super99.com/10072520-bebida-naranja-bonlac
Bebidas no Alcoholicas,AGUA MINERAL PELLEGRINO,155.00 USD (x1),155.00 USD (x1),https://www.super99.com/10100863-agua-mineral-pellegrino
Bebidas no Alcoholicas,ESENTIAL AGUA 1 GAL,155.00 USD (x1),155.00 USD (x1),https://www.super99.com/10110142-esential-agua-1-gal
Bebidas no Alcoholicas,Ocean Spray Jugo Cranberry 101Oz,709.00 USD (x1),709.00 USD (x1),https://www.super99.com/10113966-ocean-spray-jugo-cranberry-101oz
Bebidas no Alcoholicas,Tropidali Pulpa De Maracuyá 454 G,279.00 USD (x1),279.00 USD (x1),https://www.super99.com/20003993-tropidali-pulpa-de-maracuya-454-g
Bebidas no Alcoholicas,SUPERIOR PARMESANO MOLIDO BOLSA 45G,109.00 USD (x1),109.00 USD (x1),https://www.super99.com/20009286-superior-parmesano-molido-bolsa-45g
Bebidas no Alcoholicas,RAPTOR BEBIDA ENERGETICA 12/600ML,109.00 USD (x1),109.00 USD (x1),https://www.super99.com/20015971-raptor-bebida-energetica-12-600ml
Bebidas no Alcoholicas,Superior Jugo de Naranja Puro 1.65 L,619.00 USD (x1),619.00 USD (x1),https://www.super99.com/20086576-superior-jugo-de-naranja-puro-1-65-l
Bebidas no Alcoholicas,Elmhurst Leche Almendra Sin Azucar 32Oz,699.00 USD (x1),699.00 USD (x1),https://www.super99.com/20129356-elmhurst-leche-almendra-sin-azucar-32oz
Bebidas no Alcoholicas,Superior Jugo Naranja Premiun 12/350Ml,179.00 USD (x1),179.00 USD (x1),https://www.super99.com/20134342-superior-jugo-naranja-premiun-12-350ml
Bebidas no Alcoholicas,Monster Bebida Energizante Energy 473ml,235.00 USD (x1),235.00 USD (x1),https://www.super99.com/10071883-bebida-monster-energ
Bebidas no Alcoholicas,BEBIDA NARANJA BONLAC,139.00 USD (x1),139.00 USD (x1),https://www.super99.com/10072624-bebida-naranja-bonlac
Bebidas no Alcoholicas,SODA COCA COLA LATA,79.00 USD (x1),79.00 USD (x1),https://www.super99.com/10096135-soda-coca-cola-lata
Bebidas no Alcoholicas,SONRISA F SELECTA NECTAR GRANADA 12/1L,159.00 USD (x1),159.00 USD (x1),https://www.super99.com/20012174-sonrisa-f-selecta-nectar-granada-12-1l
Bebidas no Alcoholicas,V8 Splash Six Pack 200 ml,319.00 USD (x1),319.00 USD (x1),https://www.super99.com/20030462-v8-splash-six-pack-200-ml
Bebidas no Alcoholicas,Coca Cola Duo Pack + Jugo Del Valle 6L,465.00 USD (x1),465.00 USD (x1),https://www.super99.com/20049012-coca-cola-duo-pack-jugo-del-valle-6l
Bebidas no Alcoholicas,Monster Bebida Energizante Energy Ultra 473ml,235.00 USD (x1),235.00 USD (x1),https://www.super99.com/20082112-monster-bebida-energizante-energy-ultra-473ml
Bebidas no Alcoholicas,Coca Cola Six PackLata sin Azúcar 2.13L,425.00 USD (x1),425.00 USD (x1),https://www.super99.com/20098586-coca-cola-six-packlata-sin-azucar-2-13l
Bebidas no Alcoholicas,SUPERIOR JUGO NARANJA PREMIUN 940ML,489.00 USD (x1),489.00 USD (x1),https://www.super99.com/20138558-superior-jugo-naranja-premiun-940ml
Bebidas no Alcoholicas,Coca Cola Mini Lata 237ml,52.00 USD (x1),52.00 USD (x1),https://www.super99.com/20151340-coca-cola-mini-lata-237ml
Bebidas no Alcoholicas,TROPICANA HOMESTYLE 6/46OZ,659.00 USD (x1),659.00 USD (x1),https://www.super99.com/20151683-tropicana-homestyle-6-46oz
Bebidas no Alcoholicas,Coca Cola sin Azucar 237ml,49.00 USD (x1),49.00 USD (x1),https://www.super99.com/20152079-coca-cola-sin-azucar-237ml
Bebidas no Alcoholicas,Gatorade Polvo Fruit Punch Tarro 51Oz,115.00 USD (x1),115.00 USD (x1),https://www.super99.com/10034639-gatorade-polvo-fruit-punch-tarro-51oz
Bebidas no Alcoholicas,SILK LECHE SOYA SIN AZUCAR 6/32 OZ,349.00 USD (x1),349.00 USD (x1),https://www.super99.com/10083161-silk-leche-soya-sin-azucar-6-32-oz
Bebidas no Alcoholicas,Rika Aid Refresco En Polvo Surtido 120 G,155.00 USD (x1),155.00 USD (x1),https://www.super99.com/10088588-rika-aid-refresco-en-polvo-surtido-120-g
Bebidas no Alcoholicas,MALTA VIGOR 500ML,89.00 USD (x1),89.00 USD (x1),https://www.super99.com/10104957-malta-vigor-500ml
Bebidas no Alcoholicas,Powerade Bebida Hidratante Sabor Avalancha Alpina 1 L,105.00 USD (x1),105.00 USD (x1),https://www.super99.com/10128562-powerade-bebida-hidratante-sabor-avalancha-alpina-1-l
Bebidas no Alcoholicas,Floridas Naturals Lemonade 59Oz,509.00 USD (x1),509.00 USD (x1),https://www.super99.com/20092813-floridas-naturals-lemonade-59oz
Bebidas no Alcoholicas,Dr.Pepper Zero Sugar Soda 12Oz,99.00 USD (x1),99.00 USD (x1),https://www.super99.com/20130909-dr-pepper-zero-sugar-soda-12oz
Bebidas no Alcoholicas,Orasi Barista Bebida Almendra 1lt,33.00 USD (x1),33.00 USD (x1),https://www.super99.com/20137978-orasi-barista-bebida-almendra-1lt
Bebidas no Alcoholicas,TROPICANA JUGO NARAN ORIG 12/11OZ,235.00 USD (x1),235.00 USD (x1),https://www.super99.com/20150157-tropicana-jugo-naran-orig-12-11oz
Bebidas no Alcoholicas,DEL FRUTAL PINEAPPLE,115.00 USD (x1),115.00 USD (x1),https://www.super99.com/10094164-del-frutal-pineapple
Bebidas no Alcoholicas,SODA FRESCA TORONJA,65.00 USD (x1),79.00 USD (x1),https://www.super99.com/10096145-soda-fresca-toronja
Bebidas no Alcoholicas,Aquaviva Agua Purificada 1galón,169.00 USD (x1),169.00 USD (x1),https://www.super99.com/10145858-aquaviva-agua-purificada-1galon
Bebidas no Alcoholicas,Tropidali Pulpa De Fresa 454 G,275.00 USD (x1),275.00 USD (x1),https://www.super99.com/20010228-tropidali-pulpa-de-fresa-454-g
Bebidas no Alcoholicas,Estrella Azul Bebida Surtida 6 Pack 200ml,162.00 USD (x1),162.00 USD (x1),https://www.super99.com/20015238-six-pack-jugos-e-azul
Bebidas no Alcoholicas,SODA POSTOBON COLOMBIANA 12/1.5 ML,179.00 USD (x1),179.00 USD (x1),https://www.super99.com/20026437-soda-postobon-colombiana-12-1-5-ml
Bebidas no Alcoholicas,6PK MALTA VIGOR MINI,255.00 USD (x1),255.00 USD (x1),https://www.super99.com/20043581-6pk-malta-vigor-mini
Bebidas no Alcoholicas,La Croix Water Sparkling Pure 12oz,69.00 USD (x1),69.00 USD (x1),https://www.super99.com/20055661-la-croix-water-sparkling-pure-12oz
Bebidas no Alcoholicas,PACK COCACOLA+KIST FRESA 2.5LT,489.00 USD (x1),489.00 USD (x1),https://www.super99.com/20063293-pack-cocacola-kist-fresa-2-5lt
Bebidas no Alcoholicas,San Pellegrino Melograno Y Arancia 330 Ml,159.00 USD (x1),159.00 USD (x1),https://www.super99.com/20089671-san-pellegrino-melograno-ar-24-330ml-lta
Bebidas no Alcoholicas,CJA 24 PRISTINE MIST,35.00 USD (x1),35.00 USD (x1),https://www.super99.com/20100834-cja-24-pristine-mist
Bebidas no Alcoholicas,Lipton Té Frío Sabor Limón 500ml,89.00 USD (x1),89.00 USD (x1),https://www.super99.com/20104527-lipton-te-frio-sabor-limon-500ml
Bebidas no Alcoholicas,ALMDR BEBI ALM VAI 1LT,349.00 USD (x1),349.00 USD (x1),https://www.super99.com/20108780-almdr-bebi-alm-vai-1lt
Bebidas no Alcoholicas,Del Monte Nectar Good Living 6 pack Surtidos 160ml,205.00 USD (x1),205.00 USD (x1),https://www.super99.com/20122646-del-monte-nectar-good-living-6-pack-surtidos-160ml
Bebidas no Alcoholicas,Guarana Regular Soda 11.83Oz,139.00 USD (x1),139.00 USD (x1),https://www.super99.com/20128818-guarana-regular-soda-11-83oz
Bebidas no Alcoholicas,Bonlac Bebida Mandarina 1/2 Galon,265.00 USD (x1),265.00 USD (x1),https://www.super99.com/20134371-bonlac-bebida-mandarina-1-2-galon
Bebidas no Alcoholicas,NATURES HEART BEB ALM VAINILLA 1L,259.00 USD (x1),32.00 USD (x1),https://www.super99.com/20148721-natures-heart-beb-alm-vainilla-1l
Bebidas no Alcoholicas,CIELO SODA FRESA KIWI PET 670 ML,69.00 USD (x1),69.00 USD (x1),https://www.super99.com/20161821-cielo-soda-fresa-kiwi-pet-670-ml
Bebidas no Alcoholicas,Cítricos Concentrado De Nance 456g,279.00 USD (x1),279.00 USD (x1),https://www.super99.com/30002858-citricos-concentrado-de-nance-456g
Bebidas no Alcoholicas,Califia Bebida Almendra Sin Azucar 48Oz,799.00 USD (x1),799.00 USD (x1),https://www.super99.com/40004001-califia-bebida-almendra-sin-azucar-48oz
Bebidas no Alcoholicas,"Puro Jugo, Zumo De Naranja 1.8 Litros",649.00 USD (x1),649.00 USD (x1),https://www.super99.com/75002117-zumo-de-naranja-1-8-litros-ucp
Bebidas no Alcoholicas,"Puro Jugo, Zumo De Naranja 1 Litro",335.00 USD (x1),335.00 USD (x1),https://www.super99.com/75002118-zumo-de-naranja-1-litro-ucp
Bebidas no Alcoholicas,Motts Jugo De Manzana 100% 10Oz,125.00 USD (x1),125.00 USD (x1),https://www.super99.com/10042624-motts-jugo-de-manzana-100-10oz
Bebidas no Alcoholicas,Bonlac Bebida de Naranja 3.785 L,499.00 USD (x1),499.00 USD (x1),https://www.super99.com/10072698-bonlac-bebida-de-naranja-3-785-l
Bebidas no Alcoholicas,Inca Kola Regular Lata 12Oz,11.00 USD (x1),11.00 USD (x1),https://www.super99.com/10074670-inca-kola-regular-lata-12oz
Bebidas no Alcoholicas,Del Huerto Jugo Ciruela Pasa 7Oz,112.00 USD (x1),112.00 USD (x1),https://www.super99.com/10088808-del-huerto-jugo-ciruela-pasa-7oz
Bebidas no Alcoholicas,SODA SPRITE LATA,65.00 USD (x1),79.00 USD (x1),https://www.super99.com/10096144-soda-sprite-lata
Bebidas no Alcoholicas,CRANBERRY JUICE COCK,315.00 USD (x1),315.00 USD (x1),https://www.super99.com/10100722-cranberry-juice-cock
Bebidas no Alcoholicas,RED BULL SUGAR FREE,229.00 USD (x1),229.00 USD (x1),https://www.super99.com/10103769-red-bull-sugar-free
Bebidas no Alcoholicas,Perrier Agua Mineral 750 Ml,212.00 USD (x1),212.00 USD (x1),https://www.super99.com/10103882-perrier-agua-mineral-750-ml
Bebidas no Alcoholicas,SQUIRT SODA LATA 12OZ,53.00 USD (x1),6.00 USD (x1),https://www.super99.com/10104973-squirt-soda-lata-12oz
Bebidas no Alcoholicas,Canada Dry Club Soda Lata 12Oz,75.00 USD (x1),75.00 USD (x1),https://www.super99.com/10119120-canada-dry-club-soda-lata-12oz
Bebidas no Alcoholicas,BEBIDA LIVEAN FRUTIL,38.00 USD (x1),38.00 USD (x1),https://www.super99.com/10133750-bebida-livean-frutil
Bebidas no Alcoholicas,CLUB SODA CANADA DRY,62.00 USD (x1),69.00 USD (x1),https://www.super99.com/10149157-club-soda-canada-dry
Bebidas no Alcoholicas,CIFRUT PUNCH 360ML,37.00 USD (x1),37.00 USD (x1),https://www.super99.com/20012605-cifrut-punch-360ml
Bebidas no Alcoholicas,JUGO NARANJA 100 NAT,485.00 USD (x1),485.00 USD (x1),https://www.super99.com/20017925-jugo-naranja-100-nat
Bebidas no Alcoholicas,Coca Cola Original 3L,327.00 USD (x1),327.00 USD (x1),https://www.super99.com/20038437-coca-cola-original-3l
Bebidas no Alcoholicas,AGUA NUBA 600ML,59.00 USD (x1),59.00 USD (x1),https://www.super99.com/20041371-agua-nuba-600ml
Bebidas no Alcoholicas,POLAR SPRK FROST PINK GRAPEFRUIT,14.00 USD (x1),175.00 USD (x1),https://www.super99.com/20049625-polar-sprk-frost-pink-grapefruit
Bebidas no Alcoholicas,LA CROIX SPKLG WATER BERRY 12OZ,69.00 USD (x1),69.00 USD (x1),https://www.super99.com/20055620-la-croix-spklg-water-berry-12oz
Bebidas no Alcoholicas,COCA COLA 2.25LT,272.00 USD (x1),272.00 USD (x1),https://www.super99.com/20071294-coca-cola-2-25lt
Bebidas no Alcoholicas,Best Value Jugo Manzana 64oz,329.00 USD (x1),329.00 USD (x1),https://www.super99.com/20075455-best-value-jugo-manzana-64oz
Bebidas no Alcoholicas,DM NECTAR LIVING 6PK,224.00 USD (x1),269.00 USD (x1),https://www.super99.com/20099480-dm-nectar-living-6pk
Bebidas no Alcoholicas,Lipton Te Frio Durazno 500ml,89.00 USD (x1),89.00 USD (x1),https://www.super99.com/20104528-lipton-te-frio-durazno-500ml
Bebidas no Alcoholicas,Bonlac Jugo de Naranja Piña 100% Natural 1.89L,495.00 USD (x1),495.00 USD (x1),https://www.super99.com/20107529-bonlac-jugo-de-naranja-pina-100-natural-1-89l
Bebidas no Alcoholicas,Gatorade Sabor Berry Blue 600ml,98.00 USD (x1),98.00 USD (x1),https://www.super99.com/20113144-gatorade-sabor-berry-blue-600ml
Bebidas no Alcoholicas,Coca Cola 12 Pack Original Lata Pague 10x12,879.00 USD (x1),879.00 USD (x1),https://www.super99.com/20119488-coca-cola-12-pack-original-lata-pague-10x12
Bebidas no Alcoholicas,Del Valle Jugos 6 Pack Surtido 250ml,259.00 USD (x1),259.00 USD (x1),https://www.super99.com/20131361-del-valle-jugos-6-pack-surtido-250ml
Bebidas no Alcoholicas,Bowl & Basket 100% Jugo Tomate 64Oz,379.00 USD (x1),379.00 USD (x1),https://www.super99.com/20133556-bowl-basket-100-jugo-tomate-64oz
Bebidas no Alcoholicas,TROPIDALI JUGO BANANA REMOLACHA 20/390ML,185.00 USD (x1),185.00 USD (x1),https://www.super99.com/20138906-tropidali-jugo-banana-remolacha-20-390ml
Bebidas no Alcoholicas,Bowl & Basket Jugo Limon Concentrado 15oz,229.00 USD (x1),229.00 USD (x1),https://www.super99.com/20142297-bowl-basket-jugo-limon-concentrado-15oz
Bebidas no Alcoholicas,Nestea Mezcla Te Frio Limon 90g,79.00 USD (x1),79.00 USD (x1),https://www.super99.com/20145767-nestea-mezcla-te-frio-limon-90g
Bebidas no Alcoholicas,Almendrola Bebida Barista 1lt,415.00 USD (x1),415.00 USD (x1),https://www.super99.com/20147631-almendrola-bebida-barista-1lt
Bebidas no Alcoholicas,Aquaviva Agua Botella 500 Ml,35.00 USD (x1),35.00 USD (x1),https://www.super99.com/20149913-aquaviva-agua-botella-500-ml
Bebidas no Alcoholicas,LUNI SODA UVA 6 2LT,125.00 USD (x1),125.00 USD (x1),https://www.super99.com/10083565-luni-soda-uva-6-2lt
Bebidas no Alcoholicas,SODA TORONJA PE 6 2LT,125.00 USD (x1),125.00 USD (x1),https://www.super99.com/10083567-soda-toronja-pe-6-2lt
Bebidas no Alcoholicas,UNICOLA SODA 12OZ,49.00 USD (x1),49.00 USD (x1),https://www.super99.com/10083568-unicola-soda-12oz
Bebidas no Alcoholicas,Luni Soda Naranja Lata 355ml,49.00 USD (x1),49.00 USD (x1),https://www.super99.com/10083571-luni-soda-naranja-lata-12oz
Bebidas no Alcoholicas,LUNI SODA FRESA L 12OZ,49.00 USD (x1),49.00 USD (x1),https://www.super99.com/10083573-luni-soda-fresa-l-12oz
Bebidas no Alcoholicas,LUNI SODA MANZ 12OZ,49.00 USD (x1),49.00 USD (x1),https://www.super99.com/10083578-luni-soda-manz-12oz
Bebidas no Alcoholicas,LUNI SODA MANZANA,125.00 USD (x1),125.00 USD (x1),https://www.super99.com/10083579-luni-soda-manzana
Bebidas no Alcoholicas,My Way Agua de Coco con Pulpa 310ml,115.00 USD (x1),115.00 USD (x1),https://www.super99.com/10083814-my-way-agua-de-coco-con-pulpa-310ml
Bebidas no Alcoholicas,Agua De Pipa Coco Blazt 500 Ml,205.00 USD (x1),205.00 USD (x1),https://www.super99.com/10087021-agua-de-pipa-coco-blazt-500-ml
Bebidas no Alcoholicas,Del Huerto Jugo De Manzana 64Oz,381.00 USD (x1),381.00 USD (x1),https://www.super99.com/10088670-del-huerto-jugo-de-manzana-64oz
Bebidas no Alcoholicas,Del Huerto Jugo Manzana 7Oz,71.00 USD (x1),71.00 USD (x1),https://www.super99.com/10088777-del-huerto-jugo-manzana-7oz
Bebidas no Alcoholicas,Del Huerto Jugo Manzana 32oz,219.00 USD (x1),219.00 USD (x1),https://www.super99.com/10088778-del-huerto-jugo-manzana-32oz
Bebidas no Alcoholicas,Del Huerto Jugo De Uva 7oz,89.00 USD (x1),89.00 USD (x1),https://www.super99.com/10088779-del-huerto-jugo-de-uva-7oz
Bebidas no Alcoholicas,Del Huerto Jugo De Uva 32Oz,279.00 USD (x1),279.00 USD (x1),https://www.super99.com/10088780-del-huerto-jugo-de-uva-32oz
Bebidas no Alcoholicas,Del Huerto Jugo Ciruela Pasa 32Oz,389.00 USD (x1),389.00 USD (x1),https://www.super99.com/10088809-del-huerto-jugo-ciruela-pasa-32oz
Bebidas no Alcoholicas,Del Prado Jugo Naranja 946ml,119.00 USD (x1),119.00 USD (x1),https://www.super99.com/10090106-del-prado-jugo-naranja-946ml
Bebidas no Alcoholicas,Del Prado Ponche Fruta 200ml,33.00 USD (x1),33.00 USD (x1),https://www.super99.com/10090118-del-prado-ponche-fruta-200ml
Bebidas no Alcoholicas,Del Prado Nectar Melocoton 200ml,33.00 USD (x1),33.00 USD (x1),https://www.super99.com/10090119-del-prado-nectar-melocoton-200ml
Bebidas no Alcoholicas,Del Prado Nectar Naranja Tetra 200ml,39.00 USD (x1),39.00 USD (x1),https://www.super99.com/10090121-del-prado-nectar-naranja-tetra-200ml
Bebidas no Alcoholicas,Del Prado Nectar 200ml,33.00 USD (x1),33.00 USD (x1),https://www.super99.com/10090184-del-prado-nectar-200ml
Bebidas no Alcoholicas,Del Valle Nectar Pera Lata 340ml,79.00 USD (x1),79.00 USD (x1),https://www.super99.com/10090204-del-valle-nectar-pera-lata-340ml
Bebidas no Alcoholicas,Del Prado Ponche Frutas Tetra 946ml,119.00 USD (x1),119.00 USD (x1),https://www.super99.com/10090356-del-prado-ponche-frutas-tetra-946ml
Bebidas no Alcoholicas,Kool Aid Cherry 19Oz,599.00 USD (x1),599.00 USD (x1),https://www.super99.com/10092832-kool-aid-cherry-19oz
Bebidas no Alcoholicas,DEL FRUTAL NECTAR MANZANA,115.00 USD (x1),115.00 USD (x1),https://www.super99.com/10094157-del-frutal-nectar-manzana
Bebidas no Alcoholicas,Del Frutal Néctar De Melocotón 946ml,115.00 USD (x1),115.00 USD (x1),https://www.super99.com/10094158-del-frutal-nectar-de-melocoton-946ml
Bebidas no Alcoholicas,DEL FRUTAL NECTAR PERA,115.00 USD (x1),115.00 USD (x1),https://www.super99.com/10094163-del-frutal-nectar-pera
Bebidas no Alcoholicas,Del Frutal Nectar Pera 330ml,55.00 USD (x1),55.00 USD (x1),https://www.super99.com/10094203-del-frutal-nectar-pera-330ml
Bebidas no Alcoholicas,DEL FRUTAL NECTAR PIÑA,33.00 USD (x1),33.00 USD (x1),https://www.super99.com/10094236-del-frutal-nectar-pina
Bebidas no Alcoholicas,DEL FRUTAL NECTAR MANZANA,33.00 USD (x1),33.00 USD (x1),https://www.super99.com/10094237-del-frutal-nectar-manzana
Bebidas no Alcoholicas,Del Frutal Nectar De Pera 200ml,33.00 USD (x1),33.00 USD (x1),https://www.super99.com/10094239-del-frutal-nectar-de-pera-200ml
Bebidas no Alcoholicas,Dasani Agua Pura 600ml,75.00 USD (x1),75.00 USD (x1),https://www.super99.com/10096069-dasani-agua-pura-600ml
Bebidas no Alcoholicas,TE CON LIMON HI C 12,79.00 USD (x1),79.00 USD (x1),https://www.super99.com/10096112-te-con-limon-hi-c-12
Bebidas no Alcoholicas,FANTA NARANJA 600ML,109.00 USD (x1),109.00 USD (x1),https://www.super99.com/10096116-fanta-naranja-600ml
Bebidas no Alcoholicas,FANTA MANZANA 600ML,109.00 USD (x1),109.00 USD (x1),https://www.super99.com/10096118-fanta-manzana-600ml
Bebidas no Alcoholicas,SODA FRESCA 12 1 LIT,152.00 USD (x1),152.00 USD (x1),https://www.super99.com/10096120-soda-fresca-12-1-lit
Bebidas no Alcoholicas,FANTA FRESA 1.5 LITRO,172.00 USD (x1),172.00 USD (x1),https://www.super99.com/10096128-fanta-fresa-1-5-litro
Bebidas no Alcoholicas,FANTA NARANJA LATA,65.00 USD (x1),79.00 USD (x1),https://www.super99.com/10096129-fanta-naranja-lata
Bebidas no Alcoholicas,SODA SCHEWEPPES GINGER ALE,15.00 USD (x1),157.00 USD (x1),https://www.super99.com/10096132-soda-scheweppes-ginger-ale
Bebidas no Alcoholicas,Fresca Toronja 2L,209.00 USD (x1),209.00 USD (x1),https://www.super99.com/10096134-fresca-toronja-2l
Bebidas no Alcoholicas,Estrella Azul Melonectar 1/2 Galon Plastico,264.00 USD (x1),264.00 USD (x1),https://www.super99.com/10096337-estrella-azul-melonectar-1-2-galon-plastico
Bebidas no Alcoholicas,Estrella Azul Melonectar 946ml Carton,139.00 USD (x1),139.00 USD (x1),https://www.super99.com/10096353-estrella-azul-melonectar-946ml-carton
Bebidas no Alcoholicas,Estrella Azul Melonectar Pinta Carton,78.00 USD (x1),78.00 USD (x1),https://www.super99.com/10096354-estrella-azul-melonectar-pinta-carton
Bebidas no Alcoholicas,Estrella Azul Jugo de Maracuyá 946ml,145.00 USD (x1),145.00 USD (x1),https://www.super99.com/10096357-estrella-azul-jugo-de-maracuya-946ml
Bebidas no Alcoholicas,Estrella Azul Jugo Maracuya Pinta Carton,8.00 USD (x1),8.00 USD (x1),https://www.super99.com/10096358-estrella-azul-jugo-maracuya-pinta-carton
Bebidas no Alcoholicas,Estrella Azul Peranectar 946ml Carton,139.00 USD (x1),139.00 USD (x1),https://www.super99.com/10096360-estrella-azul-peranectar-946ml-carton
Bebidas no Alcoholicas,Estrella Azul Peranectar Pinta Carton,78.00 USD (x1),78.00 USD (x1),https://www.super99.com/10096361-estrella-azul-peranectar-pinta-carton
Bebidas no Alcoholicas,Estrella Azul Jugo Naranja Pinta,78.00 USD (x1),78.00 USD (x1),https://www.super99.com/10096364-estrella-azul-jugo-naranja-pinta
Bebidas no Alcoholicas,Estrella Azul Frescura Manzana 946ml Carton,139.00 USD (x1),139.00 USD (x1),https://www.super99.com/10096367-estrella-azul-frescura-manzana-946ml-carton
Bebidas no Alcoholicas,Estrella Azul Frescura Manzana Pinta Carton,78.00 USD (x1),78.00 USD (x1),https://www.super99.com/10096368-estrella-azul-frescura-manzana-pinta-carton
Bebidas no Alcoholicas,Estrella Azul Frescura Piña 946ml Carton,139.00 USD (x1),139.00 USD (x1),https://www.super99.com/10096408-estrella-azul-frescura-pina-946ml-carton
Bebidas no Alcoholicas,Estrella Azul Frescura Guaya Piña 946ml Carton,139.00 USD (x1),139.00 USD (x1),https://www.super99.com/10096415-estrella-azul-frescura-guaya-pina-946ml-carton
Bebidas no Alcoholicas,Estrella Azul Frescura Guayaba Piña Pinta,78.00 USD (x1),78.00 USD (x1),https://www.super99.com/10096416-estrella-azul-frescura-guayaba-pina-pinta
Bebidas no Alcoholicas,Estrella Azul Frescura Guayaba Piña 1/2 Gl.,264.00 USD (x1),264.00 USD (x1),https://www.super99.com/10096417-estrella-azul-frescura-guayaba-pina-1-2-gl
Bebidas no Alcoholicas,Estrella Azul Bebida Ponche Fruta 1/4g Lt Ctn.,105.00 USD (x1),105.00 USD (x1),https://www.super99.com/10096431-estrella-azul-bebida-ponche-fruta-1-4g-lt-ctn
Bebidas no Alcoholicas,Estrella Azul Naranjita 946ml Carton,105.00 USD (x1),105.00 USD (x1),https://www.super99.com/10096434-estrella-azul-naranjita-946ml-carton
Bebidas no Alcoholicas,Estrella Azul Naranjita Pinta Carton,65.00 USD (x1),65.00 USD (x1),https://www.super99.com/10096435-estrella-azul-naranjita-pinta-carton
Bebidas no Alcoholicas,Estrella Azul Jugo Naranja 200ml,32.00 USD (x1),32.00 USD (x1),https://www.super99.com/10096459-estrella-azul-jugo-naranja-200ml
Bebidas no Alcoholicas,Estrella Azul Melonectar 200ml,32.00 USD (x1),32.00 USD (x1),https://www.super99.com/10096460-estrella-azul-melonectar-200ml
Bebidas no Alcoholicas,Estrella Azul Frescura Manzana Uht 200ml,32.00 USD (x1),32.00 USD (x1),https://www.super99.com/10096464-estrella-azul-frescura-manzana-uht-200ml
Bebidas no Alcoholicas,Estrella Azul Bebida De Pina Uht 946ml,139.00 USD (x1),139.00 USD (x1),https://www.super99.com/10098188-estrella-azul-bebida-de-pina-uht-946ml
Bebidas no Alcoholicas,AGUA SAN PEREGRINO 2,269.00 USD (x1),269.00 USD (x1),https://www.super99.com/10100555-agua-san-peregrino-2
Bebidas no Alcoholicas,OS CRNBRY CHERY 64Z,489.00 USD (x1),489.00 USD (x1),https://www.super99.com/10100574-os-crnbry-chery-64z
Bebidas no Alcoholicas,AGUA VOLVIC 1 5LT NAT,339.00 USD (x1),339.00 USD (x1),https://www.super99.com/10100670-agua-volvic-1-5lt-nat
Bebidas no Alcoholicas,Old Orchard Apple 100% 64Oz,489.00 USD (x1),489.00 USD (x1),https://www.super99.com/10100688-old-orchard-apple-100-64oz
Bebidas no Alcoholicas,Old Orchard Grape 100% Juice 64Oz,599.00 USD (x1),599.00 USD (x1),https://www.super99.com/10100690-old-orchard-grape-100-juice-64oz
Bebidas no Alcoholicas,Old Orchard White Grape 100% 64Oz,599.00 USD (x1),599.00 USD (x1),https://www.super99.com/10100691-old-orchard-white-grape-100-64oz
Bebidas no Alcoholicas,O/ORCHARD GRAPE LO C,599.00 USD (x1),599.00 USD (x1),https://www.super99.com/10100694-o-orchard-grape-lo-c
Bebidas no Alcoholicas,O/ORCHARD APPLE LO CARB 64OZ,489.00 USD (x1),489.00 USD (x1),https://www.super99.com/10100695-o-orchard-apple-lo-carb-64oz
Bebidas no Alcoholicas,AGUA SAN PEREGRINO 2,159.00 USD (x1),159.00 USD (x1),https://www.super99.com/10100711-agua-san-peregrino-2
Bebidas no Alcoholicas,CRANBERRY JCE CO 64Z,489.00 USD (x1),489.00 USD (x1),https://www.super99.com/10100723-cranberry-jce-co-64z
Bebidas no Alcoholicas,OS CRANBERY APPL 64Z,489.00 USD (x1),489.00 USD (x1),https://www.super99.com/10100733-os-cranbery-appl-64z
Bebidas no Alcoholicas,CRANBERRY GRAPE 64Z,489.00 USD (x1),489.00 USD (x1),https://www.super99.com/10100740-cranberry-grape-64z
Bebidas no Alcoholicas,CRANBERRY RASPB 64Z,489.00 USD (x1),489.00 USD (x1),https://www.super99.com/10100754-cranberry-raspb-64z
Bebidas no Alcoholicas,OS LIGHT CRNBERY 64Z,489.00 USD (x1),489.00 USD (x1),https://www.super99.com/10100808-os-light-crnbery-64z
Bebidas no Alcoholicas,OS CRAN GRPE LGH 64Z,489.00 USD (x1),489.00 USD (x1),https://www.super99.com/10100809-os-cran-grpe-lgh-64z
Bebidas no Alcoholicas,Arizona Tea Ginseng And Honey 340ml Lata,95.00 USD (x1),95.00 USD (x1),https://www.super99.com/10100851-arizona-tea-ginseng-and-honey-340ml-lata
Bebidas no Alcoholicas,Arizona Iced Tea Lemon Talboy 20,145.00 USD (x1),145.00 USD (x1),https://www.super99.com/10100855-arizona-iced-tea-lemon-talboy-20
Bebidas no Alcoholicas,Arizona Green Tea Tallboy 20 Onz,145.00 USD (x1),145.00 USD (x1),https://www.super99.com/10100856-arizona-green-tea-tallboy-20-onz
Bebidas no Alcoholicas,Arizona Mucho Mango Tallboy 20,135.00 USD (x1),135.00 USD (x1),https://www.super99.com/10100857-arizona-mucho-mango-tallboy-20
Bebidas no Alcoholicas,Motts Apple Juice Lata 11.5Oz,125.00 USD (x1),125.00 USD (x1),https://www.super99.com/10100898-motts-apple-juice-lata-11-5oz
Bebidas no Alcoholicas,AGUA VOLVIC 500ML,165.00 USD (x1),165.00 USD (x1),https://www.super99.com/10100903-agua-volvic-500ml
Bebidas no Alcoholicas,Ocean Spray Cranberry 946ml,279.00 USD (x1),279.00 USD (x1),https://www.super99.com/10100937-ocean-spray-cranberry-946ml
Bebidas no Alcoholicas,Okf Bebida Aloe Vera King Natural 1.5L,45.00 USD (x1),45.00 USD (x1),https://www.super99.com/10103450-okf-bebida-aloe-vera-king-natural-1-5l
Bebidas no Alcoholicas,Okf Aloe Vera King Orig Lata 240ml,95.00 USD (x1),95.00 USD (x1),https://www.super99.com/10103472-okf-aloe-vera-king-orig-lata-240ml
Bebidas no Alcoholicas,EVIAN AGUA MINERAL 2,169.00 USD (x1),169.00 USD (x1),https://www.super99.com/10103752-evian-agua-mineral-2
Bebidas no Alcoholicas,Evian Agua Mineral 1 Litro,235.00 USD (x1),235.00 USD (x1),https://www.super99.com/10103754-evian-agua-mineral-1-litro
Bebidas no Alcoholicas,RED BULL ENERGY 4PK,74.00 USD (x1),869.00 USD (x1),https://www.super99.com/10103767-red-bull-energy-4pk
Bebidas no Alcoholicas,RED BULL ENERGY DRIN,229.00 USD (x1),229.00 USD (x1),https://www.super99.com/10103768-red-bull-energy-drin
Bebidas no Alcoholicas,TF BEBIDA MANZANA,23.00 USD (x1),34.00 USD (x1),https://www.super99.com/10104846-tf-bebida-manzana
Bebidas no Alcoholicas,SODA PEPSI 1LT,125.00 USD (x1),125.00 USD (x1),https://www.super99.com/10104947-soda-pepsi-1lt
Bebidas no Alcoholicas,SODA PEPSI COLA JUMB 2.5 LTR,215.00 USD (x1),215.00 USD (x1),https://www.super99.com/10104952-soda-pepsi-cola-jumb-2-5-ltr
Bebidas no Alcoholicas,MALTA VIGOR 1.4 LITRO,165.00 USD (x1),185.00 USD (x1),https://www.super99.com/10104960-malta-vigor-1-4-litro
Bebidas no Alcoholicas,SODA ORANGE CRUSH 12/1 LT PLAST,125.00 USD (x1),125.00 USD (x1),https://www.super99.com/10104963-soda-orange-crush-12-1-lt-plast
Bebidas no Alcoholicas,SODA ORANGE CRUSH,74.00 USD (x1),74.00 USD (x1),https://www.super99.com/10104964-soda-orange-crush
Bebidas no Alcoholicas,ORANGE CRUCH LATA 12 OZ,53.00 USD (x1),6.00 USD (x1),https://www.super99.com/10104965-orange-cruch-lata-12-oz
Bebidas no Alcoholicas,SODA SQUIRT 12/1 LT PLASTICO,125.00 USD (x1),125.00 USD (x1),https://www.super99.com/10104970-soda-squirt-12-1-lt-plastico
Bebidas no Alcoholicas,SODA SQUIRT 12/600 M,74.00 USD (x1),74.00 USD (x1),https://www.super99.com/10104972-soda-squirt-12-600-m
Bebidas no Alcoholicas,CANADA DRY LATA 12 OZ,53.00 USD (x1),6.00 USD (x1),https://www.super99.com/10105005-canada-dry-lata-12-oz
Bebidas no Alcoholicas,SODA GINGER ALE 1LT,125.00 USD (x1),125.00 USD (x1),https://www.super99.com/10105006-soda-ginger-ale-1lt
Bebidas no Alcoholicas,Bambito Agua Manantial 600 Ml,99.00 USD (x1),99.00 USD (x1),https://www.super99.com/10108719-bambito-agua-manantial-600-ml
Bebidas no Alcoholicas,ESENTIAL AGUA 1.5 LT,95.00 USD (x1),95.00 USD (x1),https://www.super99.com/10110141-esential-agua-1-5-lt
Bebidas no Alcoholicas,Ligo Jugo Manzana 10Oz,149.00 USD (x1),149.00 USD (x1),https://www.super99.com/10110606-ligo-jugo-manzana-10oz
Bebidas no Alcoholicas,SBENE STI AGUA 0.5 LT,149.00 USD (x1),149.00 USD (x1),https://www.super99.com/10111247-sbene-sti-agua-0-5-lt
Bebidas no Alcoholicas,SBEN AGUA MNRL GAS 250ML,11.00 USD (x1),11.00 USD (x1),https://www.super99.com/10111249-sben-agua-mnrl-gas-250ml
Bebidas no Alcoholicas,SAN BENED AGUA 2 LT,115.00 USD (x1),115.00 USD (x1),https://www.super99.com/10111250-san-bened-agua-2-lt
Bebidas no Alcoholicas,SBEN ICE TEA LMON .5L,135.00 USD (x1),135.00 USD (x1),https://www.super99.com/10111251-sben-ice-tea-lmon-5l
Bebidas no Alcoholicas,SAN BENEDETTO ICE TE 0.5 LT,135.00 USD (x1),135.00 USD (x1),https://www.super99.com/10111252-san-benedetto-ice-te-0-5-lt
Bebidas no Alcoholicas,SBENE AGUA BOTLL 1LT,185.00 USD (x1),185.00 USD (x1),https://www.super99.com/10111253-sbene-agua-botll-1lt
Bebidas no Alcoholicas,BENEDET ICE TE 1.5LT,239.00 USD (x1),239.00 USD (x1),https://www.super99.com/10111262-benedet-ice-te-1-5lt
Bebidas no Alcoholicas,SBENE AGUA NAT 0.5LT,59.00 USD (x1),59.00 USD (x1),https://www.super99.com/10111270-sbene-agua-nat-0-5lt
Bebidas no Alcoholicas,RKIST LEMON JUIC 32Z,299.00 USD (x1),299.00 USD (x1),https://www.super99.com/10111285-rkist-lemon-juic-32z
Bebidas no Alcoholicas,RB CRANBERRY APP 64Z,339.00 USD (x1),339.00 USD (x1),https://www.super99.com/10111293-rb-cranberry-app-64z
Bebidas no Alcoholicas,RK CRANBERY GRPE 64Z,339.00 USD (x1),339.00 USD (x1),https://www.super99.com/10111294-rk-cranbery-grpe-64z
Bebidas no Alcoholicas,RKI CRANBRY RASP 64Z,339.00 USD (x1),339.00 USD (x1),https://www.super99.com/10111295-rki-cranbry-rasp-64z
Bebidas no Alcoholicas,RKIST CRANBERRY 64Z,339.00 USD (x1),339.00 USD (x1),https://www.super99.com/10111296-rkist-cranberry-64z
Bebidas no Alcoholicas,RUBY KIST LITE CRANBERRY JCE 8/64OZ,499.00 USD (x1),499.00 USD (x1),https://www.super99.com/10111298-ruby-kist-lite-cranberry-jce-8-64oz
Bebidas no Alcoholicas,RKIST APPLE JUICE 64Z,399.00 USD (x1),399.00 USD (x1),https://www.super99.com/10111305-rkist-apple-juice-64z
Bebidas no Alcoholicas,TREE TOP APPLE JUICE PLAST 4/128 OZ,1049.00 USD (x1),1049.00 USD (x1),https://www.super99.com/10112685-tree-top-apple-juice-plast-4-128-oz
Bebidas no Alcoholicas,Blue Diamond Bebida De Almendras Breeze Sin Azucar 32oz,365.00 USD (x1),365.00 USD (x1),https://www.super99.com/10113236-blue-diamond-bebida-de-almendras-breeze-sin-azucar-32oz
Bebidas no Alcoholicas,Blue Diamond Bebida De Almendra Vainilla 32oz,365.00 USD (x1),365.00 USD (x1),https://www.super99.com/10113237-blue-diamond-bebida-de-almendra-vainilla-32oz
Bebidas no Alcoholicas,Blue Diamond Bebida De Almendras Breeze Original 32oz,365.00 USD (x1),365.00 USD (x1),https://www.super99.com/10113318-blue-diamond-bebida-de-almendras-breeze-original-32oz
Bebidas no Alcoholicas,Blue Diamond Bebida De Almendras Breeze Vainilla 32oz,365.00 USD (x1),365.00 USD (x1),https://www.super99.com/10113319-blue-diamond-bebida-de-almendras-breeze-vainilla-32oz
Bebidas no Alcoholicas,TREE TOP APPLE JUICE 64 OZ,539.00 USD (x1),539.00 USD (x1),https://www.super99.com/10113526-tree-top-apple-juice-64-oz
Bebidas no Alcoholicas,Kedem Jugo Uva 64Oz,599.00 USD (x1),599.00 USD (x1),https://www.super99.com/10113683-kedem-jugo-uva-64oz
Bebidas no Alcoholicas,V8 FUSION STRAW/BANANA JUICE 6/46 OZ,549.00 USD (x1),549.00 USD (x1),https://www.super99.com/10113761-v8-fusion-straw-banana-juice-6-46-oz
Bebidas no Alcoholicas,V8 VFUSION PEACH MANGO JUICE 6/46OZ,549.00 USD (x1),549.00 USD (x1),https://www.super99.com/10113763-v8-vfusion-peach-mango-juice-6-46oz
Bebidas no Alcoholicas,WELCHS GRAPE JUICE 8/64OZ,649.00 USD (x1),649.00 USD (x1),https://www.super99.com/10113984-welchs-grape-juice-8-64oz
Bebidas no Alcoholicas,WELCHS RED 100% GRAPE JUICE 8/64OZ,669.00 USD (x1),669.00 USD (x1),https://www.super99.com/10114044-welchs-red-100-grape-juice-8-64oz
Bebidas no Alcoholicas,WELCHS WHITE GRAPE JUICE 8/64OZ,669.00 USD (x1),669.00 USD (x1),https://www.super99.com/10114045-welchs-white-grape-juice-8-64oz
Bebidas no Alcoholicas,NESTLE PURE LIFE WATER 0.5 LT,35.00 USD (x1),35.00 USD (x1),https://www.super99.com/10115019-nestle-pure-life-water-0-5-lt
Bebidas no Alcoholicas,Kedem Grape Concord Juice 22Oz,43.00 USD (x1),43.00 USD (x1),https://www.super99.com/10115027-kedem-grape-concord-juice-22oz
Bebidas no Alcoholicas,PERRIER SPARKLING NATURAL 24/11.6 OZ,139.00 USD (x1),139.00 USD (x1),https://www.super99.com/10115028-perrier-sparkling-natural-24-11-6-oz
Bebidas no Alcoholicas,RITZ SODA NARANJA 24/12 OZ,45.00 USD (x1),45.00 USD (x1),https://www.super99.com/10117293-ritz-soda-naranja-24-12-oz
Bebidas no Alcoholicas,WELCHS JUICE GRAPE 100% 8/64OZ,669.00 USD (x1),669.00 USD (x1),https://www.super99.com/10117776-welchs-juice-grape-100-8-64oz
Bebidas no Alcoholicas,WELCHS CONCORD GRAPE 6/64OZ,54.00 USD (x1),54.00 USD (x1),https://www.super99.com/10117952-welchs-concord-grape-6-64oz
Bebidas no Alcoholicas,WELCHS GRAPE JUICE 24/10OZ,127.00 USD (x1),127.00 USD (x1),https://www.super99.com/10118070-welchs-grape-juice-24-10oz
Bebidas no Alcoholicas,HWII PUNCH ORANG 1GL,599.00 USD (x1),599.00 USD (x1),https://www.super99.com/10118358-hwii-punch-orang-1gl
Bebidas no Alcoholicas,RITZ SODA STRAWBERRY 24/12 OZ,59.00 USD (x1),59.00 USD (x1),https://www.super99.com/10118565-ritz-soda-strawberry-24-12-oz
Bebidas no Alcoholicas,MOU DEW SDA LAT 12Z,99.00 USD (x1),99.00 USD (x1),https://www.super99.com/10119091-mou-dew-sda-lat-12z
Bebidas no Alcoholicas,MOU DEW SODA DIE 12Z,99.00 USD (x1),99.00 USD (x1),https://www.super99.com/10119092-mou-dew-soda-die-12z
Bebidas no Alcoholicas,7UP SODA CLASSIC 12 OZ,79.00 USD (x1),79.00 USD (x1),https://www.super99.com/10119115-7up-soda-classic-12-oz
Bebidas no Alcoholicas,7up Diet Limon 2lt,299.00 USD (x1),299.00 USD (x1),https://www.super99.com/10119116-7up-diet-limon-2lt
Bebidas no Alcoholicas,7UP LEMON LIME 12 OZ,85.00 USD (x1),85.00 USD (x1),https://www.super99.com/10119117-7up-lemon-lime-12-oz
Bebidas no Alcoholicas,C DRY GINGER ALE 12Z,85.00 USD (x1),85.00 USD (x1),https://www.super99.com/10119118-c-dry-ginger-ale-12z
Bebidas no Alcoholicas,Canada Dry Tonic Water 12oz,75.00 USD (x1),75.00 USD (x1),https://www.super99.com/10119121-canada-dry-tonic-water-12oz
Bebidas no Alcoholicas,CANADA DRY DIET CRANB 12 OZ,85.00 USD (x1),85.00 USD (x1),https://www.super99.com/10119122-canada-dry-diet-cranb-12-oz
Bebidas no Alcoholicas,AW ROT BEER SODA 12Z,85.00 USD (x1),85.00 USD (x1),https://www.super99.com/10119123-aw-rot-beer-soda-12z
Bebidas no Alcoholicas,A&W DIET ROOT BEER 12Z,85.00 USD (x1),85.00 USD (x1),https://www.super99.com/10119124-a-w-diet-root-beer-12z
Bebidas no Alcoholicas,DR.PEPPER SODA 12 Z,99.00 USD (x1),99.00 USD (x1),https://www.super99.com/10119126-dr-pepper-soda-12-z
Bebidas no Alcoholicas,7up Cherry Soda 12Oz,95.00 USD (x1),95.00 USD (x1),https://www.super99.com/10119127-7up-cherry-soda-12oz
Bebidas no Alcoholicas,SQUIRT CAFFEINE FREE 12/12 OZ,65.00 USD (x1),65.00 USD (x1),https://www.super99.com/10119321-squirt-caffeine-free-12-12-oz
Bebidas no Alcoholicas,SKIST ORANGE SOD 12Z,85.00 USD (x1),85.00 USD (x1),https://www.super99.com/10119325-skist-orange-sod-12z
Bebidas no Alcoholicas,7UP DIET CHERRY ANTI 12 OZ,85.00 USD (x1),85.00 USD (x1),https://www.super99.com/10119328-7up-diet-cherry-anti-12-oz
Bebidas no Alcoholicas,DR.PEPER CHERRY SODA 12Z,99.00 USD (x1),99.00 USD (x1),https://www.super99.com/10119330-dr-peper-cherry-soda-12z
Bebidas no Alcoholicas,Diet Radissonadi Zumo Zanahoria 1lt,399.00 USD (x1),399.00 USD (x1),https://www.super99.com/10119864-diet-radissonadi-zumo-zanahoria-1lt
Bebidas no Alcoholicas,MALTA POLAR 7OZ,82.00 USD (x1),82.00 USD (x1),https://www.super99.com/10119954-malta-polar-7oz
Bebidas no Alcoholicas,SUNKIST NARANJA ZERO 8/2 LT,299.00 USD (x1),299.00 USD (x1),https://www.super99.com/10119961-sunkist-naranja-zero-8-2-lt
Bebidas no Alcoholicas,COCA COLA SIN CAFEINA,99.00 USD (x1),99.00 USD (x1),https://www.super99.com/10120027-coca-cola-sin-cafeina
Bebidas no Alcoholicas,Hereford Coconut Water 500ml,119.00 USD (x1),119.00 USD (x1),https://www.super99.com/10123577-hereford-coconut-water-500ml
Bebidas no Alcoholicas,Gatorade Kids Fruit Punch 250ml,52.00 USD (x1),52.00 USD (x1),https://www.super99.com/10128444-gatorade-kids-fruit-punch-250ml
Bebidas no Alcoholicas,Borden Instantaneo Mix Fresa 30g,34.00 USD (x1),34.00 USD (x1),https://www.super99.com/10128446-borden-instantaneo-mix-fresa-30g
Bebidas no Alcoholicas,Del Monte Nectar Albaricoque 200ml,49.00 USD (x1),49.00 USD (x1),https://www.super99.com/10128498-del-monte-nectar-albaricoque-200ml
Bebidas no Alcoholicas,Del Monte Nectar Manzana Lata 330ml,65.00 USD (x1),65.00 USD (x1),https://www.super99.com/10128499-del-monte-nectar-manzana-lata-330ml
Bebidas no Alcoholicas,Del Frutal Nectar Manzana 330g,55.00 USD (x1),55.00 USD (x1),https://www.super99.com/10128553-del-frutal-nectar-manzana-330g
Bebidas no Alcoholicas,WELCHS ORANGE PINEAPPLE JCE 24/10OZ,99.00 USD (x1),99.00 USD (x1),https://www.super99.com/10128848-welchs-orange-pineapple-jce-24-10oz
Bebidas no Alcoholicas,Martinellis Apple Juice 10Oz,189.00 USD (x1),189.00 USD (x1),https://www.super99.com/10129122-martinellis-apple-juice-10oz
Bebidas no Alcoholicas,CHUBBY BLUEBERRY 250ML,39.00 USD (x1),39.00 USD (x1),https://www.super99.com/10133616-chubby-blueberry-250ml
Bebidas no Alcoholicas,CHUBBY ACTION APPLE 250,39.00 USD (x1),39.00 USD (x1),https://www.super99.com/10133627-chubby-action-apple-250
Bebidas no Alcoholicas,CHUBBY BLUEBERRY 250ML,39.00 USD (x1),39.00 USD (x1),https://www.super99.com/10133630-chubby-blueberry-250ml
Bebidas no Alcoholicas,Marinero Veg/Almeja Vidrio 250ml,85.00 USD (x1),85.00 USD (x1),https://www.super99.com/10133653-marinero-veg-almeja-vidrio-250ml
Bebidas no Alcoholicas,Marinero Veg/Almeja Vidrio Picante 250g,85.00 USD (x1),85.00 USD (x1),https://www.super99.com/10133654-marinero-veg-almeja-vidrio-picante-250g
Bebidas no Alcoholicas,BEBIDA LIVEAN NARANJ,38.00 USD (x1),38.00 USD (x1),https://www.super99.com/10133746-bebida-livean-naranj
Bebidas no Alcoholicas,BEBIDA LIVEAN MANZAN,38.00 USD (x1),38.00 USD (x1),https://www.super99.com/10133747-bebida-livean-manzan
Bebidas no Alcoholicas,Livean Bebida Artificial Sabor Durazno 8g,32.00 USD (x1),32.00 USD (x1),https://www.super99.com/10133748-livean-bebida-artificial-sabor-durazno-8g
Bebidas no Alcoholicas,BEBIDA LIVEAN PI¥A 2,38.00 USD (x1),38.00 USD (x1),https://www.super99.com/10133749-bebida-livean-pi-a-2
Bebidas no Alcoholicas,LIVEAN TE VERDE LIMO,38.00 USD (x1),38.00 USD (x1),https://www.super99.com/10133753-livean-te-verde-limo
Bebidas no Alcoholicas,Livean Té Verde Sabor Durazno 8g,32.00 USD (x1),32.00 USD (x1),https://www.super99.com/10133754-livean-te-verde-sabor-durazno-8g
Bebidas no Alcoholicas,REFRESCO FLASH FRESA,19.00 USD (x1),19.00 USD (x1),https://www.super99.com/10133783-refresco-flash-fresa
Bebidas no Alcoholicas,REFRESCO FLASH NARAN,19.00 USD (x1),19.00 USD (x1),https://www.super99.com/10133785-refresco-flash-naran
Bebidas no Alcoholicas,REFRESCO FLASH PIÑA 12/12/10 GRAMOS,19.00 USD (x1),19.00 USD (x1),https://www.super99.com/10133786-refresco-flash-pina-12-12-10-gramos
Bebidas no Alcoholicas,REFRESCO FLASH UVA,19.00 USD (x1),19.00 USD (x1),https://www.super99.com/10133790-refresco-flash-uva
Bebidas no Alcoholicas,REFRESCO FLASH TROP,19.00 USD (x1),19.00 USD (x1),https://www.super99.com/10133792-refresco-flash-trop
Bebidas no Alcoholicas,REFRESCO FLASH MARAC,19.00 USD (x1),19.00 USD (x1),https://www.super99.com/10133794-refresco-flash-marac
Bebidas no Alcoholicas,Zuko Té Frío Sabor Durazno 25 G,32.00 USD (x1),32.00 USD (x1),https://www.super99.com/10133799-zuko-te-frio-sabor-durazno-25-g
Bebidas no Alcoholicas,Zuko Bebida Instantánea Sabor Artificial Sabor Guayaba Piña 25 G,32.00 USD (x1),32.00 USD (x1),https://www.super99.com/10133801-zuko-bebida-artificial-sabor-guayaba-pina-25-g
Bebidas no Alcoholicas,Zuko Bebida Instantánea Sabor Artificial Sabor Tamarindo 25 G,32.00 USD (x1),32.00 USD (x1),https://www.super99.com/10133806-zuko-bebida-artificial-sabor-tamarindo-25-g
Bebidas no Alcoholicas,BEBIDA ZUKO NARANJA,199.00 USD (x1),272.00 USD (x1),https://www.super99.com/10133813-bebida-zuko-naranja
Bebidas no Alcoholicas,BEBIDA ZUKO FRESA 9,199.00 USD (x1),272.00 USD (x1),https://www.super99.com/10133815-bebida-zuko-fresa-9
Bebidas no Alcoholicas,Zuko Bebida Instantánea Sabor Artificial Sabor Naranja 25 G,32.00 USD (x1),32.00 USD (x1),https://www.super99.com/10133816-zuko-bebida-artificial-sabor-naranja-25-g
Bebidas no Alcoholicas,Zuko Bebida Instantánea Sabor Artificial Sabor Durazno 25 G,32.00 USD (x1),32.00 USD (x1),https://www.super99.com/10133819-zuko-bebida-artificial-sabor-durazno-25-g
Bebidas no Alcoholicas,Zuko Bebida Instantánea Sabor Artificial Sabor Naranja-Fresa 25 G,32.00 USD (x1),32.00 USD (x1),https://www.super99.com/10133830-zuko-bebida-artificial-sabor-naranja-fresa-25-g
Bebidas no Alcoholicas,PURISSIMA AGUA 12/1.5 LT,11.00 USD (x1),11.00 USD (x1),https://www.super99.com/10133851-purissima-agua-12-1-5-lt
Bebidas no Alcoholicas,PURISSIMA AGUA 6/2 LT,159.00 USD (x1),159.00 USD (x1),https://www.super99.com/10133852-purissima-agua-6-2-lt
Bebidas no Alcoholicas,TROPICANA FRUIT PUNCH 8/59 OZ,409.00 USD (x1),409.00 USD (x1),https://www.super99.com/10135671-tropicana-fruit-punch-8-59-oz
Bebidas no Alcoholicas,Langers Cranberry 100% 64Oz,399.00 USD (x1),399.00 USD (x1),https://www.super99.com/10135706-langers-cranberry-100-64oz
Bebidas no Alcoholicas,TROPICANA BERRY PUNCH 8/59 OZ,409.00 USD (x1),409.00 USD (x1),https://www.super99.com/10135824-tropicana-berry-punch-8-59-oz
Bebidas no Alcoholicas,TREE TOP PURE APPLE JUICE 24/10OZ,145.00 USD (x1),145.00 USD (x1),https://www.super99.com/10135917-tree-top-pure-apple-juice-24-10oz
Bebidas no Alcoholicas,TREE TOP JUGO APPLE,579.00 USD (x1),579.00 USD (x1),https://www.super99.com/10135926-tree-top-jugo-apple
Bebidas no Alcoholicas,WELCHS GRAPE JUICE 8/46OZ,539.00 USD (x1),539.00 USD (x1),https://www.super99.com/10136045-welchs-grape-juice-8-46oz
Bebidas no Alcoholicas,WELCHS JUGO 100% UVA MORADA 12/16,225.00 USD (x1),225.00 USD (x1),https://www.super99.com/10136127-welchs-jugo-100-uva-morada-12-16
Bebidas no Alcoholicas,Aquafina Agua Purificada 1L,115.00 USD (x1),115.00 USD (x1),https://www.super99.com/10136362-aquafina-agua-purificada-1l
Bebidas no Alcoholicas,Aquafina 20Oz,79.00 USD (x1),79.00 USD (x1),https://www.super99.com/10136363-aquafina-20oz
Bebidas no Alcoholicas,Borden Instantaneo Mix Cereza 30g,34.00 USD (x1),34.00 USD (x1),https://www.super99.com/10136498-borden-instantaneo-mix-cereza-30g
Bebidas no Alcoholicas,Borden Instantantaneo Mix Car/Punch 30g,34.00 USD (x1),34.00 USD (x1),https://www.super99.com/10136500-borden-instantantaneo-mix-car-punch-30g
Bebidas no Alcoholicas,SOBE ADRENALINE RUSH,205.00 USD (x1),205.00 USD (x1),https://www.super99.com/10136624-sobe-adrenaline-rush
Bebidas no Alcoholicas,REFRESCO MANZANA BONLAC,272.00 USD (x1),272.00 USD (x1),https://www.super99.com/10140654-refresco-manzana-bonlac
Bebidas no Alcoholicas,BONLAC BEB MANZANA 946 ML,139.00 USD (x1),139.00 USD (x1),https://www.super99.com/10140667-bonlac-beb-manzana-946-ml
Bebidas no Alcoholicas,Ciclon Regular 500ml,205.00 USD (x1),205.00 USD (x1),https://www.super99.com/10145757-ciclon-regular-500ml
Bebidas no Alcoholicas,Del Monte Néctar De Manzana 200ml,49.00 USD (x1),49.00 USD (x1),https://www.super99.com/10145803-del-monte-nectar-de-manzana-200ml
Bebidas no Alcoholicas,Del Monte Nectar Piña Lata 340ml,65.00 USD (x1),65.00 USD (x1),https://www.super99.com/10145804-del-monte-nectar-pina-lata-340ml
Bebidas no Alcoholicas,Del Monte Néctar De Naranja Light 200ml,49.00 USD (x1),49.00 USD (x1),https://www.super99.com/10145848-del-monte-nectar-de-naranja-light-200ml
Bebidas no Alcoholicas,Luni Soda Fresa Jumbo 3.3lt,199.00 USD (x1),199.00 USD (x1),https://www.super99.com/10145865-luni-soda-fresa-jumbo-3-3lt
Bebidas no Alcoholicas,Mondariz Agua Mineral 5 Litro,395.00 USD (x1),395.00 USD (x1),https://www.super99.com/10146684-mondariz-agua-mineral-5-litro
Bebidas no Alcoholicas,Soyfresh Bebida De Soya Natural 1 L,275.00 USD (x1),275.00 USD (x1),https://www.super99.com/10148521-soyfresh-bebida-de-soya-natural-1-l
Bebidas no Alcoholicas,Dasani Agua Pura 2L,172.00 USD (x1),172.00 USD (x1),https://www.super99.com/10148769-dasani-agua-pura-2l
Bebidas no Alcoholicas,SODA FRESCA 12/600 M,109.00 USD (x1),109.00 USD (x1),https://www.super99.com/10148782-soda-fresca-12-600-m
Bebidas no Alcoholicas,FANTA FRESA 600ML,109.00 USD (x1),109.00 USD (x1),https://www.super99.com/10148783-fanta-fresa-600ml
Bebidas no Alcoholicas,SCHWEPPES CLUB SODA,65.00 USD (x1),79.00 USD (x1),https://www.super99.com/10148787-schweppes-club-soda
Bebidas no Alcoholicas,Schweppes Ginger Ale Polar 2 L,199.00 USD (x1),199.00 USD (x1),https://www.super99.com/10148795-schweppes-ginger-ale-polar-2-l
Bebidas no Alcoholicas,Estrella Azul Duo Pack De Bebida Refrescante Naranjita y Ponche De Frutas 1.892L,184.00 USD (x1),184.00 USD (x1),https://www.super99.com/10148833-estrella-azul-duo-pack-de-bebida-refrescante-naranjita-y-ponche-de-frutas-1-892l
Bebidas no Alcoholicas,Estrella Azul Bebida Naranja Uht 946ml,139.00 USD (x1),139.00 USD (x1),https://www.super99.com/10148836-estrella-azul-bebida-naranja-uht-946ml
Bebidas no Alcoholicas,SODA QUINAC LATA 24/,62.00 USD (x1),69.00 USD (x1),https://www.super99.com/10149159-soda-quinac-lata-24
Bebidas no Alcoholicas,AQUA PANNA 750 ML,259.00 USD (x1),259.00 USD (x1),https://www.super99.com/10149200-aqua-panna-750-ml
Bebidas no Alcoholicas,SODA PEPSI COLA 2LT,169.00 USD (x1),189.00 USD (x1),https://www.super99.com/10150202-soda-pepsi-cola-2lt
Bebidas no Alcoholicas,SODA PEPSI COLA 1.5LT,143.00 USD (x1),159.00 USD (x1),https://www.super99.com/10150206-soda-pepsi-cola-1-5lt
Bebidas no Alcoholicas,Crush Soda Orange 2L,195.00 USD (x1),195.00 USD (x1),https://www.super99.com/10150207-crush-soda-orange-2l
Bebidas no Alcoholicas,SODA SQUIRT 2LT,169.00 USD (x1),189.00 USD (x1),https://www.super99.com/10150213-soda-squirt-2lt
Bebidas no Alcoholicas,SODA SQUIRT 1.5 LTS,143.00 USD (x1),159.00 USD (x1),https://www.super99.com/10150214-soda-squirt-1-5-lts
Bebidas no Alcoholicas,MALTA VIGOR 1 LITRO,131.00 USD (x1),152.00 USD (x1),https://www.super99.com/10150219-malta-vigor-1-litro
Bebidas no Alcoholicas,EVIAN AGUA 330ML,139.00 USD (x1),139.00 USD (x1),https://www.super99.com/10150235-evian-agua-330ml
Bebidas no Alcoholicas,EVIAN AGUA MINERAL 0,219.00 USD (x1),219.00 USD (x1),https://www.super99.com/10150238-evian-agua-mineral-0
Bebidas no Alcoholicas,Dr. Pepper Diet 2L,379.00 USD (x1),379.00 USD (x1),https://www.super99.com/10151687-dr-pepper-diet-2l
Bebidas no Alcoholicas,KAID JMRS GRAPE 60 Z,45.00 USD (x1),45.00 USD (x1),https://www.super99.com/10157343-kaid-jmrs-grape-60-z
Bebidas no Alcoholicas,Ocean Spray Diet Cranberry Grape 64Oz,489.00 USD (x1),489.00 USD (x1),https://www.super99.com/10162350-ocean-spray-diet-cranberry-grape-64oz
Bebidas no Alcoholicas,VITAMALT PLUS LATA 24/330 ML,105.00 USD (x1),105.00 USD (x1),https://www.super99.com/20003086-vitamalt-plus-lata-330ml
Bebidas no Alcoholicas,VITAMALT PLUS BOTELLA 24/330 ML,105.00 USD (x1),105.00 USD (x1),https://www.super99.com/20003087-vitamalt-plus-bot-330ml
Bebidas no Alcoholicas,SIX PACK VITAMAL PLUS BOTELLA 4/6/330 ML,55.00 USD (x1),55.00 USD (x1),https://www.super99.com/20003088-six-pack-vitamal-plus-botella-4-6-330-ml
Bebidas no Alcoholicas,VIVE SOY TETRA 1 LT,26.00 USD (x1),289.00 USD (x1),https://www.super99.com/20004085-vive-soy-tetra-1-lt
Bebidas no Alcoholicas,VIVE SOY VAINILLA 1LT,26.00 USD (x1),289.00 USD (x1),https://www.super99.com/20004089-vive-soy-vainilla-1lt
Bebidas no Alcoholicas,Borden Instantaneo Mix Guayaba Piña 30g,34.00 USD (x1),34.00 USD (x1),https://www.super99.com/20004421-borden-instantaneo-mix-guayaba-pina-30g
Bebidas no Alcoholicas,Borden Instantaneo Mix Maracuya 30g,34.00 USD (x1),34.00 USD (x1),https://www.super99.com/20004428-borden-instantaneo-mix-maracuya-30g
Bebidas no Alcoholicas,SIX PACK KERNS NECTAR SLIM 4/6/200 ML,219.00 USD (x1),219.00 USD (x1),https://www.super99.com/20006847-6pk-nectares-kerns
Bebidas no Alcoholicas,V8 SPLASH NARANJA ZANAHORIA 12/473 ML,159.00 USD (x1),159.00 USD (x1),https://www.super99.com/20007323-v8-splash-naranja-zanahoria-12-473-ml
Bebidas no Alcoholicas,ZUKO MARACUYA 315GR,199.00 USD (x1),272.00 USD (x1),https://www.super99.com/20010037-zuko-maracuya-315gr
Bebidas no Alcoholicas,ZUKO F PUNCH 315GRS,199.00 USD (x1),272.00 USD (x1),https://www.super99.com/20010038-zuko-f-punch-315grs
Bebidas no Alcoholicas,Del Monte Citrus Blend 500ml,89.00 USD (x1),89.00 USD (x1),https://www.super99.com/20011970-del-monte-citrus-blend-500ml
Bebidas no Alcoholicas,Del Monte Citrus Blend 1890ml,209.00 USD (x1),209.00 USD (x1),https://www.super99.com/20011984-del-monte-citrus-blend-1890ml
Bebidas no Alcoholicas,Del Monte Citrus Blend 3785ml,355.00 USD (x1),355.00 USD (x1),https://www.super99.com/20011985-del-monte-citrus-blend-3785ml
Bebidas no Alcoholicas,NECTAR ARANDANO 1 LT.,159.00 USD (x1),159.00 USD (x1),https://www.super99.com/20012176-nectar-arandano-1-lt
Bebidas no Alcoholicas,SODA SCHWEPPES GINGER ALE,152.00 USD (x1),152.00 USD (x1),https://www.super99.com/20012956-soda-schweppes-ginger-ale
Bebidas no Alcoholicas,Okf Aloe Vera Orig Sin Azucar 500ml,165.00 USD (x1),165.00 USD (x1),https://www.super99.com/20013480-okf-aloe-vera-orig-sin-azucar-500ml
Bebidas no Alcoholicas,Okf Aloe Vera Sin Azucar 1.5L,395.00 USD (x1),395.00 USD (x1),https://www.super99.com/20013482-okf-aloe-vera-sin-azucar-1-5l
Bebidas no Alcoholicas,Okf Bebida Coco Original 1.5L,389.00 USD (x1),389.00 USD (x1),https://www.super99.com/20013485-okf-bebida-coco-original-1-5l
Bebidas no Alcoholicas,Okf Bebida Coco Original 500ml,169.00 USD (x1),169.00 USD (x1),https://www.super99.com/20013494-okf-bebida-coco-original-500ml
Bebidas no Alcoholicas,Okf Aloevera King Strawberry 500ml,185.00 USD (x1),185.00 USD (x1),https://www.super99.com/20013497-okf-aloevera-king-strawberry-500ml
Bebidas no Alcoholicas,Okf Aloevera King Pineapple 500ml,185.00 USD (x1),185.00 USD (x1),https://www.super99.com/20013502-okf-aloevera-king-pineapple-500ml
Bebidas no Alcoholicas,Okf Bebida Aloe Vera Pomenagrate 500ml,185.00 USD (x1),185.00 USD (x1),https://www.super99.com/20013505-okf-bebida-aloe-vera-pomenagrate-500ml
Bebidas no Alcoholicas,Okf Aloevera King Grape 500ml,185.00 USD (x1),185.00 USD (x1),https://www.super99.com/20013507-okf-aloevera-king-grape-500ml
Bebidas no Alcoholicas,Okf Bebida Aloe Vera King Mango 500ml,185.00 USD (x1),185.00 USD (x1),https://www.super99.com/20013518-okf-bebida-aloe-vera-king-mango-500ml
Bebidas no Alcoholicas,Okf Bebida Aloe Vera Pi#a 1.5L,439.00 USD (x1),439.00 USD (x1),https://www.super99.com/20013534-okf-bebida-aloe-vera-pi-a-1-5l
Bebidas no Alcoholicas,Okf Bebida Aloe Vera Mango 1.5L,439.00 USD (x1),439.00 USD (x1),https://www.super99.com/20013539-okf-bebida-aloe-vera-mango-1-5l
Bebidas no Alcoholicas,OKF BDA ALOE VERA POMEGRANAT 12/1.5L,439.00 USD (x1),439.00 USD (x1),https://www.super99.com/20013553-okf-bda-aloe-vera-pomegranat-12-1-5l
Bebidas no Alcoholicas,Okf Bebida Aloe Vera King Fresa 1.5L,439.00 USD (x1),439.00 USD (x1),https://www.super99.com/20013555-okf-bebida-aloe-vera-king-fresa-1-5l
Bebidas no Alcoholicas,Del Volcan Agua 1 Litro,95.00 USD (x1),95.00 USD (x1),https://www.super99.com/20013848-del-volcan-agua-1-litro
Bebidas no Alcoholicas,Del Volcan Agua 1.5 Lt,115.00 USD (x1),115.00 USD (x1),https://www.super99.com/20013850-del-volcan-agua-1-5-lt
Bebidas no Alcoholicas,Del Volcan Agua 1 Galon,249.00 USD (x1),249.00 USD (x1),https://www.super99.com/20013851-del-volcan-agua-1-galon
Bebidas no Alcoholicas,CLIGHT BEBIDA TE LIMON,85.00 USD (x1),85.00 USD (x1),https://www.super99.com/20014726-clight-bebida-te-limon
Bebidas no Alcoholicas,CLIGHT BEBIDA NARANJA,85.00 USD (x1),85.00 USD (x1),https://www.super99.com/20014728-clight-bebida-naranja
Bebidas no Alcoholicas,BEBIDA CLIGHT FRESA,85.00 USD (x1),85.00 USD (x1),https://www.super99.com/20014729-bebida-clight-fresa
Bebidas no Alcoholicas,CLIGHT BEBIDA LIMON,85.00 USD (x1),85.00 USD (x1),https://www.super99.com/20014730-clight-bebida-limon
Bebidas no Alcoholicas,CLIGHT BEBIDA TORONJA,85.00 USD (x1),85.00 USD (x1),https://www.super99.com/20014733-clight-bebida-toronja
Bebidas no Alcoholicas,CANADA DRY CLUB SODA 1 LT,269.00 USD (x1),269.00 USD (x1),https://www.super99.com/20016028-canada-dry-club-soda-1-lt
Bebidas no Alcoholicas,CDRY AGUA TONIC DIETA,269.00 USD (x1),269.00 USD (x1),https://www.super99.com/20016034-cdry-agua-tonic-dieta
Bebidas no Alcoholicas,Agua Mineral Mondariz 0.5 Litro,7.00 USD (x1),7.00 USD (x1),https://www.super99.com/20016053-agua-mineral-mondariz-0-5-litro
Bebidas no Alcoholicas,VIVE SOY CHOCOL 1LT,26.00 USD (x1),289.00 USD (x1),https://www.super99.com/20016254-vive-soy-chocol-1lt
Bebidas no Alcoholicas,Silk Bebida De Almendra Original 946 Ml,349.00 USD (x1),349.00 USD (x1),https://www.super99.com/20017487-silk-bebida-de-almendra-original-946-ml
Bebidas no Alcoholicas,SILK BEB ALMEND VAINILLA,349.00 USD (x1),349.00 USD (x1),https://www.super99.com/20017488-silk-beb-almend-vainilla
Bebidas no Alcoholicas,JUGO NARANJA 100 NAT GL,829.00 USD (x1),829.00 USD (x1),https://www.super99.com/20017923-jugo-naranja-100-nat-gl
Bebidas no Alcoholicas,SBENE AGUA MIN 0.75L,175.00 USD (x1),175.00 USD (x1),https://www.super99.com/20018027-sbene-agua-min-0-75l
Bebidas no Alcoholicas,Okf Bda Aloe King Blueberry 500ml,185.00 USD (x1),185.00 USD (x1),https://www.super99.com/20018510-okf-bda-aloe-king-blueberry-500ml
Bebidas no Alcoholicas,Okf Bebida Aloe Vera Cranberry 500ml,185.00 USD (x1),185.00 USD (x1),https://www.super99.com/20018511-okf-bebida-aloe-vera-cranberry-500ml
Bebidas no Alcoholicas,Okf Bebida Aloe Vera Raspberry 500ml,185.00 USD (x1),185.00 USD (x1),https://www.super99.com/20018531-okf-bebida-aloe-vera-raspberry-500ml
Bebidas no Alcoholicas,Lipton Te Frio Limon 250ml,55.00 USD (x1),55.00 USD (x1),https://www.super99.com/20020077-lipton-te-frio-limon-250ml
Bebidas no Alcoholicas,VIVESOY LIGERA SOJA,26.00 USD (x1),289.00 USD (x1),https://www.super99.com/20020506-vivesoy-ligera-soja
Bebidas no Alcoholicas,DEL FRUTAL NARANJA 200ML,33.00 USD (x1),33.00 USD (x1),https://www.super99.com/20020699-del-frutal-naranja-200ml
Bebidas no Alcoholicas,Country Barn Cocktailtail Manzana 64oz,299.00 USD (x1),299.00 USD (x1),https://www.super99.com/20022037-country-barn-cocktailtail-manzana-64oz
Bebidas no Alcoholicas,FRUTI ALOE ORIGINAL,139.00 USD (x1),139.00 USD (x1),https://www.super99.com/20023159-fruti-aloe-original
Bebidas no Alcoholicas,Okf Bebida Aloevera Peach 500ml,185.00 USD (x1),185.00 USD (x1),https://www.super99.com/20023822-okf-bebida-aloevera-peach-500ml
Bebidas no Alcoholicas,ZEVIA SODA UVA 12 OZ,145.00 USD (x1),145.00 USD (x1),https://www.super99.com/20024417-zevia-soda-uva-12-oz
Bebidas no Alcoholicas,BEBIDA MELOCOTON PLASTICO1 2,272.00 USD (x1),272.00 USD (x1),https://www.super99.com/20024581-bebida-melocoton-plastico1-2
Bebidas no Alcoholicas,BEBIDA MARACUYA PLASTICO1 2,272.00 USD (x1),272.00 USD (x1),https://www.super99.com/20024583-bebida-maracuya-plastico1-2
Bebidas no Alcoholicas,RED BULL ENERGY 355ML,289.00 USD (x1),289.00 USD (x1),https://www.super99.com/20025892-red-bull-energy-355ml
Bebidas no Alcoholicas,SODA POSTOBON MANZANA 12/1.5 ML,179.00 USD (x1),179.00 USD (x1),https://www.super99.com/20026438-soda-postobon-manzana-12-1-5-ml
Bebidas no Alcoholicas,Kool Aid Grape Drink Mix 19Oz,599.00 USD (x1),599.00 USD (x1),https://www.super99.com/20027486-kool-aid-grape-drink-mix-19oz
Bebidas no Alcoholicas,TREE TOP APPLE JUICE,579.00 USD (x1),579.00 USD (x1),https://www.super99.com/20028538-tree-top-apple-juice
Bebidas no Alcoholicas,FANTA FRESA 2.5 LITRO,257.00 USD (x1),257.00 USD (x1),https://www.super99.com/20030375-fanta-fresa-2-5-litro
Bebidas no Alcoholicas,FANTA MANZANA 2.5 LITRO,257.00 USD (x1),257.00 USD (x1),https://www.super99.com/20030376-fanta-manzana-2-5-litro
Bebidas no Alcoholicas,FANTA NARANJA 2.5 LITRO,257.00 USD (x1),257.00 USD (x1),https://www.super99.com/20030377-fanta-naranja-2-5-litro
Bebidas no Alcoholicas,LU SODA UVA JUMBO LT,199.00 USD (x1),199.00 USD (x1),https://www.super99.com/20030456-lu-soda-uva-jumbo-lt
Bebidas no Alcoholicas,Okf Aloe V King G Kiwi 16Oz,185.00 USD (x1),185.00 USD (x1),https://www.super99.com/20031038-okf-aloe-v-king-g-kiwi-16oz
Bebidas no Alcoholicas,Bonlac Nectar Melocoton 200ml,39.00 USD (x1),39.00 USD (x1),https://www.super99.com/20031391-bonlac-nectar-melocoton-200ml
Bebidas no Alcoholicas,Fresquito Citrus Punch 200ml,33.00 USD (x1),33.00 USD (x1),https://www.super99.com/20031395-fresquito-citrus-punch-200ml
Bebidas no Alcoholicas,Fresquito Uva 200ml,33.00 USD (x1),33.00 USD (x1),https://www.super99.com/20031397-fresquito-uva-200ml
Bebidas no Alcoholicas,Kedem Jugo De Manzana 64Oz,399.00 USD (x1),399.00 USD (x1),https://www.super99.com/20031847-kedem-jugo-de-manzana-64oz
Bebidas no Alcoholicas,Kedem Jugo Uva Concord 32oz,399.00 USD (x1),399.00 USD (x1),https://www.super99.com/20031849-kedem-jugo-uva-concord-32oz
Bebidas no Alcoholicas,SUNKIST ORANGE 12 PK,599.00 USD (x1),599.00 USD (x1),https://www.super99.com/20032242-sunkist-orange-12-pk
Bebidas no Alcoholicas,Blue Diamond Bebida De Almendras Breeze Original 32oz,365.00 USD (x1),365.00 USD (x1),https://www.super99.com/20032718-blue-diamond-bebida-de-almendras-breeze-original-32oz
Bebidas no Alcoholicas,Okf Aloe Vera King Melocoton 1.5L,439.00 USD (x1),439.00 USD (x1),https://www.super99.com/20032934-okf-aloe-vera-king-melocoton-1-5l
Bebidas no Alcoholicas,PERRIER SLIM CAN GRAPEFRUIT 30/250 ML,105.00 USD (x1),105.00 USD (x1),https://www.super99.com/20033222-perrier-slim-can-grapefruit-30-250-ml
Bebidas no Alcoholicas,CANADRY TONIC WATER 1LT,259.00 USD (x1),259.00 USD (x1),https://www.super99.com/20033333-canadry-tonic-water-1lt
Bebidas no Alcoholicas,SONRISA NECTAR ARANDANO LIGHT 12/1LT,159.00 USD (x1),159.00 USD (x1),https://www.super99.com/20033591-sonrisa-nectar-arandano-light-12-1lt
Bebidas no Alcoholicas,BIG SODA ROJA 360ML,37.00 USD (x1),37.00 USD (x1),https://www.super99.com/20033704-big-soda-roja-360ml
Bebidas no Alcoholicas,BIG SODA NARANJA 360ML,37.00 USD (x1),37.00 USD (x1),https://www.super99.com/20033892-big-soda-naranja-360ml
Bebidas no Alcoholicas,POLAR DIET TONIC WATER LITRO,164.00 USD (x1),219.00 USD (x1),https://www.super99.com/20034302-polar-diet-tonic-water-litro
Bebidas no Alcoholicas,POLAR TONIC WATER 1LT,146.00 USD (x1),195.00 USD (x1),https://www.super99.com/20034303-polar-tonic-water-1lt
Bebidas no Alcoholicas,MALTA POLAR LATA 12 OZ,99.00 USD (x1),99.00 USD (x1),https://www.super99.com/20034482-malta-polar-lata-12-oz
Bebidas no Alcoholicas,VITAMALT ACAI BOT 330ML,105.00 USD (x1),105.00 USD (x1),https://www.super99.com/20034509-vitamalt-acai-bot-330ml
Bebidas no Alcoholicas,TROPICAL TE FRIO LIMON 12/500ML,82.00 USD (x1),82.00 USD (x1),https://www.super99.com/20035248-tropical-te-frio-limon-12-500ml
Bebidas no Alcoholicas,TROPICAL TE FRIO MELOCOTON 12/500ML,82.00 USD (x1),82.00 USD (x1),https://www.super99.com/20035249-tropical-te-frio-melocoton-12-500ml
Bebidas no Alcoholicas,TE FRIO LIMON 2500ML,249.00 USD (x1),249.00 USD (x1),https://www.super99.com/20035252-te-frio-limon-2500ml
Bebidas no Alcoholicas,TROPICAL TE FRIO MELOCOTON 6/2500ML,249.00 USD (x1),249.00 USD (x1),https://www.super99.com/20035253-tropical-te-frio-melocoton-6-2500ml
Bebidas no Alcoholicas,VITAMALT ACAI LATA,105.00 USD (x1),105.00 USD (x1),https://www.super99.com/20036583-vitamalt-acai-lata
Bebidas no Alcoholicas,AGUA VOLVIC 330ML,129.00 USD (x1),129.00 USD (x1),https://www.super99.com/20036593-agua-volvic-330ml
Bebidas no Alcoholicas,Martinelli's Juice Botella 64Oz,959.00 USD (x1),959.00 USD (x1),https://www.super99.com/20036600-martinelli-s-juice-botella-64oz
Bebidas no Alcoholicas,Borden Instantaneo Mix Fruit Punch 7lts,235.00 USD (x1),235.00 USD (x1),https://www.super99.com/20036640-borden-instantaneo-mix-fruit-punch-7lts
Bebidas no Alcoholicas,Borden Instantaneo Mix Naranja 7lts,235.00 USD (x1),235.00 USD (x1),https://www.super99.com/20036642-borden-instantaneo-mix-naranja-7lts
Bebidas no Alcoholicas,Borden Instantaneo Mix Fresa 7lts,235.00 USD (x1),235.00 USD (x1),https://www.super99.com/20036643-borden-instantaneo-mix-fresa-7lts
Bebidas no Alcoholicas,DM JUGO CRANBERRY,259.00 USD (x1),259.00 USD (x1),https://www.super99.com/20036662-dm-jugo-cranberry
Bebidas no Alcoholicas,Borden Instantaneo Mix Piña 7lts,235.00 USD (x1),235.00 USD (x1),https://www.super99.com/20036663-borden-instantaneo-mix-pina-7lts
Bebidas no Alcoholicas,POLAR PREMIUM GINGER ALE 1 LT,142.00 USD (x1),189.00 USD (x1),https://www.super99.com/20037780-polar-premium-ginger-ale-1-lt
Bebidas no Alcoholicas,V8 SPLASH CEREZA GRANADA 6/64 OZ,479.00 USD (x1),479.00 USD (x1),https://www.super99.com/20038795-v8-splash-cereza-granada-6-64-oz
Bebidas no Alcoholicas,V8 SPLASH NARANJA PIÑA 6/64 OZ,479.00 USD (x1),479.00 USD (x1),https://www.super99.com/20038796-v8-splash-naranja-pina-6-64-oz
Bebidas no Alcoholicas,WELCHS ORANGE PINEAPPLE DRINK 12/16OZ,215.00 USD (x1),215.00 USD (x1),https://www.super99.com/20040299-welchs-orange-pineapple-drink-12-16oz
Bebidas no Alcoholicas,Cifrut Tropical Punch 360ml,35.00 USD (x1),35.00 USD (x1),https://www.super99.com/20040319-cifrut-tropical-punch-360ml
Bebidas no Alcoholicas,Bonlac Nectar Naranja 200ml,39.00 USD (x1),39.00 USD (x1),https://www.super99.com/20040803-bonlac-nectar-naranja-200ml
Bebidas no Alcoholicas,AGUA NUBA 1500ML,109.00 USD (x1),109.00 USD (x1),https://www.super99.com/20041375-agua-nuba-1500ml
Bebidas no Alcoholicas,GINSENGUP SODA MANZANA 24/12 OZ 033629122013,185.00 USD (x1),185.00 USD (x1),https://www.super99.com/20041938-ginsengup-soda-manzana-24-12-oz-033629122013
Bebidas no Alcoholicas,JUGO FRUTAS COCO 320ML,109.00 USD (x1),109.00 USD (x1),https://www.super99.com/20043004-jugo-frutas-coco-320ml
Bebidas no Alcoholicas,JUGO COCO LYCHEES 320GR,109.00 USD (x1),109.00 USD (x1),https://www.super99.com/20043008-jugo-coco-lychees-320gr
Bebidas no Alcoholicas,JUGO COCO STRAWB 320ML,109.00 USD (x1),109.00 USD (x1),https://www.super99.com/20043010-jugo-coco-strawb-320ml
Bebidas no Alcoholicas,JUGO COCO PIÑA 320ML,109.00 USD (x1),109.00 USD (x1),https://www.super99.com/20043058-jugo-coco-pina-320ml
Bebidas no Alcoholicas,6PACK PETIT TETRA SURT,209.00 USD (x1),209.00 USD (x1),https://www.super99.com/20043325-6pack-petit-tetra-surt
Bebidas no Alcoholicas,TROPICAL TE FRIO BLANCO 12/500 ML,82.00 USD (x1),82.00 USD (x1),https://www.super99.com/20043417-tropical-te-frio-blanco-12-500-ml
Bebidas no Alcoholicas,TROPICAL TE FRIO BLANCO 6/2500 ML.,249.00 USD (x1),249.00 USD (x1),https://www.super99.com/20043420-tropical-te-frio-blanco-6-2500-ml
Bebidas no Alcoholicas,Del Monte Te Frio Limon Lata 330ml,59.00 USD (x1),59.00 USD (x1),https://www.super99.com/20043712-del-monte-te-frio-limon-lata-330ml
Bebidas no Alcoholicas,SBENED SPARK 500 ML,149.00 USD (x1),149.00 USD (x1),https://www.super99.com/20046473-sbened-spark-500-ml
Bebidas no Alcoholicas,SODA SCHWEPPES GINGER 2 5LT,257.00 USD (x1),257.00 USD (x1),https://www.super99.com/20047111-soda-schweppes-ginger-2-5lt
Bebidas no Alcoholicas,PANAMA BLUE AGUA 24/330ML,85.00 USD (x1),85.00 USD (x1),https://www.super99.com/20048044-panama-blue-agua-24-330ml
Bebidas no Alcoholicas,Del Monte Te Frio Frambuesa 330ml,59.00 USD (x1),59.00 USD (x1),https://www.super99.com/20048480-del-monte-te-frio-frambuesa-330ml
Bebidas no Alcoholicas,POLAR SPARKLING FROST BLACK RASP,14.00 USD (x1),175.00 USD (x1),https://www.super99.com/20049621-polar-sparkling-frost-black-rasp
Bebidas no Alcoholicas,CLIGHT BEBIDA PINA,85.00 USD (x1),85.00 USD (x1),https://www.super99.com/20050508-clight-bebida-pina
Bebidas no Alcoholicas,SIX PACK FRESQUITO REGULAR UHT 200ML,172.00 USD (x1),172.00 USD (x1),https://www.super99.com/20050596-six-pack-fresquito-regular-uht-200ml
Bebidas no Alcoholicas,Del Monte Nectar Pera 330ml,69.00 USD (x1),69.00 USD (x1),https://www.super99.com/20051180-del-monte-nectar-pera-330ml
Bebidas no Alcoholicas,Del Monte Nectar Melocoton 330ml,69.00 USD (x1),69.00 USD (x1),https://www.super99.com/20051182-del-monte-nectar-melocoton-330ml
Bebidas no Alcoholicas,Del Monte Nectar Manzana 330ml,69.00 USD (x1),69.00 USD (x1),https://www.super99.com/20051190-del-monte-nectar-manzana-330ml
Bebidas no Alcoholicas,JUGO C/NATA COCO GRAPE,109.00 USD (x1),109.00 USD (x1),https://www.super99.com/20051813-jugo-c-nata-coco-grape
Bebidas no Alcoholicas,4 Pack Fever Tree Ginger Beer 200ml,759.00 USD (x1),759.00 USD (x1),https://www.super99.com/20053404-4-pack-fever-tree-ginger-beer-200ml
Bebidas no Alcoholicas,NUBA 5 GAL C DEPOSITO,395.00 USD (x1),395.00 USD (x1),https://www.super99.com/20055365-nuba-5-gal-c-deposito
Bebidas no Alcoholicas,LA CROIX SPKLG WATER LIME 12 OZ,69.00 USD (x1),69.00 USD (x1),https://www.super99.com/20055633-la-croix-spklg-water-lime-12-oz
Bebidas no Alcoholicas,LA CROIX SPKLG WATER LEMON 12OZ,69.00 USD (x1),69.00 USD (x1),https://www.super99.com/20055660-la-croix-spklg-water-lemon-12oz
Bebidas no Alcoholicas,LA CROIX SPKLG WATER LEMON 12OZ,69.00 USD (x1),69.00 USD (x1),https://www.super99.com/20055662-la-croix-spklg-water-lemon-12oz
Bebidas no Alcoholicas,JUGO NATA COCO PEACH,109.00 USD (x1),109.00 USD (x1),https://www.super99.com/20057730-jugo-nata-coco-peach
Bebidas no Alcoholicas,SOY VITA BEBIDA ORIGINAL,125.00 USD (x1),125.00 USD (x1),https://www.super99.com/20058718-soy-vita-bebida-original
Bebidas no Alcoholicas,SOY VITA BEBIDA CHOCOLATE,125.00 USD (x1),125.00 USD (x1),https://www.super99.com/20058719-soy-vita-bebida-chocolate
Bebidas no Alcoholicas,SOY VITA BEBIDA ENERGY,125.00 USD (x1),125.00 USD (x1),https://www.super99.com/20058720-soy-vita-bebida-energy
Bebidas no Alcoholicas,Savia Bebida Coco Lychee 12/500 Ml,149.00 USD (x1),149.00 USD (x1),https://www.super99.com/20059108-savia-bebida-coco-lychee-12-500-ml
Bebidas no Alcoholicas,Savia Drink Aloe Coco 12/500Ml,149.00 USD (x1),149.00 USD (x1),https://www.super99.com/20059147-savia-drink-aloe-coco-12-500ml
Bebidas no Alcoholicas,Savia Drink Aloe Vera Fresa 12/500Ml,149.00 USD (x1),149.00 USD (x1),https://www.super99.com/20059150-savia-drink-aloe-vera-fresa-12-500ml
Bebidas no Alcoholicas,Savia Drink Aloe Vera Original 12/500Ml,149.00 USD (x1),149.00 USD (x1),https://www.super99.com/20059295-savia-drink-aloe-vera-original-12-500ml
Bebidas no Alcoholicas,Savia Drink Aloe Vera Piã‘A 12/500Ml,149.00 USD (x1),149.00 USD (x1),https://www.super99.com/20059296-savia-drink-aloe-vera-pina-12-500ml
Bebidas no Alcoholicas,Savia Drink Aloe Vera Mango 12/500 Ml,149.00 USD (x1),149.00 USD (x1),https://www.super99.com/20059299-savia-drink-aloe-vera-mango-12-500-ml
Bebidas no Alcoholicas,Savia Drink Aloe Vera Granada 12/500Ml,149.00 USD (x1),149.00 USD (x1),https://www.super99.com/20059301-savia-drink-aloe-vera-granada-12-500ml
Bebidas no Alcoholicas,AGUA NUBA 350 ML,45.00 USD (x1),45.00 USD (x1),https://www.super99.com/20060046-agua-nuba-350-ml
Bebidas no Alcoholicas,AW DIET ROOT BEER 2LT,299.00 USD (x1),299.00 USD (x1),https://www.super99.com/20060661-aw-diet-root-beer-2lt
Bebidas no Alcoholicas,Del Monte Citrus Blend 990ml,119.00 USD (x1),119.00 USD (x1),https://www.super99.com/20062170-del-monte-citrus-blend-990ml
Bebidas no Alcoholicas,SAN BNDETO PEACH ICE TEA 1.5L,239.00 USD (x1),239.00 USD (x1),https://www.super99.com/20064134-san-bndeto-peach-ice-tea-1-5l
Bebidas no Alcoholicas,AGUA NUBA LITRO,89.00 USD (x1),89.00 USD (x1),https://www.super99.com/20064499-agua-nuba-litro
Bebidas no Alcoholicas,JUGO C/NATA MOGU MANGO,109.00 USD (x1),109.00 USD (x1),https://www.super99.com/20065326-jugo-c-nata-mogu-mango
Bebidas no Alcoholicas,SILK BEBIDA ALMENDRA VAINI SIN AZ 6/32OZ,349.00 USD (x1),349.00 USD (x1),https://www.super99.com/20066115-silk-bebida-almendra-vaini-sin-az-6-32oz
Bebidas no Alcoholicas,DASANI AGUA PURA 6LTR,395.00 USD (x1),395.00 USD (x1),https://www.super99.com/20069531-dasani-agua-pura-6ltr
Bebidas no Alcoholicas,Del Monte Nectar G/Living Pera Manzana 200ml,49.00 USD (x1),49.00 USD (x1),https://www.super99.com/20070567-del-monte-nectar-g-living-pera-manzana-200ml
Bebidas no Alcoholicas,Del Monte Nectar G/Living Manzana Melocoton 200ml,49.00 USD (x1),49.00 USD (x1),https://www.super99.com/20070568-del-monte-nectar-g-living-manzana-melocoton-200ml
Bebidas no Alcoholicas,Okf Aloe Drink Original 500ml,169.00 USD (x1),169.00 USD (x1),https://www.super99.com/20070796-okf-aloe-drink-original-500ml
Bebidas no Alcoholicas,Okf Aloe Vera King Original 350ml,139.00 USD (x1),139.00 USD (x1),https://www.super99.com/20070814-okf-aloe-vera-king-original-350ml
Bebidas no Alcoholicas,Okf Aloe Vera Juice 350ml,115.00 USD (x1),115.00 USD (x1),https://www.super99.com/20070820-okf-aloe-vera-juice-350ml
Bebidas no Alcoholicas,Okf Aloe Vera Lychee 500ml,185.00 USD (x1),185.00 USD (x1),https://www.super99.com/20070825-okf-aloe-vera-lychee-500ml
Bebidas no Alcoholicas,SAN BENNEDETTO AGUA MINERAL 1.5L,89.00 USD (x1),89.00 USD (x1),https://www.super99.com/20070918-san-bennedetto-agua-mineral-1-5l
Bebidas no Alcoholicas,WELCHS JUGO UVA 8/64OZ,669.00 USD (x1),669.00 USD (x1),https://www.super99.com/20071305-welchs-jugo-uva-8-64oz
Bebidas no Alcoholicas,Estrella Azul Naranjita 1893ml Plastico,195.00 USD (x1),195.00 USD (x1),https://www.super99.com/20071583-estrella-azul-naranjita-1893ml-plastico
Bebidas no Alcoholicas,Crystalgeyser Agua Purificada 500ml,3.00 USD (x1),3.00 USD (x1),https://www.super99.com/20071833-crystalgeyser-agua-purificada-500ml
Bebidas no Alcoholicas,PERRIER SLIM LIMON 250ML CJ30,105.00 USD (x1),105.00 USD (x1),https://www.super99.com/20071843-perrier-slim-limon-250ml-cj30
Bebidas no Alcoholicas,PEPSI REAL SUGAR 12/12OZ,99.00 USD (x1),99.00 USD (x1),https://www.super99.com/20074592-pepsi-real-sugar-12-12oz
Bebidas no Alcoholicas,Hit Jugo Lulo Pet 500ml,11.00 USD (x1),11.00 USD (x1),https://www.super99.com/20077731-hit-jugo-lulo-pet-500ml
Bebidas no Alcoholicas,Hit Jugo Mora Pet 500ml,11.00 USD (x1),11.00 USD (x1),https://www.super99.com/20077732-hit-jugo-mora-pet-500ml
Bebidas no Alcoholicas,Hit Jugo Frutas Tropicales Pet 500ml,11.00 USD (x1),11.00 USD (x1),https://www.super99.com/20077733-hit-jugo-frutas-tropicales-pet-500ml
Bebidas no Alcoholicas,Hit Jugo Mango Pet 500ml,11.00 USD (x1),11.00 USD (x1),https://www.super99.com/20077734-hit-jugo-mango-pet-500ml
Bebidas no Alcoholicas,Hit Jugo Naranja-Piña Pet 500ml,11.00 USD (x1),11.00 USD (x1),https://www.super99.com/20077735-hit-jugo-naranja-pina-pet-500ml
Bebidas no Alcoholicas,VOLVIC LIMON 500ML,189.00 USD (x1),189.00 USD (x1),https://www.super99.com/20078077-volvic-limon-500ml
Bebidas no Alcoholicas,VOLVIC FRESA 500ML,189.00 USD (x1),189.00 USD (x1),https://www.super99.com/20078078-volvic-fresa-500ml
Bebidas no Alcoholicas,VOLVIC FRESA 1 5L,435.00 USD (x1),435.00 USD (x1),https://www.super99.com/20078081-volvic-fresa-1-5l
Bebidas no Alcoholicas,Okf Aloe Vera King Orig Sin Azucar 1.5L,44.00 USD (x1),44.00 USD (x1),https://www.super99.com/20078877-okf-aloe-vera-king-orig-sin-azucar-1-5l
Bebidas no Alcoholicas,Okf Aloe Vera King Orig Sin Azucar 500ml,185.00 USD (x1),185.00 USD (x1),https://www.super99.com/20078878-okf-aloe-vera-king-orig-sin-azucar-500ml
Bebidas no Alcoholicas,Okf Aloe Vera King Pi#a Sugar Free 500ml,185.00 USD (x1),185.00 USD (x1),https://www.super99.com/20078879-okf-aloe-vera-king-pi-a-sugar-free-500ml
Bebidas no Alcoholicas,Okf Aloe Vera King Fresa Sin Azucar 500ml,185.00 USD (x1),185.00 USD (x1),https://www.super99.com/20078880-okf-aloe-vera-king-fresa-sin-azucar-500ml
Bebidas no Alcoholicas,Okf Aloe Vera King Mango Sin Azucar 500ml,185.00 USD (x1),185.00 USD (x1),https://www.super99.com/20078881-okf-aloe-vera-king-mango-sin-azucar-500ml
Bebidas no Alcoholicas,Okf Aloe Vera King Granada Sin Azucar 500ml,185.00 USD (x1),185.00 USD (x1),https://www.super99.com/20078882-okf-aloe-vera-king-granada-sin-azucar-500ml
Bebidas no Alcoholicas,Okf Coconut Drink Sugarfree 500ml,169.00 USD (x1),169.00 USD (x1),https://www.super99.com/20079153-okf-coconut-drink-sugarfree-500ml
Bebidas no Alcoholicas,SOBE ADRENALINE RUSH 296ML,169.00 USD (x1),169.00 USD (x1),https://www.super99.com/20082443-sobe-adrenaline-rush-296ml
Bebidas no Alcoholicas,Del Monte Aloe Vera 500ml,159.00 USD (x1),159.00 USD (x1),https://www.super99.com/20083036-del-monte-aloe-vera-500ml
Bebidas no Alcoholicas,Del Monte Aloe Vera 1500ml,315.00 USD (x1),315.00 USD (x1),https://www.super99.com/20083037-del-monte-aloe-vera-1500ml
Bebidas no Alcoholicas,MALTIN POLAR 12OZ,112.00 USD (x1),112.00 USD (x1),https://www.super99.com/20083156-maltin-polar-12oz
Bebidas no Alcoholicas,VOLVIC SPORTCAP 750ML,225.00 USD (x1),225.00 USD (x1),https://www.super99.com/20083604-volvic-sportcap-750ml
Bebidas no Alcoholicas,Estrella Azul Bebida de Melonectar y Manzana 946ml,255.00 USD (x1),255.00 USD (x1),https://www.super99.com/20084196-estrella-azul-bebida-de-melonectar-y-manzana-946ml
Bebidas no Alcoholicas,Estrella Azul Bebida de Peranectar y Manzana 946ml,255.00 USD (x1),255.00 USD (x1),https://www.super99.com/20084197-estrella-azul-bebida-de-peranectar-y-manzana-946ml
Bebidas no Alcoholicas,Hatsu Tea Drink Black and Lime 400ml,145.00 USD (x1),145.00 USD (x1),https://www.super99.com/20084381-hatsu-tea-drink-black-and-lime-400ml
Bebidas no Alcoholicas,Hatsu Tea Drink Starfruit 400ml,145.00 USD (x1),145.00 USD (x1),https://www.super99.com/20084383-hatsu-tea-drink-starfruit-400ml
Bebidas no Alcoholicas,Hatsu Tea Drink Mangoteen 400ml,145.00 USD (x1),145.00 USD (x1),https://www.super99.com/20084384-hatsu-tea-drink-mangoteen-400ml
Bebidas no Alcoholicas,Silk Leche Almendra Chocolate 6/32Oz,375.00 USD (x1),375.00 USD (x1),https://www.super99.com/20084804-silk-leche-almendra-chocolate-6-32oz
Bebidas no Alcoholicas,Del Monte Te Frio Melocoton Lata 330ml,59.00 USD (x1),59.00 USD (x1),https://www.super99.com/20084934-del-monte-te-frio-melocoton-lata-330ml
Bebidas no Alcoholicas,SPR ICE BLCK RASP 17Z,15.00 USD (x1),15.00 USD (x1),https://www.super99.com/20084962-spr-ice-blck-rasp-17z
Bebidas no Alcoholicas,SPAR ICE LMON LIME 17Z,15.00 USD (x1),15.00 USD (x1),https://www.super99.com/20084964-spar-ice-lmon-lime-17z
Bebidas no Alcoholicas,SPK ICE KIWI STRW 17Z,15.00 USD (x1),15.00 USD (x1),https://www.super99.com/20084966-spk-ice-kiwi-strw-17z
Bebidas no Alcoholicas,SPARK ICE FRESA LIMNAD 17OZ,15.00 USD (x1),15.00 USD (x1),https://www.super99.com/20084968-spark-ice-fresa-limnad-17oz
Bebidas no Alcoholicas,SP ICE CLS LEMONADE 17Z,15.00 USD (x1),15.00 USD (x1),https://www.super99.com/20084970-sp-ice-cls-lemonade-17z
Bebidas no Alcoholicas,SPRKICE CEREZA LIMA 17Z,15.00 USD (x1),15.00 USD (x1),https://www.super99.com/20084972-sprkice-cereza-lima-17z
Bebidas no Alcoholicas,Cifrut Naranja 1000ml,105.00 USD (x1),105.00 USD (x1),https://www.super99.com/20085093-cifrut-naranja-1000ml
Bebidas no Alcoholicas,SODA BIG COLA 1 LITRO,99.00 USD (x1),99.00 USD (x1),https://www.super99.com/20085094-soda-big-cola-1-litro
Bebidas no Alcoholicas,SODA PEPSI PET 12/355 ML,59.00 USD (x1),59.00 USD (x1),https://www.super99.com/20085637-soda-pepsi-pet-12-355-ml
Bebidas no Alcoholicas,LUNI GINGER ALE 355ML,49.00 USD (x1),49.00 USD (x1),https://www.super99.com/20086173-luni-ginger-ale-355ml
Bebidas no Alcoholicas,SPARK ICE BCK CHERRY 17Z,15.00 USD (x1),15.00 USD (x1),https://www.super99.com/20086261-spark-ice-bck-cherry-17z
Bebidas no Alcoholicas,VITAMALT PLUS LATA 24/500 ML,145.00 USD (x1),145.00 USD (x1),https://www.super99.com/20087878-vitamalt-plus-lata-500ml
Bebidas no Alcoholicas,PERRIER SLIM CAN STRAWBERRY LAT 30/250ML,105.00 USD (x1),105.00 USD (x1),https://www.super99.com/20088160-perrier-slim-can-strawberry-lat-30-250ml
Bebidas no Alcoholicas,POLAR SPRKL FROST KIW STRWB 17 OZ,14.00 USD (x1),175.00 USD (x1),https://www.super99.com/20088380-polar-sprkl-frost-kiw-strwb-17-oz
Bebidas no Alcoholicas,POLAR SPRKL FROST ARCT TWIS 17OZ,14.00 USD (x1),175.00 USD (x1),https://www.super99.com/20088382-polar-sprkl-frost-arct-twis-17oz
Bebidas no Alcoholicas,STL AGUA MINRL 750ML,165.00 USD (x1),165.00 USD (x1),https://www.super99.com/20088489-stl-agua-minrl-750ml
Bebidas no Alcoholicas,Of Cocacola 2 5 Schwepp 2 5lt,489.00 USD (x1),489.00 USD (x1),https://www.super99.com/20089285-of-cocacola-2-5-schwepp-2-5lt
Bebidas no Alcoholicas,ZEVIA MOUNT SODA 12Z,145.00 USD (x1),145.00 USD (x1),https://www.super99.com/20089343-zevia-mount-soda-12z
Bebidas no Alcoholicas,Okf Aloe Vera King Watermelon 500ml,185.00 USD (x1),185.00 USD (x1),https://www.super99.com/20089640-okf-aloe-vera-king-watermelon-500ml
Bebidas no Alcoholicas,Okf Farmers Aloe Vera Coco 500ml,155.00 USD (x1),155.00 USD (x1),https://www.super99.com/20089641-okf-farmers-aloe-vera-coco-500ml
Bebidas no Alcoholicas,Okf Farmers Aloe Vera Watermelon 500m,155.00 USD (x1),155.00 USD (x1),https://www.super99.com/20089642-okf-farmers-aloe-vera-watermelon-500m
Bebidas no Alcoholicas,Okf Smoothie Orange 500ml,185.00 USD (x1),185.00 USD (x1),https://www.super99.com/20089644-okf-smoothie-orange-500ml
Bebidas no Alcoholicas,Okf Smoothie Yellow 500ml,185.00 USD (x1),185.00 USD (x1),https://www.super99.com/20089646-okf-smoothie-yellow-500ml
Bebidas no Alcoholicas,Okf Smoothie Green 500ml,185.00 USD (x1),185.00 USD (x1),https://www.super99.com/20089647-okf-smoothie-green-500ml
Bebidas no Alcoholicas,Okf Smoothie Red 500ml,185.00 USD (x1),185.00 USD (x1),https://www.super99.com/20089660-okf-smoothie-red-500ml
Bebidas no Alcoholicas,Okf Farmers Aloe Vera Original 1.5L,395.00 USD (x1),395.00 USD (x1),https://www.super99.com/20089661-okf-farmers-aloe-vera-original-1-5l
Bebidas no Alcoholicas,B JUGO NARJ CART 1/4,275.00 USD (x1),275.00 USD (x1),https://www.super99.com/20090895-b-jugo-narj-cart-1-4
Bebidas no Alcoholicas,Arizona Jugo Cocktail Watermelon 591m,135.00 USD (x1),135.00 USD (x1),https://www.super99.com/20091265-arizona-jugo-cocktail-watermelon-591m
Bebidas no Alcoholicas,Arizona Jugo Cocktail Fruit Punch 591m,135.00 USD (x1),135.00 USD (x1),https://www.super99.com/20091267-arizona-jugo-cocktail-fruit-punch-591m
Bebidas no Alcoholicas,Fresquito Pina Uva Fruit Punch 946ml,275.00 USD (x1),275.00 USD (x1),https://www.super99.com/20092462-fresquito-pina-uva-fruit-punch-946ml
Bebidas no Alcoholicas,Floridas Naturals Limon y Fresa 59Oz,509.00 USD (x1),509.00 USD (x1),https://www.super99.com/20092814-floridas-naturals-limon-y-fresa-59oz
Bebidas no Alcoholicas,VOLVIC SUMMERF 500ML,189.00 USD (x1),189.00 USD (x1),https://www.super99.com/20093939-volvic-summerf-500ml
Bebidas no Alcoholicas,VOLVIC SUMMER 1 5L,435.00 USD (x1),435.00 USD (x1),https://www.super99.com/20094020-volvic-summer-1-5l
Bebidas no Alcoholicas,San Pellegrino Limone Y Menta 330 Ml,159.00 USD (x1),159.00 USD (x1),https://www.super99.com/20094024-san-pellegrino-limone-e-menta-lt-24-330m
Bebidas no Alcoholicas,Coco Blazt Pulpita Lata 330ml,106.00 USD (x1),106.00 USD (x1),https://www.super99.com/20095407-coco-blazt-pulpita-lata-330ml
Bebidas no Alcoholicas,WELCHS LIGTH PURPLE GRAPE 8/64OZ,679.00 USD (x1),679.00 USD (x1),https://www.super99.com/20095634-welchs-ligth-purple-grape-8-64oz
Bebidas no Alcoholicas,San Pellegrino Limonata 330 Ml,159.00 USD (x1),159.00 USD (x1),https://www.super99.com/20096054-san-pellegrino-limonata-12-330-ml-lata
Bebidas no Alcoholicas,Fuze Tea Negro Sabor Limon 2.5lts,235.00 USD (x1),235.00 USD (x1),https://www.super99.com/20096727-fuze-tea-negro-sabor-limon-2-5lts
Bebidas no Alcoholicas,Motts Apple Juice 200ml,69.00 USD (x1),69.00 USD (x1),https://www.super99.com/20096870-motts-apple-juice-200ml
Bebidas no Alcoholicas,Del Monte Aloe Vera Granadina 500ml,159.00 USD (x1),159.00 USD (x1),https://www.super99.com/20096944-del-monte-aloe-vera-granadina-500ml
Bebidas no Alcoholicas,Del Monte Aloe Vera Original Sin Azucar 500ml,159.00 USD (x1),159.00 USD (x1),https://www.super99.com/20096945-del-monte-aloe-vera-original-sin-azucar-500ml
Bebidas no Alcoholicas,Del Monte Aloe Vera Original Sin Azucar 500ml,315.00 USD (x1),315.00 USD (x1),https://www.super99.com/20096946-del-monte-aloe-vera-original-sin-azucar-500ml
Bebidas no Alcoholicas,Juver Disfruta Melocotn 200ml,49.00 USD (x1),49.00 USD (x1),https://www.super99.com/20096950-juver-disfruta-melocotn-200ml
Bebidas no Alcoholicas,Juver Disfruta Piña 200ml,59.00 USD (x1),59.00 USD (x1),https://www.super99.com/20096951-juver-disfruta-pina-200ml
Bebidas no Alcoholicas,Juver Disfruta Frutas Tropical 200ml,49.00 USD (x1),49.00 USD (x1),https://www.super99.com/20096952-juver-disfruta-frutas-tropical-200ml
Bebidas no Alcoholicas,JUVER DSF MANZ 200ML,59.00 USD (x1),59.00 USD (x1),https://www.super99.com/20096953-juver-dsf-manz-200ml
Bebidas no Alcoholicas,Juver Disfruta 10 Fruta + 10 Vitaminas 200ml,49.00 USD (x1),49.00 USD (x1),https://www.super99.com/20096954-juver-disfruta-10-fruta-10-vitaminas-200ml
Bebidas no Alcoholicas,JUVER DSF PERA PINA 200ML,49.00 USD (x1),49.00 USD (x1),https://www.super99.com/20096955-juver-dsf-pera-pina-200ml
Bebidas no Alcoholicas,JUVER DSF MELOC 1L,149.00 USD (x1),149.00 USD (x1),https://www.super99.com/20096956-juver-dsf-meloc-1l
Bebidas no Alcoholicas,Juver Disfruta Naranja 1lt Carton,229.00 USD (x1),229.00 USD (x1),https://www.super99.com/20096958-juver-disfruta-naranja-1lt-carton
Bebidas no Alcoholicas,JUVER DSF FTROP 1LT,149.00 USD (x1),149.00 USD (x1),https://www.super99.com/20096959-juver-dsf-ftrop-1lt
Bebidas no Alcoholicas,JUVER DSF MANZ 1L,149.00 USD (x1),149.00 USD (x1),https://www.super99.com/20096970-juver-dsf-manz-1l
Bebidas no Alcoholicas,JUVER DSF 10FRUT 1LT,149.00 USD (x1),149.00 USD (x1),https://www.super99.com/20096971-juver-dsf-10frut-1lt
Bebidas no Alcoholicas,San Pellegrino Aranciata Rossa 330 Ml,159.00 USD (x1),159.00 USD (x1),https://www.super99.com/20097835-san-pellegrino-aranciata-rossa-24-330-ml
Bebidas no Alcoholicas,Hatsu Tea Verde 400ml,145.00 USD (x1),145.00 USD (x1),https://www.super99.com/20098330-hatsu-tea-verde-400ml
Bebidas no Alcoholicas,Hatsu Tea Rojo 400ml,145.00 USD (x1),145.00 USD (x1),https://www.super99.com/20098331-hatsu-tea-rojo-400ml
Bebidas no Alcoholicas,SNAPPLE DIET LEMON 64OZ,529.00 USD (x1),529.00 USD (x1),https://www.super99.com/20098448-snapple-diet-lemon-64oz
Bebidas no Alcoholicas,SNAPPLE KIWI STRA 64OZ,495.00 USD (x1),495.00 USD (x1),https://www.super99.com/20098492-snapple-kiwi-stra-64oz
Bebidas no Alcoholicas,SNAPPLE DIET LEMON TEA PET 16 OZ,175.00 USD (x1),175.00 USD (x1),https://www.super99.com/20098541-snapple-diet-lemon-tea-pet-16-oz
Bebidas no Alcoholicas,Snapple Tea Half Half pet 16oz,175.00 USD (x1),175.00 USD (x1),https://www.super99.com/20098544-snapple-tea-half-half-pet-16oz
Bebidas no Alcoholicas,Snapple Raspberry Tea pet 16oz,175.00 USD (x1),175.00 USD (x1),https://www.super99.com/20098545-snapple-raspberry-tea-pet-16oz
"Cervezas, Vinos y Licores",Casillero del Diablo Merlot Botella 750ml,899.00 USD (x1),899.00 USD (x1),https://www.super99.com/10101112-casillero-del-diablo-merlot-botella-750ml
"Cervezas, Vinos y Licores",Casillero del Diablo Vino Sauvignon Blanco Botella 750ml,899.00 USD (x1),899.00 USD (x1),https://www.super99.com/10101108-casillero-del-diablo-vino-sauvignon-blanco-botella-750ml
"Cervezas, Vinos y Licores",Casillero del Diablo Red Blend 750ml,899.00 USD (x1),899.00 USD (x1),https://www.super99.com/20101009-casillero-del-diablo-red-blend-750ml
"Cervezas, Vinos y Licores",Casillero del Diablo Cabernet Sauvignon Botella 750ml,899.00 USD (x1),899.00 USD (x1),https://www.super99.com/10101110-casillero-del-diablo-cabernet-sauvignon-botella-750ml
"Cervezas, Vinos y Licores",BUCHANANS PINEAPPLE 750ML,3949.00 USD (x1),3949.00 USD (x1),https://www.super99.com/20155220-buchanans-pineapple-750ml
"Cervezas, Vinos y Licores",BUZZBALLZ COCT CRANB BLASTER 24/200 ML,335.00 USD (x1),335.00 USD (x1),https://www.super99.com/20159115-buzzballz-coct-cranb-blaster-24-200-ml
"Cervezas, Vinos y Licores",CERVEZA BALBOA DOCENA,87.00 USD (x1),87.00 USD (x1),https://www.super99.com/10100386-cerveza-balboa-docena
"Cervezas, Vinos y Licores",Buchanan's Reserva 18 Años Botella 750ml,8799.00 USD (x1),8799.00 USD (x1),https://www.super99.com/10103798-buchanan-s-reserva-18-anos-botella-750ml
"Cervezas, Vinos y Licores",PAULANER NATURTRUB BARRIL 5LTS,2649.00 USD (x1),2649.00 USD (x1),https://www.super99.com/20046362-paulaner-naturtrub-barril-5lts
"Cervezas, Vinos y Licores",Buchanan's Master 750ml,5899.00 USD (x1),5899.00 USD (x1),https://www.super99.com/20043279-buchanan-s-master-750ml
"Cervezas, Vinos y Licores",Buchanan's Deluxe Whisky 1L,4649.00 USD (x1),4649.00 USD (x1),https://www.super99.com/20104470-buchanan-s-deluxe-whisky-1l
"Cervezas, Vinos y Licores",Fume Ice Mint Extra 1500 Puffs,9.00 USD (x1),9.00 USD (x1),https://www.super99.com/20149960-fume-ice-mint-extra-1500-puffs
"Cervezas, Vinos y Licores",BUCHANAN S DE LUXE 1,3599.00 USD (x1),3599.00 USD (x1),https://www.super99.com/10103799-buchanan-s-de-luxe-1
"Cervezas, Vinos y Licores",TAGUS CERVEZA LATA 330ML,55.00 USD (x1),55.00 USD (x1),https://www.super99.com/20122293-tagus-cerveza-lata-330ml
"Cervezas, Vinos y Licores",Buchanan's Two Soul 750ml,4549.00 USD (x1),4549.00 USD (x1),https://www.super99.com/20141194-buchanan-s-two-soul-750ml
"Cervezas, Vinos y Licores",CAJA BALBOA ICE RET 285ML,1199.00 USD (x1),1199.00 USD (x1),https://www.super99.com/20147988-caja-balboa-ice-ret-285ml
"Cervezas, Vinos y Licores",Buchanan's 15 Años 750ml,5899.00 USD (x1),5899.00 USD (x1),https://www.super99.com/20101854-buchanan-s-15-anos-750ml
"Cervezas, Vinos y Licores",Johnnie Walker Black Label Botella 750ml,3649.00 USD (x1),3649.00 USD (x1),https://www.super99.com/10103807-johnnie-walker-black-label-botella-750ml
"Cervezas, Vinos y Licores",Macallan Whisky 12 Años Doble Cask 40% 700ml,9499.00 USD (x1),9499.00 USD (x1),https://www.super99.com/20156795-macallan-whisky-12y-doble-cask-40-700ml
"Cervezas, Vinos y Licores",Mr Boston Creme De Cafe 1 Litro,949.00 USD (x1),949.00 USD (x1),https://www.super99.com/10152796-mr-boston-creme-de-cafe-1-litro
"Cervezas, Vinos y Licores",Panamá 12 Pack Cerveza Lata 4.26 L,869.00 USD (x1),869.00 USD (x1),https://www.super99.com/10100447-panama-12-pack-cerveza-lata-4-26-l
"Cervezas, Vinos y Licores",Moet Chandon Brut Botella,5939.00 USD (x1),5939.00 USD (x1),https://www.super99.com/10074740-moet-chandon-brut-botella
"Cervezas, Vinos y Licores",Marlboro Cigarrillos Ks Gold Touch 20 Unidades,575.00 USD (x1),575.00 USD (x1),https://www.super99.com/20008017-marlboro-cigarrillos-ks-gold-touch-20-unidades
"Cervezas, Vinos y Licores",Baileys Original Irish Cream 1L.,2595.00 USD (x1),2595.00 USD (x1),https://www.super99.com/20036466-baileys-irish-cream-1-litros
"Cervezas, Vinos y Licores",CERVEZA BALBOA ICE LATA,79.00 USD (x1),79.00 USD (x1),https://www.super99.com/20053278-cerveza-balboa-ice-lata
"Cervezas, Vinos y Licores",POLAR PILSENER BEER 12OZ,125.00 USD (x1),125.00 USD (x1),https://www.super99.com/20070921-polar-pilsener-beer-12oz
"Cervezas, Vinos y Licores",Old Parr 12 A#os Botella 1L,4299.00 USD (x1),4299.00 USD (x1),https://www.super99.com/10103814-old-parr-12-a-os-botella-1l
"Cervezas, Vinos y Licores",VODKA ABSOLUT BLUE 1,1699.00 USD (x1),1699.00 USD (x1),https://www.super99.com/10150254-vodka-absolut-blue-1
"Cervezas, Vinos y Licores",Fernet Branca 750ml,1699.00 USD (x1),1699.00 USD (x1),https://www.super99.com/20124401-fernet-branca-750ml
"Cervezas, Vinos y Licores",JOHNNIE WALKER BLACK 750ML,3749.00 USD (x1),3749.00 USD (x1),https://www.super99.com/20145301-johnnie-walker-black-750ml
"Cervezas, Vinos y Licores",VODKA SMIRNOFF BOT,1059.00 USD (x1),1059.00 USD (x1),https://www.super99.com/10103840-vodka-smirnoff-bot
"Cervezas, Vinos y Licores",Jagermeifter Botella,1999.00 USD (x1),1999.00 USD (x1),https://www.super99.com/10105603-jagermeifter-botella
"Cervezas, Vinos y Licores",Marqués De León Vino Tempranillo 750ml,469.00 USD (x1),469.00 USD (x1),https://www.super99.com/20094970-marques-de-leon-vino-tempranillo-750ml
"Cervezas, Vinos y Licores",PROMO SOBERANA 12PK,522.00 USD (x1),779.00 USD (x1),https://www.super99.com/20109887-promo-soberana-12pk
"Cervezas, Vinos y Licores",Bacardi Ron Carta Blanca Botella 980ml,1399.00 USD (x1),1399.00 USD (x1),https://www.super99.com/10101410-bacardi-ron-carta-blanca-botella-980ml
"Cervezas, Vinos y Licores",VODKA ABSOLUT 1/2 GALON (1750 ML),3799.00 USD (x1),3799.00 USD (x1),https://www.super99.com/10105609-vodka-absolut-1-2-galon-1750-ml
"Cervezas, Vinos y Licores",RON MALIBU BOTELLA,1649.00 USD (x1),1649.00 USD (x1),https://www.super99.com/10105636-ron-malibu-botella
"Cervezas, Vinos y Licores",VODKA SMIRNOFF 1LT,1359.00 USD (x1),1359.00 USD (x1),https://www.super99.com/20036468-vodka-smirnoff-1lt
"Cervezas, Vinos y Licores",Flor De Caña Ron Ultra Coco 750ml,999.00 USD (x1),999.00 USD (x1),https://www.super99.com/20140976-flor-de-cana-ron-ultra-coco-750ml
"Cervezas, Vinos y Licores",AGUARDIENTE AMARI MANZANARES 750ML,1682.00 USD (x1),1979.00 USD (x1),https://www.super99.com/20156809-aguardiente-amari-manzanares-750ml
"Cervezas, Vinos y Licores",Cerveza Balboa Dorada Triple Filtrada Ligera y Refinada 355 Ml,77.00 USD (x1),77.00 USD (x1),https://www.super99.com/20163245-cerveza-balboa-dorada-triple-filtrada-ligera-y-refinada-355-ml
"Cervezas, Vinos y Licores",Jose Cuervo Tequila Especial Botella 1L,205.00 USD (x1),205.00 USD (x1),https://www.super99.com/10101168-jose-cuervo-tequila-especial-botella-1l
"Cervezas, Vinos y Licores",Jose Cuervo Tequila Especial Botella 375ml,78.00 USD (x1),78.00 USD (x1),https://www.super99.com/10101171-jose-cuervo-tequila-especial-botella-375ml
"Cervezas, Vinos y Licores",OLD PARR 1 BOTELLA,3299.00 USD (x1),3299.00 USD (x1),https://www.super99.com/10103813-old-parr-1-botella
"Cervezas, Vinos y Licores",JOHNNIE WALKER BLUE 1BOT,30499.00 USD (x1),30499.00 USD (x1),https://www.super99.com/10103906-johnnie-walker-blue-1bot
"Cervezas, Vinos y Licores",RON ZACAPA A¥EJO 23,3899.00 USD (x1),3899.00 USD (x1),https://www.super99.com/10105589-ron-zacapa-a-ejo-23
"Cervezas, Vinos y Licores",Kahlua Botella,1749.00 USD (x1),1749.00 USD (x1),https://www.super99.com/10105704-kahlua-botella
"Cervezas, Vinos y Licores",Mr Boston Triple Sec 1 Litro,949.00 USD (x1),949.00 USD (x1),https://www.super99.com/10152794-mr-boston-triple-sec-1-litro
"Cervezas, Vinos y Licores",CERV PMA LIGHT 12OZ,82.00 USD (x1),82.00 USD (x1),https://www.super99.com/20041789-cerv-pma-light-12oz
"Cervezas, Vinos y Licores",Cigarrillos Lucky Strike Doble Clic On 20s,56.00 USD (x1),56.00 USD (x1),https://www.super99.com/20124698-cigarrillos-lucky-strike-doble-clic-on-20s
"Cervezas, Vinos y Licores",Bartenura Moscato D Asti Vino 750ml,1399.00 USD (x1),1399.00 USD (x1),https://www.super99.com/20144839-bartenura-moscato-d-asti-vino-750ml
"Cervezas, Vinos y Licores",6PK BALBOA CERVEZA,98.00 USD (x1),98.00 USD (x1),https://www.super99.com/20147443-6pk-balboa-cerveza
"Cervezas, Vinos y Licores",Jose Cuervo Tequila Especial Botella 750ml,155.00 USD (x1),155.00 USD (x1),https://www.super99.com/10101086-jose-cuervo-tequila-especial-botella-750ml
"Cervezas, Vinos y Licores",WHISKEY JACK DANIELS,3749.00 USD (x1),3749.00 USD (x1),https://www.super99.com/10101159-whiskey-jack-daniels
"Cervezas, Vinos y Licores",SIROPE GRANADINA CAMELI LITRO 12,325.00 USD (x1),325.00 USD (x1),https://www.super99.com/10101165-sirope-granadina-cameli-litro-12
"Cervezas, Vinos y Licores",Martín Códax Albariño Botella 750ml,1349.00 USD (x1),1349.00 USD (x1),https://www.super99.com/10101332-martin-codax-albarino-botella-750ml
"Cervezas, Vinos y Licores",RON BACARDI CARTA BCA 375,579.00 USD (x1),579.00 USD (x1),https://www.super99.com/10101421-ron-bacardi-carta-bca-375
"Cervezas, Vinos y Licores",Grey Goose Vodka 750ml,2849.00 USD (x1),2849.00 USD (x1),https://www.super99.com/10101454-grey-goose-vodka-750ml
"Cervezas, Vinos y Licores",Hennessy Vs 700ml,3999.00 USD (x1),3999.00 USD (x1),https://www.super99.com/10103820-hennessy-vs-700ml
"Cervezas, Vinos y Licores",WHISKY CHIVAS REGAL,3399.00 USD (x1),3399.00 USD (x1),https://www.super99.com/10105616-whisky-chivas-regal
"Cervezas, Vinos y Licores",RON BARCELO IMPERIAL,2525.00 USD (x1),2525.00 USD (x1),https://www.super99.com/10105652-ron-barcelo-imperial
"Cervezas, Vinos y Licores",WISKY ROYAL SALUTE 21 AÑOS BOTELLA,21499.00 USD (x1),21499.00 USD (x1),https://www.super99.com/10105670-wisky-royal-salute-21-a-os-botella
"Cervezas, Vinos y Licores",MARLBORO ROJO GRANDE,619.00 USD (x1),619.00 USD (x1),https://www.super99.com/10148020-marlboro-rojo-grande
"Cervezas, Vinos y Licores",MARLBORO LIGHT GRAND,619.00 USD (x1),619.00 USD (x1),https://www.super99.com/10148021-marlboro-light-grand
"Cervezas, Vinos y Licores",CORONITA EXTRA BOT 210ML,77.00 USD (x1),77.00 USD (x1),https://www.super99.com/20029838-coronita-extra-bot-210ml
"Cervezas, Vinos y Licores",MAATS BEER 330ML,55.00 USD (x1),55.00 USD (x1),https://www.super99.com/20109850-maats-beer-330ml
"Cervezas, Vinos y Licores",Blue Moon Cerveza Mango Wheat Botella 355ml,145.00 USD (x1),145.00 USD (x1),https://www.super99.com/20118162-blue-moon-cerveza-mango-wheat-botella-355ml
"Cervezas, Vinos y Licores",SANTA TERESA RON LINAJE 0.75LT,2849.00 USD (x1),2849.00 USD (x1),https://www.super99.com/20128250-santa-teresa-ron-linaje-0-75lt
"Cervezas, Vinos y Licores",Buchanans Red Seal 750ml,19999.00 USD (x1),19999.00 USD (x1),https://www.super99.com/20145720-buchanans-red-seal-750ml
"Cervezas, Vinos y Licores",DON JULIO 1942 TEQUILA 750ML,18499.00 USD (x1),18499.00 USD (x1),https://www.super99.com/20150360-don-julio-1942-tequila-750ml
"Cervezas, Vinos y Licores",FIREBALL CIN WHISKY 83% 50ML,899.00 USD (x1),999.00 USD (x1),https://www.super99.com/20152606-fireball-cin-whisky-83-50ml
"Cervezas, Vinos y Licores",ANTQ AGUARDIEN BOT,1169.00 USD (x1),1375.00 USD (x1),https://www.super99.com/10084748-antq-aguardien-bot
"Cervezas, Vinos y Licores",CERVEZA CORONA EXTRA,112.00 USD (x1),112.00 USD (x1),https://www.super99.com/10100390-cerveza-corona-extra
"Cervezas, Vinos y Licores",Anis Del Mono Dulce 700ml,2249.00 USD (x1),2249.00 USD (x1),https://www.super99.com/10101308-anis-del-mono-dulce-700ml
"Cervezas, Vinos y Licores",Hennessy Cognac V.S.O.P,6499.00 USD (x1),6499.00 USD (x1),https://www.super99.com/10101471-hennessy-cognac-v-s-o-p
"Cervezas, Vinos y Licores",VODKA SMIRNOFF 1/2 GALON,2249.00 USD (x1),2249.00 USD (x1),https://www.super99.com/10103841-vodka-smirnoff-1-2-galon
"Cervezas, Vinos y Licores",Chivas Regal Whisky 1L,4399.00 USD (x1),4399.00 USD (x1),https://www.super99.com/10105617-chivas-regal-whisky-1l
"Cervezas, Vinos y Licores",Panamá Cerveza Lata 355 ml,82.00 USD (x1),82.00 USD (x1),https://www.super99.com/10149168-cerveza-panama-12oz
"Cervezas, Vinos y Licores",Guinness Extra Stout Cerveza Lata 355ml,112.00 USD (x1),112.00 USD (x1),https://www.super99.com/10149170-guinness-extra-stout-cerveza-lata-355ml
"Cervezas, Vinos y Licores",Antioqueño Aguardiente Sin Azúcar Botella 1L,1725.00 USD (x1),1725.00 USD (x1),https://www.super99.com/20015026-antioqueno-aguardiente-sin-azucar-botella-1l
"Cervezas, Vinos y Licores",Moet Chandon Ice Imperial 750ml,6779.00 USD (x1),6779.00 USD (x1),https://www.super99.com/20091561-moet-chandon-ice-imperial-750ml
"Cervezas, Vinos y Licores",SANTA TERESA 1796 RON SOLERA 750ML,4399.00 USD (x1),4399.00 USD (x1),https://www.super99.com/20106956-santa-teresa-1796-ron-solera-750ml
"Cervezas, Vinos y Licores",SKOL PREMIUM VODKA 1000 ML,919.00 USD (x1),919.00 USD (x1),https://www.super99.com/20129423-skol-premium-vodka-1000-ml
"Cervezas, Vinos y Licores",RASHI VINO TINTO CONCORDIA LIG 12/750ML,45.00 USD (x1),45.00 USD (x1),https://www.super99.com/20131300-rashi-vino-tinto-concordia-lig-12-750ml
"Cervezas, Vinos y Licores",1800 Tequila Cristalino 700ml,4749.00 USD (x1),4749.00 USD (x1),https://www.super99.com/20138581-1800-tequila-cristalino-700ml
"Cervezas, Vinos y Licores",Monkey Should Pre Malt Sct Whisky 700ml,3299.00 USD (x1),3299.00 USD (x1),https://www.super99.com/20139202-monkey-should-pre-malt-sct-whisky-700ml
"Cervezas, Vinos y Licores",Fume Strawberry Waterm Extra 1500 Puffs,9.00 USD (x1),9.00 USD (x1),https://www.super99.com/20149958-fume-strawberry-waterm-extra-1500-puffs
"Cervezas, Vinos y Licores",Eternity Black Ice 20000 Puffs,20.00 USD (x1),20.00 USD (x1),https://www.super99.com/20150015-eternity-black-ice-20000-puffs
"Cervezas, Vinos y Licores",24 ICE COCTELES MIXTOS 5 Pack,599.00 USD (x1),599.00 USD (x1),https://www.super99.com/24-ice-cocteles-mixtos-6-5pk
"Cervezas, Vinos y Licores",Bacardi Carta Blanca 750ml,975.00 USD (x1),975.00 USD (x1),https://www.super99.com/10074731-bacardi-carta-blanca-750ml
"Cervezas, Vinos y Licores",SIROPE GOMA CAMELIA LITRO,339.00 USD (x1),339.00 USD (x1),https://www.super99.com/10100961-sirope-goma-camelia-litro
"Cervezas, Vinos y Licores",VINO M. CHANDON EXTRA BRUT BOT 750M,1665.00 USD (x1),1665.00 USD (x1),https://www.super99.com/10100995-vino-m-chandon-extra-brut-bot-750m
"Cervezas, Vinos y Licores",Santiago Ruiz Albariño Vino Botella 750 ml,1949.00 USD (x1),1949.00 USD (x1),https://www.super99.com/10101167-santiago-ruiz-albarino-vino-botella-750-ml
"Cervezas, Vinos y Licores",Old Parr Whisky 12 Años 500ml,2199.00 USD (x1),2199.00 USD (x1),https://www.super99.com/10103812-old-parr-whisky-12-anos-500ml
"Cervezas, Vinos y Licores",SMIRNOFF ICE LATA 24,99.00 USD (x1),109.00 USD (x1),https://www.super99.com/10103902-smirnoff-ice-lata-24
"Cervezas, Vinos y Licores",Barcelo Ron Dominicano Añejo Botella 750ml,1099.00 USD (x1),1099.00 USD (x1),https://www.super99.com/10105649-barcelo-ron-dominicano-anejo-botella-750ml
"Cervezas, Vinos y Licores",Chivas Regal Whisky 18 Años,8299.00 USD (x1),8299.00 USD (x1),https://www.super99.com/10105676-chivas-rigal-whisky
"Cervezas, Vinos y Licores",SIX PACK CERVEZA HEINEKEN BOT.4/6(MEGA),669.00 USD (x1),669.00 USD (x1),https://www.super99.com/10149175-six-pack-cerveza-hei
"Cervezas, Vinos y Licores",WHISKY KING OF QUEENS,1149.00 USD (x1),1149.00 USD (x1),https://www.super99.com/20032545-whisky-king-of-queens
"Cervezas, Vinos y Licores",SMIRNOFF ICE APPLE 350ML,109.00 USD (x1),109.00 USD (x1),https://www.super99.com/20043277-smirnoff-ice-apple-350ml
"Cervezas, Vinos y Licores",RON ZACAPA XO 750ML,12339.00 USD (x1),12339.00 USD (x1),https://www.super99.com/20069591-ron-zacapa-xo-750ml
"Cervezas, Vinos y Licores",SM ICE GUARANA 350ML,109.00 USD (x1),109.00 USD (x1),https://www.super99.com/20070586-sm-ice-guarana-350ml
"Cervezas, Vinos y Licores",FIREBALL WHISKY 750ML,919.00 USD (x1),1149.00 USD (x1),https://www.super99.com/20079828-fireball-whisky-750ml
"Cervezas, Vinos y Licores",Napoleon Brandy Spirit France Dbry 700ml,759.00 USD (x1),759.00 USD (x1),https://www.super99.com/20103957-napoleon-brandy-spirit-france-dbry-700ml
"Cervezas, Vinos y Licores",Luxus Premium Cerveza Lata 330ml,49.00 USD (x1),49.00 USD (x1),https://www.super99.com/20109836-luxus-premium-cerveza-lata-330ml
"Cervezas, Vinos y Licores",ZACAPA CENTENARIO 23AÑO 375ML,2499.00 USD (x1),2499.00 USD (x1),https://www.super99.com/20121254-zacapa-centenario-23ano-375ml
"Cervezas, Vinos y Licores",Glenlivet Whisky 12 Años García Baquero 40% 750ml,4499.00 USD (x1),4499.00 USD (x1),https://www.super99.com/20122822-glenlivet-whisky-12-anos-garcia-baquero-40-750ml
"Cervezas, Vinos y Licores",BLACK WHITE 1750ML,2049.00 USD (x1),2049.00 USD (x1),https://www.super99.com/20140809-black-white-1750ml
"Cervezas, Vinos y Licores",JACK DANIE APPLE 750ML,3249.00 USD (x1),3249.00 USD (x1),https://www.super99.com/20147182-jack-danie-apple-750ml
"Cervezas, Vinos y Licores",Cachaca 1 Litro,1249.00 USD (x1),1249.00 USD (x1),https://www.super99.com/10074795-cachaca-1-litro
"Cervezas, Vinos y Licores",Antioqueño Aguardiente 2000 Ml,295.00 USD (x1),295.00 USD (x1),https://www.super99.com/10084747-antioqueno-aguardiente-2000-ml
"Cervezas, Vinos y Licores",ANTIO AGUARDIEN 375ML,749.00 USD (x1),749.00 USD (x1),https://www.super99.com/10084749-antio-aguardien-375ml
"Cervezas, Vinos y Licores",RON CARTA VIEJA AÑEJO 12/1 LITRO,1149.00 USD (x1),1149.00 USD (x1),https://www.super99.com/10085644-ron-carta-vieja-anejo-12-1-litro
"Cervezas, Vinos y Licores",CARTA VIEJA CLARO 12,809.00 USD (x1),809.00 USD (x1),https://www.super99.com/10085652-carta-vieja-claro-12
"Cervezas, Vinos y Licores",CERVEZA ATLAS 12OZ,69.00 USD (x1),69.00 USD (x1),https://www.super99.com/10100388-cerveza-atlas-12oz
"Cervezas, Vinos y Licores",WHISKEY JACK DANIEL,3149.00 USD (x1),3149.00 USD (x1),https://www.super99.com/10101160-whiskey-jack-daniel
"Cervezas, Vinos y Licores",TEQUILA JOSE CUERVO CLASICO 12/750,155.00 USD (x1),155.00 USD (x1),https://www.super99.com/10101213-tequila-jose-cuervo-clasico-12-750
"Cervezas, Vinos y Licores",Martini Extra Dry 750ml,1199.00 USD (x1),1199.00 USD (x1),https://www.super99.com/10101469-martini-extra-dry-750ml
"Cervezas, Vinos y Licores",JOHNNIE WALKER BLACK,2149.00 USD (x1),2149.00 USD (x1),https://www.super99.com/10103806-johnnie-walker-black
"Cervezas, Vinos y Licores",PEÑASOL SANGRIA MAGNUM 6/1.5LT,589.00 USD (x1),589.00 USD (x1),https://www.super99.com/10103843-penasol-sangria-magnum-6-1-5lt
"Cervezas, Vinos y Licores",Tequila El Charro Blanco 750 ml,1049.00 USD (x1),1049.00 USD (x1),https://www.super99.com/10103888-tequila-el-charro-blanco-750-ml
"Cervezas, Vinos y Licores",GINEBRA BEEFEATER,2299.00 USD (x1),2299.00 USD (x1),https://www.super99.com/10105574-ginebra-beefeater
"Cervezas, Vinos y Licores",Stella Artois Cerveza Botella 330 ml,179.00 USD (x1),179.00 USD (x1),https://www.super99.com/10124559-stella-artois-cerveza-botella-330-ml
"Cervezas, Vinos y Licores",VINO SANSON 375ML,465.00 USD (x1),465.00 USD (x1),https://www.super99.com/20014237-vino-sanson-375ml
"Cervezas, Vinos y Licores",TEQUILA 1800 REPOSADO 750ML,2699.00 USD (x1),2699.00 USD (x1),https://www.super99.com/20051955-tequila-1800-reposado-750ml
"Cervezas, Vinos y Licores",Atlasgolden Light Cerveza Lata 355ml,79.00 USD (x1),79.00 USD (x1),https://www.super99.com/20069922-atlasgolden-light-cerveza-lata-355ml
"Cervezas, Vinos y Licores",TEQUILA DON JULIO BLANCO 750 ML.,5699.00 USD (x1),5699.00 USD (x1),https://www.super99.com/20073940-tequila-don-julio-blanco-750-ml
"Cervezas, Vinos y Licores",SMIRNOFF RASPBERRY 350ML,99.00 USD (x1),109.00 USD (x1),https://www.super99.com/20077371-smirnoff-raspberry-350ml
"Cervezas, Vinos y Licores",Highland Queen Scotch Whisky Litro,1049.00 USD (x1),1049.00 USD (x1),https://www.super99.com/20081392-highland-queen-scotch-whisky-litro
"Cervezas, Vinos y Licores",VITALSBERG LG 5% ALC,55.00 USD (x1),55.00 USD (x1),https://www.super99.com/20091670-vitalsberg-lg-5-alc
"Cervezas, Vinos y Licores",RON ZACAPA AMBAR 12 AÑO 750ML,2899.00 USD (x1),2899.00 USD (x1),https://www.super99.com/20095615-ron-zacapa-ambar-12-ano-750ml
"Cervezas, Vinos y Licores",OLD PARR 18 ANOS 750ML,8399.00 USD (x1),8399.00 USD (x1),https://www.super99.com/20108754-old-parr-18-anos-750ml
"Cervezas, Vinos y Licores",MARLB 2 FUSION PURPLE,619.00 USD (x1),619.00 USD (x1),https://www.super99.com/20108777-marlb-2-fusion-purple
"Cervezas, Vinos y Licores",PROMO PANAMA L 12PK,869.00 USD (x1),869.00 USD (x1),https://www.super99.com/20109886-promo-panama-l-12pk
"Cervezas, Vinos y Licores",MACALLAN 12 AÑOS SHERRY OAK GB 700ML,9925.00 USD (x1),9925.00 USD (x1),https://www.super99.com/20118365-macallan-12-anos-sherry-oak-gb-700ml
"Cervezas, Vinos y Licores",Martín Códax Marieta Albariño Vino Blanco Botella 750ml,1149.00 USD (x1),1149.00 USD (x1),https://www.super99.com/20119793-martin-codax-marieta-albarino-vino-blanco-botella-750ml
"Cervezas, Vinos y Licores",VINO MAIPO CLASSIC SERIS SWEET RED 750ML,495.00 USD (x1),495.00 USD (x1),https://www.super99.com/20121419-vino-maipo-classic-seris-sweet-red-750ml
"Cervezas, Vinos y Licores",Blue Nun Vino Tinto Sin Alcohol 750ml,665.00 USD (x1),665.00 USD (x1),https://www.super99.com/20124298-blue-nun-vino-tinto-sin-alcohol-750ml
"Cervezas, Vinos y Licores",SPERONE PROSECCO 750ML,999.00 USD (x1),999.00 USD (x1),https://www.super99.com/20129148-sperone-prosecco-750ml
"Cervezas, Vinos y Licores",Bacardi Coco 750ml,1099.00 USD (x1),1099.00 USD (x1),https://www.super99.com/20129618-bacardi-coco-750ml
"Cervezas, Vinos y Licores",ZAFRA RON RESERVA AÑEJO 21 AÑO 750ML,5699.00 USD (x1),5699.00 USD (x1),https://www.super99.com/20132430-zafra-ron-reserva-anejo-21-ano-750ml
"Cervezas, Vinos y Licores",Vino Sanson Coffee 750ML,979.00 USD (x1),979.00 USD (x1),https://www.super99.com/20138614-sanson-vino-coffee-12-750ml
"Cervezas, Vinos y Licores",GATO NEGRO DULCE TINTO,549.00 USD (x1),549.00 USD (x1),https://www.super99.com/20148204-gato-negro-dulce-tinto
"Cervezas, Vinos y Licores",JOHNNIE WALKER BLACK LABEL 1LT,4999.00 USD (x1),4999.00 USD (x1),https://www.super99.com/20151176-johnnie-walker-black-label-1lt
"Cervezas, Vinos y Licores",FIREBALL WHISKY 200ML,319.00 USD (x1),319.00 USD (x1),https://www.super99.com/20152393-fireball-whisky-200ml
"Cervezas, Vinos y Licores",VODKA SMIRNOFF 750ML,1259.00 USD (x1),1259.00 USD (x1),https://www.super99.com/20154257-vodka-smirnoff-750ml
"Cervezas, Vinos y Licores",24 ICE MOJITO 6/5PK,599.00 USD (x1),599.00 USD (x1),https://www.super99.com/20157403-24-ice-mojito-6-5pk
"Cervezas, Vinos y Licores",CERVEZA LA TRAPPE BL,22.00 USD (x1),259.00 USD (x1),https://www.super99.com/10084803-cerveza-la-trappe-bl
"Cervezas, Vinos y Licores",RON CARTA VIEJA AÑEJO 1/2 BOTELLA CJ/24,479.00 USD (x1),479.00 USD (x1),https://www.super99.com/10085636-ron-carta-vieja-anejo-1-2-botella-cj-24
"Cervezas, Vinos y Licores",Mr and Mrs T Pi#a Colada Mix 33.8,559.00 USD (x1),559.00 USD (x1),https://www.super99.com/10100901-mr-and-mrs-t-pi-a-colada-mix-33-8
"Cervezas, Vinos y Licores",Grand Marnier Rouge 1 Botella,3399.00 USD (x1),3399.00 USD (x1),https://www.super99.com/10101079-grand-marnier-rouge-1-botella
"Cervezas, Vinos y Licores",BLACK WHITE 1 BOT,989.00 USD (x1),989.00 USD (x1),https://www.super99.com/10103796-black-white-1-bot
"Cervezas, Vinos y Licores",PEÑASOL VINO TINTO 6/1 BOT,425.00 USD (x1),425.00 USD (x1),https://www.super99.com/10103838-penasol-vino-tinto-6-1-bot
"Cervezas, Vinos y Licores",Absolut Vodka Botella 1L,2349.00 USD (x1),2349.00 USD (x1),https://www.super99.com/10105608-absolut-vodka-botella-1l
"Cervezas, Vinos y Licores",RON BARCELO A¥EJO 1750 ML.,2149.00 USD (x1),2149.00 USD (x1),https://www.super99.com/10105653-ron-barcelo-a-ejo-1750-ml
"Cervezas, Vinos y Licores",Flor De Caña Ron Centenario 12 Años,2999.00 USD (x1),2999.00 USD (x1),https://www.super99.com/10136659-flor-de-cana-ron-centenario-12-anos
"Cervezas, Vinos y Licores",Mr Boston Blue Curacao 1 Litro,949.00 USD (x1),949.00 USD (x1),https://www.super99.com/10152798-mr-boston-blue-curacao-1-litro
"Cervezas, Vinos y Licores",RON BACARDI MOJITO RTD 12/750 ML,889.00 USD (x1),889.00 USD (x1),https://www.super99.com/20001680-ron-bacardi-mojito-rtd-12-750-ml
"Cervezas, Vinos y Licores",SECO SL PREMIUM 12/1000ML,899.00 USD (x1),899.00 USD (x1),https://www.super99.com/20027009-seco-sl-premium-12-1000ml
"Cervezas, Vinos y Licores",SIR ALBERT WHISKY 40% NR 12/1000 ML,1225.00 USD (x1),1225.00 USD (x1),https://www.super99.com/20064377-sir-albert-whisky-40-nr-12-1000-ml
"Cervezas, Vinos y Licores",MACALLAN 12 AÑOS FINE OAK 700ML,8999.00 USD (x1),8999.00 USD (x1),https://www.super99.com/20089775-macallan-12-anos-fine-oak-700ml
"Cervezas, Vinos y Licores",Bols Blue Curacao 700ml,1299.00 USD (x1),1299.00 USD (x1),https://www.super99.com/20096628-bols-blue-curacao-700ml
"Cervezas, Vinos y Licores",RON VIEJO CALDAS 15 AÑOS 750ML ESPECIAL,3249.00 USD (x1),3249.00 USD (x1),https://www.super99.com/20097837-ron-viejo-caldas-15-anos-750ml-especial
"Cervezas, Vinos y Licores",PEÑASOL SANGRIA BLANCA TETRA 6/1 LITRO,395.00 USD (x1),395.00 USD (x1),https://www.super99.com/20101972-penasol-sangria-blanca-tetra-6-1-litro
"Cervezas, Vinos y Licores",Aperol 1919 11% Alcohol,1899.00 USD (x1),1899.00 USD (x1),https://www.super99.com/20105541-aperol-1919-11-alcohol
"Cervezas, Vinos y Licores",Carta Vieja 8 Años 750ml,2149.00 USD (x1),2149.00 USD (x1),https://www.super99.com/20110233-carta-vieja-8-anos-750ml
"Cervezas, Vinos y Licores",TONA CERVEZA LATA 350ML,95.00 USD (x1),95.00 USD (x1),https://www.super99.com/20125516-tona-cerveza-lata-350ml
"Cervezas, Vinos y Licores",RON BOTRAN 18 A SOLERA 750ML,3299.00 USD (x1),3299.00 USD (x1),https://www.super99.com/20141660-ron-botran-18-a-solera-750ml
"Cervezas, Vinos y Licores",Smirnoff Vodka 375ML,549.00 USD (x1),549.00 USD (x1),https://www.super99.com/20142139-smirnoff-vodka-pet-375-ml
"Cervezas, Vinos y Licores",Maestro Dobel Tequila 700ml,4649.00 USD (x1),4649.00 USD (x1),https://www.super99.com/20145847-maestro-dobel-tequila-700ml
"Cervezas, Vinos y Licores",TAIMBE CATUABA 12/500 ML,219.00 USD (x1),219.00 USD (x1),https://www.super99.com/20149505-taimbe-catuaba-12-500-ml
"Cervezas, Vinos y Licores",EPIC SECO 35% 750ML,669.00 USD (x1),669.00 USD (x1),https://www.super99.com/20153079-epic-seco-35-750ml
"Cervezas, Vinos y Licores",Epic Seco 35% Vol 200ml,175.00 USD (x1),175.00 USD (x1),https://www.super99.com/20153090-epic-seco-35-vol-200ml
"Cervezas, Vinos y Licores",FRONTERA VINO PINK PARADISE,479.00 USD (x1),479.00 USD (x1),https://www.super99.com/20158586-frontera-vino-pink-paradise
"Cervezas, Vinos y Licores",4 pack Cerveza Erdinger,1249.00 USD (x1),1249.00 USD (x1),https://www.super99.com/10034859-4-pack-cerveza-erdinger
"Cervezas, Vinos y Licores",Cerveza Kostritzer Schwarzbier 330ml,193.00 USD (x1),193.00 USD (x1),https://www.super99.com/10070189-cerveza-kostritzer-schwarzbier-330ml
"Cervezas, Vinos y Licores",VINO SAUVIGNON B GAT,447.00 USD (x1),559.00 USD (x1),https://www.super99.com/10072210-vino-sauvignon-b-gat
"Cervezas, Vinos y Licores",VINO GATO NEGRO CARM,447.00 USD (x1),559.00 USD (x1),https://www.super99.com/10072230-vino-gato-negro-carm
"Cervezas, Vinos y Licores",CARTA VIEJA EXTRA CL,849.00 USD (x1),999.00 USD (x1),https://www.super99.com/10085655-carta-vieja-extra-cl
"Cervezas, Vinos y Licores",Vino P/Cocina El Chef Seco 24/10.5,95.00 USD (x1),95.00 USD (x1),https://www.super99.com/10098224-vino-p-cocina-el-chef-seco-24-10-5
"Cervezas, Vinos y Licores",El Chef Vino De Cocina Botella 710ml,199.00 USD (x1),199.00 USD (x1),https://www.super99.com/10098228-el-chef-vino-de-cocina-botella-710ml
"Cervezas, Vinos y Licores",Old Milwaukee Cerveza Lata 355ml,72.00 USD (x1),72.00 USD (x1),https://www.super99.com/10100972-old-milwaukee-cerveza-lata-355ml
"Cervezas, Vinos y Licores",Blue Nun Botella 750ml,819.00 USD (x1),819.00 USD (x1),https://www.super99.com/10101147-blue-nun-botella-750ml
"Cervezas, Vinos y Licores",VINO MARQUES CARMENE,1049.00 USD (x1),1459.00 USD (x1),https://www.super99.com/10101342-vino-marques-carmene
"Cervezas, Vinos y Licores",BAILEYS IRISH CREAM,2259.00 USD (x1),2259.00 USD (x1),https://www.super99.com/10103833-baileys-irish-cream
"Cervezas, Vinos y Licores",Peñasol Sangria Tetrabrik 1 L,339.00 USD (x1),339.00 USD (x1),https://www.super99.com/catalog/product/view/id/27769/s/10103844-penasol-sangria-tetrabrik-1-l/
"Cervezas, Vinos y Licores",Licor Cointreau 1 Botella,2975.00 USD (x1),2975.00 USD (x1),https://www.super99.com/10105565-licor-cointreau-1-botella
"Cervezas, Vinos y Licores",VODKA ABSOLUT 375ML,939.00 USD (x1),939.00 USD (x1),https://www.super99.com/10105610-vodka-absolut-375ml
"Cervezas, Vinos y Licores",Cerveza Belga Hoegaarden 330Ml,209.00 USD (x1),209.00 USD (x1),https://www.super99.com/10124561-cerveza-belga-hoegaarden-330ml
"Cervezas, Vinos y Licores",Flor De Caña Ron Centenario 18 Año 750ml,4125.00 USD (x1),4125.00 USD (x1),https://www.super99.com/10136647-flor-de-cana-ron-centenario-18-ano-750ml
"Cervezas, Vinos y Licores",WHISKY GLENFIDDICH 12 AÑOS BOTELLA,4099.00 USD (x1),4099.00 USD (x1),https://www.super99.com/10162877-whisky-glenfiddich-12-anos-botella
"Cervezas, Vinos y Licores",Estrella Galicia Cerveza Botella 330ml,159.00 USD (x1),159.00 USD (x1),https://www.super99.com/20002325-estrella-galicia-cerveza-botella-330ml
"Cervezas, Vinos y Licores",VINO GOLDEN RESERVE,1599.00 USD (x1),2199.00 USD (x1),https://www.super99.com/20003769-vino-golden-reserve
"Cervezas, Vinos y Licores",Aguardiente Antioqueño 1000 Ml,1699.00 USD (x1),1699.00 USD (x1),https://www.super99.com/20015030-aguardiente-antioqueno-1000-ml
"Cervezas, Vinos y Licores",RON MEDELLIN E/AÑEJO 8 AÑOS 750ML,2649.00 USD (x1),2649.00 USD (x1),https://www.super99.com/20015035-ron-medellin-e-anejo-8-anos-750ml
"Cervezas, Vinos y Licores",Siesta Sangria 1.5 L,445.00 USD (x1),445.00 USD (x1),https://www.super99.com/20032701-siesta-sangria-1-5-l
"Cervezas, Vinos y Licores",Cerveza Strawberry Witbier 330ml,289.00 USD (x1),289.00 USD (x1),https://www.super99.com/20045142-cerveza-strawberry-witbier-330ml
"Cervezas, Vinos y Licores",Vinos Catena Malbec 750 ml,1559.00 USD (x1),1559.00 USD (x1),https://www.super99.com/20046342-vinos-catena-malbec-750-ml
"Cervezas, Vinos y Licores",Chivas Rega Life Extensionra Wisky 13 Años 750ml,3799.00 USD (x1),3799.00 USD (x1),https://www.super99.com/20068035-chivas-rega-life-extensionra-wisky-13-anos-750ml
"Cervezas, Vinos y Licores",RON DIPLOMATICO MANTUANO 750ML,2399.00 USD (x1),2399.00 USD (x1),https://www.super99.com/20086483-ron-diplomatico-mantuano-750ml
"Cervezas, Vinos y Licores",TITO'S VODKA HANDMADE GF 12/750ML,2149.00 USD (x1),2149.00 USD (x1),https://www.super99.com/20094490-tito-s-vodka-handmade-gf-12-750ml
"Cervezas, Vinos y Licores",Chesterfield Cigarrilo Summer Ks 20ct,369.00 USD (x1),369.00 USD (x1),https://www.super99.com/20125951-chesterfield-cigarrilo-summer-ks-20ct
"Cervezas, Vinos y Licores",RON APPLETON 8ANOS 750ML,2499.00 USD (x1),2949.00 USD (x1),https://www.super99.com/20130846-ron-appleton-8anos-750ml
"Cervezas, Vinos y Licores",Adan & Eva Frutos Rojos 355ml Lata,112.00 USD (x1),112.00 USD (x1),https://www.super99.com/20132415-adan-eva-frutos-rojos-355ml-lata
"Cervezas, Vinos y Licores",RON CENTENARIO LICOR DE CAFE 750ML,135.00 USD (x1),135.00 USD (x1),https://www.super99.com/20134343-ron-centenario-licor-de-cafe-750ml
"Cervezas, Vinos y Licores",Carta Vieja Geisha Casc and Coffee 500ml,2699.00 USD (x1),2699.00 USD (x1),https://www.super99.com/20135248-carta-vieja-geisha-casc-and-coffee-500ml
"Cervezas, Vinos y Licores",Amaro Montenegro 700ml,215.00 USD (x1),215.00 USD (x1),https://www.super99.com/20142344-amaro-montenegro-700ml
"Cervezas, Vinos y Licores",AGUARD ANTIOQUENO 750ML,1164.00 USD (x1),1369.00 USD (x1),https://www.super99.com/20144991-aguard-antioqueno-750ml
"Cervezas, Vinos y Licores",DIABLO PURPLE MALBEC VINO 750ML,995.00 USD (x1),1295.00 USD (x1),https://www.super99.com/20147299-diablo-purple-malbec-vino-750ml
"Cervezas, Vinos y Licores",BALBOA ICE 269ML,59.00 USD (x1),59.00 USD (x1),https://www.super99.com/20149461-balboa-ice-269ml
"Cervezas, Vinos y Licores",Cazadores Tequila Blanco 750 Ml 40%,2099.00 USD (x1),2099.00 USD (x1),https://www.super99.com/20149477-cazadores-tequila-blanco-750-ml-40
"Cervezas, Vinos y Licores",Opera Prima Vino Espum Mimosa 750ml,589.00 USD (x1),589.00 USD (x1),https://www.super99.com/20149481-opera-prima-vino-espum-mimosa-750ml
"Cervezas, Vinos y Licores",Nicky Jam Calor Juice 15000 Puffs,17.00 USD (x1),17.00 USD (x1),https://www.super99.com/20150002-nicky-jam-calor-juice-15000-puffs
"Cervezas, Vinos y Licores",Eternity Ice Mint 20000 Puffs,20.00 USD (x1),20.00 USD (x1),https://www.super99.com/20150016-eternity-ice-mint-20000-puffs
"Cervezas, Vinos y Licores",Miovino Spritz Vino 750ml,399.00 USD (x1),399.00 USD (x1),https://www.super99.com/20150144-miovino-spritz-vino-750ml
"Cervezas, Vinos y Licores",Bartenura Vino Prosecco Brut 750 Ml,1599.00 USD (x1),1599.00 USD (x1),https://www.super99.com/20151082-bartenura-vino-prosecco-brut-750-ml
"Cervezas, Vinos y Licores",BUZZBALLZ COCTEL EXPRES MARTINI 24/200ML,335.00 USD (x1),335.00 USD (x1),https://www.super99.com/20159117-buzzballz-coctel-expres-martini-24-200ml
"Cervezas, Vinos y Licores",Amarula Cream 1 Litro,2575.00 USD (x1),2575.00 USD (x1),https://www.super99.com/10035574-amarula-cream-1-litro
"Cervezas, Vinos y Licores",Cerveza Erdinger Weissbier Trigo,335.00 USD (x1),335.00 USD (x1),https://www.super99.com/10070192-cerveza-erdinger-weissbier-trigo
"Cervezas, Vinos y Licores",VINO CABER SAUVIGNON,447.00 USD (x1),559.00 USD (x1),https://www.super99.com/10072209-vino-caber-sauvignon
"Cervezas, Vinos y Licores",Chefoo White Wine Original 12,435.00 USD (x1),435.00 USD (x1),https://www.super99.com/10074769-chefoo-white-wine-original-12
"Cervezas, Vinos y Licores",Don Simon Sangría 1L,319.00 USD (x1),319.00 USD (x1),https://www.super99.com/10074783-don-simon-sangria-1l
"Cervezas, Vinos y Licores",Frangelico Licor Avellana 700ml,2499.00 USD (x1),2499.00 USD (x1),https://www.super99.com/10084875-frangelico-licor-avellana-700ml
"Cervezas, Vinos y Licores",Budweiser Cerveza One Way Botella 355ml,112.00 USD (x1),112.00 USD (x1),https://www.super99.com/10100470-budweiser-cerveza-one-way-botella-355ml
"Cervezas, Vinos y Licores",Beringer Vino White Zinfandel Botella 750ml,829.00 USD (x1),829.00 USD (x1),https://www.super99.com/10101010-beringer-vino-white-zinfandel-botella-750ml
"Cervezas, Vinos y Licores",WHISKEY JACK DANIELS,1649.00 USD (x1),1649.00 USD (x1),https://www.super99.com/10101161-whiskey-jack-daniels
"Cervezas, Vinos y Licores",VINO CALVET CABERNET SAUVIGNON,779.00 USD (x1),779.00 USD (x1),https://www.super99.com/10101412-vino-calvet-cabernet-sauvignon
"Cervezas, Vinos y Licores",RON BACARDI CARTA BLANCA 1/2 GL.C/6,2199.00 USD (x1),2199.00 USD (x1),https://www.super99.com/10101422-ron-bacardi-carta-blanca-1-2-gl-c-6
"Cervezas, Vinos y Licores",BOMBAY SAPPHIRE GINEBRA,2599.00 USD (x1),2599.00 USD (x1),https://www.super99.com/10101439-bombay-sapphire-ginebra
"Cervezas, Vinos y Licores",VODKA SKYY 1 BOTELLA,1225.00 USD (x1),1225.00 USD (x1),https://www.super99.com/10101605-vodka-skyy-1-botella
"Cervezas, Vinos y Licores",VICEROY 10/20'S,479.00 USD (x1),479.00 USD (x1),https://www.super99.com/10103711-viceroy-10-20-s
"Cervezas, Vinos y Licores",B&G Rose D'anjou 1 Botella,869.00 USD (x1),869.00 USD (x1),https://www.super99.com/10103869-b-g-rose-d-anjou-1-botella
"Cervezas, Vinos y Licores",PROTOS GRAN RESERVA 6/1 BOTELLA,6625.00 USD (x1),6625.00 USD (x1),https://www.super99.com/10103900-protos-gran-reserva-6-1-botella
"Cervezas, Vinos y Licores",TEQUILA EL JIMADOR BLANCO 1 BOTELLA,1899.00 USD (x1),1899.00 USD (x1),https://www.super99.com/10103915-tequila-el-jimador-blanco-1-botella
"Cervezas, Vinos y Licores",RON BARCELO GRAN AÑEJO BOTELLA,1399.00 USD (x1),1399.00 USD (x1),https://www.super99.com/10105651-ron-barcelo-gran-anejo-botella
"Cervezas, Vinos y Licores",CHIVAS RIGAL 12/500,2249.00 USD (x1),2249.00 USD (x1),https://www.super99.com/10105701-chivas-rigal-12-500
"Cervezas, Vinos y Licores",SOMETHING SPECIAL 12/1 BOTELLA,2349.00 USD (x1),2349.00 USD (x1),https://www.super99.com/10105702-something-special-12-1-botella
"Cervezas, Vinos y Licores",VINO EL COTO RESERVA DE IMAZ 12/750,1899.00 USD (x1),1899.00 USD (x1),https://www.super99.com/10124519-vino-el-coto-reserva-de-imaz-12-750
"Cervezas, Vinos y Licores",RON DON Q CRISTAL 1 BOTELLA,1849.00 USD (x1),1849.00 USD (x1),https://www.super99.com/10124529-ron-don-q-cristal-1-botella
"Cervezas, Vinos y Licores",MORANDE PIONERO PINO,577.00 USD (x1),679.00 USD (x1),https://www.super99.com/10124554-morande-pionero-pino
"Cervezas, Vinos y Licores",Flor De Caña Ron Gran Reserva 750ml,1849.00 USD (x1),1849.00 USD (x1),https://www.super99.com/10136653-flor-de-cana-ron-gran-reserva-750ml
"Cervezas, Vinos y Licores",VINO CONCHATORO CAB,609.00 USD (x1),609.00 USD (x1),https://www.super99.com/10149254-vino-conchatoro-cab
"Cervezas, Vinos y Licores",CERVEZA OLD MILWAUKE,92.00 USD (x1),92.00 USD (x1),https://www.super99.com/10149296-cerveza-old-milwauke
"Cervezas, Vinos y Licores",RON BACARDI ANEJO 12/750 CC BOTELLA,1099.00 USD (x1),1099.00 USD (x1),https://www.super99.com/10149301-ron-bacardi-anejo-12-750-cc-botella
"Cervezas, Vinos y Licores",Cinzano Rosso 750ml,1775.00 USD (x1),1775.00 USD (x1),https://www.super99.com/10149340-cinzano-rosso-750ml
"Cervezas, Vinos y Licores",VICEROY MENTHOL 10/20'UNIDADES,479.00 USD (x1),479.00 USD (x1),https://www.super99.com/10149766-viceroy-menthol-10-20-unidades
"Cervezas, Vinos y Licores",TANQUERAY GIN 1BOT,2599.00 USD (x1),2599.00 USD (x1),https://www.super99.com/10149772-tanqueray-gin-1bot
"Cervezas, Vinos y Licores",MARQUEZ DE CACERES T,1399.00 USD (x1),1399.00 USD (x1),https://www.super99.com/10150273-marquez-de-caceres-t
"Cervezas, Vinos y Licores",PAULANER CERVEZA DUNKEL BOT 20/500,279.00 USD (x1),279.00 USD (x1),https://www.super99.com/20013861-paulaner-cerveza-dunkel-bot-20-500
"Cervezas, Vinos y Licores",SECO SL PREMIUN 12/750ML,709.00 USD (x1),709.00 USD (x1),https://www.super99.com/20016097-seco-sl-premiun-12-750ml
"Cervezas, Vinos y Licores",RON HAVANA CLUB SELECCION/MAESTROS 700ML,5499.00 USD (x1),5499.00 USD (x1),https://www.super99.com/20023977-ron-havana-club-seleccion-maestros-700ml
"Cervezas, Vinos y Licores",VINO VALDIVIESO MOSCATO DEMI SEC 750ML,729.00 USD (x1),729.00 USD (x1),https://www.super99.com/20024281-vino-valdivieso-moscato-demi-sec-750ml
"Cervezas, Vinos y Licores",SECO SL PREMIUM 24/375ML,369.00 USD (x1),369.00 USD (x1),https://www.super99.com/20027008-seco-sl-premium-24-375ml
"Cervezas, Vinos y Licores",JOHNNIE WALKER DOUBLE BLACK,4799.00 USD (x1),4799.00 USD (x1),https://www.super99.com/20030694-johnnie-walker-double-black
"Cervezas, Vinos y Licores",B&G Champaña Blanc De Blancs 750ml,669.00 USD (x1),669.00 USD (x1),https://www.super99.com/20046215-b-g-champana-blanc-de-blancs-750ml
"Cervezas, Vinos y Licores",WHISKEY JACKS DANIELS 750 ML,3249.00 USD (x1),3249.00 USD (x1),https://www.super99.com/20049048-whiskey-jacks-daniels-750-ml
"Cervezas, Vinos y Licores",PAULANER SALVATOR BOT 24/330 ML,235.00 USD (x1),235.00 USD (x1),https://www.super99.com/20050385-paulaner-salvator-bot-24-330-ml
"Cervezas, Vinos y Licores",Codorniu Anna Blancs De Blancs 750ml,1569.00 USD (x1),1569.00 USD (x1),https://www.super99.com/20051215-codorniu-anna-blancs-de-blancs-750ml
"Cervezas, Vinos y Licores",Cerveza Fula Artesanal 12oz,199.00 USD (x1),199.00 USD (x1),https://www.super99.com/20068077-cerveza-fula-artesanal-12oz
"Cervezas, Vinos y Licores",SECO SL PREMIUM PACHA 48/200 ML,187.00 USD (x1),187.00 USD (x1),https://www.super99.com/20072642-seco-sl-premium-pacha-48-200-ml
"Cervezas, Vinos y Licores",SL PREMIUN MANZANA 750ML,795.00 USD (x1),795.00 USD (x1),https://www.super99.com/20081140-sl-premiun-manzana-750ml
"Cervezas, Vinos y Licores",J.P.Chenet Vino Ice Edition 200ml,339.00 USD (x1),339.00 USD (x1),https://www.super99.com/20090898-j-p-chenet-vino-ice-edition-200ml
"Cervezas, Vinos y Licores",J.P.Chenet Vino Ice Edition Rose 200ml,339.00 USD (x1),339.00 USD (x1),https://www.super99.com/20090899-j-p-chenet-vino-ice-edition-rose-200ml
"Cervezas, Vinos y Licores",RON ZACAPA EDICION NEGRA 750ML,6799.00 USD (x1),6799.00 USD (x1),https://www.super99.com/20094647-ron-zacapa-edicion-negra-750ml
"Cervezas, Vinos y Licores",Cerveza Grimbergen Amber Botella 330ml,169.00 USD (x1),169.00 USD (x1),https://www.super99.com/20097831-cerveza-grimbergen-amber-botella-330ml
"Cervezas, Vinos y Licores",Aguardiente Cristal Sin Azucar 750 Ml,999.00 USD (x1),999.00 USD (x1),https://www.super99.com/20097838-aguardiente-cristal-sin-azucar-750-ml
"Cervezas, Vinos y Licores",Mancura Vino Sauvignon Blanco 750ml,489.00 USD (x1),489.00 USD (x1),https://www.super99.com/20099207-mancura-vino-sauvignon-blanco-750ml
"Cervezas, Vinos y Licores",Barcelo Ron Añejo 750+350ml Gratis Añejo,1449.00 USD (x1),1449.00 USD (x1),https://www.super99.com/20101769-barcelo-ron-anejo-750-350ml-gratis-anejo
"Cervezas, Vinos y Licores",Clos De Pirque Sangría 1L,359.00 USD (x1),359.00 USD (x1),https://www.super99.com/20102084-clos-de-pirque-sangria-1l
"Cervezas, Vinos y Licores",Gato Negro 9 Liv Reserva Cabernet Sauvignon 750ml,869.00 USD (x1),869.00 USD (x1),https://www.super99.com/20103950-gato-negro-9-liv-reserva-cabernet-sauvignon-750ml
"Cervezas, Vinos y Licores",Finca Las Moras Malbec 750ml,939.00 USD (x1),939.00 USD (x1),https://www.super99.com/20104378-finca-las-moras-malbec-750ml
"Cervezas, Vinos y Licores",Don Simon Sangria 7% Mini Tetra 500ml,165.00 USD (x1),165.00 USD (x1),https://www.super99.com/20113865-don-simon-sangria-7-mini-tetra-500ml
"Cervezas, Vinos y Licores",VINO 19CRIMES 750ML,1195.00 USD (x1),1449.00 USD (x1),https://www.super99.com/20116829-vino-19crimes-750ml
"Cervezas, Vinos y Licores",Bamboo Daiquiri Fresa 350ml,95.00 USD (x1),95.00 USD (x1),https://www.super99.com/20124634-bamboo-daiquiri-fresa-350ml
"Cervezas, Vinos y Licores",Medici Ermete Vino Lambrusco Reggiano,98.00 USD (x1),98.00 USD (x1),https://www.super99.com/20124796-medici-ermete-vino-lambrusco-reggiano
"Cervezas, Vinos y Licores",Carupano Ron Añejo Res Limit 18 750ml,4329.00 USD (x1),4329.00 USD (x1),https://www.super99.com/20127662-carupano-ron-anejo-res-limit-18-750ml
"Cervezas, Vinos y Licores",Carupano Ron Añejo 6 Añoss 750ml,1759.00 USD (x1),1759.00 USD (x1),https://www.super99.com/20127664-carupano-ron-anejo-6-anoss-750ml
"Cervezas, Vinos y Licores",Flor De Caña Centenario 12 Años 375ml,1649.00 USD (x1),1649.00 USD (x1),https://www.super99.com/20132456-flor-de-cana-centenario-12-anos-375ml
"Cervezas, Vinos y Licores",Cuabata Guarana 350ml,79.00 USD (x1),79.00 USD (x1),https://www.super99.com/20132508-cuabata-guarana-350ml
"Cervezas, Vinos y Licores",Dinastia Manzanos Vino Tempranillo 750ml,899.00 USD (x1),899.00 USD (x1),https://www.super99.com/20133151-dinastia-manzanos-vino-tempranillo-750ml
"Cervezas, Vinos y Licores",El Lagar Aldea Vino Roble 750ml,499.00 USD (x1),499.00 USD (x1),https://www.super99.com/20133153-el-lagar-aldea-vino-roble-750ml
"Cervezas, Vinos y Licores",19 CRIMES CALI RED 750ML,1249.00 USD (x1),1449.00 USD (x1),https://www.super99.com/20133678-19-crimes-cali-red-750ml
"Cervezas, Vinos y Licores",CRISTAL CERVEZA LATA 12PK,969.00 USD (x1),969.00 USD (x1),https://www.super99.com/20135198-cristal-cerveza-lata-12pk
"Cervezas, Vinos y Licores",Charles Du Lac Rose 750ml,349.00 USD (x1),349.00 USD (x1),https://www.super99.com/20136102-charles-du-lac-rose-750ml
"Cervezas, Vinos y Licores",Evans Williams Honey Reser 35% 750ml,1999.00 USD (x1),1999.00 USD (x1),https://www.super99.com/20139184-evans-williams-honey-reser-35-750ml
"Cervezas, Vinos y Licores",Antioqueño Aguardiente Sinazucar 375ml,729.00 USD (x1),729.00 USD (x1),https://www.super99.com/20141369-antioqueno-aguardiente-sinazucar-375ml
"Cervezas, Vinos y Licores",Botran Ron Añejo Oro 5 Años 375ml,39.00 USD (x1),39.00 USD (x1),https://www.super99.com/20142201-botran-ron-anejo-oro-5-anos-375ml
"Cervezas, Vinos y Licores",ZACAPA RON CENT 23AÑOS LA ARMONIA 750ML,6099.00 USD (x1),6099.00 USD (x1),https://www.super99.com/20147830-zacapa-ron-cent-23anos-la-armonia-750ml
"Cervezas, Vinos y Licores",TRIVEN VINO RESER ROSE MALBEC 750ML,749.00 USD (x1),919.00 USD (x1),https://www.super99.com/20148199-triven-vino-reser-rose-malbec-750ml
"Cervezas, Vinos y Licores",GATO NEGRO DULCE BCO,549.00 USD (x1),549.00 USD (x1),https://www.super99.com/20148206-gato-negro-dulce-bco
"Cervezas, Vinos y Licores",Flor De Caña Centenario 18 Años 375ml,2249.00 USD (x1),2249.00 USD (x1),https://www.super99.com/20148816-flor-de-cana-centenario-18-anos-375ml
"Cervezas, Vinos y Licores",Blend Seven Whisky 1000 Ml,959.00 USD (x1),959.00 USD (x1),https://www.super99.com/20149499-blend-sev-whisky-1000ml
"Cervezas, Vinos y Licores",Fume Black Ice Extra 1500 Puffs,9.00 USD (x1),9.00 USD (x1),https://www.super99.com/20149961-fume-black-ice-extra-1500-puffs
"Cervezas, Vinos y Licores",Fume Strawberry Banana Extra 1500 Puffs,9.00 USD (x1),9.00 USD (x1),https://www.super99.com/20149963-fume-strawberry-banana-extra-1500-puffs
"Cervezas, Vinos y Licores",Nicky Jam Famtas#a Fume 15000 Puffs,17.00 USD (x1),17.00 USD (x1),https://www.super99.com/20150004-nicky-jam-famtas-a-fume-15000-puffs
"Cervezas, Vinos y Licores",Eternity Strawberry Banana 20000 Puffs,20.00 USD (x1),20.00 USD (x1),https://www.super99.com/20150013-eternity-strawberry-banana-20000-puffs
"Cervezas, Vinos y Licores",Agressionn Tequila Crema Nube 70cl,699.00 USD (x1),699.00 USD (x1),https://www.super99.com/20150118-agressionn-tequila-crema-nube-70cl
"Cervezas, Vinos y Licores",VICTORIA RON AÑEJO 37.5%VOL 750ML,789.00 USD (x1),789.00 USD (x1),https://www.super99.com/20153869-victoria-ron-anejo-37-5-vol-750ml
"Cervezas, Vinos y Licores",24 ICE DAIQUIRI FRESA 6/5PK,599.00 USD (x1),599.00 USD (x1),https://www.super99.com/20157402-24-ice-daiquiri-fresa-6-5pk
"Cervezas, Vinos y Licores",24 ICE MOJITO SANDIA 6/5PK,599.00 USD (x1),599.00 USD (x1),https://www.super99.com/20157406-24-ice-mojito-sandia-6-5pk
"Cervezas, Vinos y Licores",24 ICE DAIQUIRI FRESA 0.0% 6/5PK,499.00 USD (x1),499.00 USD (x1),https://www.super99.com/20157407-24-ice-daiquiri-fresa-0-0-6-5pk
"Cervezas, Vinos y Licores",CONCHA Y TORO FRONT FRUT TINTO VERAN,479.00 USD (x1),479.00 USD (x1),https://www.super99.com/20158498-concha-y-toro-front-frut-tinto-veran
"Cervezas, Vinos y Licores",PANAMA LAGER LATA 473ML,98.00 USD (x1),98.00 USD (x1),https://www.super99.com/20158991-panama-lager-lata-473ml
"Cervezas, Vinos y Licores",BUZZBALLZ COCTEL FORBIDEN APPLE 24/200ML,335.00 USD (x1),335.00 USD (x1),https://www.super99.com/20159116-buzzballz-coctel-forbiden-apple-24-200ml
"Cervezas, Vinos y Licores",LA PALMA VINO TINTO CARMENERE 750ML,499.00 USD (x1),499.00 USD (x1),https://www.super99.com/20159904-la-palma-vino-tinto-carmenere-750ml
"Cervezas, Vinos y Licores",VINO DE KUYPER TRIPLE SEC 700 ML,1399.00 USD (x1),1399.00 USD (x1),https://www.super99.com/10036159-vino-de-kuyper-triple-sec-700-ml
"Cervezas, Vinos y Licores",Clos De Pirque Vino Sauvignon Blanc 2L,645.00 USD (x1),645.00 USD (x1),https://www.super99.com/10036160-clos-de-pirque-vino-sauvignon-blanc-2l
"Cervezas, Vinos y Licores",Cerveza Oranjeboom 8.5 Extra Strong 500ml,169.00 USD (x1),169.00 USD (x1),https://www.super99.com/10070202-cerveza-oranjeboom-8-5-extra-strong-500ml
"Cervezas, Vinos y Licores",Bebida Juvenil Champin 1 Botella,425.00 USD (x1),425.00 USD (x1),https://www.super99.com/10074703-bebida-juvenil-champin-1-botella
"Cervezas, Vinos y Licores",J WALKER RED BOT,2349.00 USD (x1),2349.00 USD (x1),https://www.super99.com/10074733-j-walker-red-bot
"Cervezas, Vinos y Licores",VINO TONICO AQUILES BOTELLA,81.00 USD (x1),81.00 USD (x1),https://www.super99.com/10074778-vino-tonico-aquiles-botella
"Cervezas, Vinos y Licores",Don Simon Sangría 1.5L,575.00 USD (x1),575.00 USD (x1),https://www.super99.com/10074787-don-simon-sangria-1-5l
"Cervezas, Vinos y Licores",VINO RUTINI MALBE 750 ML,5325.00 USD (x1),5325.00 USD (x1),https://www.super99.com/10084761-vino-rutini-malbe-750-ml
"Cervezas, Vinos y Licores",VINO RUTINI TRUMPETER CHARDONAY BOT,1479.00 USD (x1),1479.00 USD (x1),https://www.super99.com/10084771-vino-rutini-trumpeter-chardonay-bot
"Cervezas, Vinos y Licores",SAUVIGNON BLANC-R/2009 750ML C/PATRONAL,925.00 USD (x1),925.00 USD (x1),https://www.super99.com/10093886-sauvignon-blanc-r-2009-750ml-c-patronal
"Cervezas, Vinos y Licores",Cabernet Sauvignon 750ml C/Patronales,675.00 USD (x1),675.00 USD (x1),https://www.super99.com/10093895-cabernet-sauvignon-750ml-c-patronales
"Cervezas, Vinos y Licores",PAULANER CERVEZA HEFE W 20/500 ML,279.00 USD (x1),279.00 USD (x1),https://www.super99.com/10100473-paulaner-cerveza-hefe-w-20-500-ml
"Cervezas, Vinos y Licores",CLM TOMATO COCK 32Z,425.00 USD (x1),425.00 USD (x1),https://www.super99.com/10100836-clm-tomato-cock-32z
"Cervezas, Vinos y Licores",Mr and Mrs T Sweet and Sour 33.8Oz,559.00 USD (x1),559.00 USD (x1),https://www.super99.com/10100896-mr-and-mrs-t-sweet-and-sour-33-8oz
"Cervezas, Vinos y Licores",Sanson Vino Botella 1 L,949.00 USD (x1),949.00 USD (x1),https://www.super99.com/10100966-cerveza-atlas-12oz
"Cervezas, Vinos y Licores",VINO SANSON BOTELLA 12/1 BOTELLA,789.00 USD (x1),789.00 USD (x1),https://www.super99.com/10101036-12-pack-cerveza-pana
"Cervezas, Vinos y Licores",Cuervo Margarita Mix 1 Litro,689.00 USD (x1),689.00 USD (x1),https://www.super99.com/10101080-cuervo-margarita-mix-1-litro
"Cervezas, Vinos y Licores",De Kuyper Menta Blanca 700ml,1149.00 USD (x1),1149.00 USD (x1),https://www.super99.com/10101081-de-kuyper-menta-blanca-700ml
"Cervezas, Vinos y Licores",VINO CONCHA/TORO FRONTERA TINTO 1/2,1199.00 USD (x1),1199.00 USD (x1),https://www.super99.com/10101111-vino-concha-toro-frontera-tinto-1-2
"Cervezas, Vinos y Licores",MARQUEZ CASA CONCHA,1049.00 USD (x1),1459.00 USD (x1),https://www.super99.com/10101116-marquez-casa-concha
"Cervezas, Vinos y Licores",MARQUES CASA CONCHA,1049.00 USD (x1),1459.00 USD (x1),https://www.super99.com/10101117-marques-casa-concha
"Cervezas, Vinos y Licores",VINO CONCHA/TORO FRONTERA BCO.1/2GL,1199.00 USD (x1),1199.00 USD (x1),https://www.super99.com/10101124-vino-concha-toro-frontera-bco-1-2gl
"Cervezas, Vinos y Licores",TETRAPACK CLOS PIRQU,355.00 USD (x1),355.00 USD (x1),https://www.super99.com/10101125-tetrapack-clos-pirqu
"Cervezas, Vinos y Licores",TETRAPAK CLOS DE PIR,355.00 USD (x1),355.00 USD (x1),https://www.super99.com/10101129-tetrapak-clos-de-pir
"Cervezas, Vinos y Licores",Manischewitz Vino Concord Grape Botella 750ml,579.00 USD (x1),579.00 USD (x1),https://www.super99.com/10101148-manischewitz-vino-concord-grape-botella-750ml
"Cervezas, Vinos y Licores",MD 20/20 Peaches and Cream Botella,569.00 USD (x1),569.00 USD (x1),https://www.super99.com/10101179-md-20-20-peaches-and-cream-botella
"Cervezas, Vinos y Licores",VINO ARBOR MIST STRAWB/WHITE Z.BOT.,509.00 USD (x1),509.00 USD (x1),https://www.super99.com/10101191-vino-arbor-mist-strawb-white-z-bot
"Cervezas, Vinos y Licores",VODKA FINLANDIA 1/2 BOTELLA,899.00 USD (x1),899.00 USD (x1),https://www.super99.com/10101201-vodka-finlandia-1-2-botella
"Cervezas, Vinos y Licores",MD 20/20 Blue Raspberry Botella,569.00 USD (x1),569.00 USD (x1),https://www.super99.com/10101209-md-20-20-blue-raspberry-botella
"Cervezas, Vinos y Licores",MD 20/20 Orange Jubilee Botella,569.00 USD (x1),569.00 USD (x1),https://www.super99.com/10101219-md-20-20-orange-jubilee-botella
"Cervezas, Vinos y Licores",MD 20/20 Banana Red Botella,569.00 USD (x1),569.00 USD (x1),https://www.super99.com/10101227-md-20-20-banana-red-botella
"Cervezas, Vinos y Licores",Mr and Mrs T Margarita Mix 33.8Oz,559.00 USD (x1),559.00 USD (x1),https://www.super99.com/10101263-mr-and-mrs-t-margarita-mix-33-8oz
"Cervezas, Vinos y Licores",MD 20/20 Strawberry Kiwi 750ml,569.00 USD (x1),569.00 USD (x1),https://www.super99.com/10101265-md-20-20-strawberry-kiwi-750ml
"Cervezas, Vinos y Licores",VINO CLOS CARMENERE TETRA /1 LT.,355.00 USD (x1),355.00 USD (x1),https://www.super99.com/10101325-vino-clos-carmenere-tetra-1-lt
"Cervezas, Vinos y Licores",VINO MARQUES RISCAL RESERVA 12/1 BT,2469.00 USD (x1),2469.00 USD (x1),https://www.super99.com/10101367-vino-marques-riscal-reserva-12-1-bt
"Cervezas, Vinos y Licores",VINO TRIVENTO RESERV,749.00 USD (x1),919.00 USD (x1),https://www.super99.com/10101393-vino-trivento-reserv
"Cervezas, Vinos y Licores",RON BACARDI CARTA BLANCA 24/200 ML,339.00 USD (x1),339.00 USD (x1),https://www.super99.com/10101420-ron-bacardi-carta-blanca-24-200-ml
"Cervezas, Vinos y Licores",Jerez Tio Pepe 1 Botella,145.00 USD (x1),145.00 USD (x1),https://www.super99.com/10103772-jerez-tio-pepe-1-botella
"Cervezas, Vinos y Licores",SMIRNOFF APPLE TWIST,1299.00 USD (x1),1299.00 USD (x1),https://www.super99.com/10103776-smirnoff-apple-twist
"Cervezas, Vinos y Licores",Jhonnie Walker Black 1L Caja,4749.00 USD (x1),4749.00 USD (x1),https://www.super99.com/10103808-jhonnie-walker-black-1l-caja
"Cervezas, Vinos y Licores",GORDONS DRY GIN BOT,1459.00 USD (x1),1459.00 USD (x1),https://www.super99.com/10103823-gordons-dry-gin-bot
"Cervezas, Vinos y Licores",Sidra Cima Extra 700Ml.,339.00 USD (x1),339.00 USD (x1),https://www.super99.com/10103845-sidra-cima-extra-700ml
"Cervezas, Vinos y Licores",B&G Merlot Bordeaux Rou 1 Botella,759.00 USD (x1),759.00 USD (x1),https://www.super99.com/10103859-b-g-merlot-bordeaux-rou-1-botella
"Cervezas, Vinos y Licores",Cuba Libre Original 355ml,125.00 USD (x1),125.00 USD (x1),https://www.super99.com/10103883-cuba-libre-original-355ml
"Cervezas, Vinos y Licores",Baileys Original Irish Cream 1/2 Botella,1199.00 USD (x1),1199.00 USD (x1),https://www.super99.com/10103911-baileys-original-irish-cream-1-2-botella
"Cervezas, Vinos y Licores",TEQUILA EL JIMADOR R,1959.00 USD (x1),1959.00 USD (x1),https://www.super99.com/10103916-tequila-el-jimador-r
"Cervezas, Vinos y Licores",Sarmientos De Tarapaca Sauvignon Blanc 750 ml 1 botella,499.00 USD (x1),499.00 USD (x1),https://www.super99.com/10103918-sarmientos-de-tarapaca-sauvignon-blanc-750-ml-1-botella
"Cervezas, Vinos y Licores",SARMIENTOS TARAPACA CAB/SAUVIG.BOT,489.00 USD (x1),489.00 USD (x1),https://www.super99.com/10103919-sarmientos-tarapaca-cab-sauvig-bot
"Cervezas, Vinos y Licores",Brandy Toores 10 Botella,1849.00 USD (x1),1849.00 USD (x1),https://www.super99.com/10105525-brandy-toores-10-botella
"Cervezas, Vinos y Licores",TEQUILA PATRON SILVER 12/1 BOTELLA,5799.00 USD (x1),5799.00 USD (x1),https://www.super99.com/10105527-tequila-patron-silver-12-1-botella
"Cervezas, Vinos y Licores",COUSI¥O MACUL ANTIGU,1249.00 USD (x1),1249.00 USD (x1),https://www.super99.com/10105566-cousi-o-macul-antigu
"Cervezas, Vinos y Licores",WHISKY MAKERS MARK BOTELLA 750 ML,3499.00 USD (x1),3499.00 USD (x1),https://www.super99.com/10105605-whisky-makers-mark-botella-750-ml
"Cervezas, Vinos y Licores",Ballantines Finest 1 Botella,2149.00 USD (x1),2149.00 USD (x1),https://www.super99.com/10105645-ballantines-finest-1-botella
"Cervezas, Vinos y Licores",Ballantines Gold Seal 1 Botella,2949.00 USD (x1),2949.00 USD (x1),https://www.super99.com/10105647-ballantines-gold-seal-1-botella
"Cervezas, Vinos y Licores",PASSPORT SCOTCH WHISKIE BOTELLA,1299.00 USD (x1),1299.00 USD (x1),https://www.super99.com/10105700-passport-scotch-whiskie-botella
"Cervezas, Vinos y Licores",VINO MARQUES DE CACE,1049.00 USD (x1),1049.00 USD (x1),https://www.super99.com/10105730-vino-marques-de-cace
"Cervezas, Vinos y Licores",VINO GRAN CORONAS SECO RES.BOTELLA,1699.00 USD (x1),1699.00 USD (x1),https://www.super99.com/10105751-vino-gran-coronas-seco-res-botella
"Cervezas, Vinos y Licores",WELCHS SPARKLING RED GRAPE 12/25OZ,499.00 USD (x1),499.00 USD (x1),https://www.super99.com/10118429-welchs-sparkling-red-grape-12-25oz
"Cervezas, Vinos y Licores",Mitjans Licor Amaretto 700ml,1049.00 USD (x1),1049.00 USD (x1),https://www.super99.com/10124460-mitjans-licor-amaretto-700ml
"Cervezas, Vinos y Licores",VINO EL COTO CRIANZA,1215.00 USD (x1),1429.00 USD (x1),https://www.super99.com/10124567-vino-el-coto-crianza
"Cervezas, Vinos y Licores",Kedem Spark Grape Juice sin Alcohol 750ml,45.00 USD (x1),45.00 USD (x1),https://www.super99.com/10129215-kedem-spark-grape-juice-sin-alcohol-750ml
"Cervezas, Vinos y Licores",Flor De Caña Ron Añejo Oro 750ml,1049.00 USD (x1),1049.00 USD (x1),https://www.super99.com/10136643-flor-de-cana-ron-anejo-oro-750ml
"Cervezas, Vinos y Licores",Flor De Caña Ron Añejo Gold 1/2 Botella,579.00 USD (x1),579.00 USD (x1),https://www.super99.com/10136646-flor-de-cana-ron-anejo-gold-1-2-botella
"Cervezas, Vinos y Licores",Flor De Caña Ron Añejo Oro 1/2 Galon,2149.00 USD (x1),2149.00 USD (x1),https://www.super99.com/10136648-flor-de-cana-ron-anejo-oro-1-2-galon
"Cervezas, Vinos y Licores",Flor De Caña Ron Gran Reserva 375ml,1059.00 USD (x1),1059.00 USD (x1),https://www.super99.com/10136652-flor-de-cana-ron-gran-reserva-375ml
"Cervezas, Vinos y Licores",Cerveza Erdinger Weisbier Oktoberf 500,33.00 USD (x1),33.00 USD (x1),https://www.super99.com/10138425-cerveza-erdinger-weisbier-oktoberf-500
"Cervezas, Vinos y Licores",Ponche De Huevo Estilo Casero Bonlac 800 Ml,255.00 USD (x1),255.00 USD (x1),https://www.super99.com/10140675-bonlac-ponche-huevo-e-casero-800-ml
"Cervezas, Vinos y Licores",Don Simon Vino Cabernet Sauvignon Tetra 1L,395.00 USD (x1),395.00 USD (x1),https://www.super99.com/10141629-don-simon-vino-cabernet-sauvignon-tetra-1l
"Cervezas, Vinos y Licores",Don Simon Vino Tinto Tetra 1L,399.00 USD (x1),399.00 USD (x1),https://www.super99.com/10141632-don-simon-vino-tinto-tetra-1l
"Cervezas, Vinos y Licores",Heineken Cerveza Botella 330ml,112.00 USD (x1),112.00 USD (x1),https://www.super99.com/10149173-heineken-cerveza-botella-330ml
"Cervezas, Vinos y Licores",Cinzano Blanco Vermounth 750ml,1149.00 USD (x1),1149.00 USD (x1),https://www.super99.com/10149339-cinzano-blanco-vermounth-750ml
"Cervezas, Vinos y Licores",Campari Bitter 750Ml,1999.00 USD (x1),1999.00 USD (x1),https://www.super99.com/10149353-campari-bitter-750ml
"Cervezas, Vinos y Licores",VICEROY LIGHTS 10/20 UNIDADES,479.00 USD (x1),479.00 USD (x1),https://www.super99.com/10149765-viceroy-lights-10-20-unidades
"Cervezas, Vinos y Licores",PEÑASOL VINO TINTO 1LT,425.00 USD (x1),425.00 USD (x1),https://www.super99.com/10149774-penasol-vino-tinto-1lt
"Cervezas, Vinos y Licores",WHISKY CANCELER 1LT,1059.00 USD (x1),1059.00 USD (x1),https://www.super99.com/10149991-whisky-canceler-1lt
"Cervezas, Vinos y Licores",RON VIEJO DE CALDAS 8 AÑOS BOTELLA,2699.00 USD (x1),2699.00 USD (x1),https://www.super99.com/10150272-ron-viejo-de-caldas-8-anos-botella
"Cervezas, Vinos y Licores",Mr Boston Amaretto 1 Litro,949.00 USD (x1),949.00 USD (x1),https://www.super99.com/10152797-mr-boston-amaretto-1-litro
"Cervezas, Vinos y Licores",VINO LAN RESERVA TINTO RIOJA 750 ML,2179.00 USD (x1),2179.00 USD (x1),https://www.super99.com/20005168-vino-lan-reserva-tinto-rioja-750-ml
"Cervezas, Vinos y Licores",MISIONES DE RENGO VINO MERLOT 750 ML 7808704700140,57.00 USD (x1),57.00 USD (x1),https://www.super99.com/20008284-misiones-de-rengo-vino-merlot-750-ml-7808704700140
"Cervezas, Vinos y Licores",VLL SIDRA ROSA 700ML,299.00 USD (x1),299.00 USD (x1),https://www.super99.com/20012168-vll-sidra-rosa-700ml
"Cervezas, Vinos y Licores",PAULANER OKTOBERFEST BOT 20/500ML,279.00 USD (x1),279.00 USD (x1),https://www.super99.com/20013862-paulaner-oktoberfest-bot-20-500ml
"Cervezas, Vinos y Licores",RON MEDELLIN AÑEJO 2000 ML,3099.00 USD (x1),3099.00 USD (x1),https://www.super99.com/20015034-ron-medellin-anejo-2000-ml
"Cervezas, Vinos y Licores",COUSINO MACUL CARMENERE,779.00 USD (x1),779.00 USD (x1),https://www.super99.com/20015520-cousino-macul-carmenere
"Cervezas, Vinos y Licores",Cerveza Estrella Damm Botella 330ml,159.00 USD (x1),159.00 USD (x1),https://www.super99.com/20021867-cerveza-estrella-damm-botella-330ml
"Cervezas, Vinos y Licores",RON DIPLOMATICO EXCLUSIVA,3999.00 USD (x1),3999.00 USD (x1),https://www.super99.com/20023222-ron-diplomatico-exclusiva
"Cervezas, Vinos y Licores",Martini Asti Espumoso 750ml,1615.00 USD (x1),1615.00 USD (x1),https://www.super99.com/20023813-martini-asti-espumoso-750ml
"Cervezas, Vinos y Licores",VINO FUZION CHARDONNAY 750M,625.00 USD (x1),625.00 USD (x1),https://www.super99.com/20025672-vino-fuzion-chardonnay-750m
"Cervezas, Vinos y Licores",VINO ESPUMANTE ZONIN PROSECCO CUVE BOT,1299.00 USD (x1),1299.00 USD (x1),https://www.super99.com/20026467-vino-espumante-zonin-prosecco-cuve-bot
"Cervezas, Vinos y Licores",MARLBORO BLUE ICE,619.00 USD (x1),619.00 USD (x1),https://www.super99.com/20026680-marlboro-blue-ice
"Cervezas, Vinos y Licores",VINO MONTE CLASSIC RES.CHARDONAY BOT.,1049.00 USD (x1),1049.00 USD (x1),https://www.super99.com/20031679-vino-monte-classic-res-chardonay-bot
"Cervezas, Vinos y Licores",Manischewitz Concord Grape 1.5L,1099.00 USD (x1),1099.00 USD (x1),https://www.super99.com/20034079-manischewitz-concord-grape-1-5l
"Cervezas, Vinos y Licores",SECO SL PREMIUM 6/1750 ML (1/2 GALON),1599.00 USD (x1),1599.00 USD (x1),https://www.super99.com/20035663-seco-sl-premium-6-1750-ml-1-2-galon
"Cervezas, Vinos y Licores",Martini Prosecco Sparkling Wine 750ml,1599.00 USD (x1),1599.00 USD (x1),https://www.super99.com/20036791-martini-prosecco-sparkling-wine-750ml
"Cervezas, Vinos y Licores",Cerveza Voll Damm Botella 330ml,169.00 USD (x1),169.00 USD (x1),https://www.super99.com/20045151-cerveza-voll-damm-botella-330ml
"Cervezas, Vinos y Licores",Ginebra Hendricks 700ml,3549.00 USD (x1),3549.00 USD (x1),https://www.super99.com/20045700-ginebra-hendricks-700ml
"Cervezas, Vinos y Licores",CHAMPANA posecco mionetto,1399.00 USD (x1),1399.00 USD (x1),https://www.super99.com/20046221-champana-posecco-mionetto
"Cervezas, Vinos y Licores",VINO CATENA ANGELICA ZAPATA 750 ML.,4199.00 USD (x1),4199.00 USD (x1),https://www.super99.com/20046229-vino-catena-angelica-zapata-750-ml
"Cervezas, Vinos y Licores",BULLDOG LONDON DRY GIN 750ML,3399.00 USD (x1),3399.00 USD (x1),https://www.super99.com/20048729-bulldog-london-dry-gin-750ml
"Cervezas, Vinos y Licores",PENASOL SANGRIA 1500ML,519.00 USD (x1),519.00 USD (x1),https://www.super99.com/20053799-penasol-sangria-1500ml
"Cervezas, Vinos y Licores",Licor 43 750ml,2479.00 USD (x1),2479.00 USD (x1),https://www.super99.com/20062030-licor-43-750ml
"Cervezas, Vinos y Licores",Cerveza Belgian Kriek Cherry Botella 330 Ml,275.00 USD (x1),275.00 USD (x1),https://www.super99.com/20063510-cerveza-belgian-kriek-cherry-botella-330-ml
"Cervezas, Vinos y Licores",Cerveza Hofbrau Original Botella 330ml,225.00 USD (x1),225.00 USD (x1),https://www.super99.com/20063518-cerveza-hofbrau-original-botella-330ml
"Cervezas, Vinos y Licores",Brugal Ron Añejo Superior 750 Ml.,1349.00 USD (x1),1349.00 USD (x1),https://www.super99.com/20063804-brugal-ron-anejo-superior-750-ml
"Cervezas, Vinos y Licores",Finca Las Moras Vino Malbec 750ml,679.00 USD (x1),679.00 USD (x1),https://www.super99.com/20065554-finca-las-moras-vino-malbec-750ml
"Cervezas, Vinos y Licores",Iberia Red Vino Cocina 750ml,339.00 USD (x1),339.00 USD (x1),https://www.super99.com/20073384-iberia-red-vino-cocina-12-750-ml
"Cervezas, Vinos y Licores",Cerveza Oranjeboom Premium 330ml,79.00 USD (x1),79.00 USD (x1),https://www.super99.com/20079094-cerveza-oranjeboom-premium-330ml
"Cervezas, Vinos y Licores",Bailys Espresso Creme 750ml,2259.00 USD (x1),2259.00 USD (x1),https://www.super99.com/20081467-bailys-espresso-creme-750ml
"Cervezas, Vinos y Licores",VALDIVIESO NVY PASSION FRUIT 750ML,899.00 USD (x1),899.00 USD (x1),https://www.super99.com/20085560-valdivieso-nvy-passion-fruit-750ml
"Cervezas, Vinos y Licores",RON BARCELO DORADO AÑEJO 750ML,1049.00 USD (x1),1049.00 USD (x1),https://www.super99.com/20086966-ron-barcelo-dorado-anejo-750ml
"Cervezas, Vinos y Licores",STA RITA VINO 3 MEDALLAS CHARDONNAY 750M,549.00 USD (x1),549.00 USD (x1),https://www.super99.com/20087712-sta-rita-vino-3-medallas-chardonnay-750m
"Cervezas, Vinos y Licores",SMIRNOFF GUARANA BOT,139.00 USD (x1),139.00 USD (x1),https://www.super99.com/20091748-smirnoff-guarana-bot
"Cervezas, Vinos y Licores",Flor De Caña Ron Centenario 25 Año 750ml,18499.00 USD (x1),18499.00 USD (x1),https://www.super99.com/20092214-flor-de-cana-ron-centenario-25-ano-750ml
"Cervezas, Vinos y Licores",12PK COORS LIGHT 10OZ,989.00 USD (x1),989.00 USD (x1),https://www.super99.com/20092971-12pk-coors-light-10oz
"Cervezas, Vinos y Licores",PERONI CERV NASTRO,159.00 USD (x1),159.00 USD (x1),https://www.super99.com/20095612-peroni-cerv-nastro
"Cervezas, Vinos y Licores",Cerveza Clandestina Ley Seca Artesanal 355m,215.00 USD (x1),215.00 USD (x1),https://www.super99.com/20097506-cerveza-clandestina-ley-seca-artesanal-355m
"Cervezas, Vinos y Licores",Flor De Caña Ron Spresso 750ml,1999.00 USD (x1),1999.00 USD (x1),https://www.super99.com/20097706-flor-de-cana-ron-spresso-750ml
"Cervezas, Vinos y Licores",RON VIEJO DE CALDAS 5 AÑOS 750ML,1619.00 USD (x1),1619.00 USD (x1),https://www.super99.com/20097836-ron-viejo-calda-5ano-750ml
"Cervezas, Vinos y Licores",Mancura Vino Merlot 750ml,489.00 USD (x1),489.00 USD (x1),https://www.super99.com/20099209-mancura-vino-merlot-750ml
"Cervezas, Vinos y Licores",JW 18 YEARS 750ML,7699.00 USD (x1),7699.00 USD (x1),https://www.super99.com/20100014-jw-18-years-750ml
"Cervezas, Vinos y Licores",DIABLO DARK RED VINO 750ML,995.00 USD (x1),1295.00 USD (x1),https://www.super99.com/20101008-diablo-dark-red-vino-750ml
"Cervezas, Vinos y Licores",GLENLIVET FOUNDERS RESERVE 80,3499.00 USD (x1),3499.00 USD (x1),https://www.super99.com/20102502-glenlivet-founders-reserve-80
"Cervezas, Vinos y Licores",VILARNAU VINO BARCELONA SLEEV BRUT 750ML,1099.00 USD (x1),1099.00 USD (x1),https://www.super99.com/20103959-vilarnau-vino-barcelona-sleev-brut-750ml
"Cervezas, Vinos y Licores",Alma Mora Vino Pinot Grigio 750ml,939.00 USD (x1),939.00 USD (x1),https://www.super99.com/20104379-alma-mora-vino-pinot-grigio-750ml
"Cervezas, Vinos y Licores",ROMEO Y JULIETA BLANCO 750ML,1147.00 USD (x1),1349.00 USD (x1),https://www.super99.com/20104404-romeo-y-julieta-blanco-750ml
"Cervezas, Vinos y Licores",ESPU ROMEO Y JULIETA ROSA 750ML,892.00 USD (x1),1049.00 USD (x1),https://www.super99.com/20104407-espu-romeo-y-julieta-rosa-750ml
"Cervezas, Vinos y Licores",Modelo Especial Cerveza Botella 355ml,125.00 USD (x1),125.00 USD (x1),https://www.super99.com/20104799-modelo-especial-cerveza-botella-355ml
"Cervezas, Vinos y Licores",La Rana Dorada Gand Cru Lata 12oz,239.00 USD (x1),239.00 USD (x1),https://www.super99.com/20107210-la-rana-dorada-gand-cru-lata-12oz
"Cervezas, Vinos y Licores",PRISTINA LAMBRUSCO VINO ROSATO 750ML,629.00 USD (x1),629.00 USD (x1),https://www.super99.com/20147149-pristina-lambrusco-vino-rosato-750ml
"Cervezas, Vinos y Licores",PRISTINA LAMBRUSCO VINO ROSSO DOLC 750ML,629.00 USD (x1),629.00 USD (x1),https://www.super99.com/20147150-pristina-lambrusco-vino-rosso-dolc-750ml
"Cervezas, Vinos y Licores",SMRF IC LIMA LMN 350ML,139.00 USD (x1),139.00 USD (x1),https://www.super99.com/20150030-smrf-ic-lima-lmn-350ml
"Cervezas, Vinos y Licores",Espadafor Sangria Premiun 1lt,475.00 USD (x1),475.00 USD (x1),https://www.super99.com/20150128-espadafor-sangria-premiun-1lt
"Cervezas, Vinos y Licores",Blade Sidra Manzana Free Sugar 20/33cl,15.00 USD (x1),15.00 USD (x1),https://www.super99.com/20150140-blade-sidra-manzana-free-sugar-20-33cl
"Cervezas, Vinos y Licores",JACK&COKE BEBI ALCOH GASI 6/350ML,199.00 USD (x1),199.00 USD (x1),https://www.super99.com/20150859-jack-coke-bebi-alcoh-gasi-6-350ml
"Cervezas, Vinos y Licores",Knock Knock Red Blend 750ml,499.00 USD (x1),499.00 USD (x1),https://www.super99.com/20151297-knock-knock-red-blend-750ml
"Cervezas, Vinos y Licores",Campules Vino Blanco La Rubia 750ml,499.00 USD (x1),499.00 USD (x1),https://www.super99.com/20151321-campules-vino-blanco-la-rubia-750ml
"Cervezas, Vinos y Licores",RON DON PANCHO 8 AÑOS 40% 6/750ML,3599.00 USD (x1),3599.00 USD (x1),https://www.super99.com/20152062-ron-don-pancho-8-anos-40-6-750ml
"Cervezas, Vinos y Licores",FIREBALL WHISKY 375!ML,575.00 USD (x1),575.00 USD (x1),https://www.super99.com/20152394-fireball-whisky-375-ml
"Cervezas, Vinos y Licores",Aldor Vino Tinto Joven Do Toro 750ml,899.00 USD (x1),899.00 USD (x1),https://www.super99.com/20153376-vino-tinto-joven-do-toro-750ml
"Cervezas, Vinos y Licores",CUTWATER MARGARITA LIMON 12.5%AL 24/12OZ,399.00 USD (x1),399.00 USD (x1),https://www.super99.com/20155738-cutwater-margarita-limon-12-5-al-24-12oz
"Cervezas, Vinos y Licores",Bacardi and Coca Cola 355ml,129.00 USD (x1),129.00 USD (x1),https://www.super99.com/20156204-bacardi-coca-cola-6-355-ml
"Cervezas, Vinos y Licores",24 ICE MOJITO 0.0% 6/5PK,499.00 USD (x1),499.00 USD (x1),https://www.super99.com/20157408-24-ice-mojito-0-0-6-5pk
"Cervezas, Vinos y Licores",LA PALMA VINO SPARKLING ROSE 6/750ML,699.00 USD (x1),699.00 USD (x1),https://www.super99.com/20159921-la-palma-vino-sparkling-rose-6-750ml
"Cervezas, Vinos y Licores",LA PALMA VINO CABERNET SAUVIGNON 750ML,499.00 USD (x1),499.00 USD (x1),https://www.super99.com/20159924-la-palma-vino-cabernet-sauvignon-750ml
"Cervezas, Vinos y Licores",DON RECA CUVEE VINO 6/750ML,1799.00 USD (x1),1799.00 USD (x1),https://www.super99.com/20159925-don-reca-cuvee-vino-6-750ml
"Cervezas, Vinos y Licores",LA PALMA VINO RESERVA CHARDONNAY 6/750ML,65.00 USD (x1),65.00 USD (x1),https://www.super99.com/20159926-la-palma-vino-reserva-chardonnay-6-750ml
"Cervezas, Vinos y Licores",Erdinger Set De Vaso + 2 Cervezas,1029.00 USD (x1),1029.00 USD (x1),https://www.super99.com/10034856-erdinger-set-de-vaso-2-cervezas
"Cervezas, Vinos y Licores",VINO TWO OCEANS CHARDONNAY BOTELLA,1049.00 USD (x1),1049.00 USD (x1),https://www.super99.com/10035551-vino-two-oceans-chardonnay-botella
"Cervezas, Vinos y Licores",MILLER 6PK DRAFT BOT,725.00 USD (x1),725.00 USD (x1),https://www.super99.com/10036040-miller-6pk-draft-bot
"Cervezas, Vinos y Licores",VINO TRAPICHE ROBLE MALBEC 6/750ML,1049.00 USD (x1),1049.00 USD (x1),https://www.super99.com/10036148-vino-trapiche-roble-malbec-6-750ml
"Cervezas, Vinos y Licores",VINO SEPTIMA MALBEC 12/750 ML,1199.00 USD (x1),1199.00 USD (x1),https://www.super99.com/10036154-vino-septima-malbec-12-750-ml
"Cervezas, Vinos y Licores",VINO MARQUES RISCAL TINTO 750ML,999.00 USD (x1),999.00 USD (x1),https://www.super99.com/10036157-vino-marques-riscal-tinto-750ml
"Cervezas, Vinos y Licores",Clos De Pirque Cabernet Sauvignon 2L,645.00 USD (x1),645.00 USD (x1),https://www.super99.com/10036161-clos-de-pirque-cabernet-sauvignon-2l
"Cervezas, Vinos y Licores",CERVEZA BAVARIA SIN,89.00 USD (x1),99.00 USD (x1),https://www.super99.com/10052788-cerveza-bavaria-sin
"Cervezas, Vinos y Licores",VODKA UV 80 X 10 750 ML,115.00 USD (x1),115.00 USD (x1),https://www.super99.com/10065951-vodka-uv-80-x-10-750-ml
"Cervezas, Vinos y Licores",Cerveza Bitburger Premium Botella 330ml,17.00 USD (x1),17.00 USD (x1),https://www.super99.com/10070181-cerveza-bitburger-premium-botella-330ml
"Cervezas, Vinos y Licores",Cerveza Erdinger Weissbier Dunkel,335.00 USD (x1),335.00 USD (x1),https://www.super99.com/10070193-cerveza-erdinger-weissbier-dunkel
"Cervezas, Vinos y Licores",Cerveza Trio Extra Stout Botella 330ml,14.00 USD (x1),14.00 USD (x1),https://www.super99.com/10070197-cerveza-trio-extra-stout-botella-330ml
"Cervezas, Vinos y Licores",Mythos Cerveza Botella 330ml,169.00 USD (x1),169.00 USD (x1),https://www.super99.com/10070199-mythos-cerveza-botella-330ml
"Cervezas, Vinos y Licores",Cerveza Oranjeboon 12% 500ml,169.00 USD (x1),169.00 USD (x1),https://www.super99.com/10070207-cerveza-oranjeboon-12-500ml
"Cervezas, Vinos y Licores",VINO MERLOT GATO NEG,447.00 USD (x1),559.00 USD (x1),https://www.super99.com/10072225-vino-merlot-gato-neg
"Cervezas, Vinos y Licores",VINO DOLCE VITA PEACH S/ALCOHOL BOT,459.00 USD (x1),459.00 USD (x1),https://www.super99.com/10074698-vino-dolce-vita-peach-s-alcohol-bot
"Cervezas, Vinos y Licores",Dolce Vita Red Grape 1 Botella,459.00 USD (x1),459.00 USD (x1),https://www.super99.com/10074699-dolce-vita-red-grape-1-botella
"Cervezas, Vinos y Licores",Dolce Vita Strawberry sin Alcohol 1 Bt,459.00 USD (x1),459.00 USD (x1),https://www.super99.com/10074700-dolce-vita-strawberry-sin-alcohol-1-bt
"Cervezas, Vinos y Licores",Dolce Vita Apple 1 Botella,459.00 USD (x1),459.00 USD (x1),https://www.super99.com/10074701-dolce-vita-apple-1-botella
"Cervezas, Vinos y Licores",Apple Time (Sin Alcohol) Botella,425.00 USD (x1),425.00 USD (x1),https://www.super99.com/10074718-apple-time-sin-alcohol-botella
"Cervezas, Vinos y Licores",Mousseux Fruits Des Champs Botella,599.00 USD (x1),599.00 USD (x1),https://www.super99.com/10074766-mousseux-fruits-des-champs-botella
"Cervezas, Vinos y Licores",Chefoo Red Wine Original 1 Botella,439.00 USD (x1),439.00 USD (x1),https://www.super99.com/10074768-chefoo-red-wine-original-1-botella
"Cervezas, Vinos y Licores",Caribe Ponche 1/2 Botella 375ml.,929.00 USD (x1),929.00 USD (x1),https://www.super99.com/10074771-caribe-ponche-1-2-botella-375ml
"Cervezas, Vinos y Licores",VINO TONICO AQUILES 12/1 LITRO,929.00 USD (x1),929.00 USD (x1),https://www.super99.com/10074777-vino-tonico-aquiles-12-1-litro
"Cervezas, Vinos y Licores",REAL SIDRA ASTURIANA PEÑA-SANTA BOT,329.00 USD (x1),329.00 USD (x1),https://www.super99.com/10074792-real-sidra-asturiana-pena-santa-bot
"Cervezas, Vinos y Licores",STA.HELENA VINO CABERNET SAUV. 750ML,619.00 USD (x1),619.00 USD (x1),https://www.super99.com/10077666-sta-helena-vino-cabernet-sauv-750ml
"Cervezas, Vinos y Licores",STA.HELENA VINO MERLOT 750ML,609.00 USD (x1),609.00 USD (x1),https://www.super99.com/10077707-sta-helena-vino-merlot-750ml
"Cervezas, Vinos y Licores",R. MONDAVI COAST.SAUV.BLANC BOTELLA,1415.00 USD (x1),1415.00 USD (x1),https://www.super99.com/10083547-r-mondavi-coast-sauv-blanc-botella
"Cervezas, Vinos y Licores",VINO NORTON ROSADO BOTELLA,999.00 USD (x1),999.00 USD (x1),https://www.super99.com/10084717-vino-norton-rosado-botella
"Cervezas, Vinos y Licores",Brandy Saint Remy Napoleon 750 Ml,1725.00 USD (x1),1725.00 USD (x1),https://www.super99.com/10084736-brandy-saint-remy-napoleon-750-ml
"Cervezas, Vinos y Licores",Vodka Stolichnaya Gold 750 Ml,255.00 USD (x1),255.00 USD (x1),https://www.super99.com/10084742-vodka-stolichnaya-gold-750-ml
"Cervezas, Vinos y Licores",AGUARDIE ANTIQ 750ML,1126.00 USD (x1),1325.00 USD (x1),https://www.super99.com/10084745-aguardie-antiq-750ml
"Cervezas, Vinos y Licores",Antioqueño Aguardiente 375 Ml,729.00 USD (x1),729.00 USD (x1),https://www.super99.com/10084746-antioqueno-aguardiente-375-ml
"Cervezas, Vinos y Licores",VINO RUTINI MERLOT 750 ML,4225.00 USD (x1),4225.00 USD (x1),https://www.super99.com/10084753-vino-rutini-merlot-750-ml
"Cervezas, Vinos y Licores",VINO TWO OCEANS SHIRAZ BOTELLA,1025.00 USD (x1),1025.00 USD (x1),https://www.super99.com/10084758-vino-two-oceans-shiraz-botella
"Cervezas, Vinos y Licores",VINO RUTINI CABERNET MALBEC BOTELLA,2525.00 USD (x1),2525.00 USD (x1),https://www.super99.com/10084766-vino-rutini-cabernet-malbec-botella
"Cervezas, Vinos y Licores",VINO RUTINI TRUMPETER SYRAH BOTELLA,1459.00 USD (x1),1459.00 USD (x1),https://www.super99.com/10084769-vino-rutini-trumpeter-syrah-botella
"Cervezas, Vinos y Licores",VINO RUTINI TRUMPETER MALBEC BOT.,1459.00 USD (x1),1459.00 USD (x1),https://www.super99.com/10084770-vino-rutini-trumpeter-malbec-bot
"Cervezas, Vinos y Licores",VINO SAN FELIPE CAB/SAUVIGNON UNID,909.00 USD (x1),909.00 USD (x1),https://www.super99.com/10084773-vino-san-felipe-cab-sauvignon-unid
"Cervezas, Vinos y Licores",VINO SAN FELIPE MALBEC ROBLE UND.,909.00 USD (x1),909.00 USD (x1),https://www.super99.com/10084774-vino-san-felipe-malbec-roble-und
"Cervezas, Vinos y Licores",VINO SAN FELIPE SYRAH. UNID,889.00 USD (x1),889.00 USD (x1),https://www.super99.com/10084775-vino-san-felipe-syrah-unid
"Cervezas, Vinos y Licores",VINO SAN FELIPE CHARDONNAY UNID.,909.00 USD (x1),909.00 USD (x1),https://www.super99.com/10084776-vino-san-felipe-chardonnay-unid
"Cervezas, Vinos y Licores",Cerveza Bavaria Premium Lata 330,109.00 USD (x1),109.00 USD (x1),https://www.super99.com/10084779-cerveza-bavaria-premium-lata-330
"Cervezas, Vinos y Licores",Cerveza Holandia Lata 330ml,85.00 USD (x1),85.00 USD (x1),https://www.super99.com/10084783-cerveza-holandia-lata-330ml
"Cervezas, Vinos y Licores",VINO NORTON MALBEC DOC (ROBLE) BOT.,1439.00 USD (x1),1439.00 USD (x1),https://www.super99.com/10084791-vino-norton-malbec-doc-roble-bot
"Cervezas, Vinos y Licores",VODKA STOLICHNAYA 24X1/2 BOTELLA,839.00 USD (x1),839.00 USD (x1),https://www.super99.com/10084793-vodka-stolichnaya-24x1-2-botella
"Cervezas, Vinos y Licores",VODKA STOLICHNAYA MEDIO GLN,27.00 USD (x1),3375.00 USD (x1),https://www.super99.com/10084794-vodka-stolichnaya-medio-gln
"Cervezas, Vinos y Licores",VODKA STOLICHNAYA BO,1373.00 USD (x1),1525.00 USD (x1),https://www.super99.com/10084797-vodka-stolichnaya-bo
"Cervezas, Vinos y Licores",VODKA STOLICHNAYA 12/1000 ML,1975.00 USD (x1),1975.00 USD (x1),https://www.super99.com/10084798-vodka-stolichnaya-12-1000-ml
"Cervezas, Vinos y Licores",Amarula Cream 375 Ml (1/2 Botella),1399.00 USD (x1),1399.00 USD (x1),https://www.super99.com/10084807-amarula-cream-375-ml-1-2-botella
"Cervezas, Vinos y Licores",Amarula Fruit Cream Botella 750,1949.00 USD (x1),1949.00 USD (x1),https://www.super99.com/10084808-amarula-fruit-cream-botella-750
"Cervezas, Vinos y Licores",Champaña Piper-Heidsieck 750Ml,6525.00 USD (x1),6525.00 USD (x1),https://www.super99.com/10084812-champana-piper-heidsieck-750ml
"Cervezas, Vinos y Licores",Medellin Ron Anejo Botella 750ml,1339.00 USD (x1),1339.00 USD (x1),https://www.super99.com/10084816-medellin-ron-anejo-botella-750ml
"Cervezas, Vinos y Licores",Medellin Ron Anejo 375ml,72.00 USD (x1),72.00 USD (x1),https://www.super99.com/10084817-medellin-ron-anejo-375ml
"Cervezas, Vinos y Licores",Medellin Ron Tetra Pack 3 A#os 1L,145.00 USD (x1),145.00 USD (x1),https://www.super99.com/10084818-medellin-ron-tetra-pack-3-a-os-1l
"Cervezas, Vinos y Licores",Don Jacobo Vino Crianza 750ml,1879.00 USD (x1),1879.00 USD (x1),https://www.super99.com/10084824-don-jacobo-vino-crianza-750ml
"Cervezas, Vinos y Licores",Don Jacobo Vino Gran Reserva 750ml,4775.00 USD (x1),4775.00 USD (x1),https://www.super99.com/10084825-don-jacobo-vino-gran-reserva-750ml
"Cervezas, Vinos y Licores",Vodka Stolichnaya Naranja 750 Ml,1549.00 USD (x1),1549.00 USD (x1),https://www.super99.com/10084859-vodka-stolichnaya-naranja-750-ml
"Cervezas, Vinos y Licores",VINO TWO OCEANS PINOTAGE BOTELLA,1049.00 USD (x1),1049.00 USD (x1),https://www.super99.com/10084872-vino-two-oceans-pinotage-botella
"Cervezas, Vinos y Licores",VINO TWO OCEANS CABERNET MERLOT BOT,1049.00 USD (x1),1049.00 USD (x1),https://www.super99.com/10084873-vino-two-oceans-cabernet-merlot-bot
"Cervezas, Vinos y Licores",VINO TWO OCEANS SAUVIGNON BLANC BOT,1025.00 USD (x1),1025.00 USD (x1),https://www.super99.com/10084874-vino-two-oceans-sauvignon-blanc-bot
"Cervezas, Vinos y Licores",VINO NORTON RESERVA MALBEC BOTELLA,1739.00 USD (x1),1739.00 USD (x1),https://www.super99.com/10084876-vino-norton-reserva-malbec-botella
"Cervezas, Vinos y Licores",VINO NORTON MALBEC WHITE LABEL BOT.,999.00 USD (x1),999.00 USD (x1),https://www.super99.com/10084879-vino-norton-malbec-white-label-bot
"Cervezas, Vinos y Licores",CARTA VIEJA RON AÑEJO BOT,929.00 USD (x1),929.00 USD (x1),https://www.super99.com/10085645-carta-vieja-ron-anejo-bot
"Cervezas, Vinos y Licores",Ginebra Holandesa 1/4 Litro,175.00 USD (x1),175.00 USD (x1),https://www.super99.com/10085648-ginebra-holandesa-1-4-litro
"Cervezas, Vinos y Licores",Carta Vieja Claro 1 Litro,989.00 USD (x1),989.00 USD (x1),https://www.super99.com/10085651-carta-vieja-claro-1-litro
"Cervezas, Vinos y Licores",CARTA VIEJA CLARO 24,435.00 USD (x1),435.00 USD (x1),https://www.super99.com/10085653-carta-vieja-claro-24
"Cervezas, Vinos y Licores",Carta Vieja Extra Claro 1 Botella,869.00 USD (x1),869.00 USD (x1),https://www.super99.com/10085656-carta-vieja-extra-claro-1-botella
"Cervezas, Vinos y Licores",Carta Vieja Extra Claro 1/2 Botella,449.00 USD (x1),449.00 USD (x1),https://www.super99.com/10085657-carta-vieja-extra-claro-1-2-botella
"Cervezas, Vinos y Licores",CARTA VIEJA CLARO 48,239.00 USD (x1),239.00 USD (x1),https://www.super99.com/10085658-carta-vieja-claro-48
"Cervezas, Vinos y Licores",CERVEZAS DOS XX BOTE,139.00 USD (x1),139.00 USD (x1),https://www.super99.com/10091194-cervezas-dos-xx-bote
"Cervezas, Vinos y Licores",Cabernet Sauvignon-R/2008 750m C/Patrona,925.00 USD (x1),925.00 USD (x1),https://www.super99.com/10093884-cabernet-sauvignon-r-2008-750m-c-patrona
"Cervezas, Vinos y Licores",Cabernet Sauvignon-Carmenere Casas Patronales 750ml,925.00 USD (x1),925.00 USD (x1),https://www.super99.com/10093885-cabernet-sauvignon-carmenere-casas-patronales-750ml
"Cervezas, Vinos y Licores",PASO FINO CABERNET SAUVIGNON 750 C/PATRO,479.00 USD (x1),479.00 USD (x1),https://www.super99.com/10093890-paso-fino-cabernet-sauvignon-750-c-patro
"Cervezas, Vinos y Licores",VINO PASO FINO SAUVIGNON BLANC 750 C/PAT,479.00 USD (x1),479.00 USD (x1),https://www.super99.com/10093891-vino-paso-fino-sauvignon-blanc-750-c-pat
"Cervezas, Vinos y Licores",VINO PASO FINO CARMENERE 750M C/PATRONAL,479.00 USD (x1),479.00 USD (x1),https://www.super99.com/10093892-vino-paso-fino-carmenere-750m-c-patronal
"Cervezas, Vinos y Licores",VINO PASO FINO MERLOT BOT.750M C/PATRONA,479.00 USD (x1),479.00 USD (x1),https://www.super99.com/10093893-vino-paso-fino-merlot-bot-750m-c-patrona
"Cervezas, Vinos y Licores",Carmenere-2009 750ml Casas Patronales,675.00 USD (x1),675.00 USD (x1),https://www.super99.com/10093896-carmenere-2009-750ml-casas-patronales
"Cervezas, Vinos y Licores",Merlot Casa Patronales 750ml,675.00 USD (x1),675.00 USD (x1),https://www.super99.com/10093897-merlot-casa-patronales-750ml
"Cervezas, Vinos y Licores",SAUVIGNON BLANC-2009 750ML C/PATRON,675.00 USD (x1),675.00 USD (x1),https://www.super99.com/10093898-sauvignon-blanc-2009-750ml-c-patron
"Cervezas, Vinos y Licores",Vino Cocina El Chef Dulce 24 Oz,199.00 USD (x1),199.00 USD (x1),https://www.super99.com/10098222-vino-cocina-el-chef-dulce-12-24-oz
"Cervezas, Vinos y Licores",Vino Cocina El Chef Carnes Y Aves 10.5,95.00 USD (x1),95.00 USD (x1),https://www.super99.com/10098223-vino-cocina-el-chef-carne-aves-10-5
"Cervezas, Vinos y Licores",Vino Para Cocina El Chef Dulce 10.5,95.00 USD (x1),95.00 USD (x1),https://www.super99.com/10098225-vino-p-cocina-el-chef-dulce-24-10-5
"Cervezas, Vinos y Licores",Vino Cocina El Chef Carnes Y Ave 24,199.00 USD (x1),199.00 USD (x1),https://www.super99.com/10098227-vino-cocina-el-chef-carne-ave-12-24
"Cervezas, Vinos y Licores",Los Vascos Cabernet Sauvignon Botella,1149.00 USD (x1),1149.00 USD (x1),https://www.super99.com/10100499-los-vascos-cabernet-sauvignon-botella
"Cervezas, Vinos y Licores",Mr and Mrs T Bloody Mary 33Oz,559.00 USD (x1),559.00 USD (x1),https://www.super99.com/10100888-mr-and-mrs-t-bloody-mary-33oz
"Cervezas, Vinos y Licores",Mr and Mrs T Bloody Mary Mix Lt 5.5,109.00 USD (x1),109.00 USD (x1),https://www.super99.com/10100889-mr-and-mrs-t-bloody-mary-mix-lt-5-5
"Cervezas, Vinos y Licores",Mr and Mrs T Fresa Daiquiri 33.8,559.00 USD (x1),559.00 USD (x1),https://www.super99.com/10100899-mr-and-mrs-t-fresa-daiquiri-33-8
"Cervezas, Vinos y Licores",Mr and Mrs T Whisky Sour 33.8Oz 1L,559.00 USD (x1),559.00 USD (x1),https://www.super99.com/10100900-mr-and-mrs-t-whisky-sour-33-8oz-1l
"Cervezas, Vinos y Licores",Cerveza Old Milwaukee Light,72.00 USD (x1),72.00 USD (x1),https://www.super99.com/10100967-cerveza-old-milwaukee-light
"Cervezas, Vinos y Licores",Cavit Pinot Grigio 1 Botella,1099.00 USD (x1),1099.00 USD (x1),https://www.super99.com/10100968-cavit-pinot-grigio-1-botella
"Cervezas, Vinos y Licores",De Kuyper Piña Colada 700ml,779.00 USD (x1),779.00 USD (x1),https://www.super99.com/10100982-de-kuyper-pina-colada-700ml
"Cervezas, Vinos y Licores",La Crema Sonoma Coast Pinot Noir,2899.00 USD (x1),2899.00 USD (x1),https://www.super99.com/10100998-la-crema-sonoma-coast-pinot-noir
"Cervezas, Vinos y Licores",VINO LITTLE PENGUIN CABERNET/S. BOT,799.00 USD (x1),799.00 USD (x1),https://www.super99.com/10101014-vino-little-penguin-cabernet-s-bot
"Cervezas, Vinos y Licores",VINO LITTLE PENGUIN CHARDONNAY BOT.,799.00 USD (x1),799.00 USD (x1),https://www.super99.com/10101015-vino-little-penguin-chardonnay-bot
"Cervezas, Vinos y Licores",VINO LITTLE PENGUIN MERLOT 1 BOT,799.00 USD (x1),799.00 USD (x1),https://www.super99.com/10101016-vino-little-penguin-merlot-1-bot
"Cervezas, Vinos y Licores",VINO LITTLE PENGUIN SHIRAZ 1 BOT,799.00 USD (x1),799.00 USD (x1),https://www.super99.com/10101017-vino-little-penguin-shiraz-1-bot
"Cervezas, Vinos y Licores",VINO LITTLE PENGUIN PINOT NOIR BOT.,799.00 USD (x1),799.00 USD (x1),https://www.super99.com/10101019-vino-little-penguin-pinot-noir-bot
"Cervezas, Vinos y Licores",VINO LITTLE PENGUIN PINOT G. BOT.,799.00 USD (x1),799.00 USD (x1),https://www.super99.com/10101020-vino-little-penguin-pinot-g-bot
"Cervezas, Vinos y Licores",WHISKY DEWARS WHITE LABEL 1 BOT.,2249.00 USD (x1),2249.00 USD (x1),https://www.super99.com/10101023-whisky-dewars-white-label-1-bot
"Cervezas, Vinos y Licores",Chandon Brut Rosada,185.00 USD (x1),185.00 USD (x1),https://www.super99.com/10101028-chandon-brut-rosada
"Cervezas, Vinos y Licores",Chandon Extra Brut 375ml,499.00 USD (x1),499.00 USD (x1),https://www.super99.com/10101037-chandon-extra-brut-375ml
"Cervezas, Vinos y Licores",Cune Reserva Rioja 1998,2099.00 USD (x1),2099.00 USD (x1),https://www.super99.com/10101057-cune-reserva-rioja-1998
"Cervezas, Vinos y Licores",WISKY DEWARS 12 AÑOS 1 BOTELLA,2855.00 USD (x1),2855.00 USD (x1),https://www.super99.com/10101058-wisky-dewars-12-anos-1-botella
"Cervezas, Vinos y Licores",VINO TRAPICHE MEDALLA CABERN6/750ML,2459.00 USD (x1),2459.00 USD (x1),https://www.super99.com/10101066-vino-trapiche-medalla-cabern6-750ml
"Cervezas, Vinos y Licores",AMARETTO DISARONO 12,1749.00 USD (x1),2099.00 USD (x1),https://www.super99.com/10101071-amaretto-disarono-12
"Cervezas, Vinos y Licores",De Kuyper Menta Verde 700ml,1149.00 USD (x1),1149.00 USD (x1),https://www.super99.com/10101083-de-kuyper-menta-verde-700ml
"Cervezas, Vinos y Licores",Codornius Brut Botella,1279.00 USD (x1),1279.00 USD (x1),https://www.super99.com/10101092-codornius-brut-botella
"Cervezas, Vinos y Licores",Codorniu Semi Seco Botella,1249.00 USD (x1),1249.00 USD (x1),https://www.super99.com/10101093-codorniu-semi-seco-botella
"Cervezas, Vinos y Licores",Moet Chandon Nectar Imperial Botella,6419.00 USD (x1),6419.00 USD (x1),https://www.super99.com/10101099-moet-chandon-nectar-imperial-botella
"Cervezas, Vinos y Licores",VINO PLACIDO PINOT NOIR 12/1 BOT.,999.00 USD (x1),999.00 USD (x1),https://www.super99.com/10101103-vino-placido-pinot-noir-12-1-bot
"Cervezas, Vinos y Licores",Casillero del Diablo Chardonnay 1 Botella,899.00 USD (x1),899.00 USD (x1),https://www.super99.com/10101106-casillero-del-diablo-chardonnay-1-botella
"Cervezas, Vinos y Licores",VINO CONCHA TORO FRO,609.00 USD (x1),609.00 USD (x1),https://www.super99.com/10101113-vino-concha-toro-fro
"Cervezas, Vinos y Licores",VINO CONCHA/TORO CARMENERE /1BOT.,609.00 USD (x1),609.00 USD (x1),https://www.super99.com/10101115-vino-concha-toro-carmenere-1bot
"Cervezas, Vinos y Licores",MARQUES CASA CONCHA,1049.00 USD (x1),1459.00 USD (x1),https://www.super99.com/10101121-marques-casa-concha
"Cervezas, Vinos y Licores",VI¥A MAYOR RESERVA BOT.,2665.00 USD (x1),2665.00 USD (x1),https://www.super99.com/10101133-vi-a-mayor-reserva-bot
"Cervezas, Vinos y Licores",VI¥A MAYOR CRIANZA BOTELLA,1749.00 USD (x1),1749.00 USD (x1),https://www.super99.com/10101134-vi-a-mayor-crianza-botella
"Cervezas, Vinos y Licores",VINO LINDEMAN BIN 65 CHANDONAY BOT.,949.00 USD (x1),949.00 USD (x1),https://www.super99.com/10101144-vino-lindeman-bin-65-chandonay-bot
"Cervezas, Vinos y Licores",VINO LANCERS BLANCO 1 BOTELLA,629.00 USD (x1),629.00 USD (x1),https://www.super99.com/10101155-vino-lancers-blanco-1-botella
"Cervezas, Vinos y Licores",VINO LANCERS ROSADO 6/1 BOTELLA,629.00 USD (x1),629.00 USD (x1),https://www.super99.com/10101156-vino-lancers-rosado-6-1-botella
"Cervezas, Vinos y Licores",VINO LINDEMANS BIN 40 MERLOT 1BOT,959.00 USD (x1),959.00 USD (x1),https://www.super99.com/10101158-vino-lindemans-bin-40-merlot-1bot
"Cervezas, Vinos y Licores",VINO CALVET CHABLIS 12/1 BOTELLA,2649.00 USD (x1),2649.00 USD (x1),https://www.super99.com/10101170-vino-calvet-chablis-12-1-botella
"Cervezas, Vinos y Licores",VINO TERRAZAS ALTO CAB/SAUVIGN.6/1,1299.00 USD (x1),1299.00 USD (x1),https://www.super99.com/10101186-vino-terrazas-alto-cab-sauvign-6-1
"Cervezas, Vinos y Licores",VINO TRAPICHE MALBEC,709.00 USD (x1),709.00 USD (x1),https://www.super99.com/10101188-vino-trapiche-malbec
"Cervezas, Vinos y Licores",Trapiche Vino Sauvignon Blanc Botella 750 ml,629.00 USD (x1),629.00 USD (x1),https://www.super99.com/10101189-trapiche-vino-sauvignon-blanc-botella-750-ml
"Cervezas, Vinos y Licores",VINO ARBOR MIST BLACKBERRY 12/750ML,509.00 USD (x1),509.00 USD (x1),https://www.super99.com/10101193-vino-arbor-mist-blackberry-12-750ml
"Cervezas, Vinos y Licores",VODKA FINLANDIA 12/1 LITRO,2049.00 USD (x1),2049.00 USD (x1),https://www.super99.com/10101198-vodka-finlandia-12-1-litro
"Cervezas, Vinos y Licores",VODKA FINLANDIA 1/2 GALON CJ/6,314.00 USD (x1),314.00 USD (x1),https://www.super99.com/10101199-vodka-finlandia-1-2-galon-cj-6
"Cervezas, Vinos y Licores",Cavit Pinot Noir Coleccion 2000,1099.00 USD (x1),1099.00 USD (x1),https://www.super99.com/10101200-cavit-pinot-noir-coleccion-2000
"Cervezas, Vinos y Licores",VINO BLUE NUN PINK 12/750 ML,759.00 USD (x1),759.00 USD (x1),https://www.super99.com/10101205-vino-blue-nun-pink-12-750-ml
"Cervezas, Vinos y Licores",Concha y Toro Carmenere,3375.00 USD (x1),3375.00 USD (x1),https://www.super99.com/10101206-concha-y-toro-carmenere
"Cervezas, Vinos y Licores",VINO TERRUNYO CABERNET SAUV/1 BOT,3375.00 USD (x1),3375.00 USD (x1),https://www.super99.com/10101207-vino-terrunyo-cabernet-sauv-1-bot
"Cervezas, Vinos y Licores",RON BACARDI 8 ANOS BOT,2449.00 USD (x1),2449.00 USD (x1),https://www.super99.com/10101224-ron-bacardi-8-anos-bot
"Cervezas, Vinos y Licores",VINO LAN RIOJA CRIANZA BOTELLA,1279.00 USD (x1),1279.00 USD (x1),https://www.super99.com/10101225-vino-lan-rioja-crianza-botella
"Cervezas, Vinos y Licores",VINO TRAPICHE CAB/SAUVIGNON 12/750,629.00 USD (x1),629.00 USD (x1),https://www.super99.com/10101236-vino-trapiche-cab-sauvignon-12-750
"Cervezas, Vinos y Licores",Moet Chandon Brut Rose Botella,7399.00 USD (x1),7399.00 USD (x1),https://www.super99.com/10101238-moet-chandon-brut-rose-botella
"Cervezas, Vinos y Licores",VINO BLUE NUN MERLOT 12/750 ML,829.00 USD (x1),829.00 USD (x1),https://www.super99.com/10101244-vino-blue-nun-merlot-12-750-ml
"Cervezas, Vinos y Licores",Md 20/20 Red Grape 1/2 Botella,259.00 USD (x1),259.00 USD (x1),https://www.super99.com/10101245-md-20-20-red-grape-1-2-botella
"Cervezas, Vinos y Licores",MD 20/20 Red Grape Botella,569.00 USD (x1),569.00 USD (x1),https://www.super99.com/10101246-md-20-20-red-grape-botella
"Cervezas, Vinos y Licores",VINO CASILLERO CARMENERE /750 ML,899.00 USD (x1),899.00 USD (x1),https://www.super99.com/10101251-vino-casillero-carmenere-750-ml
"Cervezas, Vinos y Licores",VINO STA.MARGHERITA P/GRIGIO 750ML,1899.00 USD (x1),1899.00 USD (x1),https://www.super99.com/10101268-vino-sta-margherita-p-grigio-750ml
"Cervezas, Vinos y Licores",VINO GLORIOSO CRIANZA 750 ML,1149.00 USD (x1),1149.00 USD (x1),https://www.super99.com/10101282-vino-glorioso-crianza-750-ml
"Cervezas, Vinos y Licores",Glorioso Reserva 1 Botella,1985.00 USD (x1),1985.00 USD (x1),https://www.super99.com/10101286-glorioso-reserva-1-botella
"Cervezas, Vinos y Licores",VINO SEPTIMA CABERNET SAUVIG.6/750,1199.00 USD (x1),1199.00 USD (x1),https://www.super99.com/10101311-vino-septima-cabernet-sauvig-6-750
"Cervezas, Vinos y Licores",VINO CASILLERO DEL DIABLO VP/750M,1299.00 USD (x1),1299.00 USD (x1),https://www.super99.com/10101321-vino-casillero-del-diablo-vp-750m
"Cervezas, Vinos y Licores",VINO MARQUES DE RISCAL RUEDA 750ML,1219.00 USD (x1),1219.00 USD (x1),https://www.super99.com/10101363-vino-marques-de-riscal-rueda-750ml
"Cervezas, Vinos y Licores",Marqués de Riscal Vino Sauvignon Blanc 750ml,126.00 USD (x1),126.00 USD (x1),https://www.super99.com/10101365-marques-de-riscal-vino-sauvignon-blanc-750ml
"Cervezas, Vinos y Licores",VINO MARQUES DE RISC,1125.00 USD (x1),1125.00 USD (x1),https://www.super99.com/10101369-vino-marques-de-risc
"Cervezas, Vinos y Licores",VINO CASILLERO DIABLO PINOT NOIR BOT,899.00 USD (x1),899.00 USD (x1),https://www.super99.com/10101378-vino-casillero-diablo-pinot-noir-bot
"Cervezas, Vinos y Licores",VINO CASILLERO/DIABLO MALBEC /750,899.00 USD (x1),899.00 USD (x1),https://www.super99.com/10101380-vino-casillero-diablo-malbec-750
"Cervezas, Vinos y Licores",Calvet Reserva Bourdeux Rouge Botella,1199.00 USD (x1),1199.00 USD (x1),https://www.super99.com/10101381-calvet-reserva-bourdeux-rouge-botella
"Cervezas, Vinos y Licores",Brandy Jerez Romate Res. 750ml,1199.00 USD (x1),1199.00 USD (x1),https://www.super99.com/10101382-brandy-jerez-romate-res-750ml
"Cervezas, Vinos y Licores",VINO CALVET COTES DU RHONE 12/1 BT,1049.00 USD (x1),1049.00 USD (x1),https://www.super99.com/10101387-vino-calvet-cotes-du-rhone-12-1-bt
"Cervezas, Vinos y Licores",VINO CALVET MERLOT 12/1 BOTELLA,779.00 USD (x1),779.00 USD (x1),https://www.super99.com/10101411-vino-calvet-merlot-12-1-botella
"Cervezas, Vinos y Licores",RON BACARDI CARTA ORO 12/1 LITRO,1399.00 USD (x1),1399.00 USD (x1),https://www.super99.com/10101416-ron-bacardi-carta-oro-12-1-litro
"Cervezas, Vinos y Licores",RON BACARDI CARTA ORO 24/200 ML,345.00 USD (x1),345.00 USD (x1),https://www.super99.com/10101417-ron-bacardi-carta-oro-24-200-ml
"Cervezas, Vinos y Licores",RON BACARDI CARTA ORO 24/375 ML,599.00 USD (x1),599.00 USD (x1),https://www.super99.com/10101418-ron-bacardi-carta-oro-24-375-ml
"Cervezas, Vinos y Licores",RON BACARDI CARTA ORO 1/2 GL.CJ/6,2249.00 USD (x1),2249.00 USD (x1),https://www.super99.com/10101419-ron-bacardi-carta-oro-1-2-gl-cj-6
"Cervezas, Vinos y Licores",CONCHA TORO FRONTERA,609.00 USD (x1),609.00 USD (x1),https://www.super99.com/10101425-concha-toro-frontera
"Cervezas, Vinos y Licores",Frontera Merlot Botella 750ml,609.00 USD (x1),609.00 USD (x1),https://www.super99.com/10101437-frontera-merlot-botella-750ml
"Cervezas, Vinos y Licores",Cardenal Mendoza 1 Botella,571.00 USD (x1),571.00 USD (x1),https://www.super99.com/10101438-cardenal-mendoza-1-botella
"Cervezas, Vinos y Licores",Martini Rosso 750ml,1299.00 USD (x1),1299.00 USD (x1),https://www.super99.com/10101466-martini-rosso-750ml
"Cervezas, Vinos y Licores",Martini Bianco 750ml,1149.00 USD (x1),1149.00 USD (x1),https://www.super99.com/10101468-martini-bianco-750ml
"Cervezas, Vinos y Licores",Altos De Las Hormigas Malbec /1 Botella,1049.00 USD (x1),1049.00 USD (x1),https://www.super99.com/10101470-altos-de-las-hormigas-malbec-1-botella
"Cervezas, Vinos y Licores",Columbia Crest Estate Cabernet Sauvignon,1249.00 USD (x1),1249.00 USD (x1),https://www.super99.com/10101663-columbia-crest-estate-cabernet-sauvignon
"Cervezas, Vinos y Licores",VINO NAVARRO CORREAS SYRAH 1 BOT.,1129.00 USD (x1),1129.00 USD (x1),https://www.super99.com/10103773-vino-navarro-correas-syrah-1-bot
"Cervezas, Vinos y Licores",CHAMPAGNE VEUVE CLIC,6899.00 USD (x1),6899.00 USD (x1),https://www.super99.com/10103777-champagne-veuve-clic
"Cervezas, Vinos y Licores",Appleton V.X. 12/1 Botella,1699.00 USD (x1),1699.00 USD (x1),https://www.super99.com/10103779-appleton-v-x-12-1-b
"Cervezas, Vinos y Licores",VINO BERONIA CRIANZA 1 BOTELLA,1289.00 USD (x1),1289.00 USD (x1),https://www.super99.com/10103783-vino-beronia-crianza-1-botella
"Cervezas, Vinos y Licores",PROTOS CRIANZA VINO BOTELLA 750 ML,2565.00 USD (x1),2565.00 USD (x1),https://www.super99.com/10103792-protos-crianza-vino-botella-750-ml
"Cervezas, Vinos y Licores",WHISKY J B BOTELLA,2299.00 USD (x1),2299.00 USD (x1),https://www.super99.com/10103805-whisky-j-b-botella
"Cervezas, Vinos y Licores",Protos Vino Rojo Cosecha 750 ml,1375.00 USD (x1),1375.00 USD (x1),https://www.super99.com/10103818-protos-vino-rojo-cosecha-750-ml
"Cervezas, Vinos y Licores",CAPTAIN MORBANS SPIC,1899.00 USD (x1),1899.00 USD (x1),https://www.super99.com/10103827-captain-morbans-spic
"Cervezas, Vinos y Licores",CHAMPAGNE VEUVE CLIC,6899.00 USD (x1),6899.00 USD (x1),https://www.super99.com/10103834-champagne-veuve-clic
"Cervezas, Vinos y Licores",SAMBUCA BASILICA BOTELLA,1449.00 USD (x1),1449.00 USD (x1),https://www.super99.com/10103836-sambuca-basilica-botella
"Cervezas, Vinos y Licores",TANQUERAY STERLING 1 BOTELLA,1949.00 USD (x1),1949.00 USD (x1),https://www.super99.com/10103842-tanqueray-sterling-1-botella
"Cervezas, Vinos y Licores",PINOT NOIR NAVARRO CORREA 1 BOT.,1129.00 USD (x1),1129.00 USD (x1),https://www.super99.com/10103850-pinot-noir-navarro-correa-1-bot
"Cervezas, Vinos y Licores",B&G Cabernet Sauvignon 1 Botella,759.00 USD (x1),759.00 USD (x1),https://www.super99.com/10103856-b-g-cabernet-sauvignon-1-botella
"Cervezas, Vinos y Licores",B&G Chardonnay 1 Botella,789.00 USD (x1),789.00 USD (x1),https://www.super99.com/10103857-b-g-chardonnay-1-botella
"Cervezas, Vinos y Licores",B&G Sauvignon Blanc 1 Botella,789.00 USD (x1),789.00 USD (x1),https://www.super99.com/10103860-b-g-sauvignon-blanc-1-botella
"Cervezas, Vinos y Licores",B&G Chateauneuf Du Pape 1 Botella,3149.00 USD (x1),3149.00 USD (x1),https://www.super99.com/10103862-b-g-chateauneuf-du-pape-1-botella
"Cervezas, Vinos y Licores",VINO MARQUES DE ALTILLO RIOJA BOTELLA,669.00 USD (x1),669.00 USD (x1),https://www.super99.com/10103865-vino-marques-de-altillo-rioja-botella
"Cervezas, Vinos y Licores",B&G Saint Emilio 1 Botella,1649.00 USD (x1),1649.00 USD (x1),https://www.super99.com/10103870-b-g-saint-emilio-1-botella
"Cervezas, Vinos y Licores",VINO CATENA ALTA CABERNET SAUV.750ML,3849.00 USD (x1),3849.00 USD (x1),https://www.super99.com/10103872-vino-catena-alta-cabernet-sauv-750ml
"Cervezas, Vinos y Licores",VINO VINA MAIPO CABE,495.00 USD (x1),495.00 USD (x1),https://www.super99.com/10103898-vino-vina-maipo-cabe
"Cervezas, Vinos y Licores",VINO PROTOS RESERVA 6/1 BOTELLA,4065.00 USD (x1),4065.00 USD (x1),https://www.super99.com/10103910-vino-protos-reserva-6-1-botella
"Cervezas, Vinos y Licores",VINO VIÑA MAIPO MERLOT 1 BOT.,495.00 USD (x1),495.00 USD (x1),https://www.super99.com/10103913-vino-vina-maipo-merlot-1-bot
"Cervezas, Vinos y Licores",B&G Partager Tinto 1 Botella,609.00 USD (x1),609.00 USD (x1),https://www.super99.com/10103920-b-g-partager-tinto-1-botella
"Cervezas, Vinos y Licores",B&G Partager Blanco 1 Botella,609.00 USD (x1),609.00 USD (x1),https://www.super99.com/10103922-b-g-partager-blanco-1-botella
"Cervezas, Vinos y Licores",VINO CARMEN SAUVIGNON BLANC 1 BT,659.00 USD (x1),659.00 USD (x1),https://www.super99.com/10103925-vino-carmen-sauvignon-blanc-1-bt
"Cervezas, Vinos y Licores",SARMIENTOS TARAPACA MERLOT BOT,489.00 USD (x1),489.00 USD (x1),https://www.super99.com/10103926-sarmientos-tarapaca-merlot-bot
"Cervezas, Vinos y Licores",VINO GRAN TARAPACA CABER/SAUV.BOT.,729.00 USD (x1),729.00 USD (x1),https://www.super99.com/10103929-vino-gran-tarapaca-caber-sauv-bot
"Cervezas, Vinos y Licores",VINO GRAN TARAPACA SAUV.BLANC BOT.,729.00 USD (x1),729.00 USD (x1),https://www.super99.com/10103930-vino-gran-tarapaca-sauv-blanc-bot
"Cervezas, Vinos y Licores",TARAPACA GRAN RESERVA BOTELLA,1159.00 USD (x1),1159.00 USD (x1),https://www.super99.com/10103931-tarapaca-gran-reserva-botella
"Cervezas, Vinos y Licores",TARAPACA VINO ETIQUETA NEGRA 750ML,2499.00 USD (x1),2499.00 USD (x1),https://www.super99.com/10103934-tarapaca-vino-etiqueta-negra-750ml
"Cervezas, Vinos y Licores",VINO GRAN TARAPACA CHARDONAY BOT,729.00 USD (x1),729.00 USD (x1),https://www.super99.com/10103935-vino-gran-tarapaca-chardonay-bot
"Cervezas, Vinos y Licores",Navarro Correa Colecci#n Privada 750ml,1129.00 USD (x1),1129.00 USD (x1),https://www.super99.com/10103938-navarro-correa-colecci-n-privada-750ml
"Cervezas, Vinos y Licores",Navarro Correa Malbec 750ml,1129.00 USD (x1),1129.00 USD (x1),https://www.super99.com/10103939-navarro-correa-malbec-750ml
"Cervezas, Vinos y Licores",Navarro Correa Chardonay,1129.00 USD (x1),1129.00 USD (x1),https://www.super99.com/10103940-navarro-correa-chardonay
"Cervezas, Vinos y Licores",Navarro Correas Sauvignon Blanc,1129.00 USD (x1),1129.00 USD (x1),https://www.super99.com/10103941-navarro-correas-sauvignon-blanc
"Cervezas, Vinos y Licores",VINO ALLEGORIA MALBEC 1 BOTELLA,2375.00 USD (x1),2375.00 USD (x1),https://www.super99.com/10103942-vino-allegoria-malbec-1-botella
"Cervezas, Vinos y Licores",SIDRA CERESER MANZANA C/ALCOHOL 660ML,389.00 USD (x1),389.00 USD (x1),https://www.super99.com/10104290-sidra-cereser-manzana-c-alcohol-660ml
"Cervezas, Vinos y Licores",SIDRA CERESER JUGO DURAZNO C/ALCOH.660ML,389.00 USD (x1),389.00 USD (x1),https://www.super99.com/10104291-sidra-cereser-jugo-durazno-c-alcoh-660ml
"Cervezas, Vinos y Licores",SIDRA CERESER JUGO FRESA C/ALCOHOL 660ML,389.00 USD (x1),389.00 USD (x1),https://www.super99.com/10104292-sidra-cereser-jugo-fresa-c-alcohol-660ml
"Cervezas, Vinos y Licores",SIDRA CERESER JUGO UVA C/ALCOHOL 660 ML,389.00 USD (x1),389.00 USD (x1),https://www.super99.com/10104293-sidra-cereser-jugo-uva-c-alcohol-660-ml
"Cervezas, Vinos y Licores",SIDRA CERESER MANZANA S/ALCOHOL 660ML,389.00 USD (x1),389.00 USD (x1),https://www.super99.com/10104294-sidra-cereser-manzana-s-alcohol-660ml
"Cervezas, Vinos y Licores",SIDRA CERESER UVA S/ALCOHOL 1 BT,389.00 USD (x1),389.00 USD (x1),https://www.super99.com/10104295-sidra-cereser-uva-s-alcohol-1-bt
"Cervezas, Vinos y Licores",SIDRA CERESEL DURAZNO S/ALCOHOL 12/1,389.00 USD (x1),389.00 USD (x1),https://www.super99.com/10104296-sidra-ceresel-durazno-s-alcohol-12-1
"Cervezas, Vinos y Licores",SIDRA CERESER FRESA S/ALCOHOL 12/1,389.00 USD (x1),389.00 USD (x1),https://www.super99.com/10104297-sidra-cereser-fresa-s-alcohol-12-1
"Cervezas, Vinos y Licores",TORRES BRANDY SOLERA SEL.5 TORRE BT,1649.00 USD (x1),1649.00 USD (x1),https://www.super99.com/10105523-torres-brandy-solera-sel-5-torre-bt
"Cervezas, Vinos y Licores",TEQUILA PATRON A¥EJO 750 ML,7199.00 USD (x1),7199.00 USD (x1),https://www.super99.com/10105526-tequila-patron-a-ejo-750-ml
"Cervezas, Vinos y Licores",WHISKY JEAM BEAM ETIQ.BLANCA 12/750,1799.00 USD (x1),1799.00 USD (x1),https://www.super99.com/10105535-whisky-jeam-beam-etiq-blanca-12-750
"Cervezas, Vinos y Licores",TEQUILA PATRON REPOSADO 750 ML.,6399.00 USD (x1),6399.00 USD (x1),https://www.super99.com/10105536-tequila-patron-reposado-750-ml
"Cervezas, Vinos y Licores",VINO TORRES SANGRE,989.00 USD (x1),989.00 USD (x1),https://www.super99.com/10105538-vino-torres-sangre
"Cervezas, Vinos y Licores",VINO TORRES MAS LA PLANA BOT.750 ML,6699.00 USD (x1),6699.00 USD (x1),https://www.super99.com/10105539-vino-torres-mas-la-plana-bot-750-ml
"Cervezas, Vinos y Licores",WHISKY JIM BEAM BLAC,2989.00 USD (x1),2989.00 USD (x1),https://www.super99.com/10105540-whisky-jim-beam-blac
"Cervezas, Vinos y Licores",C/MACUL DON LUIS CHA,779.00 USD (x1),779.00 USD (x1),https://www.super99.com/10105550-c-macul-don-luis-cha
"Cervezas, Vinos y Licores",VINO TORRES VINA SOL,919.00 USD (x1),919.00 USD (x1),https://www.super99.com/10105551-vino-torres-vina-sol
"Cervezas, Vinos y Licores",Champagne Taittinger Botella,6099.00 USD (x1),6099.00 USD (x1),https://www.super99.com/10105552-champagne-taittinger-botella
"Cervezas, Vinos y Licores",Gran Viña Sol Torres Chardonnay 750ml,1325.00 USD (x1),1325.00 USD (x1),https://www.super99.com/10105556-gran-vina-sol-torres-chardonnay-750ml
"Cervezas, Vinos y Licores",VINO ESP.FREIXENET BRUT ROSE BOT.,1399.00 USD (x1),1399.00 USD (x1),https://www.super99.com/10105557-vino-esp-freixenet-brut-rose-bot
"Cervezas, Vinos y Licores",Freixenet Cordon Rosado 200ml,675.00 USD (x1),675.00 USD (x1),https://www.super99.com/10105558-freixenet-cordon-rosado-200ml
"Cervezas, Vinos y Licores",RON BOTRAN A¥EJO 8 A,1499.00 USD (x1),1499.00 USD (x1),https://www.super99.com/10105564-ron-botran-a-ejo-8-a
"Cervezas, Vinos y Licores",RON BOTRAN ANEJO 12,2095.00 USD (x1),2095.00 USD (x1),https://www.super99.com/10105567-ron-botran-anejo-12
"Cervezas, Vinos y Licores",COUSI¥O MACUL MERLOT,1249.00 USD (x1),1249.00 USD (x1),https://www.super99.com/10105568-cousi-o-macul-merlot
"Cervezas, Vinos y Licores",C/MACUL DON LUIS CAB,779.00 USD (x1),779.00 USD (x1),https://www.super99.com/10105569-c-macul-don-luis-cab
"Cervezas, Vinos y Licores",VINO COUSIÑO MACUL FINIS TERRA BOT.,3999.00 USD (x1),3999.00 USD (x1),https://www.super99.com/10105571-vino-cousino-macul-finis-terra-bot
"Cervezas, Vinos y Licores",C/MACUL DON LUIS MER,779.00 USD (x1),779.00 USD (x1),https://www.super99.com/10105572-c-macul-don-luis-mer
"Cervezas, Vinos y Licores",VINO TORRES SANGRE/TORO ROSE 750 ML,969.00 USD (x1),969.00 USD (x1),https://www.super99.com/10105577-vino-torres-sangre-toro-rose-750-ml
"Cervezas, Vinos y Licores",VINO TORRES CORONA SECO.12/1 BOT.,1099.00 USD (x1),1099.00 USD (x1),https://www.super99.com/10105581-vino-torres-corona-seco-12-1-bot
"Cervezas, Vinos y Licores",VINO TORRES SANGRE/TORO TEMPRANILLO,1049.00 USD (x1),1049.00 USD (x1),https://www.super99.com/10105583-vino-torres-sangre-toro-tempranillo
"Cervezas, Vinos y Licores",RON BOTRAN AÑEJO,909.00 USD (x1),909.00 USD (x1),https://www.super99.com/10105587-ron-botran-anejo
"Cervezas, Vinos y Licores",VINO E/FREIXENET CARTA NEVADA.12/1,1399.00 USD (x1),1399.00 USD (x1),https://www.super99.com/10105590-vino-e-freixenet-carta-nevada-12-1
"Cervezas, Vinos y Licores",VINO TATINGER PRESTIGE ROSE BOTELLA,7499.00 USD (x1),7499.00 USD (x1),https://www.super99.com/10105596-vino-tatinger-prestige-rose-botella
"Cervezas, Vinos y Licores",Freixenet Cordon Negro Botella,1399.00 USD (x1),1399.00 USD (x1),https://www.super99.com/10105599-freixenet-cordon-negro-botella
"Cervezas, Vinos y Licores",Freixenet Cordon Negro 200ml,459.00 USD (x1),459.00 USD (x1),https://www.super99.com/10105601-freixenet-cordon-negro-200ml
"Cervezas, Vinos y Licores",VINO CHIANTI RUFFINO,1206.00 USD (x1),1249.00 USD (x1),https://www.super99.com/10105638-vino-chianti-ruffino
"Cervezas, Vinos y Licores",VINO CAMPO VIEJO CRIANZA BOTELLA,1299.00 USD (x1),1299.00 USD (x1),https://www.super99.com/10105639-vino-campo-viejo-crianza-botella
"Cervezas, Vinos y Licores",Courvoisier V.S Botella,345.00 USD (x1),345.00 USD (x1),https://www.super99.com/10105642-courvoisier-v-s-botella
"Cervezas, Vinos y Licores",VINO MARQUES DE CACERES G/RESERVA,3999.00 USD (x1),3999.00 USD (x1),https://www.super99.com/10105643-vino-marques-de-caceres-g-reserva
"Cervezas, Vinos y Licores",STA.RITA MEDALLA REAL CAB/SAUV.BOT.,1599.00 USD (x1),1599.00 USD (x1),https://www.super99.com/10105644-sta-rita-medalla-real-cab-sauv-bot
"Cervezas, Vinos y Licores",RON BARCELO A¥EJO 350 ML,549.00 USD (x1),549.00 USD (x1),https://www.super99.com/10105650-ron-barcelo-a-ejo-350-ml
"Cervezas, Vinos y Licores",Doña Paula Malbec Selección De Bodega 750ml,4199.00 USD (x1),4199.00 USD (x1),https://www.super99.com/10105659-dona-paula-malbec-seleccion-de-bodega-750ml
"Cervezas, Vinos y Licores",VINO LOS CARDOS MALBEC BOTELLA,809.00 USD (x1),809.00 USD (x1),https://www.super99.com/10105660-vino-los-cardos-malbec-botella
"Cervezas, Vinos y Licores",VINO LOS CARDOS CABER/SAUVIGNON BOT,809.00 USD (x1),809.00 USD (x1),https://www.super99.com/10105661-vino-los-cardos-caber-sauvignon-bot
"Cervezas, Vinos y Licores",Faustino Vii Vino Tinto 750ml,869.00 USD (x1),869.00 USD (x1),https://www.super99.com/10105666-faustino-vii-vino-tinto-750ml
"Cervezas, Vinos y Licores",Marques de Caceres Reserva,2699.00 USD (x1),2699.00 USD (x1),https://www.super99.com/10105667-marques-de-caceres-reserva
"Cervezas, Vinos y Licores",VINO STA RITA RESERVA TINTO 12/1BOT,1149.00 USD (x1),1149.00 USD (x1),https://www.super99.com/10105668-vino-sta-rita-reserva-tinto-12-1bot
"Cervezas, Vinos y Licores",VINO SANTA RITA RESERVA MERLOT BOT.,1149.00 USD (x1),1149.00 USD (x1),https://www.super99.com/10105669-vino-santa-rita-reserva-merlot-bot
"Cervezas, Vinos y Licores",RON VIEJO DE CALDAS,1223.00 USD (x1),1439.00 USD (x1),https://www.super99.com/10105673-ron-viejo-de-caldas
"Cervezas, Vinos y Licores",VINO STA.RITA RESERVA BCO. BOTELLA,1075.00 USD (x1),1075.00 USD (x1),https://www.super99.com/10105674-vino-sta-rita-reserva-bco-botella
"Cervezas, Vinos y Licores",STA.RITA RESERVA CHARDONNAY BOTELLA,1075.00 USD (x1),1075.00 USD (x1),https://www.super99.com/10105677-sta-rita-reserva-chardonnay-botella
"Cervezas, Vinos y Licores",VINO SANTA RITA 120 TINTO 12/1 BOT,849.00 USD (x1),849.00 USD (x1),https://www.super99.com/10105685-vino-santa-rita-120-tinto-12-1-bot
"Cervezas, Vinos y Licores",VINO STA RITA 120 TINTO 24/1/2 BOT.,485.00 USD (x1),485.00 USD (x1),https://www.super99.com/10105686-vino-sta-rita-120-tinto-24-1-2-bot
"Cervezas, Vinos y Licores",VINO MARQUEZ CACERES TINTO 24/0.375,829.00 USD (x1),829.00 USD (x1),https://www.super99.com/10105687-vino-marquez-caceres-tinto-24-0-375
"Cervezas, Vinos y Licores",Santa Rita Sauvignon Blanc Reserva Especial Botella 750 ml,849.00 USD (x1),849.00 USD (x1),https://www.super99.com/10105688-santa-rita-sauvignon-blanc-reserva-especial-botella-750-ml
"Cervezas, Vinos y Licores",VINO STA RITA 120 MERLOT 12/1 BOT,849.00 USD (x1),849.00 USD (x1),https://www.super99.com/10105693-vino-sta-rita-120-merlot-12-1-bot
"Cervezas, Vinos y Licores",SANTA RITA 120 CHARDONNAY 12/1 BOT.,849.00 USD (x1),849.00 USD (x1),https://www.super99.com/10105694-santa-rita-120-chardonnay-12-1-bot
"Cervezas, Vinos y Licores",VINO SANTA RITA 120 MEDALLA ROSADO BT,849.00 USD (x1),849.00 USD (x1),https://www.super99.com/10105695-vino-santa-rita-120-medalla-rosado-bt
"Cervezas, Vinos y Licores",STA.CAROLINA VINO SAUVIGNON BCO 750ML,499.00 USD (x1),499.00 USD (x1),https://www.super99.com/10105710-sta-carolina-vino-sauvignon-bco-750ml
"Cervezas, Vinos y Licores",STA.CAROLINA VINO CABERNET SAUVIG 750ML,499.00 USD (x1),499.00 USD (x1),https://www.super99.com/10105711-sta-carolina-vino-cabernet-sauvig-750ml
"Cervezas, Vinos y Licores",ST.CAROLINA CABERNET SAUV/RES.12/1,85.00 USD (x1),85.00 USD (x1),https://www.super99.com/10105715-st-carolina-cabernet-sauv-res-12-1
"Cervezas, Vinos y Licores",ST.CAROLINA MERLOT RESERVA 12/1 BOT,85.00 USD (x1),85.00 USD (x1),https://www.super99.com/10105721-st-carolina-merlot-reserva-12-1-bot
"Cervezas, Vinos y Licores",Faustino Vino De Crianza 750ml,1029.00 USD (x1),1029.00 USD (x1),https://www.super99.com/10105732-faustino-vino-de-crianza-750ml
"Cervezas, Vinos y Licores",MARQUEZ DE CACERES B,925.00 USD (x1),925.00 USD (x1),https://www.super99.com/10105748-marquez-de-caceres-b
"Cervezas, Vinos y Licores",VINO STA.RITA CARMENERE 120 12/1 BT,849.00 USD (x1),849.00 USD (x1),https://www.super99.com/10105756-vino-sta-rita-carmenere-120-12-1-bt
"Cervezas, Vinos y Licores",WELCHS SPARKLING WHITE GRAPE 12/25OZ,499.00 USD (x1),499.00 USD (x1),https://www.super99.com/10118427-welchs-sparkling-white-grape-12-25oz
"Cervezas, Vinos y Licores",MOLLYS IRISH CREAM L,1399.00 USD (x1),1649.00 USD (x1),https://www.super99.com/10124452-mollys-irish-cream-l
"Cervezas, Vinos y Licores",Mitjans Licor Triple Sec 700ml,1049.00 USD (x1),1049.00 USD (x1),https://www.super99.com/10124463-mitjans-licor-triple-sec-700ml
"Cervezas, Vinos y Licores",MORANDE PIONERO CARM,577.00 USD (x1),679.00 USD (x1),https://www.super99.com/10124469-morande-pionero-carm
"Cervezas, Vinos y Licores",Cerveza Becks Botella Sin Alcohol 33cl,149.00 USD (x1),149.00 USD (x1),https://www.super99.com/10124486-cerveza-becks-botella-sin-alcohol-33cl
"Cervezas, Vinos y Licores",VEUVE DU VERNAY ROSE 6/750 ML,1199.00 USD (x1),1199.00 USD (x1),https://www.super99.com/10124491-veuve-du-vernay-rose-6-750-ml
"Cervezas, Vinos y Licores",STA.JULIA FUZION CHENIN B/CHARD.BOT,509.00 USD (x1),509.00 USD (x1),https://www.super99.com/10124498-sta-julia-fuzion-chenin-b-chard-bot
"Cervezas, Vinos y Licores",RON DON Q CRISTAL 24/375 ML,629.00 USD (x1),629.00 USD (x1),https://www.super99.com/10124515-ron-don-q-cristal-24-375-ml
"Cervezas, Vinos y Licores",SAMBUCA DE AMORE 750 ML,1699.00 USD (x1),1699.00 USD (x1),https://www.super99.com/10124517-sambuca-de-amore-750-ml
"Cervezas, Vinos y Licores",Caballo Loco Valdivieso 750Ml,5099.00 USD (x1),5099.00 USD (x1),https://www.super99.com/10124537-caballo-loco-valdivieso-750ml
"Cervezas, Vinos y Licores",Cabernet Sauvignon S.V.Franc 750 Ml.,1875.00 USD (x1),1875.00 USD (x1),https://www.super99.com/10124538-cabernet-sauvignon-s-v-franc-750-ml
"Cervezas, Vinos y Licores",VINO TERRARUM CABERNET SAUV.12/750,979.00 USD (x1),979.00 USD (x1),https://www.super99.com/10124543-vino-terrarum-cabernet-sauv-12-750
"Cervezas, Vinos y Licores",Morande Terrarum Merlot 750ml,979.00 USD (x1),979.00 USD (x1),https://www.super99.com/10124544-morande-terrarum-merlot-750ml
"Cervezas, Vinos y Licores",Morande Terrarum Sauvignon Blanc 750ml,979.00 USD (x1),979.00 USD (x1),https://www.super99.com/10124545-morande-terrarum-sauvignon-blanc-750ml
"Cervezas, Vinos y Licores",MORANDE PIONERO CAB/,577.00 USD (x1),679.00 USD (x1),https://www.super99.com/10124546-morande-pionero-cab
"Cervezas, Vinos y Licores",MORANDE PIONERO MERL,577.00 USD (x1),679.00 USD (x1),https://www.super99.com/10124547-morande-pionero-merl
"Cervezas, Vinos y Licores",MORANDE PIONERO SAUV,577.00 USD (x1),679.00 USD (x1),https://www.super99.com/10124548-morande-pionero-sauv
"Cervezas, Vinos y Licores",MORANDE PIONERO CHAR,577.00 USD (x1),679.00 USD (x1),https://www.super99.com/10124549-morande-pionero-char
"Cervezas, Vinos y Licores",Morande Vitisterra Cabernet Sauvignon750ml,1549.00 USD (x1),1549.00 USD (x1),https://www.super99.com/10124550-morande-vitisterra-cabernet-sauvignon750ml
"Cervezas, Vinos y Licores",Morande Chardonnay Gran Reserva 750,1549.00 USD (x1),1549.00 USD (x1),https://www.super99.com/10124551-morande-chardonnay-gran-reserva-750
"Cervezas, Vinos y Licores",Stella Artois Cerveza Lata 330 ml,165.00 USD (x1),165.00 USD (x1),https://www.super99.com/10124560-stella-artois-cerveza-lata-330-ml
"Cervezas, Vinos y Licores",Cerveza Belga Leffe Brune Dark 330 Ml,209.00 USD (x1),209.00 USD (x1),https://www.super99.com/10124563-cerveza-belga-leffe-brune-dark-330-ml
"Cervezas, Vinos y Licores",VINO EL COTO CRIANZA 375 ML,699.00 USD (x1),699.00 USD (x1),https://www.super99.com/10124568-vino-el-coto-crianza-375-ml
"Cervezas, Vinos y Licores",VINO MONTEPULCIANO P,688.00 USD (x1),809.00 USD (x1),https://www.super99.com/10124569-vino-montepulciano-p
"Cervezas, Vinos y Licores",VINO BARDOLINO PASQU,688.00 USD (x1),809.00 USD (x1),https://www.super99.com/10124570-vino-bardolino-pasqu
"Cervezas, Vinos y Licores",VINO VALPOLICELLA PA,1019.00 USD (x1),1199.00 USD (x1),https://www.super99.com/10124571-vino-valpolicella-pa
"Cervezas, Vinos y Licores",VINO CHARDONNAY PASQ,603.00 USD (x1),709.00 USD (x1),https://www.super99.com/10124574-vino-chardonnay-pasq
"Cervezas, Vinos y Licores",VIN0 MONTECILL0 TINTO 1 BOTELLA,1875.00 USD (x1),1875.00 USD (x1),https://www.super99.com/10124582-vin0-montecill0-tinto-1-botella
"Cervezas, Vinos y Licores",Juve and Camps Cinta Purpura 750ml,1899.00 USD (x1),1899.00 USD (x1),https://www.super99.com/10124591-juve-camps-cinta-purpura
"Cervezas, Vinos y Licores",VENTISQUERO RESERVA CAB/SAUV.750ML,979.00 USD (x1),979.00 USD (x1),https://www.super99.com/10124592-ventisquero-reserva-cab-sauv-750ml
"Cervezas, Vinos y Licores",VENTISQUERO RESERVA MERLOT 750ML,979.00 USD (x1),979.00 USD (x1),https://www.super99.com/10124593-ventisquero-reserva-merlot-750ml
"Cervezas, Vinos y Licores",VINO VENTISQUERO RESERVA SYRAH 750ML,979.00 USD (x1),979.00 USD (x1),https://www.super99.com/10124594-vino-ventisquero-reserva-syrah-750ml
"Cervezas, Vinos y Licores",VENTISQUERO RESERV.CARMENERE 750ML,979.00 USD (x1),979.00 USD (x1),https://www.super99.com/10124595-ventisquero-reserv-carmenere-750ml
"Cervezas, Vinos y Licores",Juve and Camps Cinta Purpura 375ml,939.00 USD (x1),939.00 USD (x1),https://www.super99.com/10124596-juve-and-camps-cinta-purpura-375ml
"Cervezas, Vinos y Licores",VENTISQUERO G/RESER CAB/SAU 750M,1399.00 USD (x1),1399.00 USD (x1),https://www.super99.com/10124597-ventisquero-g-reser-cab-sau-750m
"Cervezas, Vinos y Licores",VENTISQUERO GRAN/CHARDONNAY 750M,125.00 USD (x1),125.00 USD (x1),https://www.super99.com/10124600-ventisquero-gran-chardonnay-750m
"Cervezas, Vinos y Licores",VINO VENTISQUERO RESERVA 1 BOT.,979.00 USD (x1),979.00 USD (x1),https://www.super99.com/10124601-vino-ventisquero-reserva-1-bot
"Cervezas, Vinos y Licores",VENTISQUERO GREY CAB/SAUV 750ML,1899.00 USD (x1),1899.00 USD (x1),https://www.super99.com/10124603-ventisquero-grey-cab-sauv-750ml
"Cervezas, Vinos y Licores",VENTISQUERO GREY MERLOT 750 ML,1899.00 USD (x1),1899.00 USD (x1),https://www.super99.com/10124604-ventisquero-grey-merlot-750-ml
"Cervezas, Vinos y Licores",VENTISQUERO CAB/SAUVIGNON 750 ML,679.00 USD (x1),679.00 USD (x1),https://www.super99.com/10124605-ventisquero-cab-sauvignon-750-ml
"Cervezas, Vinos y Licores",VENTISQUERO MERLOT 750 ML,679.00 USD (x1),679.00 USD (x1),https://www.super99.com/10124606-ventisquero-merlot-750-ml
"Cervezas, Vinos y Licores",VENTISQUERO CHARDONAY CLASIC 750ML,679.00 USD (x1),679.00 USD (x1),https://www.super99.com/10124607-ventisquero-chardonay-clasic-750ml
"Cervezas, Vinos y Licores",VEUVE DU VERNAY BRUT 6/750 ML,1199.00 USD (x1),1199.00 USD (x1),https://www.super99.com/10124626-veuve-du-vernay-brut-6-750-ml
"Cervezas, Vinos y Licores",VEUVE DU VERNAY DEMI SEC 6/750 ML,1199.00 USD (x1),1199.00 USD (x1),https://www.super99.com/10124627-veuve-du-vernay-demi-sec-6-750-ml
"Cervezas, Vinos y Licores",Kedem Sparkling Grape Juice Sin Acohol 750ml,45.00 USD (x1),45.00 USD (x1),https://www.super99.com/10128231-kedem-sparkling-grape-juice-sin-acohol-750ml
"Cervezas, Vinos y Licores",COORS LIGHT BOT 12OZ,127.00 USD (x1),127.00 USD (x1),https://www.super99.com/10136660-coors-light-bot-12oz
"Cervezas, Vinos y Licores",Cerveza Erdinger Wesbi Rubia 300ml,232.00 USD (x1),232.00 USD (x1),https://www.super99.com/10138423-cerveza-erdinger-wesbi-rubia-300ml
"Cervezas, Vinos y Licores",Cerveza Erdinger Weisbier 500ml,345.00 USD (x1),345.00 USD (x1),https://www.super99.com/10138424-cerveza-erdinger-weisbier-500ml
"Cervezas, Vinos y Licores",Cerveza Augustijin Rubi. Botella 300m,189.00 USD (x1),189.00 USD (x1),https://www.super99.com/10138432-cerveza-augustijin-rubi-botella-300m
"Cervezas, Vinos y Licores",Cerveza Piraat 300ml,296.00 USD (x1),296.00 USD (x1),https://www.super99.com/10138433-cerveza-piraat-300ml
"Cervezas, Vinos y Licores",Cerveza Gulden Drak 300ml,349.00 USD (x1),349.00 USD (x1),https://www.super99.com/10138434-cerveza-gulden-drak-300ml
"Cervezas, Vinos y Licores",Bonlac Ponche De Huevo Estilo Casero 200ml,7.00 USD (x1),7.00 USD (x1),https://www.super99.com/10140670-bonlac-ponche-de-huevo-estilo-casero-200ml
Cuidado de Bebes,JABON CASTILLA AVENA Y MIEL 1/144,105.00 USD (x1),105.00 USD (x1),https://www.super99.com/10093188-jabon-castilla-avena-y-miel-1-144
Cuidado de Bebes,JABON CASTILLA HUMECTANTE 1/144,105.00 USD (x1),105.00 USD (x1),https://www.super99.com/10093187-jabon-castilla-humectante-1-144
Cuidado de Bebes,TRI PACK JABON CASTILLA BLANCO C/48,289.00 USD (x1),289.00 USD (x1),https://www.super99.com/10093190-tri-pack-jabon-castilla-blanco-c-48
Cuidado de Bebes,BABY CASTILLE JABON AVENA MIEL 48/3PK,289.00 USD (x1),289.00 USD (x1),https://www.super99.com/20147550-baby-castille-jabon-avena-miel-48-3pk
Cuidado de Bebes,TRI PACK JABON CASTILLA SURT.1/48,289.00 USD (x1),289.00 USD (x1),https://www.super99.com/10093189-tri-pack-jabon-castilla-surt-1-48
Cuidado de Bebes,TALCO BABY CASTILLE,265.00 USD (x1),265.00 USD (x1),https://www.super99.com/10093196-talco-baby-castille
Cuidado de Bebes,TALCO BABY CASTILLE,155.00 USD (x1),155.00 USD (x1),https://www.super99.com/10093195-talco-baby-castille
Cuidado de Bebes,Desitin Crema Original 28g,499.00 USD (x1),499.00 USD (x1),https://www.super99.com/20049298-desitin-crema-original-28g
Cuidado de Bebes,HUGGIES RECIEN NACIDO,1365.00 USD (x1),1549.00 USD (x1),https://www.super99.com/20085212-huggies-recien-nacido
Cuidado de Bebes,Bepanthene Crema Pomada Protectora 30g,1095.00 USD (x1),1095.00 USD (x1),https://www.super99.com/10024119-bepanthene-crema-pomada-protectora-30g
Cuidado de Bebes,HUGGIES NATCARE G 68U,1999.00 USD (x1),2899.00 USD (x1),https://www.super99.com/20137442-huggies-natcare-g-68u
Cuidado de Bebes,HUGGIES RECIEN NACIDO,955.00 USD (x1),1159.00 USD (x1),https://www.super99.com/20156167-huggies-recien-nacido
Cuidado de Bebes,Enfamil Premium Promental Confort Etapa 1 800g,4449.00 USD (x1),4449.00 USD (x1),https://www.super99.com/20102126-enfamil-premium-promental-confort-etapa-1-800g
Cuidado de Bebes,HUGG BIG PACK G 86UN,1899.00 USD (x1),2319.00 USD (x1),https://www.super99.com/20103759-hugg-big-pack-g-86un
Cuidado de Bebes,HUGG BIG PCK XXG 62U,1899.00 USD (x1),2319.00 USD (x1),https://www.super99.com/20103762-hugg-big-pck-xxg-62u
Cuidado de Bebes,HUGGIES RECIEN NACIDO,1365.00 USD (x1),1559.00 USD (x1),https://www.super99.com/20156168-huggies-recien-nacido
Cuidado de Bebes,DESITIN CREMA 113 GRS,1279.00 USD (x1),1599.00 USD (x1),https://www.super99.com/10134902-desitin-crema-113-grs
Cuidado de Bebes,HUGG BIG PACK XG 70U,1899.00 USD (x1),2319.00 USD (x1),https://www.super99.com/20103760-hugg-big-pack-xg-70u
Cuidado de Bebes,ACTSEC RECIEN NACIDO JUMBO,699.00 USD (x1),989.00 USD (x1),https://www.super99.com/20141335-actsec-recien-nacido-jumbo
Cuidado de Bebes,Enfamil Premium Promental Etapa 2 900g,3799.00 USD (x1),3799.00 USD (x1),https://www.super99.com/20115545-enfamil-premium-promental-etapa-2-900g
Cuidado de Bebes,Nutrilon Premium 3 900g,2076.00 USD (x1),2599.00 USD (x1),https://www.super99.com/20126331-nutrilon-premium-3-900g
Cuidado de Bebes,Pañales Huggies Natural Care Etapa 1/P 125U,2999.00 USD (x1),2999.00 USD (x1),https://www.super99.com/20144641-panales-huggies-natural-care-etapa-1-p-125u
Cuidado de Bebes,SIMILAC 3 5HMO 800G,2459.00 USD (x1),2459.00 USD (x1),https://www.super99.com/20145232-similac-3-5hmo-800g
Cuidado de Bebes,SIMILAC TOTAL COMFORT ETAPA 1 12/820GRS,2999.00 USD (x1),2999.00 USD (x1),https://www.super99.com/20149586-similac-total-comfort-etapa-1-12-820grs
Cuidado de Bebes,Cero Crema Tradicional 30g,249.00 USD (x1),249.00 USD (x1),https://www.super99.com/10086159-cero-crema-tradicional-30g
Cuidado de Bebes,BABYSEC PANALES D XG,639.00 USD (x1),839.00 USD (x1),https://www.super99.com/20100662-babysec-panales-d-xg
Cuidado de Bebes,PAMPERS SWADDLERS TALLA 1 96UN (CAJA),2999.00 USD (x1),2999.00 USD (x1),https://www.super99.com/20124610-pampers-swaddlers-talla-1-96un-caja
Cuidado de Bebes,Nutrilon Leche Premium Comfort Omneo 400g,1649.00 USD (x1),1649.00 USD (x1),https://www.super99.com/20137120-nutrilon-leche-premium-comfort-omneo-400g
Cuidado de Bebes,Nutrilon Proexpert Comfort Omneo 900g,3299.00 USD (x1),3299.00 USD (x1),https://www.super99.com/10124310-nutrilon-proexpert-comfort-omneo-900g
Cuidado de Bebes,PAMPERS SWADDLER P1 PREMATURO 4/27 UNID,1399.00 USD (x1),1399.00 USD (x1),https://www.super99.com/20044826-pampers-swaddler-p1-prematuro-4-27-unid
Cuidado de Bebes,SOF D PANLES D XG34PC,869.00 USD (x1),969.00 USD (x1),https://www.super99.com/20099154-sof-d-panles-d-xg34pc
Cuidado de Bebes,Enfamil Confort Premium 375g,2149.00 USD (x1),2149.00 USD (x1),https://www.super99.com/20102127-enfamil-confort-premium-375g
Cuidado de Bebes,SOFT DREAM XG 56PZ,1199.00 USD (x1),1239.00 USD (x1),https://www.super99.com/20110552-soft-dream-xg-56pz
Cuidado de Bebes,HUGG PAÑAL NTCR 108U,2599.00 USD (x1),3269.00 USD (x1),https://www.super99.com/20144644-hugg-panal-ntcr-108u
Cuidado de Bebes,Pañales Huggies Dermacare Etapa 4/XG 38U,1999.00 USD (x1),1999.00 USD (x1),https://www.super99.com/20154463-panales-huggies-dermacare-etapa-4-xg-38u
Cuidado de Bebes,Pañales Huggies Dermacare Etapa 1/P 68U,1999.00 USD (x1),1999.00 USD (x1),https://www.super99.com/20154466-panales-huggies-dermacare-etapa-1-p-68u
Cuidado de Bebes,Enfamil Premium Sin Lactosa 400g,1949.00 USD (x1),1949.00 USD (x1),https://www.super99.com/20072400-enfamil-premium-sin-lactosa-400g
Cuidado de Bebes,Similac 2 Total Comfort HMO 820 g,3899.00 USD (x1),3899.00 USD (x1),https://www.super99.com/20099835-similac-2-total-comfort-hmo-820-g
Cuidado de Bebes,Gel Baño Linea Bebe 500ml,849.00 USD (x1),849.00 USD (x1),https://www.super99.com/20126035-gel-bano-linea-bebe-500ml
Cuidado de Bebes,CREMA PANALITO 125GR,399.00 USD (x1),399.00 USD (x1),https://www.super99.com/10071608-crema-panalito-125gr
Cuidado de Bebes,Soft Dreams Etapa 2 CH 40 Unidades,869.00 USD (x1),969.00 USD (x1),https://www.super99.com/20099157-soft-dreams-etapa-2-ch-40-unidades
Cuidado de Bebes,SOFT DREAM M 56PZ,1199.00 USD (x1),1239.00 USD (x1),https://www.super99.com/20110553-soft-dream-m-56pz
Cuidado de Bebes,Babe Pediatrico Crema Emoliente 200ml,1695.00 USD (x1),1695.00 USD (x1),https://www.super99.com/20135559-babe-pediatrico-crema-emoliente-200ml
Cuidado de Bebes,Enfalac Leche Infantil 800g,1999.00 USD (x1),1999.00 USD (x1),https://www.super99.com/20136419-enfalac-leche-infantil-800g
Cuidado de Bebes,SIMILAC 1 5HMO 350GR,1449.00 USD (x1),1449.00 USD (x1),https://www.super99.com/20145223-similac-1-5hmo-350gr
Cuidado de Bebes,PAÑALES VOY SOLITO XG/XXG,699.00 USD (x1),799.00 USD (x1),https://www.super99.com/20150959-panales-voy-solito-xg-xxg
Cuidado de Bebes,Funny Baby Lotion 16 Oz,209.00 USD (x1),209.00 USD (x1),https://www.super99.com/10066027-funny-baby-lotion-16-oz
Cuidado de Bebes,Pampers Baby Dry Etapa 3 104 unidades,2999.00 USD (x1),2999.00 USD (x1),https://www.super99.com/20044865-pampers-baby-dry-etapa-3-104-unidades
Cuidado de Bebes,Babe Pediatrico Gel De Baño 100ml Minita,47.00 USD (x1),47.00 USD (x1),https://www.super99.com/20144727-babe-pediatrico-gel-de-bano-100ml-minita
Cuidado de Bebes,Babe Pediatrico Leche Hidratante 100 Ml Mini,47.00 USD (x1),47.00 USD (x1),https://www.super99.com/20144730-babe-pediatrico-leche-hidratante-100-ml-mini
Cuidado de Bebes,Nestogeno 2 Lata 1.1kg,2399.00 USD (x1),2399.00 USD (x1),https://www.super99.com/20145756-nestogeno-2-lata-1-1kg
Cuidado de Bebes,Pañales Huggies Snug & Dry Etapa 7/XXXXG 42U,2049.00 USD (x1),2049.00 USD (x1),https://www.super99.com/20147319-panales-huggies-snug-dry-etapa-7-xxxxg-42u
Cuidado de Bebes,SIMILAC RICE HMO 400G,2499.00 USD (x1),2499.00 USD (x1),https://www.super99.com/20147351-similac-rice-hmo-400g
Cuidado de Bebes,Similac 1Total HMO 360G,1599.00 USD (x1),1599.00 USD (x1),https://www.super99.com/20148103-similac-1total-hmo-360g
Cuidado de Bebes,TERNU WIPES AGUA 40UN,89.00 USD (x1),99.00 USD (x1),https://www.super99.com/20149464-ternu-wipes-agua-40un
Cuidado de Bebes,Toallas Húmedas Huggies Puro y Natural 80U,499.00 USD (x1),499.00 USD (x1),https://www.super99.com/20154461-toallas-humedas-huggies-puro-y-natural-80u
Cuidado de Bebes,SEBAMED CREMA FLUIDA P/BEBE,1708.00 USD (x1),244.00 USD (x1),https://www.super99.com/10025479-sebamed-crema-fluida-p-bebe
Cuidado de Bebes,JOHNSONS SH ORIGINAL,767.00 USD (x1),959.00 USD (x1),https://www.super99.com/10065000-johnsons-sh-original
Cuidado de Bebes,Baby Shampoo 500Ml,15.00 USD (x1),15.00 USD (x1),https://www.super99.com/10066024-baby-shampoo-500ml
Cuidado de Bebes,VASELINA CLASICA 60GR,219.00 USD (x1),219.00 USD (x1),https://www.super99.com/10082739-vaselina-clasica-60gr
Cuidado de Bebes,Crema Cero Calendula Vitamina E 110g,619.00 USD (x1),619.00 USD (x1),https://www.super99.com/10086158-crema-cero-calendula-vitamina-e-110g
Cuidado de Bebes,Nestum Probioticos Avena 200g,272.00 USD (x1),272.00 USD (x1),https://www.super99.com/10088012-nestum-probioticos-avena-200g
Cuidado de Bebes,Nestum 5 Cereales 200g,272.00 USD (x1),272.00 USD (x1),https://www.super99.com/10088013-nestum-5-cereales-200g
Cuidado de Bebes,Johnson Baby Crema Para Peinar Hidratacion Intensa 200ml,899.00 USD (x1),899.00 USD (x1),https://www.super99.com/10134967-j-baby-crema-p-peina
Cuidado de Bebes,Evenflo Bb Biberon Transparente 8Oz Cs24,299.00 USD (x1),299.00 USD (x1),https://www.super99.com/10150762-evenflo-bb-biberon-transparente-8oz-cs24
Cuidado de Bebes,COLADO DE PERA FLEX,89.00 USD (x1),89.00 USD (x1),https://www.super99.com/20018689-colado-de-pera-flex
Cuidado de Bebes,JOHNSONS COLONIA 200ML,629.00 USD (x1),629.00 USD (x1),https://www.super99.com/20040783-johnsons-colonia-200ml
Cuidado de Bebes,Johnsons Baby Jabón en Barra Toque Fresco 75g,125.00 USD (x1),125.00 USD (x1),https://www.super99.com/20082239-johnsons-baby-jabon-en-barra-toque-fresco-75g
Cuidado de Bebes,Ropa Interior Desechable Goodnites Unisex Talla M 14U,1499.00 USD (x1),1499.00 USD (x1),https://www.super99.com/20085877-ropa-interior-desechable-goodnites-unisex-talla-m-14u
Cuidado de Bebes,DANY B T HUMEDA 72UN,189.00 USD (x1),189.00 USD (x1),https://www.super99.com/20088639-dany-b-t-humeda-72un
Cuidado de Bebes,Arrurru Natural Colonia Rosada 120 Ml,295.00 USD (x1),295.00 USD (x1),https://www.super99.com/20092168-arrurru-natural-colonia-rosada-120-ml
Cuidado de Bebes,RICITO ORO ESTUCHE VIAJERO MIEL,769.00 USD (x1),769.00 USD (x1),https://www.super99.com/20099947-ricito-oro-estuche-viajero-miel
Cuidado de Bebes,Bebelac 2 Leche Nutricia 400g,1049.00 USD (x1),1049.00 USD (x1),https://www.super99.com/20102170-bebelac-2-leche-nutricia-400g
Cuidado de Bebes,PAMPERS SW TALLA 4 66U,2999.00 USD (x1),2999.00 USD (x1),https://www.super99.com/20103483-pampers-sw-talla-4-66u
Cuidado de Bebes,Bebelac Gold 3 Formula Crecer 1.2kg,2249.00 USD (x1),2249.00 USD (x1),https://www.super99.com/20104313-bebelac-gold-3-formula-crecer-1-2kg
Cuidado de Bebes,Pañalito Crema Original Tubo 60 g,209.00 USD (x1),209.00 USD (x1),https://www.super99.com/20104874-panalito-crema-original-tubo-60-g
Cuidado de Bebes,Pañales Huggies Maxi Protect Etapa 3/G 40U,619.00 USD (x1),779.00 USD (x1),https://www.super99.com/20105319-panales-huggies-maxi-protect-etapa-3-g-40u
Cuidado de Bebes,PAMPERS SWADDLERS T7,2999.00 USD (x1),2999.00 USD (x1),https://www.super99.com/20105926-pampers-swaddlers-t7
Cuidado de Bebes,DANY B T 3PK HUMEDA,529.00 USD (x1),529.00 USD (x1),https://www.super99.com/20110098-dany-b-t-3pk-humeda
Cuidado de Bebes,BABYSEC SABANILLA 8CT,399.00 USD (x1),499.00 USD (x1),https://www.super99.com/20110332-babysec-sabanilla-8ct
Cuidado de Bebes,WATER WIPES TOALLITAS HUMEDAS 12/60UN,399.00 USD (x1),399.00 USD (x1),https://www.super99.com/20113205-water-wipes-toallitas-humedas-12-60un
Cuidado de Bebes,NUTRIBEN CONFORT 400GR,1449.00 USD (x1),1449.00 USD (x1),https://www.super99.com/20118544-nutriben-confort-400gr
Cuidado de Bebes,Johnson and Johnson Crema Hidratante Recién Nacido 200ml,549.00 USD (x1),549.00 USD (x1),https://www.super99.com/20118924-johnson-and-johnson-crema-hidratante-recien-nacido-200ml
Cuidado de Bebes,Milex M1 Gold Lata 800g,2899.00 USD (x1),2899.00 USD (x1),https://www.super99.com/20119599-milex-m1-gold-lata-800g
Cuidado de Bebes,Nan Supreme 1 Hm-0 400g,1549.00 USD (x1),1549.00 USD (x1),https://www.super99.com/20120317-nan-supreme-1-hm-0-400g
Cuidado de Bebes,Genial Biberon Sonajero 10Oz,399.00 USD (x1),399.00 USD (x1),https://www.super99.com/20123871-genial-biberon-sonajero-10oz
Cuidado de Bebes,Genial Mosquitero Colgante Bebe,799.00 USD (x1),799.00 USD (x1),https://www.super99.com/20123875-genial-mosquitero-colgante-bebe
Cuidado de Bebes,PAMPERS BDRY S3 2/52UNID,1155.00 USD (x1),1929.00 USD (x1),https://www.super99.com/20124006-pampers-bdry-s3-2-52unid
Cuidado de Bebes,Hipoglos Pomada x 30g,77.00 USD (x1),77.00 USD (x1),https://www.super99.com/20134119-hipoglos-pomada-x-30g
Cuidado de Bebes,PAÑAL NATCARE XL BIGP 56UN,1999.00 USD (x1),2899.00 USD (x1),https://www.super99.com/20136982-panal-natcare-xl-bigp-56un
Cuidado de Bebes,PAMPERS SW OVERNIGHT S5 SUPER 50UN,3799.00 USD (x1),3799.00 USD (x1),https://www.super99.com/20138456-pampers-sw-overnight-s5-super-50un
Cuidado de Bebes,Gelatti Wipes Spiderman 25 Unidades,149.00 USD (x1),149.00 USD (x1),https://www.super99.com/20140465-gelatti-wipes-spiderman-25-unidades
Cuidado de Bebes,PAMPERS BABY DRY S7 SUPER 1/54,2999.00 USD (x1),2999.00 USD (x1),https://www.super99.com/20142928-pampers-baby-dry-s7-super-1-54
Cuidado de Bebes,NUTRIBEN HIDRO 2 400G,2349.00 USD (x1),2349.00 USD (x1),https://www.super99.com/20143243-nutriben-hidro-2-400g
Cuidado de Bebes,HUGG PAÑAL NTC XG 80U,2599.00 USD (x1),3269.00 USD (x1),https://www.super99.com/20144646-hugg-panal-ntc-xg-80u
Cuidado de Bebes,Gerber Cereal Bebe Avena 16Oz,699.00 USD (x1),699.00 USD (x1),https://www.super99.com/20145365-gerber-cereal-bebe-avena-16oz
Cuidado de Bebes,SEBAMED CREMA LUBRICANTE DE BEBE,1715.00 USD (x1),245.00 USD (x1),https://www.super99.com/10025482-sebamed-crema-lubricante-de-bebe
Cuidado de Bebes,SEBAMED SHAMPOO PARA BEBE,2695.00 USD (x1),2695.00 USD (x1),https://www.super99.com/10025502-sebamed-shampoo-para-bebe
Cuidado de Bebes,Lucky Jalea De Petroleo 8Oz,179.00 USD (x1),179.00 USD (x1),https://www.super99.com/10035328-lucky-jalea-de-petroleo-8oz
Cuidado de Bebes,PERSONAL CARE BABY LOTION 12 ONZAS,199.00 USD (x1),199.00 USD (x1),https://www.super99.com/10050065-personal-care-baby-lotion-12-onzas
Cuidado de Bebes,NUTRIBEN 8 CER MIEL,355.00 USD (x1),355.00 USD (x1),https://www.super99.com/10064174-nutriben-8-cer-miel
Cuidado de Bebes,NUTRIBEN 8 CER MIEL,355.00 USD (x1),355.00 USD (x1),https://www.super99.com/10064176-nutriben-8-cer-miel
Cuidado de Bebes,NUTRIBEN 8 CER.MIEL 4 FRUTAS,355.00 USD (x1),355.00 USD (x1),https://www.super99.com/10064178-nutriben-8-cer-miel-4-frutas
Cuidado de Bebes,JOHNSONS SH MANZANILLA,767.00 USD (x1),959.00 USD (x1),https://www.super99.com/10064996-johnsons-sh-manzanilla
Cuidado de Bebes,TOALLITAS FUNNY BABY,125.00 USD (x1),179.00 USD (x1),https://www.super99.com/10066017-toallitas-funny-baby
Cuidado de Bebes,Pañalito Crema Original Tubo 120 g,399.00 USD (x1),399.00 USD (x1),https://www.super99.com/10071610-panalito-crema-original-tubo-120-g
Cuidado de Bebes,Cepillo Dental Mango Blanco Pgk112,425.00 USD (x1),425.00 USD (x1),https://www.super99.com/10075659-cepillo-dental-mango-blanco-pgk112
Cuidado de Bebes,Grisi Shampoo Baby Manzanilla 100ml,145.00 USD (x1),145.00 USD (x1),https://www.super99.com/10077031-grisi-shampoo-baby-manzanilla-100ml
Cuidado de Bebes,Cero Crema Calendula Vitamina E 50g,425.00 USD (x1),425.00 USD (x1),https://www.super99.com/10086157-cero-crema-calendula-vitamina-e-50g
Cuidado de Bebes,Cero Crema Aloe Vera 30g,249.00 USD (x1),249.00 USD (x1),https://www.super99.com/10086160-cero-crema-aloe-vera-30g
Cuidado de Bebes,Cero Crema Tradicional 110g,619.00 USD (x1),619.00 USD (x1),https://www.super99.com/10086163-cero-crema-tradicional-110g
Cuidado de Bebes,NESTUM PROBIOTICOS 8,272.00 USD (x1),272.00 USD (x1),https://www.super99.com/10088011-nestum-probioticos-8
Cuidado de Bebes,Evenflo Cepillo Para Mamadera 1 Unidad,379.00 USD (x1),379.00 USD (x1),https://www.super99.com/10110269-evenflo-cepillo-para-mamadera-1-unidad
Cuidado de Bebes,Infan-Tec Biberon 10Oz,299.00 USD (x1),299.00 USD (x1),https://www.super99.com/10131265-infan-tec-biberon-10oz
Cuidado de Bebes,NUTRIBEN MULTIFRUTA,355.00 USD (x1),355.00 USD (x1),https://www.super99.com/10133698-nutriben-multifruta
Cuidado de Bebes,J BABY BANO LIQ P A,569.00 USD (x1),569.00 USD (x1),https://www.super99.com/10134929-j-baby-bano-liq-p-a
Cuidado de Bebes,Johnson Baby Jabon Original 125g,215.00 USD (x1),215.00 USD (x1),https://www.super99.com/10134985-j-baby-jabon-origina
Cuidado de Bebes,JABON CREMOSO HUMECTANTE,183.00 USD (x1),215.00 USD (x1),https://www.super99.com/10134986-jabon-cremoso-humectante
Cuidado de Bebes,Johnson Baby Jabon Cremoso Original 75g,159.00 USD (x1),159.00 USD (x1),https://www.super99.com/10134991-johnson-baby-jabon-cremoso-original-75g
Cuidado de Bebes,Hero Baby Buena Noche Guisa 2x200,379.00 USD (x1),379.00 USD (x1),https://www.super99.com/10135973-hero-baby-buena-noche-guisa-2x200
Cuidado de Bebes,JABON CASTILLA CAJA,105.00 USD (x1),105.00 USD (x1),https://www.super99.com/10148348-jabon-castilla-caja
Cuidado de Bebes,Cepillo y Peine Musical para Bebe,245.00 USD (x1),245.00 USD (x1),https://www.super99.com/10152199-cepillo-y-peine-musical-para-bebe
Cuidado de Bebes,TRI PACK JABON VELVET BABY SURTIDO 24/3,285.00 USD (x1),285.00 USD (x1),https://www.super99.com/20001169-tri-pack-jabon-velvet-baby-surtido-24-3
Cuidado de Bebes,BABY FLYERS ASPIRADOR NASAL,199.00 USD (x1),199.00 USD (x1),https://www.super99.com/20007208-baby-flyers-aspirador-nasal
Cuidado de Bebes,ISOMIL 1EYEQ PLUS IMMUNIFY,1659.00 USD (x1),1659.00 USD (x1),https://www.super99.com/20014372-isomil-1eyeq-plus-immunify
Cuidado de Bebes,ISOMIL NG 1 850 GRAMOS,3159.00 USD (x1),3159.00 USD (x1),https://www.super99.com/20015280-isomil-ng-1-850-gramos
Cuidado de Bebes,MASAJEADOR DE ENCIA,199.00 USD (x1),199.00 USD (x1),https://www.super99.com/20019643-masajeador-de-encia
Cuidado de Bebes,PAMPERS BABY S5 24UN,815.00 USD (x1),1359.00 USD (x1),https://www.super99.com/20044922-pampers-baby-s5-24un
Cuidado de Bebes,Calzoncillo de Entrenamiento Pull-Ups Niño Talla 3T-4T 20U,1449.00 USD (x1),1449.00 USD (x1),https://www.super99.com/20047130-calzoncillo-de-entrenamiento-pull-ups-nino-talla-3t-4t-20u
Cuidado de Bebes,GRISI BABY SHAMPOO 250 ML,254.00 USD (x1),299.00 USD (x1),https://www.super99.com/20051946-grisi-baby-shampoo-250-ml
Cuidado de Bebes,Milex Leche M1 Blue 900g,2099.00 USD (x1),2099.00 USD (x1),https://www.super99.com/20059875-milex-leche-m1-blue-900g
Cuidado de Bebes,Pampers Baby Dry Etapa 6 64 unidades,2999.00 USD (x1),2999.00 USD (x1),https://www.super99.com/20070947-pampers-baby-dry-etapa-6-64-unidades
Cuidado de Bebes,Gerber Banana With Apples and Pears 2 Pack,275.00 USD (x1),275.00 USD (x1),https://www.super99.com/20072211-gerber-banana-with-apples-and-pears-2-pack
Cuidado de Bebes,Huggies Pull-Ups Niños 2t-3t 23 Unidades,1449.00 USD (x1),1449.00 USD (x1),https://www.super99.com/20087259-huggies-pull-ups-ninos-2t-3t-23-unidades
Cuidado de Bebes,DANY B T HUMEDA 90UN,209.00 USD (x1),209.00 USD (x1),https://www.super99.com/20088638-dany-b-t-humeda-90un
Cuidado de Bebes,TUIT JABON BARRA NAT BEBE 60/100GR,79.00 USD (x1),79.00 USD (x1),https://www.super99.com/20088913-tuit-jabon-barra-nat-bebe-60-100gr
Cuidado de Bebes,Arrurru Natural Colonia Rosada 220 Ml,439.00 USD (x1),439.00 USD (x1),https://www.super99.com/20092177-arrurru-natural-colonia-rosada-220-ml
Cuidado de Bebes,Johnson´s Baby Shampoo Fuerza y Vit 400ml,959.00 USD (x1),959.00 USD (x1),https://www.super99.com/20102759-js-sha-fuerza-vit-400ml
Cuidado de Bebes,Pañales Huggies Natural Care Etapa 4/XG 30U,1699.00 USD (x1),1699.00 USD (x1),https://www.super99.com/20103299-panales-huggies-natural-care-etapa-4-xg-30u
Cuidado de Bebes,PAMPERS SW TALLA 5 19U,999.00 USD (x1),1399.00 USD (x1),https://www.super99.com/20103459-pampers-sw-talla-5-19u
Cuidado de Bebes,PAMPERS SW TALLA 5 58UN,2999.00 USD (x1),2999.00 USD (x1),https://www.super99.com/20103484-pampers-sw-talla-5-58un
Cuidado de Bebes,DB PETROLEUM J 170GM,249.00 USD (x1),249.00 USD (x1),https://www.super99.com/20103807-db-petroleum-j-170gm
Cuidado de Bebes,Pañalito Crema Original 60 g,209.00 USD (x1),209.00 USD (x1),https://www.super99.com/20104870-panalito-crema-original-60-g
Cuidado de Bebes,PAÑALITO CHAMPU BEBE 500ML,539.00 USD (x1),539.00 USD (x1),https://www.super99.com/20104883-panalito-champu-bebe-500ml
